2026-04-24 13:12:33.222 [background-preinit] INFO  o.h.validator.internal.util.Version - HV000001: Hibernate Validator 8.0.1.Final
2026-04-24 13:12:33.590 [main] INFO  c.a.c.n.c.NacosConfigDataLoader - [Nacos Config] Load config[dataId=EasyApplyResume-dev.yaml, group=DEFAULT_GROUP] success
2026-04-24 13:12:33.591 [main] INFO  c.a.c.n.c.NacosConfigDataLoader - [Nacos Config] Load config[dataId=EasyApplyResume.yaml, group=DEFAULT_GROUP] success
2026-04-24 13:12:34.177 [main] INFO  c.z.e.EasyApplyResumeApplication - The following 1 profile is active: "dev"
2026-04-24 13:12:34.213 [main] INFO  c.a.c.n.c.NacosConfigDataLoader - [Nacos Config] Load config[dataId=EasyApplyResume-dev.yaml, group=DEFAULT_GROUP] success
2026-04-24 13:12:34.214 [main] INFO  c.a.c.n.c.NacosConfigDataLoader - [Nacos Config] Load config[dataId=EasyApplyResume.yaml, group=DEFAULT_GROUP] success
2026-04-24 13:12:36.383 [main] INFO  o.s.d.r.c.RepositoryConfigurationDelegate - Multiple Spring Data modules found, entering strict repository configuration mode
2026-04-24 13:12:36.386 [main] INFO  o.s.d.r.c.RepositoryConfigurationDelegate - Bootstrapping Spring Data Redis repositories in DEFAULT mode.
2026-04-24 13:12:36.450 [main] INFO  o.s.d.r.c.RepositoryConfigurationDelegate - Finished Spring Data repository scanning in 39 ms. Found 0 Redis repository interfaces.
2026-04-24 13:12:36.599 [main] WARN  o.m.s.mapper.ClassPathMapperScanner - Cannot use both: sqlSessionTemplate and sqlSessionFactory together. sqlSessionFactory is ignored.
2026-04-24 13:12:36.599 [main] WARN  o.m.s.mapper.ClassPathMapperScanner - Cannot use both: sqlSessionTemplate and sqlSessionFactory together. sqlSessionFactory is ignored.
2026-04-24 13:12:36.601 [main] WARN  o.m.s.mapper.ClassPathMapperScanner - Cannot use both: sqlSessionTemplate and sqlSessionFactory together. sqlSessionFactory is ignored.
2026-04-24 13:12:36.601 [main] WARN  o.m.s.mapper.ClassPathMapperScanner - Cannot use both: sqlSessionTemplate and sqlSessionFactory together. sqlSessionFactory is ignored.
2026-04-24 13:12:36.601 [main] WARN  o.m.s.mapper.ClassPathMapperScanner - Cannot use both: sqlSessionTemplate and sqlSessionFactory together. sqlSessionFactory is ignored.
2026-04-24 13:12:36.602 [main] WARN  o.m.s.mapper.ClassPathMapperScanner - Cannot use both: sqlSessionTemplate and sqlSessionFactory together. sqlSessionFactory is ignored.
2026-04-24 13:12:36.602 [main] WARN  o.m.s.mapper.ClassPathMapperScanner - Cannot use both: sqlSessionTemplate and sqlSessionFactory together. sqlSessionFactory is ignored.
2026-04-24 13:12:36.602 [main] WARN  o.m.s.mapper.ClassPathMapperScanner - Cannot use both: sqlSessionTemplate and sqlSessionFactory together. sqlSessionFactory is ignored.
2026-04-24 13:12:36.602 [main] WARN  o.m.s.mapper.ClassPathMapperScanner - Cannot use both: sqlSessionTemplate and sqlSessionFactory together. sqlSessionFactory is ignored.
2026-04-24 13:12:36.603 [main] WARN  o.m.s.mapper.ClassPathMapperScanner - Cannot use both: sqlSessionTemplate and sqlSessionFactory together. sqlSessionFactory is ignored.
2026-04-24 13:12:36.603 [main] WARN  o.m.s.mapper.ClassPathMapperScanner - Cannot use both: sqlSessionTemplate and sqlSessionFactory together. sqlSessionFactory is ignored.
2026-04-24 13:12:36.603 [main] WARN  o.m.s.mapper.ClassPathMapperScanner - Cannot use both: sqlSessionTemplate and sqlSessionFactory together. sqlSessionFactory is ignored.
2026-04-24 13:12:36.603 [main] WARN  o.m.s.mapper.ClassPathMapperScanner - Cannot use both: sqlSessionTemplate and sqlSessionFactory together. sqlSessionFactory is ignored.
2026-04-24 13:12:36.604 [main] WARN  o.m.s.mapper.ClassPathMapperScanner - Cannot use both: sqlSessionTemplate and sqlSessionFactory together. sqlSessionFactory is ignored.
2026-04-24 13:12:36.604 [main] WARN  o.m.s.mapper.ClassPathMapperScanner - Cannot use both: sqlSessionTemplate and sqlSessionFactory together. sqlSessionFactory is ignored.
2026-04-24 13:12:36.604 [main] WARN  o.m.s.mapper.ClassPathMapperScanner - Cannot use both: sqlSessionTemplate and sqlSessionFactory together. sqlSessionFactory is ignored.
2026-04-24 13:12:36.604 [main] WARN  o.m.s.mapper.ClassPathMapperScanner - Cannot use both: sqlSessionTemplate and sqlSessionFactory together. sqlSessionFactory is ignored.
2026-04-24 13:12:36.604 [main] WARN  o.m.s.mapper.ClassPathMapperScanner - Cannot use both: sqlSessionTemplate and sqlSessionFactory together. sqlSessionFactory is ignored.
2026-04-24 13:12:36.605 [main] WARN  o.m.s.mapper.ClassPathMapperScanner - Cannot use both: sqlSessionTemplate and sqlSessionFactory together. sqlSessionFactory is ignored.
2026-04-24 13:12:36.605 [main] WARN  o.m.s.mapper.ClassPathMapperScanner - Cannot use both: sqlSessionTemplate and sqlSessionFactory together. sqlSessionFactory is ignored.
2026-04-24 13:12:36.606 [main] WARN  o.m.s.mapper.ClassPathMapperScanner - Cannot use both: sqlSessionTemplate and sqlSessionFactory together. sqlSessionFactory is ignored.
2026-04-24 13:12:36.606 [main] WARN  o.m.s.mapper.ClassPathMapperScanner - Cannot use both: sqlSessionTemplate and sqlSessionFactory together. sqlSessionFactory is ignored.
2026-04-24 13:12:36.606 [main] WARN  o.m.s.mapper.ClassPathMapperScanner - Cannot use both: sqlSessionTemplate and sqlSessionFactory together. sqlSessionFactory is ignored.
2026-04-24 13:12:36.606 [main] WARN  o.m.s.mapper.ClassPathMapperScanner - Cannot use both: sqlSessionTemplate and sqlSessionFactory together. sqlSessionFactory is ignored.
2026-04-24 13:12:36.607 [main] WARN  o.m.s.mapper.ClassPathMapperScanner - Cannot use both: sqlSessionTemplate and sqlSessionFactory together. sqlSessionFactory is ignored.
2026-04-24 13:12:36.607 [main] WARN  o.m.s.mapper.ClassPathMapperScanner - Cannot use both: sqlSessionTemplate and sqlSessionFactory together. sqlSessionFactory is ignored.
2026-04-24 13:12:36.607 [main] WARN  o.m.s.mapper.ClassPathMapperScanner - Cannot use both: sqlSessionTemplate and sqlSessionFactory together. sqlSessionFactory is ignored.
2026-04-24 13:12:36.607 [main] WARN  o.m.s.mapper.ClassPathMapperScanner - Cannot use both: sqlSessionTemplate and sqlSessionFactory together. sqlSessionFactory is ignored.
2026-04-24 13:12:36.608 [main] WARN  o.m.s.mapper.ClassPathMapperScanner - Cannot use both: sqlSessionTemplate and sqlSessionFactory together. sqlSessionFactory is ignored.
2026-04-24 13:12:36.608 [main] WARN  o.m.s.mapper.ClassPathMapperScanner - Cannot use both: sqlSessionTemplate and sqlSessionFactory together. sqlSessionFactory is ignored.
2026-04-24 13:12:36.608 [main] WARN  o.m.s.mapper.ClassPathMapperScanner - Cannot use both: sqlSessionTemplate and sqlSessionFactory together. sqlSessionFactory is ignored.
2026-04-24 13:12:36.608 [main] WARN  o.m.s.mapper.ClassPathMapperScanner - Cannot use both: sqlSessionTemplate and sqlSessionFactory together. sqlSessionFactory is ignored.
2026-04-24 13:12:36.608 [main] WARN  o.m.s.mapper.ClassPathMapperScanner - Cannot use both: sqlSessionTemplate and sqlSessionFactory together. sqlSessionFactory is ignored.
2026-04-24 13:12:36.609 [main] WARN  o.m.s.mapper.ClassPathMapperScanner - Cannot use both: sqlSessionTemplate and sqlSessionFactory together. sqlSessionFactory is ignored.
2026-04-24 13:12:36.609 [main] WARN  o.m.s.mapper.ClassPathMapperScanner - Cannot use both: sqlSessionTemplate and sqlSessionFactory together. sqlSessionFactory is ignored.
2026-04-24 13:12:36.609 [main] WARN  o.m.s.mapper.ClassPathMapperScanner - Cannot use both: sqlSessionTemplate and sqlSessionFactory together. sqlSessionFactory is ignored.
2026-04-24 13:12:36.610 [main] WARN  o.m.s.mapper.ClassPathMapperScanner - Cannot use both: sqlSessionTemplate and sqlSessionFactory together. sqlSessionFactory is ignored.
2026-04-24 13:12:36.610 [main] WARN  o.m.s.mapper.ClassPathMapperScanner - Cannot use both: sqlSessionTemplate and sqlSessionFactory together. sqlSessionFactory is ignored.
2026-04-24 13:12:36.610 [main] WARN  o.m.s.mapper.ClassPathMapperScanner - Cannot use both: sqlSessionTemplate and sqlSessionFactory together. sqlSessionFactory is ignored.
2026-04-24 13:12:36.610 [main] WARN  o.m.s.mapper.ClassPathMapperScanner - Cannot use both: sqlSessionTemplate and sqlSessionFactory together. sqlSessionFactory is ignored.
2026-04-24 13:12:36.610 [main] WARN  o.m.s.mapper.ClassPathMapperScanner - Cannot use both: sqlSessionTemplate and sqlSessionFactory together. sqlSessionFactory is ignored.
2026-04-24 13:12:36.611 [main] WARN  o.m.s.mapper.ClassPathMapperScanner - Cannot use both: sqlSessionTemplate and sqlSessionFactory together. sqlSessionFactory is ignored.
2026-04-24 13:12:36.611 [main] WARN  o.m.s.mapper.ClassPathMapperScanner - Cannot use both: sqlSessionTemplate and sqlSessionFactory together. sqlSessionFactory is ignored.
2026-04-24 13:12:36.611 [main] WARN  o.m.s.mapper.ClassPathMapperScanner - Cannot use both: sqlSessionTemplate and sqlSessionFactory together. sqlSessionFactory is ignored.
2026-04-24 13:12:36.611 [main] WARN  o.m.s.mapper.ClassPathMapperScanner - Cannot use both: sqlSessionTemplate and sqlSessionFactory together. sqlSessionFactory is ignored.
2026-04-24 13:12:36.611 [main] WARN  o.m.s.mapper.ClassPathMapperScanner - Cannot use both: sqlSessionTemplate and sqlSessionFactory together. sqlSessionFactory is ignored.
2026-04-24 13:12:36.612 [main] WARN  o.m.s.mapper.ClassPathMapperScanner - Cannot use both: sqlSessionTemplate and sqlSessionFactory together. sqlSessionFactory is ignored.
2026-04-24 13:12:36.612 [main] WARN  o.m.s.mapper.ClassPathMapperScanner - Cannot use both: sqlSessionTemplate and sqlSessionFactory together. sqlSessionFactory is ignored.
2026-04-24 13:12:36.614 [main] WARN  o.m.s.mapper.ClassPathMapperScanner - Cannot use both: sqlSessionTemplate and sqlSessionFactory together. sqlSessionFactory is ignored.
2026-04-24 13:12:36.614 [main] WARN  o.m.s.mapper.ClassPathMapperScanner - Cannot use both: sqlSessionTemplate and sqlSessionFactory together. sqlSessionFactory is ignored.
2026-04-24 13:12:36.614 [main] WARN  o.m.s.mapper.ClassPathMapperScanner - Cannot use both: sqlSessionTemplate and sqlSessionFactory together. sqlSessionFactory is ignored.
2026-04-24 13:12:36.615 [main] WARN  o.m.s.mapper.ClassPathMapperScanner - Cannot use both: sqlSessionTemplate and sqlSessionFactory together. sqlSessionFactory is ignored.
2026-04-24 13:12:36.615 [main] WARN  o.m.s.mapper.ClassPathMapperScanner - Cannot use both: sqlSessionTemplate and sqlSessionFactory together. sqlSessionFactory is ignored.
2026-04-24 13:12:36.615 [main] WARN  o.m.s.mapper.ClassPathMapperScanner - Cannot use both: sqlSessionTemplate and sqlSessionFactory together. sqlSessionFactory is ignored.
2026-04-24 13:12:36.615 [main] WARN  o.m.s.mapper.ClassPathMapperScanner - Cannot use both: sqlSessionTemplate and sqlSessionFactory together. sqlSessionFactory is ignored.
2026-04-24 13:12:36.616 [main] WARN  o.m.s.mapper.ClassPathMapperScanner - Cannot use both: sqlSessionTemplate and sqlSessionFactory together. sqlSessionFactory is ignored.
2026-04-24 13:12:36.616 [main] WARN  o.m.s.mapper.ClassPathMapperScanner - Cannot use both: sqlSessionTemplate and sqlSessionFactory together. sqlSessionFactory is ignored.
2026-04-24 13:12:36.618 [main] WARN  o.m.s.mapper.ClassPathMapperScanner - No MyBatis mapper was found in '[com.zyh.easyapplyresume.mapper.pgvector]' package. Please check your configuration.
2026-04-24 13:12:36.795 [main] INFO  o.s.cloud.context.scope.GenericScope - BeanFactory id=cec86c5a-a5fe-3b76-8061-fda812463d3c
2026-04-24 13:12:38.047 [main] INFO  o.s.b.w.e.tomcat.TomcatWebServer - Tomcat initialized with port 8080 (http)
2026-04-24 13:12:38.070 [main] INFO  o.a.coyote.http11.Http11NioProtocol - Initializing ProtocolHandler ["http-nio-8080"]
2026-04-24 13:12:38.075 [main] INFO  o.a.catalina.core.StandardService - Starting service [Tomcat]
2026-04-24 13:12:38.076 [main] INFO  o.a.catalina.core.StandardEngine - Starting Servlet engine: [Apache Tomcat/10.1.31]
2026-04-24 13:12:38.213 [main] INFO  o.a.c.c.C.[.[localhost].[/api] - Initializing Spring embedded WebApplicationContext
2026-04-24 13:12:38.214 [main] INFO  o.s.b.w.s.c.ServletWebServerApplicationContext - Root WebApplicationContext: initialization completed in 3999 ms
2026-04-24 13:12:39.494 [main] ERROR o.s.b.w.e.tomcat.TomcatStarter - Error starting Tomcat context. Exception: org.springframework.beans.factory.UnsatisfiedDependencyException. Message: Error creating bean with name 'adminJwtAuthFilter': Unsatisfied dependency expressed through field 'adminMapper': Error creating bean with name 'adminMapper' defined in file [C:\Users\shini\IdeaProjects\EasyApplyResume\target\classes\com\zyh\easyapplyresume\mapper\mysql\admin\AdminMapper.class]: Cannot resolve reference to bean 'mysqlSqlSessionFactory' while setting bean property 'sqlSessionFactory'
2026-04-24 13:12:39.545 [main] INFO  o.a.catalina.core.StandardService - Stopping service [Tomcat]
2026-04-24 13:12:39.557 [main] WARN  o.a.c.loader.WebappClassLoaderBase - The web application [api] appears to have started a thread named [lettuce-eventExecutorLoop-1-1] but has failed to stop it. This is very likely to create a memory leak. Stack trace of thread:
 java.base/jdk.internal.misc.Unsafe.park(Native Method)
 java.base/java.util.concurrent.locks.LockSupport.parkNanos(LockSupport.java:269)
 java.base/java.util.concurrent.locks.AbstractQueuedSynchronizer$ConditionObject.awaitNanos(AbstractQueuedSynchronizer.java:1797)
 java.base/java.util.concurrent.LinkedBlockingQueue.poll(LinkedBlockingQueue.java:460)
 io.netty.util.concurrent.SingleThreadEventExecutor.takeTask(SingleThreadEventExecutor.java:256)
 io.netty.util.concurrent.DefaultEventExecutor.run(DefaultEventExecutor.java:64)
 io.netty.util.concurrent.SingleThreadEventExecutor$4.run(SingleThreadEventExecutor.java:997)
 io.netty.util.internal.ThreadExecutorMap$2.run(ThreadExecutorMap.java:74)
 io.netty.util.concurrent.FastThreadLocalRunnable.run(FastThreadLocalRunnable.java:30)
 java.base/java.lang.Thread.run(Thread.java:1583)
2026-04-24 13:12:39.558 [main] WARN  o.a.c.loader.WebappClassLoaderBase - The web application [api] appears to have started a thread named [lettuce-timer-3-1] but has failed to stop it. This is very likely to create a memory leak. Stack trace of thread:
 java.base/java.lang.Thread.sleep0(Native Method)
 java.base/java.lang.Thread.sleep(Thread.java:509)
 io.netty.util.HashedWheelTimer$Worker.waitForNextTick(HashedWheelTimer.java:598)
 io.netty.util.HashedWheelTimer$Worker.run(HashedWheelTimer.java:494)
 io.netty.util.concurrent.FastThreadLocalRunnable.run(FastThreadLocalRunnable.java:30)
 java.base/java.lang.Thread.run(Thread.java:1583)
2026-04-24 13:12:39.559 [main] WARN  o.s.b.w.s.c.AnnotationConfigServletWebServerApplicationContext - Exception encountered during context initialization - cancelling refresh attempt: org.springframework.context.ApplicationContextException: Unable to start web server
2026-04-24 13:12:39.603 [main] INFO  o.s.b.a.l.ConditionEvaluationReportLogger - 

Error starting ApplicationContext. To display the condition evaluation report re-run your application with 'debug' enabled.
2026-04-24 13:12:39.636 [main] ERROR o.s.boot.SpringApplication - Application run failed
org.springframework.context.ApplicationContextException: Unable to start web server
	at org.springframework.boot.web.servlet.context.ServletWebServerApplicationContext.onRefresh(ServletWebServerApplicationContext.java:165)
	at org.springframework.context.support.AbstractApplicationContext.refresh(AbstractApplicationContext.java:619)
	at org.springframework.boot.web.servlet.context.ServletWebServerApplicationContext.refresh(ServletWebServerApplicationContext.java:146)
	at org.springframework.boot.SpringApplication.refresh(SpringApplication.java:754)
	at org.springframework.boot.SpringApplication.refreshContext(SpringApplication.java:456)
	at org.springframework.boot.SpringApplication.run(SpringApplication.java:335)
	at org.springframework.boot.SpringApplication.run(SpringApplication.java:1363)
	at org.springframework.boot.SpringApplication.run(SpringApplication.java:1352)
	at com.zyh.easyapplyresume.EasyApplyResumeApplication.main(EasyApplyResumeApplication.java:25)
Caused by: org.springframework.boot.web.server.WebServerException: Unable to start embedded Tomcat
	at org.springframework.boot.web.embedded.tomcat.TomcatWebServer.initialize(TomcatWebServer.java:147)
	at org.springframework.boot.web.embedded.tomcat.TomcatWebServer.<init>(TomcatWebServer.java:107)
	at org.springframework.boot.web.embedded.tomcat.TomcatServletWebServerFactory.getTomcatWebServer(TomcatServletWebServerFactory.java:516)
	at org.springframework.boot.web.embedded.tomcat.TomcatServletWebServerFactory.getWebServer(TomcatServletWebServerFactory.java:222)
	at org.springframework.boot.web.servlet.context.ServletWebServerApplicationContext.createWebServer(ServletWebServerApplicationContext.java:188)
	at org.springframework.boot.web.servlet.context.ServletWebServerApplicationContext.onRefresh(ServletWebServerApplicationContext.java:162)
	... 8 common frames omitted
Caused by: org.springframework.beans.factory.UnsatisfiedDependencyException: Error creating bean with name 'adminJwtAuthFilter': Unsatisfied dependency expressed through field 'adminMapper': Error creating bean with name 'adminMapper' defined in file [C:\Users\shini\IdeaProjects\EasyApplyResume\target\classes\com\zyh\easyapplyresume\mapper\mysql\admin\AdminMapper.class]: Cannot resolve reference to bean 'mysqlSqlSessionFactory' while setting bean property 'sqlSessionFactory'
	at org.springframework.beans.factory.annotation.AutowiredAnnotationBeanPostProcessor$AutowiredFieldElement.resolveFieldValue(AutowiredAnnotationBeanPostProcessor.java:788)
	at org.springframework.beans.factory.annotation.AutowiredAnnotationBeanPostProcessor$AutowiredFieldElement.inject(AutowiredAnnotationBeanPostProcessor.java:768)
	at org.springframework.beans.factory.annotation.InjectionMetadata.inject(InjectionMetadata.java:145)
	at org.springframework.beans.factory.annotation.AutowiredAnnotationBeanPostProcessor.postProcessProperties(AutowiredAnnotationBeanPostProcessor.java:509)
	at org.springframework.beans.factory.support.AbstractAutowireCapableBeanFactory.populateBean(AbstractAutowireCapableBeanFactory.java:1439)
	at org.springframework.beans.factory.support.AbstractAutowireCapableBeanFactory.doCreateBean(AbstractAutowireCapableBeanFactory.java:599)
	at org.springframework.beans.factory.support.AbstractAutowireCapableBeanFactory.createBean(AbstractAutowireCapableBeanFactory.java:522)
	at org.springframework.beans.factory.support.AbstractBeanFactory.lambda$doGetBean$0(AbstractBeanFactory.java:337)
	at org.springframework.beans.factory.support.DefaultSingletonBeanRegistry.getSingleton(DefaultSingletonBeanRegistry.java:234)
	at org.springframework.beans.factory.support.AbstractBeanFactory.doGetBean(AbstractBeanFactory.java:335)
	at org.springframework.beans.factory.support.AbstractBeanFactory.getBean(AbstractBeanFactory.java:205)
	at org.springframework.boot.web.servlet.ServletContextInitializerBeans.getOrderedBeansOfType(ServletContextInitializerBeans.java:211)
	at org.springframework.boot.web.servlet.ServletContextInitializerBeans.addAsRegistrationBean(ServletContextInitializerBeans.java:174)
	at org.springframework.boot.web.servlet.ServletContextInitializerBeans.addAsRegistrationBean(ServletContextInitializerBeans.java:169)
	at org.springframework.boot.web.servlet.ServletContextInitializerBeans.addAdaptableBeans(ServletContextInitializerBeans.java:154)
	at org.springframework.boot.web.servlet.ServletContextInitializerBeans.<init>(ServletContextInitializerBeans.java:87)
	at org.springframework.boot.web.servlet.context.ServletWebServerApplicationContext.getServletContextInitializerBeans(ServletWebServerApplicationContext.java:266)
	at org.springframework.boot.web.servlet.context.ServletWebServerApplicationContext.selfInitialize(ServletWebServerApplicationContext.java:240)
	at org.springframework.boot.web.embedded.tomcat.TomcatStarter.onStartup(TomcatStarter.java:52)
	at org.apache.catalina.core.StandardContext.startInternal(StandardContext.java:4412)
	at org.apache.catalina.util.LifecycleBase.start(LifecycleBase.java:164)
	at org.apache.catalina.core.ContainerBase$StartChild.call(ContainerBase.java:1203)
	at org.apache.catalina.core.ContainerBase$StartChild.call(ContainerBase.java:1193)
	at java.base/java.util.concurrent.FutureTask.run$$$capture(FutureTask.java:317)
	at java.base/java.util.concurrent.FutureTask.run(FutureTask.java)
	at org.apache.tomcat.util.threads.InlineExecutorService.execute(InlineExecutorService.java:75)
	at java.base/java.util.concurrent.AbstractExecutorService.submit(AbstractExecutorService.java:145)
	at org.apache.catalina.core.ContainerBase.startInternal(ContainerBase.java:749)
	at org.apache.catalina.core.StandardHost.startInternal(StandardHost.java:772)
	at org.apache.catalina.util.LifecycleBase.start(LifecycleBase.java:164)
	at org.apache.catalina.core.ContainerBase$StartChild.call(ContainerBase.java:1203)
	at org.apache.catalina.core.ContainerBase$StartChild.call(ContainerBase.java:1193)
	at java.base/java.util.concurrent.FutureTask.run$$$capture(FutureTask.java:317)
	at java.base/java.util.concurrent.FutureTask.run(FutureTask.java)
	at org.apache.tomcat.util.threads.InlineExecutorService.execute(InlineExecutorService.java:75)
	at java.base/java.util.concurrent.AbstractExecutorService.submit(AbstractExecutorService.java:145)
	at org.apache.catalina.core.ContainerBase.startInternal(ContainerBase.java:749)
	at org.apache.catalina.core.StandardEngine.startInternal(StandardEngine.java:203)
	at org.apache.catalina.util.LifecycleBase.start(LifecycleBase.java:164)
	at org.apache.catalina.core.StandardService.startInternal(StandardService.java:415)
	at org.apache.catalina.util.LifecycleBase.start(LifecycleBase.java:164)
	at org.apache.catalina.core.StandardServer.startInternal(StandardServer.java:870)
	at org.apache.catalina.util.LifecycleBase.start(LifecycleBase.java:164)
	at org.apache.catalina.startup.Tomcat.start(Tomcat.java:437)
	at org.springframework.boot.web.embedded.tomcat.TomcatWebServer.initialize(TomcatWebServer.java:128)
	... 13 common frames omitted
Caused by: org.springframework.beans.factory.BeanCreationException: Error creating bean with name 'adminMapper' defined in file [C:\Users\shini\IdeaProjects\EasyApplyResume\target\classes\com\zyh\easyapplyresume\mapper\mysql\admin\AdminMapper.class]: Cannot resolve reference to bean 'mysqlSqlSessionFactory' while setting bean property 'sqlSessionFactory'
	at org.springframework.beans.factory.support.BeanDefinitionValueResolver.resolveReference(BeanDefinitionValueResolver.java:377)
	at org.springframework.beans.factory.support.BeanDefinitionValueResolver.resolveValueIfNecessary(BeanDefinitionValueResolver.java:135)
	at org.springframework.beans.factory.support.AbstractAutowireCapableBeanFactory.applyPropertyValues(AbstractAutowireCapableBeanFactory.java:1705)
	at org.springframework.beans.factory.support.AbstractAutowireCapableBeanFactory.populateBean(AbstractAutowireCapableBeanFactory.java:1454)
	at org.springframework.beans.factory.support.AbstractAutowireCapableBeanFactory.doCreateBean(AbstractAutowireCapableBeanFactory.java:599)
	at org.springframework.beans.factory.support.AbstractAutowireCapableBeanFactory.createBean(AbstractAutowireCapableBeanFactory.java:522)
	at org.springframework.beans.factory.support.AbstractBeanFactory.lambda$doGetBean$0(AbstractBeanFactory.java:337)
	at org.springframework.beans.factory.support.DefaultSingletonBeanRegistry.getSingleton(DefaultSingletonBeanRegistry.java:234)
	at org.springframework.beans.factory.support.AbstractBeanFactory.doGetBean(AbstractBeanFactory.java:335)
	at org.springframework.beans.factory.support.AbstractBeanFactory.getBean(AbstractBeanFactory.java:200)
	at org.springframework.beans.factory.config.DependencyDescriptor.resolveCandidate(DependencyDescriptor.java:254)
	at org.springframework.beans.factory.support.DefaultListableBeanFactory.doResolveDependency(DefaultListableBeanFactory.java:1443)
	at org.springframework.beans.factory.support.DefaultListableBeanFactory.resolveDependency(DefaultListableBeanFactory.java:1353)
	at org.springframework.beans.factory.annotation.AutowiredAnnotationBeanPostProcessor$AutowiredFieldElement.resolveFieldValue(AutowiredAnnotationBeanPostProcessor.java:785)
	... 57 common frames omitted
Caused by: org.springframework.beans.factory.BeanCreationException: Error creating bean with name 'mysqlSqlSessionFactory' defined in class path resource [com/zyh/easyapplyresume/config/DataSourceConfig.class]: Failed to instantiate [org.apache.ibatis.session.SqlSessionFactory]: Factory method 'mysqlSqlSessionFactory' threw exception with message: Failed to parse mapping resource: 'file [C:\Users\shini\IdeaProjects\EasyApplyResume\target\classes\com\zyh\easyapplyresume\mapper\mysql\admin\AdminMapper.xml]'
	at org.springframework.beans.factory.support.ConstructorResolver.instantiate(ConstructorResolver.java:648)
	at org.springframework.beans.factory.support.ConstructorResolver.instantiateUsingFactoryMethod(ConstructorResolver.java:636)
	at org.springframework.beans.factory.support.AbstractAutowireCapableBeanFactory.instantiateUsingFactoryMethod(AbstractAutowireCapableBeanFactory.java:1355)
	at org.springframework.beans.factory.support.AbstractAutowireCapableBeanFactory.createBeanInstance(AbstractAutowireCapableBeanFactory.java:1185)
	at org.springframework.beans.factory.support.AbstractAutowireCapableBeanFactory.doCreateBean(AbstractAutowireCapableBeanFactory.java:562)
	at org.springframework.beans.factory.support.AbstractAutowireCapableBeanFactory.createBean(AbstractAutowireCapableBeanFactory.java:522)
	at org.springframework.beans.factory.support.AbstractBeanFactory.lambda$doGetBean$0(AbstractBeanFactory.java:337)
	at org.springframework.beans.factory.support.DefaultSingletonBeanRegistry.getSingleton(DefaultSingletonBeanRegistry.java:234)
	at org.springframework.beans.factory.support.AbstractBeanFactory.doGetBean(AbstractBeanFactory.java:335)
	at org.springframework.beans.factory.support.AbstractBeanFactory.getBean(AbstractBeanFactory.java:200)
	at org.springframework.beans.factory.support.BeanDefinitionValueResolver.resolveReference(BeanDefinitionValueResolver.java:365)
	... 70 common frames omitted
Caused by: org.springframework.beans.BeanInstantiationException: Failed to instantiate [org.apache.ibatis.session.SqlSessionFactory]: Factory method 'mysqlSqlSessionFactory' threw exception with message: Failed to parse mapping resource: 'file [C:\Users\shini\IdeaProjects\EasyApplyResume\target\classes\com\zyh\easyapplyresume\mapper\mysql\admin\AdminMapper.xml]'
	at org.springframework.beans.factory.support.SimpleInstantiationStrategy.instantiate(SimpleInstantiationStrategy.java:178)
	at org.springframework.beans.factory.support.ConstructorResolver.instantiate(ConstructorResolver.java:644)
	... 80 common frames omitted
Caused by: java.io.IOException: Failed to parse mapping resource: 'file [C:\Users\shini\IdeaProjects\EasyApplyResume\target\classes\com\zyh\easyapplyresume\mapper\mysql\admin\AdminMapper.xml]'
	at com.baomidou.mybatisplus.extension.spring.MybatisSqlSessionFactoryBean.buildSqlSessionFactory(MybatisSqlSessionFactoryBean.java:680)
	at com.baomidou.mybatisplus.extension.spring.MybatisSqlSessionFactoryBean.afterPropertiesSet(MybatisSqlSessionFactoryBean.java:553)
	at com.baomidou.mybatisplus.extension.spring.MybatisSqlSessionFactoryBean.getObject(MybatisSqlSessionFactoryBean.java:711)
	at com.zyh.easyapplyresume.config.DataSourceConfig.mysqlSqlSessionFactory(DataSourceConfig.java:81)
	at com.zyh.easyapplyresume.config.DataSourceConfig$$SpringCGLIB$$0.CGLIB$mysqlSqlSessionFactory$3(<generated>)
	at com.zyh.easyapplyresume.config.DataSourceConfig$$SpringCGLIB$$FastClass$$1.invoke(<generated>)
	at org.springframework.cglib.proxy.MethodProxy.invokeSuper(MethodProxy.java:258)
	at org.springframework.context.annotation.ConfigurationClassEnhancer$BeanMethodInterceptor.intercept(ConfigurationClassEnhancer.java:348)
	at com.zyh.easyapplyresume.config.DataSourceConfig$$SpringCGLIB$$0.mysqlSqlSessionFactory(<generated>)
	at java.base/jdk.internal.reflect.DirectMethodHandleAccessor.invoke(DirectMethodHandleAccessor.java:103)
	at java.base/java.lang.reflect.Method.invoke(Method.java:580)
	at org.springframework.beans.factory.support.SimpleInstantiationStrategy.instantiate(SimpleInstantiationStrategy.java:146)
	... 81 common frames omitted
Caused by: org.apache.ibatis.builder.BuilderException: Error creating document instance.  Cause: org.xml.sax.SAXParseException; lineNumber: 20; columnNumber: 2; 元素内容必须由格式正确的字符数据或标记组成。
	at org.apache.ibatis.parsing.XPathParser.createDocument(XPathParser.java:262)
	at org.apache.ibatis.parsing.XPathParser.<init>(XPathParser.java:127)
	at com.baomidou.mybatisplus.core.MybatisXMLMapperBuilder.<init>(MybatisXMLMapperBuilder.java:87)
	at com.baomidou.mybatisplus.extension.spring.MybatisSqlSessionFactoryBean.buildSqlSessionFactory(MybatisSqlSessionFactoryBean.java:677)
	... 92 common frames omitted
Caused by: org.xml.sax.SAXParseException: 元素内容必须由格式正确的字符数据或标记组成。
	at java.xml/com.sun.org.apache.xerces.internal.util.ErrorHandlerWrapper.createSAXParseException(ErrorHandlerWrapper.java:204)
	at java.xml/com.sun.org.apache.xerces.internal.util.ErrorHandlerWrapper.fatalError(ErrorHandlerWrapper.java:178)
	at java.xml/com.sun.org.apache.xerces.internal.impl.XMLErrorReporter.reportError(XMLErrorReporter.java:400)
	at java.xml/com.sun.org.apache.xerces.internal.impl.XMLErrorReporter.reportError(XMLErrorReporter.java:327)
	at java.xml/com.sun.org.apache.xerces.internal.impl.XMLScanner.reportFatalError(XMLScanner.java:1465)
	at java.xml/com.sun.org.apache.xerces.internal.impl.XMLDocumentFragmentScannerImpl$FragmentContentDriver.startOfMarkup(XMLDocumentFragmentScannerImpl.java:2589)
	at java.xml/com.sun.org.apache.xerces.internal.impl.XMLDocumentFragmentScannerImpl$FragmentContentDriver.next(XMLDocumentFragmentScannerImpl.java:2679)
	at java.xml/com.sun.org.apache.xerces.internal.impl.XMLDocumentScannerImpl.next(XMLDocumentScannerImpl.java:605)
	at java.xml/com.sun.org.apache.xerces.internal.impl.XMLDocumentFragmentScannerImpl.scanDocument(XMLDocumentFragmentScannerImpl.java:542)
	at java.xml/com.sun.org.apache.xerces.internal.parsers.XML11Configuration.parse(XML11Configuration.java:889)
	at java.xml/com.sun.org.apache.xerces.internal.parsers.XML11Configuration.parse(XML11Configuration.java:825)
	at java.xml/com.sun.org.apache.xerces.internal.parsers.XMLParser.parse(XMLParser.java:141)
	at java.xml/com.sun.org.apache.xerces.internal.parsers.DOMParser.parse(DOMParser.java:247)
	at java.xml/com.sun.org.apache.xerces.internal.jaxp.DocumentBuilderImpl.parse(DocumentBuilderImpl.java:342)
	at org.apache.ibatis.parsing.XPathParser.createDocument(XPathParser.java:260)
	... 95 common frames omitted
2026-04-24 13:13:40.039 [Thread-1] WARN  c.a.n.c.executor.ThreadPoolManager - [ThreadPoolManager] Start destroying ThreadPool
2026-04-24 13:13:40.039 [Thread-9] WARN  c.a.nacos.common.notify.NotifyCenter - [NotifyCenter] Start destroying Publisher
2026-04-24 13:13:40.039 [Thread-7] WARN  c.a.n.c.http.HttpClientBeanHolder - [HttpClientBeanHolder] Start destroying common HttpClient
2026-04-24 13:13:40.040 [Thread-9] WARN  c.a.nacos.common.notify.NotifyCenter - [NotifyCenter] Destruction of the end
2026-04-24 13:13:40.040 [Thread-1] WARN  c.a.n.c.executor.ThreadPoolManager - [ThreadPoolManager] Destruction of the end
2026-04-24 13:14:57.130 [background-preinit] INFO  o.h.validator.internal.util.Version - HV000001: Hibernate Validator 8.0.1.Final
2026-04-24 13:14:57.447 [main] INFO  c.a.c.n.c.NacosConfigDataLoader - [Nacos Config] Load config[dataId=EasyApplyResume-dev.yaml, group=DEFAULT_GROUP] success
2026-04-24 13:14:57.448 [main] INFO  c.a.c.n.c.NacosConfigDataLoader - [Nacos Config] Load config[dataId=EasyApplyResume.yaml, group=DEFAULT_GROUP] success
2026-04-24 13:14:58.016 [main] INFO  c.z.e.EasyApplyResumeApplication - The following 1 profile is active: "dev"
2026-04-24 13:14:58.044 [main] INFO  c.a.c.n.c.NacosConfigDataLoader - [Nacos Config] Load config[dataId=EasyApplyResume-dev.yaml, group=DEFAULT_GROUP] success
2026-04-24 13:14:58.045 [main] INFO  c.a.c.n.c.NacosConfigDataLoader - [Nacos Config] Load config[dataId=EasyApplyResume.yaml, group=DEFAULT_GROUP] success
2026-04-24 13:15:00.838 [main] INFO  o.s.d.r.c.RepositoryConfigurationDelegate - Multiple Spring Data modules found, entering strict repository configuration mode
2026-04-24 13:15:00.842 [main] INFO  o.s.d.r.c.RepositoryConfigurationDelegate - Bootstrapping Spring Data Redis repositories in DEFAULT mode.
2026-04-24 13:15:00.932 [main] INFO  o.s.d.r.c.RepositoryConfigurationDelegate - Finished Spring Data repository scanning in 66 ms. Found 0 Redis repository interfaces.
2026-04-24 13:15:01.135 [main] WARN  o.m.s.mapper.ClassPathMapperScanner - Cannot use both: sqlSessionTemplate and sqlSessionFactory together. sqlSessionFactory is ignored.
2026-04-24 13:15:01.136 [main] WARN  o.m.s.mapper.ClassPathMapperScanner - Cannot use both: sqlSessionTemplate and sqlSessionFactory together. sqlSessionFactory is ignored.
2026-04-24 13:15:01.136 [main] WARN  o.m.s.mapper.ClassPathMapperScanner - Cannot use both: sqlSessionTemplate and sqlSessionFactory together. sqlSessionFactory is ignored.
2026-04-24 13:15:01.137 [main] WARN  o.m.s.mapper.ClassPathMapperScanner - Cannot use both: sqlSessionTemplate and sqlSessionFactory together. sqlSessionFactory is ignored.
2026-04-24 13:15:01.138 [main] WARN  o.m.s.mapper.ClassPathMapperScanner - Cannot use both: sqlSessionTemplate and sqlSessionFactory together. sqlSessionFactory is ignored.
2026-04-24 13:15:01.138 [main] WARN  o.m.s.mapper.ClassPathMapperScanner - Cannot use both: sqlSessionTemplate and sqlSessionFactory together. sqlSessionFactory is ignored.
2026-04-24 13:15:01.139 [main] WARN  o.m.s.mapper.ClassPathMapperScanner - Cannot use both: sqlSessionTemplate and sqlSessionFactory together. sqlSessionFactory is ignored.
2026-04-24 13:15:01.139 [main] WARN  o.m.s.mapper.ClassPathMapperScanner - Cannot use both: sqlSessionTemplate and sqlSessionFactory together. sqlSessionFactory is ignored.
2026-04-24 13:15:01.140 [main] WARN  o.m.s.mapper.ClassPathMapperScanner - Cannot use both: sqlSessionTemplate and sqlSessionFactory together. sqlSessionFactory is ignored.
2026-04-24 13:15:01.140 [main] WARN  o.m.s.mapper.ClassPathMapperScanner - Cannot use both: sqlSessionTemplate and sqlSessionFactory together. sqlSessionFactory is ignored.
2026-04-24 13:15:01.140 [main] WARN  o.m.s.mapper.ClassPathMapperScanner - Cannot use both: sqlSessionTemplate and sqlSessionFactory together. sqlSessionFactory is ignored.
2026-04-24 13:15:01.141 [main] WARN  o.m.s.mapper.ClassPathMapperScanner - Cannot use both: sqlSessionTemplate and sqlSessionFactory together. sqlSessionFactory is ignored.
2026-04-24 13:15:01.142 [main] WARN  o.m.s.mapper.ClassPathMapperScanner - Cannot use both: sqlSessionTemplate and sqlSessionFactory together. sqlSessionFactory is ignored.
2026-04-24 13:15:01.142 [main] WARN  o.m.s.mapper.ClassPathMapperScanner - Cannot use both: sqlSessionTemplate and sqlSessionFactory together. sqlSessionFactory is ignored.
2026-04-24 13:15:01.143 [main] WARN  o.m.s.mapper.ClassPathMapperScanner - Cannot use both: sqlSessionTemplate and sqlSessionFactory together. sqlSessionFactory is ignored.
2026-04-24 13:15:01.144 [main] WARN  o.m.s.mapper.ClassPathMapperScanner - Cannot use both: sqlSessionTemplate and sqlSessionFactory together. sqlSessionFactory is ignored.
2026-04-24 13:15:01.149 [main] WARN  o.m.s.mapper.ClassPathMapperScanner - Cannot use both: sqlSessionTemplate and sqlSessionFactory together. sqlSessionFactory is ignored.
2026-04-24 13:15:01.150 [main] WARN  o.m.s.mapper.ClassPathMapperScanner - Cannot use both: sqlSessionTemplate and sqlSessionFactory together. sqlSessionFactory is ignored.
2026-04-24 13:15:01.151 [main] WARN  o.m.s.mapper.ClassPathMapperScanner - Cannot use both: sqlSessionTemplate and sqlSessionFactory together. sqlSessionFactory is ignored.
2026-04-24 13:15:01.152 [main] WARN  o.m.s.mapper.ClassPathMapperScanner - Cannot use both: sqlSessionTemplate and sqlSessionFactory together. sqlSessionFactory is ignored.
2026-04-24 13:15:01.152 [main] WARN  o.m.s.mapper.ClassPathMapperScanner - Cannot use both: sqlSessionTemplate and sqlSessionFactory together. sqlSessionFactory is ignored.
2026-04-24 13:15:01.153 [main] WARN  o.m.s.mapper.ClassPathMapperScanner - Cannot use both: sqlSessionTemplate and sqlSessionFactory together. sqlSessionFactory is ignored.
2026-04-24 13:15:01.153 [main] WARN  o.m.s.mapper.ClassPathMapperScanner - Cannot use both: sqlSessionTemplate and sqlSessionFactory together. sqlSessionFactory is ignored.
2026-04-24 13:15:01.154 [main] WARN  o.m.s.mapper.ClassPathMapperScanner - Cannot use both: sqlSessionTemplate and sqlSessionFactory together. sqlSessionFactory is ignored.
2026-04-24 13:15:01.155 [main] WARN  o.m.s.mapper.ClassPathMapperScanner - Cannot use both: sqlSessionTemplate and sqlSessionFactory together. sqlSessionFactory is ignored.
2026-04-24 13:15:01.155 [main] WARN  o.m.s.mapper.ClassPathMapperScanner - Cannot use both: sqlSessionTemplate and sqlSessionFactory together. sqlSessionFactory is ignored.
2026-04-24 13:15:01.157 [main] WARN  o.m.s.mapper.ClassPathMapperScanner - Cannot use both: sqlSessionTemplate and sqlSessionFactory together. sqlSessionFactory is ignored.
2026-04-24 13:15:01.158 [main] WARN  o.m.s.mapper.ClassPathMapperScanner - Cannot use both: sqlSessionTemplate and sqlSessionFactory together. sqlSessionFactory is ignored.
2026-04-24 13:15:01.159 [main] WARN  o.m.s.mapper.ClassPathMapperScanner - Cannot use both: sqlSessionTemplate and sqlSessionFactory together. sqlSessionFactory is ignored.
2026-04-24 13:15:01.159 [main] WARN  o.m.s.mapper.ClassPathMapperScanner - Cannot use both: sqlSessionTemplate and sqlSessionFactory together. sqlSessionFactory is ignored.
2026-04-24 13:15:01.160 [main] WARN  o.m.s.mapper.ClassPathMapperScanner - Cannot use both: sqlSessionTemplate and sqlSessionFactory together. sqlSessionFactory is ignored.
2026-04-24 13:15:01.161 [main] WARN  o.m.s.mapper.ClassPathMapperScanner - Cannot use both: sqlSessionTemplate and sqlSessionFactory together. sqlSessionFactory is ignored.
2026-04-24 13:15:01.162 [main] WARN  o.m.s.mapper.ClassPathMapperScanner - Cannot use both: sqlSessionTemplate and sqlSessionFactory together. sqlSessionFactory is ignored.
2026-04-24 13:15:01.168 [main] WARN  o.m.s.mapper.ClassPathMapperScanner - Cannot use both: sqlSessionTemplate and sqlSessionFactory together. sqlSessionFactory is ignored.
2026-04-24 13:15:01.169 [main] WARN  o.m.s.mapper.ClassPathMapperScanner - Cannot use both: sqlSessionTemplate and sqlSessionFactory together. sqlSessionFactory is ignored.
2026-04-24 13:15:01.172 [main] WARN  o.m.s.mapper.ClassPathMapperScanner - Cannot use both: sqlSessionTemplate and sqlSessionFactory together. sqlSessionFactory is ignored.
2026-04-24 13:15:01.172 [main] WARN  o.m.s.mapper.ClassPathMapperScanner - Cannot use both: sqlSessionTemplate and sqlSessionFactory together. sqlSessionFactory is ignored.
2026-04-24 13:15:01.174 [main] WARN  o.m.s.mapper.ClassPathMapperScanner - Cannot use both: sqlSessionTemplate and sqlSessionFactory together. sqlSessionFactory is ignored.
2026-04-24 13:15:01.175 [main] WARN  o.m.s.mapper.ClassPathMapperScanner - Cannot use both: sqlSessionTemplate and sqlSessionFactory together. sqlSessionFactory is ignored.
2026-04-24 13:15:01.176 [main] WARN  o.m.s.mapper.ClassPathMapperScanner - Cannot use both: sqlSessionTemplate and sqlSessionFactory together. sqlSessionFactory is ignored.
2026-04-24 13:15:01.177 [main] WARN  o.m.s.mapper.ClassPathMapperScanner - Cannot use both: sqlSessionTemplate and sqlSessionFactory together. sqlSessionFactory is ignored.
2026-04-24 13:15:01.177 [main] WARN  o.m.s.mapper.ClassPathMapperScanner - Cannot use both: sqlSessionTemplate and sqlSessionFactory together. sqlSessionFactory is ignored.
2026-04-24 13:15:01.178 [main] WARN  o.m.s.mapper.ClassPathMapperScanner - Cannot use both: sqlSessionTemplate and sqlSessionFactory together. sqlSessionFactory is ignored.
2026-04-24 13:15:01.178 [main] WARN  o.m.s.mapper.ClassPathMapperScanner - Cannot use both: sqlSessionTemplate and sqlSessionFactory together. sqlSessionFactory is ignored.
2026-04-24 13:15:01.179 [main] WARN  o.m.s.mapper.ClassPathMapperScanner - Cannot use both: sqlSessionTemplate and sqlSessionFactory together. sqlSessionFactory is ignored.
2026-04-24 13:15:01.180 [main] WARN  o.m.s.mapper.ClassPathMapperScanner - Cannot use both: sqlSessionTemplate and sqlSessionFactory together. sqlSessionFactory is ignored.
2026-04-24 13:15:01.180 [main] WARN  o.m.s.mapper.ClassPathMapperScanner - Cannot use both: sqlSessionTemplate and sqlSessionFactory together. sqlSessionFactory is ignored.
2026-04-24 13:15:01.181 [main] WARN  o.m.s.mapper.ClassPathMapperScanner - Cannot use both: sqlSessionTemplate and sqlSessionFactory together. sqlSessionFactory is ignored.
2026-04-24 13:15:01.181 [main] WARN  o.m.s.mapper.ClassPathMapperScanner - Cannot use both: sqlSessionTemplate and sqlSessionFactory together. sqlSessionFactory is ignored.
2026-04-24 13:15:01.182 [main] WARN  o.m.s.mapper.ClassPathMapperScanner - Cannot use both: sqlSessionTemplate and sqlSessionFactory together. sqlSessionFactory is ignored.
2026-04-24 13:15:01.182 [main] WARN  o.m.s.mapper.ClassPathMapperScanner - Cannot use both: sqlSessionTemplate and sqlSessionFactory together. sqlSessionFactory is ignored.
2026-04-24 13:15:01.183 [main] WARN  o.m.s.mapper.ClassPathMapperScanner - Cannot use both: sqlSessionTemplate and sqlSessionFactory together. sqlSessionFactory is ignored.
2026-04-24 13:15:01.183 [main] WARN  o.m.s.mapper.ClassPathMapperScanner - Cannot use both: sqlSessionTemplate and sqlSessionFactory together. sqlSessionFactory is ignored.
2026-04-24 13:15:01.184 [main] WARN  o.m.s.mapper.ClassPathMapperScanner - Cannot use both: sqlSessionTemplate and sqlSessionFactory together. sqlSessionFactory is ignored.
2026-04-24 13:15:01.184 [main] WARN  o.m.s.mapper.ClassPathMapperScanner - Cannot use both: sqlSessionTemplate and sqlSessionFactory together. sqlSessionFactory is ignored.
2026-04-24 13:15:01.184 [main] WARN  o.m.s.mapper.ClassPathMapperScanner - Cannot use both: sqlSessionTemplate and sqlSessionFactory together. sqlSessionFactory is ignored.
2026-04-24 13:15:01.185 [main] WARN  o.m.s.mapper.ClassPathMapperScanner - Cannot use both: sqlSessionTemplate and sqlSessionFactory together. sqlSessionFactory is ignored.
2026-04-24 13:15:01.190 [main] WARN  o.m.s.mapper.ClassPathMapperScanner - No MyBatis mapper was found in '[com.zyh.easyapplyresume.mapper.pgvector]' package. Please check your configuration.
2026-04-24 13:15:01.454 [main] INFO  o.s.cloud.context.scope.GenericScope - BeanFactory id=cec86c5a-a5fe-3b76-8061-fda812463d3c
2026-04-24 13:15:02.471 [main] INFO  o.s.b.w.e.tomcat.TomcatWebServer - Tomcat initialized with port 8080 (http)
2026-04-24 13:15:02.490 [main] INFO  o.a.coyote.http11.Http11NioProtocol - Initializing ProtocolHandler ["http-nio-8080"]
2026-04-24 13:15:02.496 [main] INFO  o.a.catalina.core.StandardService - Starting service [Tomcat]
2026-04-24 13:15:02.497 [main] INFO  o.a.catalina.core.StandardEngine - Starting Servlet engine: [Apache Tomcat/10.1.31]
2026-04-24 13:15:02.627 [main] INFO  o.a.c.c.C.[.[localhost].[/api] - Initializing Spring embedded WebApplicationContext
2026-04-24 13:15:02.627 [main] INFO  o.s.b.w.s.c.ServletWebServerApplicationContext - Root WebApplicationContext: initialization completed in 4582 ms
2026-04-24 13:15:03.831 [main] ERROR o.s.b.w.e.tomcat.TomcatStarter - Error starting Tomcat context. Exception: org.springframework.beans.factory.UnsatisfiedDependencyException. Message: Error creating bean with name 'adminJwtAuthFilter': Unsatisfied dependency expressed through field 'adminMapper': Error creating bean with name 'adminMapper' defined in file [C:\Users\shini\IdeaProjects\EasyApplyResume\target\classes\com\zyh\easyapplyresume\mapper\mysql\admin\AdminMapper.class]: Cannot resolve reference to bean 'mysqlSqlSessionFactory' while setting bean property 'sqlSessionFactory'
2026-04-24 13:15:03.865 [main] INFO  o.a.catalina.core.StandardService - Stopping service [Tomcat]
2026-04-24 13:15:03.872 [main] WARN  o.a.c.loader.WebappClassLoaderBase - The web application [api] appears to have started a thread named [lettuce-eventExecutorLoop-1-1] but has failed to stop it. This is very likely to create a memory leak. Stack trace of thread:
 java.base/jdk.internal.misc.Unsafe.park(Native Method)
 java.base/java.util.concurrent.locks.LockSupport.parkNanos(LockSupport.java:269)
 java.base/java.util.concurrent.locks.AbstractQueuedSynchronizer$ConditionObject.awaitNanos(AbstractQueuedSynchronizer.java:1797)
 java.base/java.util.concurrent.LinkedBlockingQueue.poll(LinkedBlockingQueue.java:460)
 io.netty.util.concurrent.SingleThreadEventExecutor.takeTask(SingleThreadEventExecutor.java:256)
 io.netty.util.concurrent.DefaultEventExecutor.run(DefaultEventExecutor.java:64)
 io.netty.util.concurrent.SingleThreadEventExecutor$4.run(SingleThreadEventExecutor.java:997)
 io.netty.util.internal.ThreadExecutorMap$2.run(ThreadExecutorMap.java:74)
 io.netty.util.concurrent.FastThreadLocalRunnable.run(FastThreadLocalRunnable.java:30)
 java.base/java.lang.Thread.run(Thread.java:1583)
2026-04-24 13:15:03.873 [main] WARN  o.a.c.loader.WebappClassLoaderBase - The web application [api] appears to have started a thread named [lettuce-timer-3-1] but has failed to stop it. This is very likely to create a memory leak. Stack trace of thread:
 java.base/java.lang.Thread.sleep0(Native Method)
 java.base/java.lang.Thread.sleep(Thread.java:509)
 io.netty.util.HashedWheelTimer$Worker.waitForNextTick(HashedWheelTimer.java:598)
 io.netty.util.HashedWheelTimer$Worker.run(HashedWheelTimer.java:494)
 io.netty.util.concurrent.FastThreadLocalRunnable.run(FastThreadLocalRunnable.java:30)
 java.base/java.lang.Thread.run(Thread.java:1583)
2026-04-24 13:15:03.874 [main] WARN  o.s.b.w.s.c.AnnotationConfigServletWebServerApplicationContext - Exception encountered during context initialization - cancelling refresh attempt: org.springframework.context.ApplicationContextException: Unable to start web server
2026-04-24 13:15:03.912 [main] INFO  o.s.b.a.l.ConditionEvaluationReportLogger - 

Error starting ApplicationContext. To display the condition evaluation report re-run your application with 'debug' enabled.
2026-04-24 13:15:03.941 [main] ERROR o.s.boot.SpringApplication - Application run failed
org.springframework.context.ApplicationContextException: Unable to start web server
	at org.springframework.boot.web.servlet.context.ServletWebServerApplicationContext.onRefresh(ServletWebServerApplicationContext.java:165)
	at org.springframework.context.support.AbstractApplicationContext.refresh(AbstractApplicationContext.java:619)
	at org.springframework.boot.web.servlet.context.ServletWebServerApplicationContext.refresh(ServletWebServerApplicationContext.java:146)
	at org.springframework.boot.SpringApplication.refresh(SpringApplication.java:754)
	at org.springframework.boot.SpringApplication.refreshContext(SpringApplication.java:456)
	at org.springframework.boot.SpringApplication.run(SpringApplication.java:335)
	at org.springframework.boot.SpringApplication.run(SpringApplication.java:1363)
	at org.springframework.boot.SpringApplication.run(SpringApplication.java:1352)
	at com.zyh.easyapplyresume.EasyApplyResumeApplication.main(EasyApplyResumeApplication.java:25)
Caused by: org.springframework.boot.web.server.WebServerException: Unable to start embedded Tomcat
	at org.springframework.boot.web.embedded.tomcat.TomcatWebServer.initialize(TomcatWebServer.java:147)
	at org.springframework.boot.web.embedded.tomcat.TomcatWebServer.<init>(TomcatWebServer.java:107)
	at org.springframework.boot.web.embedded.tomcat.TomcatServletWebServerFactory.getTomcatWebServer(TomcatServletWebServerFactory.java:516)
	at org.springframework.boot.web.embedded.tomcat.TomcatServletWebServerFactory.getWebServer(TomcatServletWebServerFactory.java:222)
	at org.springframework.boot.web.servlet.context.ServletWebServerApplicationContext.createWebServer(ServletWebServerApplicationContext.java:188)
	at org.springframework.boot.web.servlet.context.ServletWebServerApplicationContext.onRefresh(ServletWebServerApplicationContext.java:162)
	... 8 common frames omitted
Caused by: org.springframework.beans.factory.UnsatisfiedDependencyException: Error creating bean with name 'adminJwtAuthFilter': Unsatisfied dependency expressed through field 'adminMapper': Error creating bean with name 'adminMapper' defined in file [C:\Users\shini\IdeaProjects\EasyApplyResume\target\classes\com\zyh\easyapplyresume\mapper\mysql\admin\AdminMapper.class]: Cannot resolve reference to bean 'mysqlSqlSessionFactory' while setting bean property 'sqlSessionFactory'
	at org.springframework.beans.factory.annotation.AutowiredAnnotationBeanPostProcessor$AutowiredFieldElement.resolveFieldValue(AutowiredAnnotationBeanPostProcessor.java:788)
	at org.springframework.beans.factory.annotation.AutowiredAnnotationBeanPostProcessor$AutowiredFieldElement.inject(AutowiredAnnotationBeanPostProcessor.java:768)
	at org.springframework.beans.factory.annotation.InjectionMetadata.inject(InjectionMetadata.java:145)
	at org.springframework.beans.factory.annotation.AutowiredAnnotationBeanPostProcessor.postProcessProperties(AutowiredAnnotationBeanPostProcessor.java:509)
	at org.springframework.beans.factory.support.AbstractAutowireCapableBeanFactory.populateBean(AbstractAutowireCapableBeanFactory.java:1439)
	at org.springframework.beans.factory.support.AbstractAutowireCapableBeanFactory.doCreateBean(AbstractAutowireCapableBeanFactory.java:599)
	at org.springframework.beans.factory.support.AbstractAutowireCapableBeanFactory.createBean(AbstractAutowireCapableBeanFactory.java:522)
	at org.springframework.beans.factory.support.AbstractBeanFactory.lambda$doGetBean$0(AbstractBeanFactory.java:337)
	at org.springframework.beans.factory.support.DefaultSingletonBeanRegistry.getSingleton(DefaultSingletonBeanRegistry.java:234)
	at org.springframework.beans.factory.support.AbstractBeanFactory.doGetBean(AbstractBeanFactory.java:335)
	at org.springframework.beans.factory.support.AbstractBeanFactory.getBean(AbstractBeanFactory.java:205)
	at org.springframework.boot.web.servlet.ServletContextInitializerBeans.getOrderedBeansOfType(ServletContextInitializerBeans.java:211)
	at org.springframework.boot.web.servlet.ServletContextInitializerBeans.addAsRegistrationBean(ServletContextInitializerBeans.java:174)
	at org.springframework.boot.web.servlet.ServletContextInitializerBeans.addAsRegistrationBean(ServletContextInitializerBeans.java:169)
	at org.springframework.boot.web.servlet.ServletContextInitializerBeans.addAdaptableBeans(ServletContextInitializerBeans.java:154)
	at org.springframework.boot.web.servlet.ServletContextInitializerBeans.<init>(ServletContextInitializerBeans.java:87)
	at org.springframework.boot.web.servlet.context.ServletWebServerApplicationContext.getServletContextInitializerBeans(ServletWebServerApplicationContext.java:266)
	at org.springframework.boot.web.servlet.context.ServletWebServerApplicationContext.selfInitialize(ServletWebServerApplicationContext.java:240)
	at org.springframework.boot.web.embedded.tomcat.TomcatStarter.onStartup(TomcatStarter.java:52)
	at org.apache.catalina.core.StandardContext.startInternal(StandardContext.java:4412)
	at org.apache.catalina.util.LifecycleBase.start(LifecycleBase.java:164)
	at org.apache.catalina.core.ContainerBase$StartChild.call(ContainerBase.java:1203)
	at org.apache.catalina.core.ContainerBase$StartChild.call(ContainerBase.java:1193)
	at java.base/java.util.concurrent.FutureTask.run$$$capture(FutureTask.java:317)
	at java.base/java.util.concurrent.FutureTask.run(FutureTask.java)
	at org.apache.tomcat.util.threads.InlineExecutorService.execute(InlineExecutorService.java:75)
	at java.base/java.util.concurrent.AbstractExecutorService.submit(AbstractExecutorService.java:145)
	at org.apache.catalina.core.ContainerBase.startInternal(ContainerBase.java:749)
	at org.apache.catalina.core.StandardHost.startInternal(StandardHost.java:772)
	at org.apache.catalina.util.LifecycleBase.start(LifecycleBase.java:164)
	at org.apache.catalina.core.ContainerBase$StartChild.call(ContainerBase.java:1203)
	at org.apache.catalina.core.ContainerBase$StartChild.call(ContainerBase.java:1193)
	at java.base/java.util.concurrent.FutureTask.run$$$capture(FutureTask.java:317)
	at java.base/java.util.concurrent.FutureTask.run(FutureTask.java)
	at org.apache.tomcat.util.threads.InlineExecutorService.execute(InlineExecutorService.java:75)
	at java.base/java.util.concurrent.AbstractExecutorService.submit(AbstractExecutorService.java:145)
	at org.apache.catalina.core.ContainerBase.startInternal(ContainerBase.java:749)
	at org.apache.catalina.core.StandardEngine.startInternal(StandardEngine.java:203)
	at org.apache.catalina.util.LifecycleBase.start(LifecycleBase.java:164)
	at org.apache.catalina.core.StandardService.startInternal(StandardService.java:415)
	at org.apache.catalina.util.LifecycleBase.start(LifecycleBase.java:164)
	at org.apache.catalina.core.StandardServer.startInternal(StandardServer.java:870)
	at org.apache.catalina.util.LifecycleBase.start(LifecycleBase.java:164)
	at org.apache.catalina.startup.Tomcat.start(Tomcat.java:437)
	at org.springframework.boot.web.embedded.tomcat.TomcatWebServer.initialize(TomcatWebServer.java:128)
	... 13 common frames omitted
Caused by: org.springframework.beans.factory.BeanCreationException: Error creating bean with name 'adminMapper' defined in file [C:\Users\shini\IdeaProjects\EasyApplyResume\target\classes\com\zyh\easyapplyresume\mapper\mysql\admin\AdminMapper.class]: Cannot resolve reference to bean 'mysqlSqlSessionFactory' while setting bean property 'sqlSessionFactory'
	at org.springframework.beans.factory.support.BeanDefinitionValueResolver.resolveReference(BeanDefinitionValueResolver.java:377)
	at org.springframework.beans.factory.support.BeanDefinitionValueResolver.resolveValueIfNecessary(BeanDefinitionValueResolver.java:135)
	at org.springframework.beans.factory.support.AbstractAutowireCapableBeanFactory.applyPropertyValues(AbstractAutowireCapableBeanFactory.java:1705)
	at org.springframework.beans.factory.support.AbstractAutowireCapableBeanFactory.populateBean(AbstractAutowireCapableBeanFactory.java:1454)
	at org.springframework.beans.factory.support.AbstractAutowireCapableBeanFactory.doCreateBean(AbstractAutowireCapableBeanFactory.java:599)
	at org.springframework.beans.factory.support.AbstractAutowireCapableBeanFactory.createBean(AbstractAutowireCapableBeanFactory.java:522)
	at org.springframework.beans.factory.support.AbstractBeanFactory.lambda$doGetBean$0(AbstractBeanFactory.java:337)
	at org.springframework.beans.factory.support.DefaultSingletonBeanRegistry.getSingleton(DefaultSingletonBeanRegistry.java:234)
	at org.springframework.beans.factory.support.AbstractBeanFactory.doGetBean(AbstractBeanFactory.java:335)
	at org.springframework.beans.factory.support.AbstractBeanFactory.getBean(AbstractBeanFactory.java:200)
	at org.springframework.beans.factory.config.DependencyDescriptor.resolveCandidate(DependencyDescriptor.java:254)
	at org.springframework.beans.factory.support.DefaultListableBeanFactory.doResolveDependency(DefaultListableBeanFactory.java:1443)
	at org.springframework.beans.factory.support.DefaultListableBeanFactory.resolveDependency(DefaultListableBeanFactory.java:1353)
	at org.springframework.beans.factory.annotation.AutowiredAnnotationBeanPostProcessor$AutowiredFieldElement.resolveFieldValue(AutowiredAnnotationBeanPostProcessor.java:785)
	... 57 common frames omitted
Caused by: org.springframework.beans.factory.BeanCreationException: Error creating bean with name 'mysqlSqlSessionFactory' defined in class path resource [com/zyh/easyapplyresume/config/DataSourceConfig.class]: Failed to instantiate [org.apache.ibatis.session.SqlSessionFactory]: Factory method 'mysqlSqlSessionFactory' threw exception with message: Failed to parse mapping resource: 'file [C:\Users\shini\IdeaProjects\EasyApplyResume\target\classes\com\zyh\easyapplyresume\mapper\mysql\admin\AdminMapper.xml]'
	at org.springframework.beans.factory.support.ConstructorResolver.instantiate(ConstructorResolver.java:648)
	at org.springframework.beans.factory.support.ConstructorResolver.instantiateUsingFactoryMethod(ConstructorResolver.java:636)
	at org.springframework.beans.factory.support.AbstractAutowireCapableBeanFactory.instantiateUsingFactoryMethod(AbstractAutowireCapableBeanFactory.java:1355)
	at org.springframework.beans.factory.support.AbstractAutowireCapableBeanFactory.createBeanInstance(AbstractAutowireCapableBeanFactory.java:1185)
	at org.springframework.beans.factory.support.AbstractAutowireCapableBeanFactory.doCreateBean(AbstractAutowireCapableBeanFactory.java:562)
	at org.springframework.beans.factory.support.AbstractAutowireCapableBeanFactory.createBean(AbstractAutowireCapableBeanFactory.java:522)
	at org.springframework.beans.factory.support.AbstractBeanFactory.lambda$doGetBean$0(AbstractBeanFactory.java:337)
	at org.springframework.beans.factory.support.DefaultSingletonBeanRegistry.getSingleton(DefaultSingletonBeanRegistry.java:234)
	at org.springframework.beans.factory.support.AbstractBeanFactory.doGetBean(AbstractBeanFactory.java:335)
	at org.springframework.beans.factory.support.AbstractBeanFactory.getBean(AbstractBeanFactory.java:200)
	at org.springframework.beans.factory.support.BeanDefinitionValueResolver.resolveReference(BeanDefinitionValueResolver.java:365)
	... 70 common frames omitted
Caused by: org.springframework.beans.BeanInstantiationException: Failed to instantiate [org.apache.ibatis.session.SqlSessionFactory]: Factory method 'mysqlSqlSessionFactory' threw exception with message: Failed to parse mapping resource: 'file [C:\Users\shini\IdeaProjects\EasyApplyResume\target\classes\com\zyh\easyapplyresume\mapper\mysql\admin\AdminMapper.xml]'
	at org.springframework.beans.factory.support.SimpleInstantiationStrategy.instantiate(SimpleInstantiationStrategy.java:178)
	at org.springframework.beans.factory.support.ConstructorResolver.instantiate(ConstructorResolver.java:644)
	... 80 common frames omitted
Caused by: java.io.IOException: Failed to parse mapping resource: 'file [C:\Users\shini\IdeaProjects\EasyApplyResume\target\classes\com\zyh\easyapplyresume\mapper\mysql\admin\AdminMapper.xml]'
	at com.baomidou.mybatisplus.extension.spring.MybatisSqlSessionFactoryBean.buildSqlSessionFactory(MybatisSqlSessionFactoryBean.java:680)
	at com.baomidou.mybatisplus.extension.spring.MybatisSqlSessionFactoryBean.afterPropertiesSet(MybatisSqlSessionFactoryBean.java:553)
	at com.baomidou.mybatisplus.extension.spring.MybatisSqlSessionFactoryBean.getObject(MybatisSqlSessionFactoryBean.java:711)
	at com.zyh.easyapplyresume.config.DataSourceConfig.mysqlSqlSessionFactory(DataSourceConfig.java:81)
	at com.zyh.easyapplyresume.config.DataSourceConfig$$SpringCGLIB$$0.CGLIB$mysqlSqlSessionFactory$3(<generated>)
	at com.zyh.easyapplyresume.config.DataSourceConfig$$SpringCGLIB$$FastClass$$1.invoke(<generated>)
	at org.springframework.cglib.proxy.MethodProxy.invokeSuper(MethodProxy.java:258)
	at org.springframework.context.annotation.ConfigurationClassEnhancer$BeanMethodInterceptor.intercept(ConfigurationClassEnhancer.java:348)
	at com.zyh.easyapplyresume.config.DataSourceConfig$$SpringCGLIB$$0.mysqlSqlSessionFactory(<generated>)
	at java.base/jdk.internal.reflect.DirectMethodHandleAccessor.invoke(DirectMethodHandleAccessor.java:103)
	at java.base/java.lang.reflect.Method.invoke(Method.java:580)
	at org.springframework.beans.factory.support.SimpleInstantiationStrategy.instantiate(SimpleInstantiationStrategy.java:146)
	... 81 common frames omitted
Caused by: org.apache.ibatis.builder.BuilderException: Error creating document instance.  Cause: org.xml.sax.SAXParseException; lineNumber: 20; columnNumber: 2; 元素内容必须由格式正确的字符数据或标记组成。
	at org.apache.ibatis.parsing.XPathParser.createDocument(XPathParser.java:262)
	at org.apache.ibatis.parsing.XPathParser.<init>(XPathParser.java:127)
	at com.baomidou.mybatisplus.core.MybatisXMLMapperBuilder.<init>(MybatisXMLMapperBuilder.java:87)
	at com.baomidou.mybatisplus.extension.spring.MybatisSqlSessionFactoryBean.buildSqlSessionFactory(MybatisSqlSessionFactoryBean.java:677)
	... 92 common frames omitted
Caused by: org.xml.sax.SAXParseException: 元素内容必须由格式正确的字符数据或标记组成。
	at java.xml/com.sun.org.apache.xerces.internal.util.ErrorHandlerWrapper.createSAXParseException(ErrorHandlerWrapper.java:204)
	at java.xml/com.sun.org.apache.xerces.internal.util.ErrorHandlerWrapper.fatalError(ErrorHandlerWrapper.java:178)
	at java.xml/com.sun.org.apache.xerces.internal.impl.XMLErrorReporter.reportError(XMLErrorReporter.java:400)
	at java.xml/com.sun.org.apache.xerces.internal.impl.XMLErrorReporter.reportError(XMLErrorReporter.java:327)
	at java.xml/com.sun.org.apache.xerces.internal.impl.XMLScanner.reportFatalError(XMLScanner.java:1465)
	at java.xml/com.sun.org.apache.xerces.internal.impl.XMLDocumentFragmentScannerImpl$FragmentContentDriver.startOfMarkup(XMLDocumentFragmentScannerImpl.java:2589)
	at java.xml/com.sun.org.apache.xerces.internal.impl.XMLDocumentFragmentScannerImpl$FragmentContentDriver.next(XMLDocumentFragmentScannerImpl.java:2679)
	at java.xml/com.sun.org.apache.xerces.internal.impl.XMLDocumentScannerImpl.next(XMLDocumentScannerImpl.java:605)
	at java.xml/com.sun.org.apache.xerces.internal.impl.XMLDocumentFragmentScannerImpl.scanDocument(XMLDocumentFragmentScannerImpl.java:542)
	at java.xml/com.sun.org.apache.xerces.internal.parsers.XML11Configuration.parse(XML11Configuration.java:889)
	at java.xml/com.sun.org.apache.xerces.internal.parsers.XML11Configuration.parse(XML11Configuration.java:825)
	at java.xml/com.sun.org.apache.xerces.internal.parsers.XMLParser.parse(XMLParser.java:141)
	at java.xml/com.sun.org.apache.xerces.internal.parsers.DOMParser.parse(DOMParser.java:247)
	at java.xml/com.sun.org.apache.xerces.internal.jaxp.DocumentBuilderImpl.parse(DocumentBuilderImpl.java:342)
	at org.apache.ibatis.parsing.XPathParser.createDocument(XPathParser.java:260)
	... 95 common frames omitted
2026-04-24 13:16:55.747 [Thread-1] WARN  c.a.n.c.executor.ThreadPoolManager - [ThreadPoolManager] Start destroying ThreadPool
2026-04-24 13:16:55.747 [Thread-9] WARN  c.a.nacos.common.notify.NotifyCenter - [NotifyCenter] Start destroying Publisher
2026-04-24 13:16:55.747 [Thread-7] WARN  c.a.n.c.http.HttpClientBeanHolder - [HttpClientBeanHolder] Start destroying common HttpClient
2026-04-24 13:16:55.747 [Thread-9] WARN  c.a.nacos.common.notify.NotifyCenter - [NotifyCenter] Destruction of the end
2026-04-24 13:16:55.747 [Thread-1] WARN  c.a.n.c.executor.ThreadPoolManager - [ThreadPoolManager] Destruction of the end
2026-04-24 13:16:55.748 [Thread-7] WARN  c.a.n.c.http.HttpClientBeanHolder - [HttpClientBeanHolder] Destruction of the end
2026-04-24 13:17:00.818 [background-preinit] INFO  o.h.validator.internal.util.Version - HV000001: Hibernate Validator 8.0.1.Final
2026-04-24 13:17:01.120 [main] INFO  c.a.c.n.c.NacosConfigDataLoader - [Nacos Config] Load config[dataId=EasyApplyResume-dev.yaml, group=DEFAULT_GROUP] success
2026-04-24 13:17:01.120 [main] INFO  c.a.c.n.c.NacosConfigDataLoader - [Nacos Config] Load config[dataId=EasyApplyResume.yaml, group=DEFAULT_GROUP] success
2026-04-24 13:17:01.659 [main] INFO  c.z.e.EasyApplyResumeApplication - The following 1 profile is active: "dev"
2026-04-24 13:17:01.684 [main] INFO  c.a.c.n.c.NacosConfigDataLoader - [Nacos Config] Load config[dataId=EasyApplyResume-dev.yaml, group=DEFAULT_GROUP] success
2026-04-24 13:17:01.684 [main] INFO  c.a.c.n.c.NacosConfigDataLoader - [Nacos Config] Load config[dataId=EasyApplyResume.yaml, group=DEFAULT_GROUP] success
2026-04-24 13:17:03.607 [main] INFO  o.s.d.r.c.RepositoryConfigurationDelegate - Multiple Spring Data modules found, entering strict repository configuration mode
2026-04-24 13:17:03.611 [main] INFO  o.s.d.r.c.RepositoryConfigurationDelegate - Bootstrapping Spring Data Redis repositories in DEFAULT mode.
2026-04-24 13:17:03.666 [main] INFO  o.s.d.r.c.RepositoryConfigurationDelegate - Finished Spring Data repository scanning in 38 ms. Found 0 Redis repository interfaces.
2026-04-24 13:17:03.870 [main] WARN  o.m.s.mapper.ClassPathMapperScanner - Cannot use both: sqlSessionTemplate and sqlSessionFactory together. sqlSessionFactory is ignored.
2026-04-24 13:17:03.871 [main] WARN  o.m.s.mapper.ClassPathMapperScanner - Cannot use both: sqlSessionTemplate and sqlSessionFactory together. sqlSessionFactory is ignored.
2026-04-24 13:17:03.871 [main] WARN  o.m.s.mapper.ClassPathMapperScanner - Cannot use both: sqlSessionTemplate and sqlSessionFactory together. sqlSessionFactory is ignored.
2026-04-24 13:17:03.872 [main] WARN  o.m.s.mapper.ClassPathMapperScanner - Cannot use both: sqlSessionTemplate and sqlSessionFactory together. sqlSessionFactory is ignored.
2026-04-24 13:17:03.872 [main] WARN  o.m.s.mapper.ClassPathMapperScanner - Cannot use both: sqlSessionTemplate and sqlSessionFactory together. sqlSessionFactory is ignored.
2026-04-24 13:17:03.873 [main] WARN  o.m.s.mapper.ClassPathMapperScanner - Cannot use both: sqlSessionTemplate and sqlSessionFactory together. sqlSessionFactory is ignored.
2026-04-24 13:17:03.873 [main] WARN  o.m.s.mapper.ClassPathMapperScanner - Cannot use both: sqlSessionTemplate and sqlSessionFactory together. sqlSessionFactory is ignored.
2026-04-24 13:17:03.874 [main] WARN  o.m.s.mapper.ClassPathMapperScanner - Cannot use both: sqlSessionTemplate and sqlSessionFactory together. sqlSessionFactory is ignored.
2026-04-24 13:17:03.874 [main] WARN  o.m.s.mapper.ClassPathMapperScanner - Cannot use both: sqlSessionTemplate and sqlSessionFactory together. sqlSessionFactory is ignored.
2026-04-24 13:17:03.875 [main] WARN  o.m.s.mapper.ClassPathMapperScanner - Cannot use both: sqlSessionTemplate and sqlSessionFactory together. sqlSessionFactory is ignored.
2026-04-24 13:17:03.876 [main] WARN  o.m.s.mapper.ClassPathMapperScanner - Cannot use both: sqlSessionTemplate and sqlSessionFactory together. sqlSessionFactory is ignored.
2026-04-24 13:17:03.876 [main] WARN  o.m.s.mapper.ClassPathMapperScanner - Cannot use both: sqlSessionTemplate and sqlSessionFactory together. sqlSessionFactory is ignored.
2026-04-24 13:17:03.876 [main] WARN  o.m.s.mapper.ClassPathMapperScanner - Cannot use both: sqlSessionTemplate and sqlSessionFactory together. sqlSessionFactory is ignored.
2026-04-24 13:17:03.877 [main] WARN  o.m.s.mapper.ClassPathMapperScanner - Cannot use both: sqlSessionTemplate and sqlSessionFactory together. sqlSessionFactory is ignored.
2026-04-24 13:17:03.878 [main] WARN  o.m.s.mapper.ClassPathMapperScanner - Cannot use both: sqlSessionTemplate and sqlSessionFactory together. sqlSessionFactory is ignored.
2026-04-24 13:17:03.879 [main] WARN  o.m.s.mapper.ClassPathMapperScanner - Cannot use both: sqlSessionTemplate and sqlSessionFactory together. sqlSessionFactory is ignored.
2026-04-24 13:17:03.879 [main] WARN  o.m.s.mapper.ClassPathMapperScanner - Cannot use both: sqlSessionTemplate and sqlSessionFactory together. sqlSessionFactory is ignored.
2026-04-24 13:17:03.884 [main] WARN  o.m.s.mapper.ClassPathMapperScanner - Cannot use both: sqlSessionTemplate and sqlSessionFactory together. sqlSessionFactory is ignored.
2026-04-24 13:17:03.885 [main] WARN  o.m.s.mapper.ClassPathMapperScanner - Cannot use both: sqlSessionTemplate and sqlSessionFactory together. sqlSessionFactory is ignored.
2026-04-24 13:17:03.886 [main] WARN  o.m.s.mapper.ClassPathMapperScanner - Cannot use both: sqlSessionTemplate and sqlSessionFactory together. sqlSessionFactory is ignored.
2026-04-24 13:17:03.886 [main] WARN  o.m.s.mapper.ClassPathMapperScanner - Cannot use both: sqlSessionTemplate and sqlSessionFactory together. sqlSessionFactory is ignored.
2026-04-24 13:17:03.888 [main] WARN  o.m.s.mapper.ClassPathMapperScanner - Cannot use both: sqlSessionTemplate and sqlSessionFactory together. sqlSessionFactory is ignored.
2026-04-24 13:17:03.888 [main] WARN  o.m.s.mapper.ClassPathMapperScanner - Cannot use both: sqlSessionTemplate and sqlSessionFactory together. sqlSessionFactory is ignored.
2026-04-24 13:17:03.889 [main] WARN  o.m.s.mapper.ClassPathMapperScanner - Cannot use both: sqlSessionTemplate and sqlSessionFactory together. sqlSessionFactory is ignored.
2026-04-24 13:17:03.889 [main] WARN  o.m.s.mapper.ClassPathMapperScanner - Cannot use both: sqlSessionTemplate and sqlSessionFactory together. sqlSessionFactory is ignored.
2026-04-24 13:17:03.890 [main] WARN  o.m.s.mapper.ClassPathMapperScanner - Cannot use both: sqlSessionTemplate and sqlSessionFactory together. sqlSessionFactory is ignored.
2026-04-24 13:17:03.891 [main] WARN  o.m.s.mapper.ClassPathMapperScanner - Cannot use both: sqlSessionTemplate and sqlSessionFactory together. sqlSessionFactory is ignored.
2026-04-24 13:17:03.892 [main] WARN  o.m.s.mapper.ClassPathMapperScanner - Cannot use both: sqlSessionTemplate and sqlSessionFactory together. sqlSessionFactory is ignored.
2026-04-24 13:17:03.892 [main] WARN  o.m.s.mapper.ClassPathMapperScanner - Cannot use both: sqlSessionTemplate and sqlSessionFactory together. sqlSessionFactory is ignored.
2026-04-24 13:17:03.893 [main] WARN  o.m.s.mapper.ClassPathMapperScanner - Cannot use both: sqlSessionTemplate and sqlSessionFactory together. sqlSessionFactory is ignored.
2026-04-24 13:17:03.894 [main] WARN  o.m.s.mapper.ClassPathMapperScanner - Cannot use both: sqlSessionTemplate and sqlSessionFactory together. sqlSessionFactory is ignored.
2026-04-24 13:17:03.895 [main] WARN  o.m.s.mapper.ClassPathMapperScanner - Cannot use both: sqlSessionTemplate and sqlSessionFactory together. sqlSessionFactory is ignored.
2026-04-24 13:17:03.895 [main] WARN  o.m.s.mapper.ClassPathMapperScanner - Cannot use both: sqlSessionTemplate and sqlSessionFactory together. sqlSessionFactory is ignored.
2026-04-24 13:17:03.899 [main] WARN  o.m.s.mapper.ClassPathMapperScanner - Cannot use both: sqlSessionTemplate and sqlSessionFactory together. sqlSessionFactory is ignored.
2026-04-24 13:17:03.900 [main] WARN  o.m.s.mapper.ClassPathMapperScanner - Cannot use both: sqlSessionTemplate and sqlSessionFactory together. sqlSessionFactory is ignored.
2026-04-24 13:17:03.901 [main] WARN  o.m.s.mapper.ClassPathMapperScanner - Cannot use both: sqlSessionTemplate and sqlSessionFactory together. sqlSessionFactory is ignored.
2026-04-24 13:17:03.901 [main] WARN  o.m.s.mapper.ClassPathMapperScanner - Cannot use both: sqlSessionTemplate and sqlSessionFactory together. sqlSessionFactory is ignored.
2026-04-24 13:17:03.902 [main] WARN  o.m.s.mapper.ClassPathMapperScanner - Cannot use both: sqlSessionTemplate and sqlSessionFactory together. sqlSessionFactory is ignored.
2026-04-24 13:17:03.902 [main] WARN  o.m.s.mapper.ClassPathMapperScanner - Cannot use both: sqlSessionTemplate and sqlSessionFactory together. sqlSessionFactory is ignored.
2026-04-24 13:17:03.903 [main] WARN  o.m.s.mapper.ClassPathMapperScanner - Cannot use both: sqlSessionTemplate and sqlSessionFactory together. sqlSessionFactory is ignored.
2026-04-24 13:17:03.903 [main] WARN  o.m.s.mapper.ClassPathMapperScanner - Cannot use both: sqlSessionTemplate and sqlSessionFactory together. sqlSessionFactory is ignored.
2026-04-24 13:17:03.903 [main] WARN  o.m.s.mapper.ClassPathMapperScanner - Cannot use both: sqlSessionTemplate and sqlSessionFactory together. sqlSessionFactory is ignored.
2026-04-24 13:17:03.904 [main] WARN  o.m.s.mapper.ClassPathMapperScanner - Cannot use both: sqlSessionTemplate and sqlSessionFactory together. sqlSessionFactory is ignored.
2026-04-24 13:17:03.904 [main] WARN  o.m.s.mapper.ClassPathMapperScanner - Cannot use both: sqlSessionTemplate and sqlSessionFactory together. sqlSessionFactory is ignored.
2026-04-24 13:17:03.905 [main] WARN  o.m.s.mapper.ClassPathMapperScanner - Cannot use both: sqlSessionTemplate and sqlSessionFactory together. sqlSessionFactory is ignored.
2026-04-24 13:17:03.905 [main] WARN  o.m.s.mapper.ClassPathMapperScanner - Cannot use both: sqlSessionTemplate and sqlSessionFactory together. sqlSessionFactory is ignored.
2026-04-24 13:17:03.905 [main] WARN  o.m.s.mapper.ClassPathMapperScanner - Cannot use both: sqlSessionTemplate and sqlSessionFactory together. sqlSessionFactory is ignored.
2026-04-24 13:17:03.906 [main] WARN  o.m.s.mapper.ClassPathMapperScanner - Cannot use both: sqlSessionTemplate and sqlSessionFactory together. sqlSessionFactory is ignored.
2026-04-24 13:17:03.906 [main] WARN  o.m.s.mapper.ClassPathMapperScanner - Cannot use both: sqlSessionTemplate and sqlSessionFactory together. sqlSessionFactory is ignored.
2026-04-24 13:17:03.907 [main] WARN  o.m.s.mapper.ClassPathMapperScanner - Cannot use both: sqlSessionTemplate and sqlSessionFactory together. sqlSessionFactory is ignored.
2026-04-24 13:17:03.907 [main] WARN  o.m.s.mapper.ClassPathMapperScanner - Cannot use both: sqlSessionTemplate and sqlSessionFactory together. sqlSessionFactory is ignored.
2026-04-24 13:17:03.908 [main] WARN  o.m.s.mapper.ClassPathMapperScanner - Cannot use both: sqlSessionTemplate and sqlSessionFactory together. sqlSessionFactory is ignored.
2026-04-24 13:17:03.908 [main] WARN  o.m.s.mapper.ClassPathMapperScanner - Cannot use both: sqlSessionTemplate and sqlSessionFactory together. sqlSessionFactory is ignored.
2026-04-24 13:17:03.909 [main] WARN  o.m.s.mapper.ClassPathMapperScanner - Cannot use both: sqlSessionTemplate and sqlSessionFactory together. sqlSessionFactory is ignored.
2026-04-24 13:17:03.909 [main] WARN  o.m.s.mapper.ClassPathMapperScanner - Cannot use both: sqlSessionTemplate and sqlSessionFactory together. sqlSessionFactory is ignored.
2026-04-24 13:17:03.909 [main] WARN  o.m.s.mapper.ClassPathMapperScanner - Cannot use both: sqlSessionTemplate and sqlSessionFactory together. sqlSessionFactory is ignored.
2026-04-24 13:17:03.910 [main] WARN  o.m.s.mapper.ClassPathMapperScanner - Cannot use both: sqlSessionTemplate and sqlSessionFactory together. sqlSessionFactory is ignored.
2026-04-24 13:17:03.913 [main] WARN  o.m.s.mapper.ClassPathMapperScanner - No MyBatis mapper was found in '[com.zyh.easyapplyresume.mapper.pgvector]' package. Please check your configuration.
2026-04-24 13:17:04.124 [main] INFO  o.s.cloud.context.scope.GenericScope - BeanFactory id=cec86c5a-a5fe-3b76-8061-fda812463d3c
2026-04-24 13:17:05.256 [main] INFO  o.s.b.w.e.tomcat.TomcatWebServer - Tomcat initialized with port 8080 (http)
2026-04-24 13:17:05.275 [main] INFO  o.a.coyote.http11.Http11NioProtocol - Initializing ProtocolHandler ["http-nio-8080"]
2026-04-24 13:17:05.280 [main] INFO  o.a.catalina.core.StandardService - Starting service [Tomcat]
2026-04-24 13:17:05.281 [main] INFO  o.a.catalina.core.StandardEngine - Starting Servlet engine: [Apache Tomcat/10.1.31]
2026-04-24 13:17:05.425 [main] INFO  o.a.c.c.C.[.[localhost].[/api] - Initializing Spring embedded WebApplicationContext
2026-04-24 13:17:05.425 [main] INFO  o.s.b.w.s.c.ServletWebServerApplicationContext - Root WebApplicationContext: initialization completed in 3740 ms
2026-04-24 13:17:06.733 [main] WARN  c.b.m.core.metadata.TableInfoHelper - Can not find table primary key in Class: "com.zyh.easyapplyresume.model.pojo.user.UserCollections".
2026-04-24 13:17:06.733 [main] WARN  c.b.m.c.injector.DefaultSqlInjector - class com.zyh.easyapplyresume.model.pojo.user.UserCollections ,Not found @TableId annotation, Cannot use Mybatis-Plus 'xxById' Method.
2026-04-24 13:17:07.023 [main] DEBUG c.z.e.filter.UserJwtAuthFilter - Filter 'userJwtAuthFilter' configured for use
2026-04-24 13:17:07.025 [main] DEBUG c.z.e.filter.AdminJwtAuthFilter - Filter 'adminJwtAuthFilter' configured for use
2026-04-24 13:17:07.375 [main] INFO  c.z.e.s.i.admin.AdminSmsServiceImpl - 开始初始化阿里云短信客户端...
2026-04-24 13:17:07.814 [main] INFO  c.z.e.s.i.admin.AdminSmsServiceImpl - 阿里云短信客户端初始化完成
2026-04-24 13:17:08.574 [main] WARN  c.b.m.core.metadata.TableInfoHelper - Can not find table primary key in Class: "com.zyh.easyapplyresume.model.pojo.user.UserFirstCategoryQuestionBank".
2026-04-24 13:17:08.575 [main] WARN  c.b.m.c.injector.DefaultSqlInjector - class com.zyh.easyapplyresume.model.pojo.user.UserFirstCategoryQuestionBank ,Not found @TableId annotation, Cannot use Mybatis-Plus 'xxById' Method.
2026-04-24 13:17:10.288 [main] INFO  c.z.e.d.a.AdminSensitiveWordsAdvisor - 管理端敏感词初始化完成，共加载 137 个敏感词
2026-04-24 13:17:11.935 [main] INFO  c.z.s.ImageSearchMcpApplication - Starting ImageSearchMcpApplication v0.0.1-SNAPSHOT using Java 21.0.9 with PID 15884 (C:\Users\shini\IdeaProjects\EasyApplyResume\Image-Search-Mcp\target\Image-Search-Mcp-0.0.1-SNAPSHOT.jar started by shini in C:\Users\shini\IdeaProjects\EasyApplyResume)
2026-04-24 13:17:11.937 [main] INFO  c.z.s.ImageSearchMcpApplication - The following 1 profile is active: "stdio"
2026-04-24 13:17:12.973 [pool-1-thread-1] INFO  i.m.server.McpAsyncServer - Client initialize request - Protocol: 2024-11-05, Capabilities: ClientCapabilities[experimental=null, roots=null, sampling=null], Info: Implementation[name=spring-ai-mcp-client, version=1.0.0]
2026-04-24 13:17:13.014 [pool-6-thread-1] INFO  i.m.client.McpAsyncClient - Server response with Protocol: 2024-11-05, Capabilities: ServerCapabilities[experimental=null, logging=LoggingCapabilities[], prompts=null, resources=null, tools=ToolCapabilities[listChanged=true]], Info: Implementation[name=image-search-mcp-server, version=0.0.1] and Instructions null
2026-04-24 13:17:13.061 [main] INFO  c.z.s.ImageSearchMcpApplication - Started ImageSearchMcpApplication in 1.523 seconds (process running for 2.23)
2026-04-24 13:17:15.293 [pool-11-thread-1] INFO  i.m.c.transport.StdioClientTransport - STDERR Message received: Amap Maps MCP Server running on stdio
2026-04-24 13:17:15.304 [pool-9-thread-1] INFO  i.m.client.McpAsyncClient - Server response with Protocol: 2024-11-05, Capabilities: ServerCapabilities[experimental=null, logging=null, prompts=null, resources=null, tools=ToolCapabilities[listChanged=null]], Info: Implementation[name=mcp-server/amap-maps, version=0.1.0] and Instructions null
2026-04-24 13:17:15.620 [main] INFO  c.z.e.d.a.SensitiveWordsAdvisor - 用户端敏感词初始化完成，共加载 137 个敏感词
2026-04-24 13:17:15.928 [main] INFO  o.s.a.t.splitter.TextSplitter - Splitting up document into 2 chunks.
2026-04-24 13:17:15.933 [main] INFO  o.s.a.t.splitter.TextSplitter - Splitting up document into 2 chunks.
2026-04-24 13:17:15.939 [main] INFO  o.s.a.t.splitter.TextSplitter - Splitting up document into 2 chunks.
2026-04-24 13:17:19.502 [main] INFO  o.s.ai.vectorstore.SimpleVectorStore - Calling EmbeddingModel for document id = 6e86dc40-6b61-4be3-aaba-264e5d7c8f9c
2026-04-24 13:17:19.709 [main] INFO  o.s.ai.vectorstore.SimpleVectorStore - Calling EmbeddingModel for document id = deb45e6e-1387-4dfa-8304-205fd8e27188
2026-04-24 13:17:19.933 [main] INFO  o.s.ai.vectorstore.SimpleVectorStore - Calling EmbeddingModel for document id = 98630a2c-61b0-4f4a-9dff-0bf7dc115468
2026-04-24 13:17:20.173 [main] INFO  c.z.e.s.impl.user.UserSmsServiceImpl - 开始初始化阿里云短信客户端...
2026-04-24 13:17:20.183 [main] INFO  c.z.e.s.impl.user.UserSmsServiceImpl - 阿里云短信客户端初始化完成
2026-04-24 13:17:20.562 [main] WARN  c.b.m.e.s.MybatisSqlSessionFactoryBean - Property 'mapperLocations' was specified but matching resources are not found.
2026-04-24 13:17:20.667 [main] INFO  o.s.a.v.pgvector.PgVectorStore - Using the vector table name: vector_store. Is empty: false
2026-04-24 13:17:20.672 [main] INFO  o.s.a.v.pgvector.PgVectorStore - Initializing PGVectorStore schema for table: vector_store in schema: public
2026-04-24 13:17:20.672 [main] INFO  o.s.a.v.pgvector.PgVectorStore - vectorTableValidationsEnabled false
2026-04-24 13:17:20.681 [main] INFO  com.zaxxer.hikari.HikariDataSource - HikariPool-1 - Starting...
2026-04-24 13:17:21.165 [main] INFO  com.zaxxer.hikari.pool.HikariPool - HikariPool-1 - Added connection org.postgresql.jdbc.PgConnection@19ddeb04
2026-04-24 13:17:21.167 [main] INFO  com.zaxxer.hikari.HikariDataSource - HikariPool-1 - Start completed.
2026-04-24 13:17:21.805 [main] WARN  o.s.b.a.s.s.UserDetailsServiceAutoConfiguration - 

Using generated security password: dfe46ec7-b342-44c5-a67f-50168ce34a33

This generated password is for development use only. Your security configuration must be updated before running your application in production.

2026-04-24 13:17:21.820 [main] INFO  o.s.s.c.a.a.c.InitializeUserDetailsBeanManagerConfigurer$InitializeUserDetailsManagerConfigurer - Global AuthenticationManager configured with UserDetailsService bean with name inMemoryUserDetailsManager
2026-04-24 13:17:22.628 [main] INFO  o.s.b.a.e.web.EndpointLinksResolver - Exposing 20 endpoints beneath base path '/actuator'
2026-04-24 13:17:23.868 [main] INFO  o.a.coyote.http11.Http11NioProtocol - Starting ProtocolHandler ["http-nio-8080"]
2026-04-24 13:17:23.887 [main] INFO  o.s.b.w.e.tomcat.TomcatWebServer - Tomcat started on port 8080 (http) with context path '/api'
2026-04-24 13:17:23.919 [main] INFO  c.a.n.p.a.s.c.ClientAuthPluginManager - [ClientAuthPluginManager] Load ClientAuthService com.alibaba.nacos.client.auth.impl.NacosClientAuthServiceImpl success.
2026-04-24 13:17:23.920 [main] INFO  c.a.n.p.a.s.c.ClientAuthPluginManager - [ClientAuthPluginManager] Load ClientAuthService com.alibaba.nacos.client.auth.ram.RamClientAuthServiceImpl success.
2026-04-24 13:17:24.438 [main] INFO  c.a.c.n.r.NacosServiceRegistry - nacos registry, DEFAULT_GROUP EasyApplyResume 192.168.1.137:8080 register finished
2026-04-24 13:17:24.474 [main] INFO  c.z.e.EasyApplyResumeApplication - Started EasyApplyResumeApplication in 26.499 seconds (process running for 27.467)
2026-04-24 13:17:27.394 [main] INFO  c.a.c.n.r.NacosContextRefresher - [Nacos Config] Listening config: dataId=EasyApplyResume.yaml, group=DEFAULT_GROUP
2026-04-24 13:17:27.395 [main] INFO  c.a.c.n.r.NacosContextRefresher - [Nacos Config] Listening config: dataId=EasyApplyResume-dev.yaml, group=DEFAULT_GROUP
2026-04-24 13:17:28.678 [registrationTask1] WARN  d.c.b.a.c.r.ApplicationRegistrator - Failed to register application as Application(name=EasyApplyResume, managementUrl=http://backend-1:8080/actuator, healthUrl=http://backend-1:8080/actuator/health, serviceUrl=http://backend-1:8080) at spring-boot-admin ([http://EasyApplyResume-spring-boot-admin:9090/instances]): I/O error on POST request for "http://EasyApplyResume-spring-boot-admin:9090/instances": 不知道这样的主机。 (easyapplyresume-spring-boot-admin). Further attempts are logged on DEBUG level
2026-04-24 14:18:34.888 [background-preinit] INFO  o.h.validator.internal.util.Version - HV000001: Hibernate Validator 8.0.1.Final
2026-04-24 14:18:35.186 [main] INFO  c.a.c.n.c.NacosConfigDataLoader - [Nacos Config] Load config[dataId=EasyApplyResume-dev.yaml, group=DEFAULT_GROUP] success
2026-04-24 14:18:35.187 [main] INFO  c.a.c.n.c.NacosConfigDataLoader - [Nacos Config] Load config[dataId=EasyApplyResume.yaml, group=DEFAULT_GROUP] success
2026-04-24 14:18:35.895 [main] INFO  c.z.e.EasyApplyResumeApplication - The following 1 profile is active: "dev"
2026-04-24 14:18:35.913 [main] INFO  c.a.c.n.c.NacosConfigDataLoader - [Nacos Config] Load config[dataId=EasyApplyResume-dev.yaml, group=DEFAULT_GROUP] success
2026-04-24 14:18:35.914 [main] INFO  c.a.c.n.c.NacosConfigDataLoader - [Nacos Config] Load config[dataId=EasyApplyResume.yaml, group=DEFAULT_GROUP] success
2026-04-24 14:18:37.820 [main] INFO  o.s.d.r.c.RepositoryConfigurationDelegate - Multiple Spring Data modules found, entering strict repository configuration mode
2026-04-24 14:18:37.824 [main] INFO  o.s.d.r.c.RepositoryConfigurationDelegate - Bootstrapping Spring Data Redis repositories in DEFAULT mode.
2026-04-24 14:18:37.888 [main] INFO  o.s.d.r.c.RepositoryConfigurationDelegate - Finished Spring Data repository scanning in 44 ms. Found 0 Redis repository interfaces.
2026-04-24 14:18:38.066 [main] WARN  o.m.s.mapper.ClassPathMapperScanner - Cannot use both: sqlSessionTemplate and sqlSessionFactory together. sqlSessionFactory is ignored.
2026-04-24 14:18:38.067 [main] WARN  o.m.s.mapper.ClassPathMapperScanner - Cannot use both: sqlSessionTemplate and sqlSessionFactory together. sqlSessionFactory is ignored.
2026-04-24 14:18:38.068 [main] WARN  o.m.s.mapper.ClassPathMapperScanner - Cannot use both: sqlSessionTemplate and sqlSessionFactory together. sqlSessionFactory is ignored.
2026-04-24 14:18:38.068 [main] WARN  o.m.s.mapper.ClassPathMapperScanner - Cannot use both: sqlSessionTemplate and sqlSessionFactory together. sqlSessionFactory is ignored.
2026-04-24 14:18:38.069 [main] WARN  o.m.s.mapper.ClassPathMapperScanner - Cannot use both: sqlSessionTemplate and sqlSessionFactory together. sqlSessionFactory is ignored.
2026-04-24 14:18:38.069 [main] WARN  o.m.s.mapper.ClassPathMapperScanner - Cannot use both: sqlSessionTemplate and sqlSessionFactory together. sqlSessionFactory is ignored.
2026-04-24 14:18:38.069 [main] WARN  o.m.s.mapper.ClassPathMapperScanner - Cannot use both: sqlSessionTemplate and sqlSessionFactory together. sqlSessionFactory is ignored.
2026-04-24 14:18:38.070 [main] WARN  o.m.s.mapper.ClassPathMapperScanner - Cannot use both: sqlSessionTemplate and sqlSessionFactory together. sqlSessionFactory is ignored.
2026-04-24 14:18:38.070 [main] WARN  o.m.s.mapper.ClassPathMapperScanner - Cannot use both: sqlSessionTemplate and sqlSessionFactory together. sqlSessionFactory is ignored.
2026-04-24 14:18:38.070 [main] WARN  o.m.s.mapper.ClassPathMapperScanner - Cannot use both: sqlSessionTemplate and sqlSessionFactory together. sqlSessionFactory is ignored.
2026-04-24 14:18:38.071 [main] WARN  o.m.s.mapper.ClassPathMapperScanner - Cannot use both: sqlSessionTemplate and sqlSessionFactory together. sqlSessionFactory is ignored.
2026-04-24 14:18:38.071 [main] WARN  o.m.s.mapper.ClassPathMapperScanner - Cannot use both: sqlSessionTemplate and sqlSessionFactory together. sqlSessionFactory is ignored.
2026-04-24 14:18:38.071 [main] WARN  o.m.s.mapper.ClassPathMapperScanner - Cannot use both: sqlSessionTemplate and sqlSessionFactory together. sqlSessionFactory is ignored.
2026-04-24 14:18:38.072 [main] WARN  o.m.s.mapper.ClassPathMapperScanner - Cannot use both: sqlSessionTemplate and sqlSessionFactory together. sqlSessionFactory is ignored.
2026-04-24 14:18:38.073 [main] WARN  o.m.s.mapper.ClassPathMapperScanner - Cannot use both: sqlSessionTemplate and sqlSessionFactory together. sqlSessionFactory is ignored.
2026-04-24 14:18:38.073 [main] WARN  o.m.s.mapper.ClassPathMapperScanner - Cannot use both: sqlSessionTemplate and sqlSessionFactory together. sqlSessionFactory is ignored.
2026-04-24 14:18:38.074 [main] WARN  o.m.s.mapper.ClassPathMapperScanner - Cannot use both: sqlSessionTemplate and sqlSessionFactory together. sqlSessionFactory is ignored.
2026-04-24 14:18:38.075 [main] WARN  o.m.s.mapper.ClassPathMapperScanner - Cannot use both: sqlSessionTemplate and sqlSessionFactory together. sqlSessionFactory is ignored.
2026-04-24 14:18:38.076 [main] WARN  o.m.s.mapper.ClassPathMapperScanner - Cannot use both: sqlSessionTemplate and sqlSessionFactory together. sqlSessionFactory is ignored.
2026-04-24 14:18:38.076 [main] WARN  o.m.s.mapper.ClassPathMapperScanner - Cannot use both: sqlSessionTemplate and sqlSessionFactory together. sqlSessionFactory is ignored.
2026-04-24 14:18:38.077 [main] WARN  o.m.s.mapper.ClassPathMapperScanner - Cannot use both: sqlSessionTemplate and sqlSessionFactory together. sqlSessionFactory is ignored.
2026-04-24 14:18:38.078 [main] WARN  o.m.s.mapper.ClassPathMapperScanner - Cannot use both: sqlSessionTemplate and sqlSessionFactory together. sqlSessionFactory is ignored.
2026-04-24 14:18:38.078 [main] WARN  o.m.s.mapper.ClassPathMapperScanner - Cannot use both: sqlSessionTemplate and sqlSessionFactory together. sqlSessionFactory is ignored.
2026-04-24 14:18:38.079 [main] WARN  o.m.s.mapper.ClassPathMapperScanner - Cannot use both: sqlSessionTemplate and sqlSessionFactory together. sqlSessionFactory is ignored.
2026-04-24 14:18:38.079 [main] WARN  o.m.s.mapper.ClassPathMapperScanner - Cannot use both: sqlSessionTemplate and sqlSessionFactory together. sqlSessionFactory is ignored.
2026-04-24 14:18:38.079 [main] WARN  o.m.s.mapper.ClassPathMapperScanner - Cannot use both: sqlSessionTemplate and sqlSessionFactory together. sqlSessionFactory is ignored.
2026-04-24 14:18:38.080 [main] WARN  o.m.s.mapper.ClassPathMapperScanner - Cannot use both: sqlSessionTemplate and sqlSessionFactory together. sqlSessionFactory is ignored.
2026-04-24 14:18:38.080 [main] WARN  o.m.s.mapper.ClassPathMapperScanner - Cannot use both: sqlSessionTemplate and sqlSessionFactory together. sqlSessionFactory is ignored.
2026-04-24 14:18:38.081 [main] WARN  o.m.s.mapper.ClassPathMapperScanner - Cannot use both: sqlSessionTemplate and sqlSessionFactory together. sqlSessionFactory is ignored.
2026-04-24 14:18:38.081 [main] WARN  o.m.s.mapper.ClassPathMapperScanner - Cannot use both: sqlSessionTemplate and sqlSessionFactory together. sqlSessionFactory is ignored.
2026-04-24 14:18:38.082 [main] WARN  o.m.s.mapper.ClassPathMapperScanner - Cannot use both: sqlSessionTemplate and sqlSessionFactory together. sqlSessionFactory is ignored.
2026-04-24 14:18:38.083 [main] WARN  o.m.s.mapper.ClassPathMapperScanner - Cannot use both: sqlSessionTemplate and sqlSessionFactory together. sqlSessionFactory is ignored.
2026-04-24 14:18:38.084 [main] WARN  o.m.s.mapper.ClassPathMapperScanner - Cannot use both: sqlSessionTemplate and sqlSessionFactory together. sqlSessionFactory is ignored.
2026-04-24 14:18:38.084 [main] WARN  o.m.s.mapper.ClassPathMapperScanner - Cannot use both: sqlSessionTemplate and sqlSessionFactory together. sqlSessionFactory is ignored.
2026-04-24 14:18:38.085 [main] WARN  o.m.s.mapper.ClassPathMapperScanner - Cannot use both: sqlSessionTemplate and sqlSessionFactory together. sqlSessionFactory is ignored.
2026-04-24 14:18:38.086 [main] WARN  o.m.s.mapper.ClassPathMapperScanner - Cannot use both: sqlSessionTemplate and sqlSessionFactory together. sqlSessionFactory is ignored.
2026-04-24 14:18:38.086 [main] WARN  o.m.s.mapper.ClassPathMapperScanner - Cannot use both: sqlSessionTemplate and sqlSessionFactory together. sqlSessionFactory is ignored.
2026-04-24 14:18:38.087 [main] WARN  o.m.s.mapper.ClassPathMapperScanner - Cannot use both: sqlSessionTemplate and sqlSessionFactory together. sqlSessionFactory is ignored.
2026-04-24 14:18:38.087 [main] WARN  o.m.s.mapper.ClassPathMapperScanner - Cannot use both: sqlSessionTemplate and sqlSessionFactory together. sqlSessionFactory is ignored.
2026-04-24 14:18:38.088 [main] WARN  o.m.s.mapper.ClassPathMapperScanner - Cannot use both: sqlSessionTemplate and sqlSessionFactory together. sqlSessionFactory is ignored.
2026-04-24 14:18:38.088 [main] WARN  o.m.s.mapper.ClassPathMapperScanner - Cannot use both: sqlSessionTemplate and sqlSessionFactory together. sqlSessionFactory is ignored.
2026-04-24 14:18:38.088 [main] WARN  o.m.s.mapper.ClassPathMapperScanner - Cannot use both: sqlSessionTemplate and sqlSessionFactory together. sqlSessionFactory is ignored.
2026-04-24 14:18:38.089 [main] WARN  o.m.s.mapper.ClassPathMapperScanner - Cannot use both: sqlSessionTemplate and sqlSessionFactory together. sqlSessionFactory is ignored.
2026-04-24 14:18:38.089 [main] WARN  o.m.s.mapper.ClassPathMapperScanner - Cannot use both: sqlSessionTemplate and sqlSessionFactory together. sqlSessionFactory is ignored.
2026-04-24 14:18:38.090 [main] WARN  o.m.s.mapper.ClassPathMapperScanner - Cannot use both: sqlSessionTemplate and sqlSessionFactory together. sqlSessionFactory is ignored.
2026-04-24 14:18:38.091 [main] WARN  o.m.s.mapper.ClassPathMapperScanner - Cannot use both: sqlSessionTemplate and sqlSessionFactory together. sqlSessionFactory is ignored.
2026-04-24 14:18:38.091 [main] WARN  o.m.s.mapper.ClassPathMapperScanner - Cannot use both: sqlSessionTemplate and sqlSessionFactory together. sqlSessionFactory is ignored.
2026-04-24 14:18:38.092 [main] WARN  o.m.s.mapper.ClassPathMapperScanner - Cannot use both: sqlSessionTemplate and sqlSessionFactory together. sqlSessionFactory is ignored.
2026-04-24 14:18:38.094 [main] WARN  o.m.s.mapper.ClassPathMapperScanner - Cannot use both: sqlSessionTemplate and sqlSessionFactory together. sqlSessionFactory is ignored.
2026-04-24 14:18:38.094 [main] WARN  o.m.s.mapper.ClassPathMapperScanner - Cannot use both: sqlSessionTemplate and sqlSessionFactory together. sqlSessionFactory is ignored.
2026-04-24 14:18:38.094 [main] WARN  o.m.s.mapper.ClassPathMapperScanner - Cannot use both: sqlSessionTemplate and sqlSessionFactory together. sqlSessionFactory is ignored.
2026-04-24 14:18:38.094 [main] WARN  o.m.s.mapper.ClassPathMapperScanner - Cannot use both: sqlSessionTemplate and sqlSessionFactory together. sqlSessionFactory is ignored.
2026-04-24 14:18:38.095 [main] WARN  o.m.s.mapper.ClassPathMapperScanner - Cannot use both: sqlSessionTemplate and sqlSessionFactory together. sqlSessionFactory is ignored.
2026-04-24 14:18:38.095 [main] WARN  o.m.s.mapper.ClassPathMapperScanner - Cannot use both: sqlSessionTemplate and sqlSessionFactory together. sqlSessionFactory is ignored.
2026-04-24 14:18:38.095 [main] WARN  o.m.s.mapper.ClassPathMapperScanner - Cannot use both: sqlSessionTemplate and sqlSessionFactory together. sqlSessionFactory is ignored.
2026-04-24 14:18:38.095 [main] WARN  o.m.s.mapper.ClassPathMapperScanner - Cannot use both: sqlSessionTemplate and sqlSessionFactory together. sqlSessionFactory is ignored.
2026-04-24 14:18:38.095 [main] WARN  o.m.s.mapper.ClassPathMapperScanner - Cannot use both: sqlSessionTemplate and sqlSessionFactory together. sqlSessionFactory is ignored.
2026-04-24 14:18:38.099 [main] WARN  o.m.s.mapper.ClassPathMapperScanner - No MyBatis mapper was found in '[com.zyh.easyapplyresume.mapper.pgvector]' package. Please check your configuration.
2026-04-24 14:18:38.292 [main] INFO  o.s.cloud.context.scope.GenericScope - BeanFactory id=cec86c5a-a5fe-3b76-8061-fda812463d3c
2026-04-24 14:18:39.332 [main] INFO  o.s.b.w.e.tomcat.TomcatWebServer - Tomcat initialized with port 8080 (http)
2026-04-24 14:18:39.347 [main] INFO  o.a.coyote.http11.Http11NioProtocol - Initializing ProtocolHandler ["http-nio-8080"]
2026-04-24 14:18:39.352 [main] INFO  o.a.catalina.core.StandardService - Starting service [Tomcat]
2026-04-24 14:18:39.352 [main] INFO  o.a.catalina.core.StandardEngine - Starting Servlet engine: [Apache Tomcat/10.1.31]
2026-04-24 14:18:39.471 [main] INFO  o.a.c.c.C.[.[localhost].[/api] - Initializing Spring embedded WebApplicationContext
2026-04-24 14:18:39.472 [main] INFO  o.s.b.w.s.c.ServletWebServerApplicationContext - Root WebApplicationContext: initialization completed in 3557 ms
2026-04-24 14:18:40.964 [main] WARN  c.b.m.core.metadata.TableInfoHelper - Can not find table primary key in Class: "com.zyh.easyapplyresume.model.pojo.user.UserCollections".
2026-04-24 14:18:40.964 [main] WARN  c.b.m.c.injector.DefaultSqlInjector - class com.zyh.easyapplyresume.model.pojo.user.UserCollections ,Not found @TableId annotation, Cannot use Mybatis-Plus 'xxById' Method.
2026-04-24 14:18:41.201 [main] DEBUG c.z.e.filter.UserJwtAuthFilter - Filter 'userJwtAuthFilter' configured for use
2026-04-24 14:18:41.203 [main] DEBUG c.z.e.filter.AdminJwtAuthFilter - Filter 'adminJwtAuthFilter' configured for use
2026-04-24 14:18:41.456 [main] INFO  c.z.e.s.i.admin.AdminSmsServiceImpl - 开始初始化阿里云短信客户端...
2026-04-24 14:18:41.836 [main] INFO  c.z.e.s.i.admin.AdminSmsServiceImpl - 阿里云短信客户端初始化完成
2026-04-24 14:18:42.559 [main] WARN  c.b.m.core.metadata.TableInfoHelper - Can not find table primary key in Class: "com.zyh.easyapplyresume.model.pojo.user.UserFirstCategoryQuestionBank".
2026-04-24 14:18:42.559 [main] WARN  c.b.m.c.injector.DefaultSqlInjector - class com.zyh.easyapplyresume.model.pojo.user.UserFirstCategoryQuestionBank ,Not found @TableId annotation, Cannot use Mybatis-Plus 'xxById' Method.
2026-04-24 14:18:43.979 [main] INFO  c.z.e.d.a.AdminSensitiveWordsAdvisor - 管理端敏感词初始化完成，共加载 137 个敏感词
2026-04-24 14:18:46.121 [main] INFO  c.z.s.ImageSearchMcpApplication - Starting ImageSearchMcpApplication v0.0.1-SNAPSHOT using Java 21.0.9 with PID 22616 (C:\Users\shini\IdeaProjects\EasyApplyResume\Image-Search-Mcp\target\Image-Search-Mcp-0.0.1-SNAPSHOT.jar started by shini in C:\Users\shini\IdeaProjects\EasyApplyResume)
2026-04-24 14:18:46.124 [main] INFO  c.z.s.ImageSearchMcpApplication - The following 1 profile is active: "stdio"
2026-04-24 14:18:47.411 [pool-1-thread-1] INFO  i.m.server.McpAsyncServer - Client initialize request - Protocol: 2024-11-05, Capabilities: ClientCapabilities[experimental=null, roots=null, sampling=null], Info: Implementation[name=spring-ai-mcp-client, version=1.0.0]
2026-04-24 14:18:47.460 [pool-6-thread-1] INFO  i.m.client.McpAsyncClient - Server response with Protocol: 2024-11-05, Capabilities: ServerCapabilities[experimental=null, logging=LoggingCapabilities[], prompts=null, resources=null, tools=ToolCapabilities[listChanged=true]], Info: Implementation[name=image-search-mcp-server, version=0.0.1] and Instructions null
2026-04-24 14:18:47.513 [main] INFO  c.z.s.ImageSearchMcpApplication - Started ImageSearchMcpApplication in 1.911 seconds (process running for 2.857)
2026-04-24 14:18:49.490 [pool-11-thread-1] INFO  i.m.c.transport.StdioClientTransport - STDERR Message received: Amap Maps MCP Server running on stdio
2026-04-24 14:18:49.497 [pool-9-thread-1] INFO  i.m.client.McpAsyncClient - Server response with Protocol: 2024-11-05, Capabilities: ServerCapabilities[experimental=null, logging=null, prompts=null, resources=null, tools=ToolCapabilities[listChanged=null]], Info: Implementation[name=mcp-server/amap-maps, version=0.1.0] and Instructions null
2026-04-24 14:18:49.813 [main] INFO  c.z.e.d.a.SensitiveWordsAdvisor - 用户端敏感词初始化完成，共加载 137 个敏感词
2026-04-24 14:18:50.139 [main] INFO  o.s.a.t.splitter.TextSplitter - Splitting up document into 2 chunks.
2026-04-24 14:18:50.144 [main] INFO  o.s.a.t.splitter.TextSplitter - Splitting up document into 2 chunks.
2026-04-24 14:18:50.148 [main] INFO  o.s.a.t.splitter.TextSplitter - Splitting up document into 2 chunks.
2026-04-24 14:18:54.210 [main] INFO  o.s.ai.vectorstore.SimpleVectorStore - Calling EmbeddingModel for document id = 9249822d-84d7-486c-b9ff-dc594de99f89
2026-04-24 14:18:54.538 [main] INFO  o.s.ai.vectorstore.SimpleVectorStore - Calling EmbeddingModel for document id = 41b4b965-ee5a-4488-905a-191afbef648f
2026-04-24 14:18:54.850 [main] INFO  o.s.ai.vectorstore.SimpleVectorStore - Calling EmbeddingModel for document id = 49d52ea6-ea18-468a-89b8-54370a60754b
2026-04-24 14:18:55.110 [main] INFO  c.z.e.s.impl.user.UserSmsServiceImpl - 开始初始化阿里云短信客户端...
2026-04-24 14:18:55.122 [main] INFO  c.z.e.s.impl.user.UserSmsServiceImpl - 阿里云短信客户端初始化完成
2026-04-24 14:18:55.561 [main] WARN  c.b.m.e.s.MybatisSqlSessionFactoryBean - Property 'mapperLocations' was specified but matching resources are not found.
2026-04-24 14:18:55.653 [main] INFO  o.s.a.v.pgvector.PgVectorStore - Using the vector table name: vector_store. Is empty: false
2026-04-24 14:18:55.655 [main] INFO  o.s.a.v.pgvector.PgVectorStore - Initializing PGVectorStore schema for table: vector_store in schema: public
2026-04-24 14:18:55.655 [main] INFO  o.s.a.v.pgvector.PgVectorStore - vectorTableValidationsEnabled false
2026-04-24 14:18:55.662 [main] INFO  com.zaxxer.hikari.HikariDataSource - HikariPool-1 - Starting...
2026-04-24 14:18:56.161 [main] INFO  com.zaxxer.hikari.pool.HikariPool - HikariPool-1 - Added connection org.postgresql.jdbc.PgConnection@72f78ab5
2026-04-24 14:18:56.163 [main] INFO  com.zaxxer.hikari.HikariDataSource - HikariPool-1 - Start completed.
2026-04-24 14:18:56.793 [main] WARN  o.s.b.a.s.s.UserDetailsServiceAutoConfiguration - 

Using generated security password: 8cb8eb15-a2e7-445f-bbf2-9e0ca26eb2f2

This generated password is for development use only. Your security configuration must be updated before running your application in production.

2026-04-24 14:18:56.806 [main] INFO  o.s.s.c.a.a.c.InitializeUserDetailsBeanManagerConfigurer$InitializeUserDetailsManagerConfigurer - Global AuthenticationManager configured with UserDetailsService bean with name inMemoryUserDetailsManager
2026-04-24 14:18:57.525 [main] INFO  o.s.b.a.e.web.EndpointLinksResolver - Exposing 20 endpoints beneath base path '/actuator'
2026-04-24 14:18:58.691 [main] INFO  o.a.coyote.http11.Http11NioProtocol - Starting ProtocolHandler ["http-nio-8080"]
2026-04-24 14:18:58.704 [main] INFO  o.s.b.w.e.tomcat.TomcatWebServer - Tomcat started on port 8080 (http) with context path '/api'
2026-04-24 14:18:58.721 [main] INFO  c.a.n.p.a.s.c.ClientAuthPluginManager - [ClientAuthPluginManager] Load ClientAuthService com.alibaba.nacos.client.auth.impl.NacosClientAuthServiceImpl success.
2026-04-24 14:18:58.721 [main] INFO  c.a.n.p.a.s.c.ClientAuthPluginManager - [ClientAuthPluginManager] Load ClientAuthService com.alibaba.nacos.client.auth.ram.RamClientAuthServiceImpl success.
2026-04-24 14:18:59.397 [main] INFO  c.a.c.n.r.NacosServiceRegistry - nacos registry, DEFAULT_GROUP EasyApplyResume 192.168.1.137:8080 register finished
2026-04-24 14:18:59.421 [main] INFO  c.z.e.EasyApplyResumeApplication - Started EasyApplyResumeApplication in 27.882 seconds (process running for 28.909)
2026-04-24 14:19:02.666 [main] INFO  c.a.c.n.r.NacosContextRefresher - [Nacos Config] Listening config: dataId=EasyApplyResume.yaml, group=DEFAULT_GROUP
2026-04-24 14:19:02.667 [main] INFO  c.a.c.n.r.NacosContextRefresher - [Nacos Config] Listening config: dataId=EasyApplyResume-dev.yaml, group=DEFAULT_GROUP
2026-04-24 14:19:03.175 [registrationTask1] INFO  d.c.b.a.c.r.ApplicationRegistrator - Application registered itself as 57567a68910d
2026-04-24 14:19:03.260 [http-nio-8080-exec-1] INFO  o.a.c.c.C.[.[localhost].[/api] - Initializing Spring DispatcherServlet 'dispatcherServlet'
2026-04-24 14:19:03.260 [http-nio-8080-exec-1] INFO  o.s.web.servlet.DispatcherServlet - Initializing Servlet 'dispatcherServlet'
2026-04-24 14:19:03.262 [http-nio-8080-exec-1] INFO  o.s.web.servlet.DispatcherServlet - Completed initialization in 2 ms
2026-04-24 14:19:03.321 [http-nio-8080-exec-1] INFO  com.zaxxer.hikari.HikariDataSource - HikariPool-2 - Starting...
2026-04-24 14:19:04.515 [http-nio-8080-exec-1] INFO  com.zaxxer.hikari.pool.HikariPool - HikariPool-2 - Added connection com.mysql.cj.jdbc.ConnectionImpl@59e20e54
2026-04-24 14:19:04.517 [http-nio-8080-exec-1] INFO  com.zaxxer.hikari.HikariDataSource - HikariPool-2 - Start completed.
2026-04-24 14:19:30.941 [nacos.client.config.listener.task-0] INFO  c.a.c.n.r.NacosContextRefresher - [Nacos Config] Receive Nacos config change: dataId=EasyApplyResume.yaml, group=DEFAULT_GROUP
2026-04-24 14:19:31.290 [nacos.client.config.listener.task-0] INFO  c.a.c.n.c.NacosConfigDataLoader - [Nacos Config] Load config[dataId=EasyApplyResume-dev.yaml, group=DEFAULT_GROUP] success
2026-04-24 14:19:31.291 [nacos.client.config.listener.task-0] INFO  c.a.c.n.c.NacosConfigDataLoader - [Nacos Config] Load config[dataId=EasyApplyResume.yaml, group=DEFAULT_GROUP] success
2026-04-24 14:19:31.340 [nacos.client.config.listener.task-0] INFO  o.s.boot.SpringApplication - The following 1 profile is active: "dev"
2026-04-24 14:19:31.346 [nacos.client.config.listener.task-0] INFO  o.s.boot.SpringApplication - Started application in 0.399 seconds (process running for 60.833)
2026-04-24 14:19:31.652 [nacos.client.config.listener.task-0] INFO  o.s.c.e.event.RefreshEventListener - Refresh keys changed: [spring.boot.admin.client.url, spring.boot.admin.client.instance.service-url]
2026-04-24 14:20:01.007 [http-nio-8080-exec-7] WARN  c.z.e.filter.AdminJwtAuthFilter - Token 不匹配或已失效，adminId: 1
2026-04-24 14:20:01.007 [http-nio-8080-exec-8] WARN  c.z.e.filter.AdminJwtAuthFilter - Token 不匹配或已失效，adminId: 1
2026-04-24 14:20:01.011 [http-nio-8080-exec-6] WARN  c.z.e.filter.AdminJwtAuthFilter - Token 不匹配或已失效，adminId: 1
2026-04-24 14:20:02.332 [http-nio-8080-exec-10] INFO  c.z.e.interceptor.UsallyInterceptor - 【请求开始】Method: POST, URI: /api/admin/auth/formalLogin, Controller: AdminAuthController.formalLogin, IP: 0:0:0:0:0:0:0:1, Params: {}
2026-04-24 14:20:02.571 [http-nio-8080-exec-10] INFO  c.z.e.s.s.S.ServiceLogAspect - 【Service执行】类: AdminAuthServiceImpl, 方法: formalLogin, 参数: [{"accountOrPhoneOrEmail":"18242991090","password":"zyh0.123"}]
2026-04-24 14:20:02.611 [http-nio-8080-exec-10] DEBUG c.z.e.m.m.a.A.findByAccountOrPhoneOrEmail - ==>  Preparing: select * from admin_admin where deleted = 0 and ( admin_account = ? or admin_phone = ? or admin_email = ? )
2026-04-24 14:20:02.648 [http-nio-8080-exec-10] DEBUG c.z.e.m.m.a.A.findByAccountOrPhoneOrEmail - ==> Parameters: 18242991090(String), 18242991090(String), 18242991090(String)
2026-04-24 14:20:02.745 [http-nio-8080-exec-10] DEBUG c.z.e.m.m.a.A.findByAccountOrPhoneOrEmail - <==      Total: 1
2026-04-24 14:20:02.869 [http-nio-8080-exec-10] DEBUG c.z.e.m.m.a.AdminMapper.updateById - ==>  Preparing: UPDATE admin_admin SET admin_account=?, admin_username=?, admin_email=?, admin_phone=?, admin_password=?, admin_image=?, admin_introduce=?, admin_state=?, admin_loginTime=? WHERE admin_id=? AND deleted=0
2026-04-24 14:20:02.875 [http-nio-8080-exec-10] DEBUG c.z.e.m.m.a.AdminMapper.updateById - ==> Parameters: 1812463057(String), 超级管理员(String), 1812463057@qq.com(String), 18242991090(String), $2a$10$Wz8s6hYf0UGOCCZ6Ff5QW.QgfqIQSJijiFXIqqplg3eGqw3HNxSeu(String), https://ts1.tc.mm.bing.net/th/id/R-C.928ef8908b5eb3666b2a27a1f6cfbe17?rik=h2FXLv1HNaxbTg&riu=http%3a%2f%2fp0.so.qhmsg.com%2ft018b5eb3666b2a27a1.jpg&ehk=QnGPPvZKq3cPW6%2bdkG%2b3zIRvAGXRsgYVTirfbvOBTaU%3d&risl=&pid=ImgRaw&r=0(String), 至高无上的超级管理员(String), 1(Integer), 2026-04-24 14:20:02.826(Timestamp), 1(Integer)
2026-04-24 14:20:02.984 [http-nio-8080-exec-10] DEBUG c.z.e.m.m.a.AdminMapper.updateById - <==    Updates: 1
2026-04-24 14:20:03.077 [http-nio-8080-exec-10] INFO  c.z.e.s.s.S.ServiceLogAspect - 【Service完成】类: AdminAuthServiceImpl, 方法: formalLogin, 返回值: eyJhbGciOiJIUzUxMiJ9.eyJ1c2VyVHlwZSI6ImFkbWluIiwidXNlck5hbWUiOiLotoXnuqfnrqHnkIblkZgiLCJ1c2VySWQiOjEsInN1YiI6Iui2hee6p-euoeeQhuWRmCIsImlhdCI6MTc3NzAxMTYwMiwiZXhwIjoxNzc3MDQwNDAyfQ.NYvELbOpHE-_tlXGrpyWCws3fKE6TPa2OwUGu0n1wV2jlICB3kawtDt6uK9BG0n4CEpSwH24WoNRh_5SVUi7Pg, 耗时: 506ms
2026-04-24 14:20:03.195 [http-nio-8080-exec-10] INFO  c.z.e.interceptor.UsallyInterceptor - 【请求结束】Method: POST, URI: /api/admin/auth/formalLogin, Controller: AdminAuthController.formalLogin, Status: 200, Duration: 865ms
2026-04-24 14:20:03.258 [http-nio-8080-exec-1] DEBUG c.z.e.m.m.a.AdminMapper.selectById - ==>  Preparing: SELECT admin_id,admin_account,admin_username,admin_email,admin_phone,admin_password,admin_image,admin_introduce,admin_state,admin_loginTime,deleted FROM admin_admin WHERE admin_id=? AND deleted=0
2026-04-24 14:20:03.259 [http-nio-8080-exec-1] DEBUG c.z.e.m.m.a.AdminMapper.selectById - ==> Parameters: 1(Integer)
2026-04-24 14:20:03.310 [http-nio-8080-exec-1] DEBUG c.z.e.m.m.a.AdminMapper.selectById - <==      Total: 1
2026-04-24 14:20:03.310 [http-nio-8080-exec-1] DEBUG c.z.e.m.m.a.A.findAdminInfoById - ==>  Preparing: select * from admin_admin left join admin_admin_role on admin_admin.admin_id = admin_admin_role.adminId left join admin_role on admin_admin_role.roleId = admin_role.role_id and admin_role.deleted = 0 left join admin_role_permission on admin_role.role_id = admin_role_permission.roleId left join admin_permission on admin_role_permission.permissionId = admin_permission.permission_id and admin_permission.deleted = 0 where admin_admin.admin_id = ? and admin_admin.deleted = 0
2026-04-24 14:20:03.312 [http-nio-8080-exec-1] DEBUG c.z.e.m.m.a.A.findAdminInfoById - ==> Parameters: 1(Integer)
2026-04-24 14:20:03.370 [http-nio-8080-exec-1] DEBUG c.z.e.m.m.a.A.findAdminInfoById - <==      Total: 1
2026-04-24 14:20:03.375 [http-nio-8080-exec-1] INFO  c.z.e.interceptor.UsallyInterceptor - 【请求开始】Method: POST, URI: /api/admin/auth/getAdminInfo, Controller: AdminAuthController.getAdminInfo, IP: 0:0:0:0:0:0:0:1, Params: {}
2026-04-24 14:20:03.380 [http-nio-8080-exec-1] INFO  c.z.e.interceptor.UsallyInterceptor - 【请求结束】Method: POST, URI: /api/admin/auth/getAdminInfo, Controller: AdminAuthController.getAdminInfo, Status: 200, Duration: 5ms
2026-04-24 14:20:03.474 [http-nio-8080-exec-2] DEBUG c.z.e.m.m.a.AdminMapper.selectById - ==>  Preparing: SELECT admin_id,admin_account,admin_username,admin_email,admin_phone,admin_password,admin_image,admin_introduce,admin_state,admin_loginTime,deleted FROM admin_admin WHERE admin_id=? AND deleted=0
2026-04-24 14:20:03.474 [http-nio-8080-exec-2] DEBUG c.z.e.m.m.a.AdminMapper.selectById - ==> Parameters: 1(Integer)
2026-04-24 14:20:03.526 [http-nio-8080-exec-2] DEBUG c.z.e.m.m.a.AdminMapper.selectById - <==      Total: 1
2026-04-24 14:20:03.527 [http-nio-8080-exec-2] DEBUG c.z.e.m.m.a.A.findAdminInfoById - ==>  Preparing: select * from admin_admin left join admin_admin_role on admin_admin.admin_id = admin_admin_role.adminId left join admin_role on admin_admin_role.roleId = admin_role.role_id and admin_role.deleted = 0 left join admin_role_permission on admin_role.role_id = admin_role_permission.roleId left join admin_permission on admin_role_permission.permissionId = admin_permission.permission_id and admin_permission.deleted = 0 where admin_admin.admin_id = ? and admin_admin.deleted = 0
2026-04-24 14:20:03.528 [http-nio-8080-exec-2] DEBUG c.z.e.m.m.a.A.findAdminInfoById - ==> Parameters: 1(Integer)
2026-04-24 14:20:03.578 [http-nio-8080-exec-2] DEBUG c.z.e.m.m.a.A.findAdminInfoById - <==      Total: 1
2026-04-24 14:20:03.582 [http-nio-8080-exec-2] INFO  c.z.e.interceptor.UsallyInterceptor - 【请求开始】Method: GET, URI: /api/admonitor/admin/announcement/getInfo, Controller: AdMonitorAdminAnnouncementController.getAnnouncementInfo, IP: 0:0:0:0:0:0:0:1, Params: {"_t":"1777011603414"}
2026-04-24 14:20:03.631 [http-nio-8080-exec-2] INFO  c.z.e.s.s.S.ServiceLogAspect - 【Service执行】类: AdMonitorAdminAnnouncementServiceImpl, 方法: getAnnouncementInfo, 参数: 无参数
2026-04-24 14:20:03.697 [http-nio-8080-exec-2] INFO  c.z.e.s.i.a.AdMonitorAdminAnnouncementServiceImpl - 从缓存获取管理员公告信息成功
2026-04-24 14:20:03.701 [http-nio-8080-exec-2] INFO  c.z.e.s.s.S.ServiceLogAspect - 【Service完成】类: AdMonitorAdminAnnouncementServiceImpl, 方法: getAnnouncementInfo, 返回值: {"announcementId":1,"announcementTitle":"管理端公告12","announcementContent":"管理端公告12","announcementUpdatedTime":1766419200000}, 耗时: 67ms
2026-04-24 14:20:03.800 [http-nio-8080-exec-2] INFO  c.z.e.interceptor.UsallyInterceptor - 【请求结束】Method: GET, URI: /api/admonitor/admin/announcement/getInfo, Controller: AdMonitorAdminAnnouncementController.getAnnouncementInfo, Status: 200, Duration: 219ms
2026-04-24 14:20:03.824 [http-nio-8080-exec-3] DEBUG c.z.e.m.m.a.AdminMapper.selectById - ==>  Preparing: SELECT admin_id,admin_account,admin_username,admin_email,admin_phone,admin_password,admin_image,admin_introduce,admin_state,admin_loginTime,deleted FROM admin_admin WHERE admin_id=? AND deleted=0
2026-04-24 14:20:03.824 [http-nio-8080-exec-3] DEBUG c.z.e.m.m.a.AdminMapper.selectById - ==> Parameters: 1(Integer)
2026-04-24 14:20:03.873 [http-nio-8080-exec-3] DEBUG c.z.e.m.m.a.AdminMapper.selectById - <==      Total: 1
2026-04-24 14:20:03.875 [http-nio-8080-exec-3] DEBUG c.z.e.m.m.a.A.findAdminInfoById - ==>  Preparing: select * from admin_admin left join admin_admin_role on admin_admin.admin_id = admin_admin_role.adminId left join admin_role on admin_admin_role.roleId = admin_role.role_id and admin_role.deleted = 0 left join admin_role_permission on admin_role.role_id = admin_role_permission.roleId left join admin_permission on admin_role_permission.permissionId = admin_permission.permission_id and admin_permission.deleted = 0 where admin_admin.admin_id = ? and admin_admin.deleted = 0
2026-04-24 14:20:03.876 [http-nio-8080-exec-3] DEBUG c.z.e.m.m.a.A.findAdminInfoById - ==> Parameters: 1(Integer)
2026-04-24 14:20:03.930 [http-nio-8080-exec-3] DEBUG c.z.e.m.m.a.A.findAdminInfoById - <==      Total: 1
2026-04-24 14:20:03.932 [http-nio-8080-exec-3] INFO  c.z.e.interceptor.UsallyInterceptor - 【请求开始】Method: GET, URI: /api/admonitor/admin/advertisement/findAllAdmonitorAdminAdvertisement, Controller: AdmonitorAdminAdvertisementController.findAllAdmonitorAdminAdvertisement, IP: 0:0:0:0:0:0:0:1, Params: {"_t":"1777011603414"}
2026-04-24 14:20:03.983 [http-nio-8080-exec-3] INFO  c.z.e.s.s.S.ServiceLogAspect - 【Service执行】类: AdmonitorAdminAdvertisementServiceImpl, 方法: findAllAdmonitorAdminAdvertisement, 参数: 无参数
2026-04-24 14:20:04.037 [http-nio-8080-exec-3] INFO  c.z.e.s.i.a.AdmonitorAdminAdvertisementServiceImpl - 从缓存查询所有广告成功
2026-04-24 14:20:04.039 [http-nio-8080-exec-3] INFO  c.z.e.s.s.S.ServiceLogAspect - 【Service完成】类: AdmonitorAdminAdvertisementServiceImpl, 方法: findAllAdmonitorAdminAdvertisement, 返回值: [{"advertisementId":1,"advertisementName":"华为手机1","advertisementUrl":"https://ts2.tc.mm.bing.net/th/id/OIP-C.9hB59eg5ODjsS16R_NMQVAHaFl?cb=ucfimg2&ucfimg=1&rs=1&pid=ImgDetMain&o=7&rm=3","advertisementLink":"https://www.huawei.com/cn/","advertisementStartedTime":1751990400000,"advertisementEndTime":1786464000000}], 耗时: 54ms
2026-04-24 14:20:04.137 [http-nio-8080-exec-3] INFO  c.z.e.interceptor.UsallyInterceptor - 【请求结束】Method: GET, URI: /api/admonitor/admin/advertisement/findAllAdmonitorAdminAdvertisement, Controller: AdmonitorAdminAdvertisementController.findAllAdmonitorAdminAdvertisement, Status: 200, Duration: 205ms
2026-04-24 14:31:26.740 [http-nio-8080-exec-3] WARN  com.zaxxer.hikari.pool.PoolBase - HikariPool-2 - Failed to validate connection com.mysql.cj.jdbc.ConnectionImpl@52bc425f (No operations allowed after connection closed.). Possibly consider using a shorter maxLifetime value.
2026-04-24 14:49:06.737 [http-nio-8080-exec-7] WARN  com.zaxxer.hikari.pool.PoolBase - HikariPool-2 - Failed to validate connection com.mysql.cj.jdbc.ConnectionImpl@2c2c5182 (No operations allowed after connection closed.). Possibly consider using a shorter maxLifetime value.
2026-04-24 14:50:02.747 [http-nio-8080-exec-10] ERROR c.a.c.n.d.NacosDiscoveryClient - get service name from nacos server failed.
com.alibaba.nacos.api.exception.NacosException: Client not connected, current status:UNHEALTHY
	at com.alibaba.nacos.common.remote.client.RpcClient.request(RpcClient.java:645)
	at com.alibaba.nacos.common.remote.client.RpcClient.request(RpcClient.java:624)
	at com.alibaba.nacos.client.naming.remote.gprc.NamingGrpcClientProxy.requestToServer(NamingGrpcClientProxy.java:447)
	at com.alibaba.nacos.client.naming.remote.gprc.NamingGrpcClientProxy.getServiceList(NamingGrpcClientProxy.java:368)
	at com.alibaba.nacos.client.naming.remote.NamingClientProxyDelegate.getServiceList(NamingClientProxyDelegate.java:159)
	at com.alibaba.nacos.client.naming.NacosNamingService.getServicesOfServer(NacosNamingService.java:515)
	at com.alibaba.nacos.client.naming.NacosNamingService.getServicesOfServer(NacosNamingService.java:503)
	at com.alibaba.cloud.nacos.discovery.NacosServiceDiscovery.getServices(NacosServiceDiscovery.java:70)
	at com.alibaba.cloud.nacos.discovery.NacosDiscoveryClient.getServices(NacosDiscoveryClient.java:80)
	at org.springframework.cloud.client.discovery.composite.CompositeDiscoveryClient.getServices(CompositeDiscoveryClient.java:68)
	at org.springframework.cloud.client.discovery.health.DiscoveryClientHealthIndicator.health(DiscoveryClientHealthIndicator.java:73)
	at org.springframework.boot.actuate.health.HealthIndicator.getHealth(HealthIndicator.java:37)
	at org.springframework.boot.actuate.health.HealthEndpointWebExtension.getHealth(HealthEndpointWebExtension.java:94)
	at org.springframework.boot.actuate.health.HealthEndpointWebExtension.getHealth(HealthEndpointWebExtension.java:47)
	at org.springframework.boot.actuate.health.HealthEndpointSupport.getLoggedHealth(HealthEndpointSupport.java:172)
	at org.springframework.boot.actuate.health.HealthEndpointSupport.getContribution(HealthEndpointSupport.java:145)
	at org.springframework.boot.actuate.health.HealthEndpointSupport.getAggregateContribution(HealthEndpointSupport.java:156)
	at org.springframework.boot.actuate.health.HealthEndpointSupport.getContribution(HealthEndpointSupport.java:141)
	at org.springframework.boot.actuate.health.HealthEndpointSupport.getAggregateContribution(HealthEndpointSupport.java:156)
	at org.springframework.boot.actuate.health.HealthEndpointSupport.getContribution(HealthEndpointSupport.java:141)
	at org.springframework.boot.actuate.health.HealthEndpointSupport.getHealth(HealthEndpointSupport.java:110)
	at org.springframework.boot.actuate.health.HealthEndpointSupport.getHealth(HealthEndpointSupport.java:81)
	at org.springframework.boot.actuate.health.HealthEndpointWebExtension.health(HealthEndpointWebExtension.java:80)
	at org.springframework.boot.actuate.health.HealthEndpointWebExtension.health(HealthEndpointWebExtension.java:69)
	at java.base/jdk.internal.reflect.DirectMethodHandleAccessor.invoke(DirectMethodHandleAccessor.java:103)
	at java.base/java.lang.reflect.Method.invoke(Method.java:580)
	at org.springframework.util.ReflectionUtils.invokeMethod(ReflectionUtils.java:281)
	at org.springframework.boot.actuate.endpoint.invoke.reflect.ReflectiveOperationInvoker.invoke(ReflectiveOperationInvoker.java:74)
	at org.springframework.boot.actuate.endpoint.annotation.AbstractDiscoveredOperation.invoke(AbstractDiscoveredOperation.java:60)
	at org.springframework.boot.actuate.endpoint.web.servlet.AbstractWebMvcEndpointHandlerMapping$ServletWebOperationAdapter.handle(AbstractWebMvcEndpointHandlerMapping.java:327)
	at org.springframework.boot.actuate.endpoint.web.servlet.AbstractWebMvcEndpointHandlerMapping$OperationHandler.handle(AbstractWebMvcEndpointHandlerMapping.java:434)
	at java.base/jdk.internal.reflect.DirectMethodHandleAccessor.invoke(DirectMethodHandleAccessor.java:103)
	at java.base/java.lang.reflect.Method.invoke(Method.java:580)
	at org.springframework.web.method.support.InvocableHandlerMethod.doInvoke(InvocableHandlerMethod.java:255)
	at org.springframework.web.method.support.InvocableHandlerMethod.invokeForRequest(InvocableHandlerMethod.java:188)
	at org.springframework.web.servlet.mvc.method.annotation.ServletInvocableHandlerMethod.invokeAndHandle(ServletInvocableHandlerMethod.java:118)
	at org.springframework.web.servlet.mvc.method.annotation.RequestMappingHandlerAdapter.invokeHandlerMethod(RequestMappingHandlerAdapter.java:926)
	at org.springframework.web.servlet.mvc.method.annotation.RequestMappingHandlerAdapter.handleInternal(RequestMappingHandlerAdapter.java:831)
	at org.springframework.web.servlet.mvc.method.AbstractHandlerMethodAdapter.handle(AbstractHandlerMethodAdapter.java:87)
	at org.springframework.web.servlet.DispatcherServlet.doDispatch(DispatcherServlet.java:1089)
	at org.springframework.web.servlet.DispatcherServlet.doService(DispatcherServlet.java:979)
	at org.springframework.web.servlet.FrameworkServlet.processRequest(FrameworkServlet.java:1014)
	at org.springframework.web.servlet.FrameworkServlet.doGet(FrameworkServlet.java:903)
	at jakarta.servlet.http.HttpServlet.service(HttpServlet.java:564)
	at org.springframework.web.servlet.FrameworkServlet.service(FrameworkServlet.java:885)
	at jakarta.servlet.http.HttpServlet.service(HttpServlet.java:658)
	at org.apache.catalina.core.ApplicationFilterChain.internalDoFilter(ApplicationFilterChain.java:195)
	at org.apache.catalina.core.ApplicationFilterChain.doFilter(ApplicationFilterChain.java:140)
	at org.apache.tomcat.websocket.server.WsFilter.doFilter(WsFilter.java:51)
	at org.apache.catalina.core.ApplicationFilterChain.internalDoFilter(ApplicationFilterChain.java:164)
	at org.apache.catalina.core.ApplicationFilterChain.doFilter(ApplicationFilterChain.java:140)
	at com.zyh.easyapplyresume.filter.UserJwtAuthFilter.doFilterInternal(UserJwtAuthFilter.java:61)
	at org.springframework.web.filter.OncePerRequestFilter.doFilter(OncePerRequestFilter.java:116)
	at org.apache.catalina.core.ApplicationFilterChain.internalDoFilter(ApplicationFilterChain.java:164)
	at org.apache.catalina.core.ApplicationFilterChain.doFilter(ApplicationFilterChain.java:140)
	at com.zyh.easyapplyresume.filter.AdminJwtAuthFilter.doFilterInternal(AdminJwtAuthFilter.java:73)
	at org.springframework.web.filter.OncePerRequestFilter.doFilter(OncePerRequestFilter.java:116)
	at org.apache.catalina.core.ApplicationFilterChain.internalDoFilter(ApplicationFilterChain.java:164)
	at org.apache.catalina.core.ApplicationFilterChain.doFilter(ApplicationFilterChain.java:140)
	at org.springframework.web.filter.CompositeFilter$VirtualFilterChain.doFilter(CompositeFilter.java:108)
	at org.springframework.security.web.ObservationFilterChainDecorator$FilterObservation$SimpleFilterObservation.lambda$wrap$1(ObservationFilterChainDecorator.java:479)
	at org.springframework.security.web.ObservationFilterChainDecorator.lambda$wrapUnsecured$1(ObservationFilterChainDecorator.java:90)
	at org.springframework.security.web.FilterChainProxy.doFilterInternal(FilterChainProxy.java:219)
	at org.springframework.security.web.FilterChainProxy.doFilter(FilterChainProxy.java:191)
	at org.springframework.web.filter.CompositeFilter$VirtualFilterChain.doFilter(CompositeFilter.java:113)
	at org.springframework.web.servlet.handler.HandlerMappingIntrospector.lambda$createCacheFilter$3(HandlerMappingIntrospector.java:195)
	at org.springframework.web.filter.CompositeFilter$VirtualFilterChain.doFilter(CompositeFilter.java:113)
	at org.springframework.web.filter.CompositeFilter.doFilter(CompositeFilter.java:74)
	at org.springframework.security.config.annotation.web.configuration.WebMvcSecurityConfiguration$CompositeFilterChainProxy.doFilter(WebMvcSecurityConfiguration.java:230)
	at org.springframework.web.filter.DelegatingFilterProxy.invokeDelegate(DelegatingFilterProxy.java:362)
	at org.springframework.web.filter.DelegatingFilterProxy.doFilter(DelegatingFilterProxy.java:278)
	at org.apache.catalina.core.ApplicationFilterChain.internalDoFilter(ApplicationFilterChain.java:164)
	at org.apache.catalina.core.ApplicationFilterChain.doFilter(ApplicationFilterChain.java:140)
	at org.springframework.web.filter.RequestContextFilter.doFilterInternal(RequestContextFilter.java:100)
	at org.springframework.web.filter.OncePerRequestFilter.doFilter(OncePerRequestFilter.java:116)
	at org.apache.catalina.core.ApplicationFilterChain.internalDoFilter(ApplicationFilterChain.java:164)
	at org.apache.catalina.core.ApplicationFilterChain.doFilter(ApplicationFilterChain.java:140)
	at org.springframework.web.filter.FormContentFilter.doFilterInternal(FormContentFilter.java:93)
	at org.springframework.web.filter.OncePerRequestFilter.doFilter(OncePerRequestFilter.java:116)
	at org.apache.catalina.core.ApplicationFilterChain.internalDoFilter(ApplicationFilterChain.java:164)
	at org.apache.catalina.core.ApplicationFilterChain.doFilter(ApplicationFilterChain.java:140)
	at org.springframework.web.filter.ServerHttpObservationFilter.doFilterInternal(ServerHttpObservationFilter.java:113)
	at org.springframework.web.filter.OncePerRequestFilter.doFilter(OncePerRequestFilter.java:116)
	at org.apache.catalina.core.ApplicationFilterChain.internalDoFilter(ApplicationFilterChain.java:164)
	at org.apache.catalina.core.ApplicationFilterChain.doFilter(ApplicationFilterChain.java:140)
	at org.springframework.web.filter.CharacterEncodingFilter.doFilterInternal(CharacterEncodingFilter.java:201)
	at org.springframework.web.filter.OncePerRequestFilter.doFilter(OncePerRequestFilter.java:116)
	at org.apache.catalina.core.ApplicationFilterChain.internalDoFilter(ApplicationFilterChain.java:164)
	at org.apache.catalina.core.ApplicationFilterChain.doFilter(ApplicationFilterChain.java:140)
	at org.apache.catalina.core.StandardWrapperValve.invoke(StandardWrapperValve.java:167)
	at org.apache.catalina.core.StandardContextValve.invoke(StandardContextValve.java:90)
	at org.apache.catalina.authenticator.AuthenticatorBase.invoke(AuthenticatorBase.java:483)
	at org.apache.catalina.core.StandardHostValve.invoke(StandardHostValve.java:115)
	at org.apache.catalina.valves.ErrorReportValve.invoke(ErrorReportValve.java:93)
	at org.apache.catalina.core.StandardEngineValve.invoke(StandardEngineValve.java:74)
	at org.apache.catalina.connector.CoyoteAdapter.service(CoyoteAdapter.java:344)
	at org.apache.coyote.http11.Http11Processor.service(Http11Processor.java:384)
	at org.apache.coyote.AbstractProcessorLight.process(AbstractProcessorLight.java:63)
	at org.apache.coyote.AbstractProtocol$ConnectionHandler.process(AbstractProtocol.java:905)
	at org.apache.tomcat.util.net.NioEndpoint$SocketProcessor.doRun(NioEndpoint.java:1741)
	at org.apache.tomcat.util.net.SocketProcessorBase.run(SocketProcessorBase.java:52)
	at org.apache.tomcat.util.threads.ThreadPoolExecutor.runWorker(ThreadPoolExecutor.java:1190)
	at org.apache.tomcat.util.threads.ThreadPoolExecutor$Worker.run(ThreadPoolExecutor.java:659)
	at org.apache.tomcat.util.threads.TaskThread$WrappingRunnable.run(TaskThread.java:63)
	at java.base/java.lang.Thread.run(Thread.java:1583)
2026-04-24 15:02:52.050 [Thread-9] WARN  c.a.nacos.common.notify.NotifyCenter - [NotifyCenter] Start destroying Publisher
2026-04-24 15:02:52.050 [Thread-7] WARN  c.a.n.c.http.HttpClientBeanHolder - [HttpClientBeanHolder] Start destroying common HttpClient
2026-04-24 15:02:52.050 [Thread-1] WARN  c.a.n.c.executor.ThreadPoolManager - [ThreadPoolManager] Start destroying ThreadPool
2026-04-24 15:02:52.051 [Thread-9] WARN  c.a.nacos.common.notify.NotifyCenter - [NotifyCenter] Destruction of the end
2026-04-24 15:02:52.052 [Thread-1] WARN  c.a.n.c.executor.ThreadPoolManager - [ThreadPoolManager] Destruction of the end
2026-04-24 15:02:52.055 [Thread-7] WARN  c.a.n.c.http.HttpClientBeanHolder - [HttpClientBeanHolder] Destruction of the end
2026-04-24 15:02:52.059 [SpringApplicationShutdownHook] INFO  c.a.c.n.r.NacosServiceRegistry - De-registering from Nacos Server now...
2026-04-24 15:02:52.151 [SpringApplicationShutdownHook] INFO  c.a.c.n.r.NacosServiceRegistry - De-registration finished.
2026-04-24 15:02:52.708 [registrationTask1] WARN  d.c.b.a.c.r.ApplicationRegistrator - Failed to register application as Application(name=EasyApplyResume, managementUrl=http://backend-1:8080/actuator, healthUrl=http://backend-1:8080/actuator/health, serviceUrl=http://backend-1:8080) at spring-boot-admin ([http://localhost:9090/instances]): I/O error on POST request for "http://localhost:9090/instances": Failed to connect to localhost/[0:0:0:0:0:0:0:1]:9090. Further attempts are logged on DEBUG level
2026-04-24 15:03:02.161 [SpringApplicationShutdownHook] INFO  c.a.c.n.r.NacosGracefulShutdownDelegate - Nacos client graceful shutdown has been executed successfully. Graceful shutdown wait time is 10000
2026-04-24 15:03:02.262 [SpringApplicationShutdownHook] INFO  com.zaxxer.hikari.HikariDataSource - HikariPool-1 - Shutdown initiated...
2026-04-24 15:03:02.267 [SpringApplicationShutdownHook] INFO  com.zaxxer.hikari.HikariDataSource - HikariPool-1 - Shutdown completed.
2026-04-24 15:03:02.268 [SpringApplicationShutdownHook] INFO  c.z.e.s.impl.user.UserSmsServiceImpl - 关闭阿里云短信客户端...
2026-04-24 15:03:02.275 [SpringApplicationShutdownHook] INFO  c.z.e.s.impl.user.UserSmsServiceImpl - 阿里云短信客户端已关闭
2026-04-24 15:03:02.276 [SpringApplicationShutdownHook] INFO  c.z.e.s.i.admin.AdminSmsServiceImpl - 关闭阿里云短信客户端...
2026-04-24 15:03:02.276 [SpringApplicationShutdownHook] INFO  c.z.e.s.i.admin.AdminSmsServiceImpl - 阿里云短信客户端已关闭
2026-04-24 15:03:02.285 [SpringApplicationShutdownHook] INFO  com.zaxxer.hikari.HikariDataSource - HikariPool-2 - Shutdown initiated...
2026-04-24 15:03:02.290 [SpringApplicationShutdownHook] INFO  com.zaxxer.hikari.HikariDataSource - HikariPool-2 - Shutdown completed.
2026-04-24 15:06:31.057 [background-preinit] INFO  o.h.validator.internal.util.Version - HV000001: Hibernate Validator 8.0.1.Final
2026-04-24 15:06:31.448 [main] INFO  c.a.c.n.c.NacosConfigDataLoader - [Nacos Config] Load config[dataId=EasyApplyResume-dev.yaml, group=DEFAULT_GROUP] success
2026-04-24 15:06:31.449 [main] INFO  c.a.c.n.c.NacosConfigDataLoader - [Nacos Config] Load config[dataId=EasyApplyResume.yaml, group=DEFAULT_GROUP] success
2026-04-24 15:06:32.279 [main] INFO  c.z.e.EasyApplyResumeApplication - The following 1 profile is active: "dev"
2026-04-24 15:06:32.317 [main] INFO  c.a.c.n.c.NacosConfigDataLoader - [Nacos Config] Load config[dataId=EasyApplyResume-dev.yaml, group=DEFAULT_GROUP] success
2026-04-24 15:06:32.318 [main] INFO  c.a.c.n.c.NacosConfigDataLoader - [Nacos Config] Load config[dataId=EasyApplyResume.yaml, group=DEFAULT_GROUP] success
2026-04-24 15:06:35.939 [main] INFO  o.s.d.r.c.RepositoryConfigurationDelegate - Multiple Spring Data modules found, entering strict repository configuration mode
2026-04-24 15:06:35.948 [main] INFO  o.s.d.r.c.RepositoryConfigurationDelegate - Bootstrapping Spring Data Redis repositories in DEFAULT mode.
2026-04-24 15:06:36.060 [main] INFO  o.s.d.r.c.RepositoryConfigurationDelegate - Finished Spring Data repository scanning in 77 ms. Found 0 Redis repository interfaces.
2026-04-24 15:06:36.383 [main] WARN  o.m.s.mapper.ClassPathMapperScanner - Cannot use both: sqlSessionTemplate and sqlSessionFactory together. sqlSessionFactory is ignored.
2026-04-24 15:06:36.384 [main] WARN  o.m.s.mapper.ClassPathMapperScanner - Cannot use both: sqlSessionTemplate and sqlSessionFactory together. sqlSessionFactory is ignored.
2026-04-24 15:06:36.385 [main] WARN  o.m.s.mapper.ClassPathMapperScanner - Cannot use both: sqlSessionTemplate and sqlSessionFactory together. sqlSessionFactory is ignored.
2026-04-24 15:06:36.387 [main] WARN  o.m.s.mapper.ClassPathMapperScanner - Cannot use both: sqlSessionTemplate and sqlSessionFactory together. sqlSessionFactory is ignored.
2026-04-24 15:06:36.388 [main] WARN  o.m.s.mapper.ClassPathMapperScanner - Cannot use both: sqlSessionTemplate and sqlSessionFactory together. sqlSessionFactory is ignored.
2026-04-24 15:06:36.389 [main] WARN  o.m.s.mapper.ClassPathMapperScanner - Cannot use both: sqlSessionTemplate and sqlSessionFactory together. sqlSessionFactory is ignored.
2026-04-24 15:06:36.390 [main] WARN  o.m.s.mapper.ClassPathMapperScanner - Cannot use both: sqlSessionTemplate and sqlSessionFactory together. sqlSessionFactory is ignored.
2026-04-24 15:06:36.390 [main] WARN  o.m.s.mapper.ClassPathMapperScanner - Cannot use both: sqlSessionTemplate and sqlSessionFactory together. sqlSessionFactory is ignored.
2026-04-24 15:06:36.391 [main] WARN  o.m.s.mapper.ClassPathMapperScanner - Cannot use both: sqlSessionTemplate and sqlSessionFactory together. sqlSessionFactory is ignored.
2026-04-24 15:06:36.392 [main] WARN  o.m.s.mapper.ClassPathMapperScanner - Cannot use both: sqlSessionTemplate and sqlSessionFactory together. sqlSessionFactory is ignored.
2026-04-24 15:06:36.392 [main] WARN  o.m.s.mapper.ClassPathMapperScanner - Cannot use both: sqlSessionTemplate and sqlSessionFactory together. sqlSessionFactory is ignored.
2026-04-24 15:06:36.394 [main] WARN  o.m.s.mapper.ClassPathMapperScanner - Cannot use both: sqlSessionTemplate and sqlSessionFactory together. sqlSessionFactory is ignored.
2026-04-24 15:06:36.396 [main] WARN  o.m.s.mapper.ClassPathMapperScanner - Cannot use both: sqlSessionTemplate and sqlSessionFactory together. sqlSessionFactory is ignored.
2026-04-24 15:06:36.396 [main] WARN  o.m.s.mapper.ClassPathMapperScanner - Cannot use both: sqlSessionTemplate and sqlSessionFactory together. sqlSessionFactory is ignored.
2026-04-24 15:06:36.397 [main] WARN  o.m.s.mapper.ClassPathMapperScanner - Cannot use both: sqlSessionTemplate and sqlSessionFactory together. sqlSessionFactory is ignored.
2026-04-24 15:06:36.398 [main] WARN  o.m.s.mapper.ClassPathMapperScanner - Cannot use both: sqlSessionTemplate and sqlSessionFactory together. sqlSessionFactory is ignored.
2026-04-24 15:06:36.399 [main] WARN  o.m.s.mapper.ClassPathMapperScanner - Cannot use both: sqlSessionTemplate and sqlSessionFactory together. sqlSessionFactory is ignored.
2026-04-24 15:06:36.400 [main] WARN  o.m.s.mapper.ClassPathMapperScanner - Cannot use both: sqlSessionTemplate and sqlSessionFactory together. sqlSessionFactory is ignored.
2026-04-24 15:06:36.401 [main] WARN  o.m.s.mapper.ClassPathMapperScanner - Cannot use both: sqlSessionTemplate and sqlSessionFactory together. sqlSessionFactory is ignored.
2026-04-24 15:06:36.402 [main] WARN  o.m.s.mapper.ClassPathMapperScanner - Cannot use both: sqlSessionTemplate and sqlSessionFactory together. sqlSessionFactory is ignored.
2026-04-24 15:06:36.402 [main] WARN  o.m.s.mapper.ClassPathMapperScanner - Cannot use both: sqlSessionTemplate and sqlSessionFactory together. sqlSessionFactory is ignored.
2026-04-24 15:06:36.404 [main] WARN  o.m.s.mapper.ClassPathMapperScanner - Cannot use both: sqlSessionTemplate and sqlSessionFactory together. sqlSessionFactory is ignored.
2026-04-24 15:06:36.405 [main] WARN  o.m.s.mapper.ClassPathMapperScanner - Cannot use both: sqlSessionTemplate and sqlSessionFactory together. sqlSessionFactory is ignored.
2026-04-24 15:06:36.406 [main] WARN  o.m.s.mapper.ClassPathMapperScanner - Cannot use both: sqlSessionTemplate and sqlSessionFactory together. sqlSessionFactory is ignored.
2026-04-24 15:06:36.407 [main] WARN  o.m.s.mapper.ClassPathMapperScanner - Cannot use both: sqlSessionTemplate and sqlSessionFactory together. sqlSessionFactory is ignored.
2026-04-24 15:06:36.408 [main] WARN  o.m.s.mapper.ClassPathMapperScanner - Cannot use both: sqlSessionTemplate and sqlSessionFactory together. sqlSessionFactory is ignored.
2026-04-24 15:06:36.409 [main] WARN  o.m.s.mapper.ClassPathMapperScanner - Cannot use both: sqlSessionTemplate and sqlSessionFactory together. sqlSessionFactory is ignored.
2026-04-24 15:06:36.410 [main] WARN  o.m.s.mapper.ClassPathMapperScanner - Cannot use both: sqlSessionTemplate and sqlSessionFactory together. sqlSessionFactory is ignored.
2026-04-24 15:06:36.411 [main] WARN  o.m.s.mapper.ClassPathMapperScanner - Cannot use both: sqlSessionTemplate and sqlSessionFactory together. sqlSessionFactory is ignored.
2026-04-24 15:06:36.412 [main] WARN  o.m.s.mapper.ClassPathMapperScanner - Cannot use both: sqlSessionTemplate and sqlSessionFactory together. sqlSessionFactory is ignored.
2026-04-24 15:06:36.413 [main] WARN  o.m.s.mapper.ClassPathMapperScanner - Cannot use both: sqlSessionTemplate and sqlSessionFactory together. sqlSessionFactory is ignored.
2026-04-24 15:06:36.413 [main] WARN  o.m.s.mapper.ClassPathMapperScanner - Cannot use both: sqlSessionTemplate and sqlSessionFactory together. sqlSessionFactory is ignored.
2026-04-24 15:06:36.414 [main] WARN  o.m.s.mapper.ClassPathMapperScanner - Cannot use both: sqlSessionTemplate and sqlSessionFactory together. sqlSessionFactory is ignored.
2026-04-24 15:06:36.415 [main] WARN  o.m.s.mapper.ClassPathMapperScanner - Cannot use both: sqlSessionTemplate and sqlSessionFactory together. sqlSessionFactory is ignored.
2026-04-24 15:06:36.416 [main] WARN  o.m.s.mapper.ClassPathMapperScanner - Cannot use both: sqlSessionTemplate and sqlSessionFactory together. sqlSessionFactory is ignored.
2026-04-24 15:06:36.416 [main] WARN  o.m.s.mapper.ClassPathMapperScanner - Cannot use both: sqlSessionTemplate and sqlSessionFactory together. sqlSessionFactory is ignored.
2026-04-24 15:06:36.417 [main] WARN  o.m.s.mapper.ClassPathMapperScanner - Cannot use both: sqlSessionTemplate and sqlSessionFactory together. sqlSessionFactory is ignored.
2026-04-24 15:06:36.417 [main] WARN  o.m.s.mapper.ClassPathMapperScanner - Cannot use both: sqlSessionTemplate and sqlSessionFactory together. sqlSessionFactory is ignored.
2026-04-24 15:06:36.418 [main] WARN  o.m.s.mapper.ClassPathMapperScanner - Cannot use both: sqlSessionTemplate and sqlSessionFactory together. sqlSessionFactory is ignored.
2026-04-24 15:06:36.418 [main] WARN  o.m.s.mapper.ClassPathMapperScanner - Cannot use both: sqlSessionTemplate and sqlSessionFactory together. sqlSessionFactory is ignored.
2026-04-24 15:06:36.419 [main] WARN  o.m.s.mapper.ClassPathMapperScanner - Cannot use both: sqlSessionTemplate and sqlSessionFactory together. sqlSessionFactory is ignored.
2026-04-24 15:06:36.421 [main] WARN  o.m.s.mapper.ClassPathMapperScanner - Cannot use both: sqlSessionTemplate and sqlSessionFactory together. sqlSessionFactory is ignored.
2026-04-24 15:06:36.421 [main] WARN  o.m.s.mapper.ClassPathMapperScanner - Cannot use both: sqlSessionTemplate and sqlSessionFactory together. sqlSessionFactory is ignored.
2026-04-24 15:06:36.422 [main] WARN  o.m.s.mapper.ClassPathMapperScanner - Cannot use both: sqlSessionTemplate and sqlSessionFactory together. sqlSessionFactory is ignored.
2026-04-24 15:06:36.422 [main] WARN  o.m.s.mapper.ClassPathMapperScanner - Cannot use both: sqlSessionTemplate and sqlSessionFactory together. sqlSessionFactory is ignored.
2026-04-24 15:06:36.423 [main] WARN  o.m.s.mapper.ClassPathMapperScanner - Cannot use both: sqlSessionTemplate and sqlSessionFactory together. sqlSessionFactory is ignored.
2026-04-24 15:06:36.423 [main] WARN  o.m.s.mapper.ClassPathMapperScanner - Cannot use both: sqlSessionTemplate and sqlSessionFactory together. sqlSessionFactory is ignored.
2026-04-24 15:06:36.424 [main] WARN  o.m.s.mapper.ClassPathMapperScanner - Cannot use both: sqlSessionTemplate and sqlSessionFactory together. sqlSessionFactory is ignored.
2026-04-24 15:06:36.424 [main] WARN  o.m.s.mapper.ClassPathMapperScanner - Cannot use both: sqlSessionTemplate and sqlSessionFactory together. sqlSessionFactory is ignored.
2026-04-24 15:06:36.425 [main] WARN  o.m.s.mapper.ClassPathMapperScanner - Cannot use both: sqlSessionTemplate and sqlSessionFactory together. sqlSessionFactory is ignored.
2026-04-24 15:06:36.425 [main] WARN  o.m.s.mapper.ClassPathMapperScanner - Cannot use both: sqlSessionTemplate and sqlSessionFactory together. sqlSessionFactory is ignored.
2026-04-24 15:06:36.425 [main] WARN  o.m.s.mapper.ClassPathMapperScanner - Cannot use both: sqlSessionTemplate and sqlSessionFactory together. sqlSessionFactory is ignored.
2026-04-24 15:06:36.426 [main] WARN  o.m.s.mapper.ClassPathMapperScanner - Cannot use both: sqlSessionTemplate and sqlSessionFactory together. sqlSessionFactory is ignored.
2026-04-24 15:06:36.426 [main] WARN  o.m.s.mapper.ClassPathMapperScanner - Cannot use both: sqlSessionTemplate and sqlSessionFactory together. sqlSessionFactory is ignored.
2026-04-24 15:06:36.428 [main] WARN  o.m.s.mapper.ClassPathMapperScanner - Cannot use both: sqlSessionTemplate and sqlSessionFactory together. sqlSessionFactory is ignored.
2026-04-24 15:06:36.429 [main] WARN  o.m.s.mapper.ClassPathMapperScanner - Cannot use both: sqlSessionTemplate and sqlSessionFactory together. sqlSessionFactory is ignored.
2026-04-24 15:06:36.430 [main] WARN  o.m.s.mapper.ClassPathMapperScanner - Cannot use both: sqlSessionTemplate and sqlSessionFactory together. sqlSessionFactory is ignored.
2026-04-24 15:06:36.435 [main] WARN  o.m.s.mapper.ClassPathMapperScanner - No MyBatis mapper was found in '[com.zyh.easyapplyresume.mapper.pgvector]' package. Please check your configuration.
2026-04-24 15:06:36.759 [main] INFO  o.s.cloud.context.scope.GenericScope - BeanFactory id=cec86c5a-a5fe-3b76-8061-fda812463d3c
2026-04-24 15:06:38.461 [main] INFO  o.s.b.w.e.tomcat.TomcatWebServer - Tomcat initialized with port 8080 (http)
2026-04-24 15:06:38.482 [main] INFO  o.a.coyote.http11.Http11NioProtocol - Initializing ProtocolHandler ["http-nio-8080"]
2026-04-24 15:06:38.489 [main] INFO  o.a.catalina.core.StandardService - Starting service [Tomcat]
2026-04-24 15:06:38.490 [main] INFO  o.a.catalina.core.StandardEngine - Starting Servlet engine: [Apache Tomcat/10.1.31]
2026-04-24 15:06:38.703 [main] INFO  o.a.c.c.C.[.[localhost].[/api] - Initializing Spring embedded WebApplicationContext
2026-04-24 15:06:38.703 [main] INFO  o.s.b.w.s.c.ServletWebServerApplicationContext - Root WebApplicationContext: initialization completed in 6385 ms
2026-04-24 15:06:40.716 [main] WARN  c.b.m.core.metadata.TableInfoHelper - Can not find table primary key in Class: "com.zyh.easyapplyresume.model.pojo.user.UserCollections".
2026-04-24 15:06:40.716 [main] WARN  c.b.m.c.injector.DefaultSqlInjector - class com.zyh.easyapplyresume.model.pojo.user.UserCollections ,Not found @TableId annotation, Cannot use Mybatis-Plus 'xxById' Method.
2026-04-24 15:06:41.089 [main] DEBUG c.z.e.filter.UserJwtAuthFilter - Filter 'userJwtAuthFilter' configured for use
2026-04-24 15:06:41.092 [main] DEBUG c.z.e.filter.AdminJwtAuthFilter - Filter 'adminJwtAuthFilter' configured for use
2026-04-24 15:06:41.447 [main] INFO  c.z.e.s.i.admin.AdminSmsServiceImpl - 开始初始化阿里云短信客户端...
2026-04-24 15:06:41.950 [main] INFO  c.z.e.s.i.admin.AdminSmsServiceImpl - 阿里云短信客户端初始化完成
2026-04-24 15:06:42.880 [main] WARN  c.b.m.core.metadata.TableInfoHelper - Can not find table primary key in Class: "com.zyh.easyapplyresume.model.pojo.user.UserFirstCategoryQuestionBank".
2026-04-24 15:06:42.881 [main] WARN  c.b.m.c.injector.DefaultSqlInjector - class com.zyh.easyapplyresume.model.pojo.user.UserFirstCategoryQuestionBank ,Not found @TableId annotation, Cannot use Mybatis-Plus 'xxById' Method.
2026-04-24 15:06:44.769 [main] INFO  c.z.e.d.a.AdminSensitiveWordsAdvisor - 管理端敏感词初始化完成，共加载 137 个敏感词
2026-04-24 15:06:46.674 [main] INFO  c.z.s.ImageSearchMcpApplication - Starting ImageSearchMcpApplication v0.0.1-SNAPSHOT using Java 21.0.9 with PID 32764 (C:\Users\shini\IdeaProjects\EasyApplyResume\Image-Search-Mcp\target\Image-Search-Mcp-0.0.1-SNAPSHOT.jar started by shini in C:\Users\shini\IdeaProjects\EasyApplyResume)
2026-04-24 15:06:46.677 [main] INFO  c.z.s.ImageSearchMcpApplication - The following 1 profile is active: "stdio"
2026-04-24 15:06:48.060 [pool-1-thread-1] INFO  i.m.server.McpAsyncServer - Client initialize request - Protocol: 2024-11-05, Capabilities: ClientCapabilities[experimental=null, roots=null, sampling=null], Info: Implementation[name=spring-ai-mcp-client, version=1.0.0]
2026-04-24 15:06:48.119 [pool-6-thread-1] INFO  i.m.client.McpAsyncClient - Server response with Protocol: 2024-11-05, Capabilities: ServerCapabilities[experimental=null, logging=LoggingCapabilities[], prompts=null, resources=null, tools=ToolCapabilities[listChanged=true]], Info: Implementation[name=image-search-mcp-server, version=0.0.1] and Instructions null
2026-04-24 15:06:48.191 [main] INFO  c.z.s.ImageSearchMcpApplication - Started ImageSearchMcpApplication in 2.079 seconds (process running for 2.939)
2026-04-24 15:06:50.486 [pool-11-thread-1] INFO  i.m.c.transport.StdioClientTransport - STDERR Message received: Amap Maps MCP Server running on stdio
2026-04-24 15:06:50.493 [pool-9-thread-1] INFO  i.m.client.McpAsyncClient - Server response with Protocol: 2024-11-05, Capabilities: ServerCapabilities[experimental=null, logging=null, prompts=null, resources=null, tools=ToolCapabilities[listChanged=null]], Info: Implementation[name=mcp-server/amap-maps, version=0.1.0] and Instructions null
2026-04-24 15:06:50.774 [main] INFO  c.z.e.d.a.SensitiveWordsAdvisor - 用户端敏感词初始化完成，共加载 137 个敏感词
2026-04-24 15:06:51.065 [main] INFO  o.s.a.t.splitter.TextSplitter - Splitting up document into 2 chunks.
2026-04-24 15:06:51.068 [main] INFO  o.s.a.t.splitter.TextSplitter - Splitting up document into 2 chunks.
2026-04-24 15:06:51.073 [main] INFO  o.s.a.t.splitter.TextSplitter - Splitting up document into 2 chunks.
2026-04-24 15:06:54.584 [main] INFO  o.s.ai.vectorstore.SimpleVectorStore - Calling EmbeddingModel for document id = c9c06953-4bf0-47cc-94d1-947b15d9baf6
2026-04-24 15:06:54.804 [main] INFO  o.s.ai.vectorstore.SimpleVectorStore - Calling EmbeddingModel for document id = 162408a2-47f0-4521-b8d1-4002857f8b16
2026-04-24 15:06:55.146 [main] INFO  o.s.ai.vectorstore.SimpleVectorStore - Calling EmbeddingModel for document id = f6cc8ea8-89bd-42fa-b63c-a364dcc73f5c
2026-04-24 15:06:55.415 [main] INFO  c.z.e.s.impl.user.UserSmsServiceImpl - 开始初始化阿里云短信客户端...
2026-04-24 15:06:55.436 [main] INFO  c.z.e.s.impl.user.UserSmsServiceImpl - 阿里云短信客户端初始化完成
2026-04-24 15:06:56.209 [main] WARN  c.b.m.e.s.MybatisSqlSessionFactoryBean - Property 'mapperLocations' was specified but matching resources are not found.
2026-04-24 15:06:56.417 [main] INFO  o.s.a.v.pgvector.PgVectorStore - Using the vector table name: vector_store. Is empty: false
2026-04-24 15:06:56.429 [main] INFO  o.s.a.v.pgvector.PgVectorStore - Initializing PGVectorStore schema for table: vector_store in schema: public
2026-04-24 15:06:56.429 [main] INFO  o.s.a.v.pgvector.PgVectorStore - vectorTableValidationsEnabled false
2026-04-24 15:06:56.445 [main] INFO  com.zaxxer.hikari.HikariDataSource - HikariPool-1 - Starting...
2026-04-24 15:06:57.174 [main] INFO  com.zaxxer.hikari.pool.HikariPool - HikariPool-1 - Added connection org.postgresql.jdbc.PgConnection@ef2dcb2
2026-04-24 15:06:57.177 [main] INFO  com.zaxxer.hikari.HikariDataSource - HikariPool-1 - Start completed.
2026-04-24 15:06:58.007 [main] WARN  o.s.b.a.s.s.UserDetailsServiceAutoConfiguration - 

Using generated security password: 300a7113-f2de-43fd-adb3-847c6e093e81

This generated password is for development use only. Your security configuration must be updated before running your application in production.

2026-04-24 15:06:58.031 [main] INFO  o.s.s.c.a.a.c.InitializeUserDetailsBeanManagerConfigurer$InitializeUserDetailsManagerConfigurer - Global AuthenticationManager configured with UserDetailsService bean with name inMemoryUserDetailsManager
2026-04-24 15:06:59.472 [main] INFO  o.s.b.a.e.web.EndpointLinksResolver - Exposing 20 endpoints beneath base path '/actuator'
2026-04-24 15:07:06.327 [main] INFO  o.a.coyote.http11.Http11NioProtocol - Starting ProtocolHandler ["http-nio-8080"]
2026-04-24 15:07:06.348 [main] INFO  o.s.b.w.e.tomcat.TomcatWebServer - Tomcat started on port 8080 (http) with context path '/api'
2026-04-24 15:07:06.397 [main] INFO  c.a.n.p.a.s.c.ClientAuthPluginManager - [ClientAuthPluginManager] Load ClientAuthService com.alibaba.nacos.client.auth.impl.NacosClientAuthServiceImpl success.
2026-04-24 15:07:06.398 [main] INFO  c.a.n.p.a.s.c.ClientAuthPluginManager - [ClientAuthPluginManager] Load ClientAuthService com.alibaba.nacos.client.auth.ram.RamClientAuthServiceImpl success.
2026-04-24 15:07:07.125 [main] INFO  c.a.c.n.r.NacosServiceRegistry - nacos registry, DEFAULT_GROUP EasyApplyResume 192.168.1.137:8080 register finished
2026-04-24 15:07:07.177 [main] INFO  c.z.e.EasyApplyResumeApplication - Started EasyApplyResumeApplication in 40.024 seconds (process running for 41.803)
2026-04-24 15:07:08.605 [http-nio-8080-exec-3] INFO  o.a.c.c.C.[.[localhost].[/api] - Initializing Spring DispatcherServlet 'dispatcherServlet'
2026-04-24 15:07:08.605 [http-nio-8080-exec-3] INFO  o.s.web.servlet.DispatcherServlet - Initializing Servlet 'dispatcherServlet'
2026-04-24 15:07:08.607 [http-nio-8080-exec-3] INFO  o.s.web.servlet.DispatcherServlet - Completed initialization in 2 ms
2026-04-24 15:07:09.581 [http-nio-8080-exec-1] WARN  c.z.e.filter.AdminJwtAuthFilter - Token 不匹配或已失效，adminId: 1
2026-04-24 15:07:09.581 [http-nio-8080-exec-2] WARN  c.z.e.filter.AdminJwtAuthFilter - Token 不匹配或已失效，adminId: 1
2026-04-24 15:07:09.582 [http-nio-8080-exec-3] WARN  c.z.e.filter.AdminJwtAuthFilter - Token 不匹配或已失效，adminId: 1
2026-04-24 15:07:09.607 [main] INFO  c.a.c.n.r.NacosContextRefresher - [Nacos Config] Listening config: dataId=EasyApplyResume.yaml, group=DEFAULT_GROUP
2026-04-24 15:07:09.609 [main] INFO  c.a.c.n.r.NacosContextRefresher - [Nacos Config] Listening config: dataId=EasyApplyResume-dev.yaml, group=DEFAULT_GROUP
2026-04-24 15:07:10.900 [registrationTask1] WARN  d.c.b.a.c.r.ApplicationRegistrator - Failed to register application as Application(name=EasyApplyResume, managementUrl=http://backend-1:8080/actuator, healthUrl=http://backend-1:8080/actuator/health, serviceUrl=http://backend-1:8080) at spring-boot-admin ([http://EasyApplyResume-spring-boot-admin:9090/instances]): I/O error on POST request for "http://EasyApplyResume-spring-boot-admin:9090/instances": 不知道这样的主机。 (easyapplyresume-spring-boot-admin). Further attempts are logged on DEBUG level
2026-04-24 15:07:14.635 [http-nio-8080-exec-8] INFO  c.z.e.interceptor.UsallyInterceptor - 【请求开始】Method: POST, URI: /api/admin/auth/formalLogin, Controller: AdminAuthController.formalLogin, IP: 0:0:0:0:0:0:0:1, Params: {}
2026-04-24 15:07:14.682 [http-nio-8080-exec-8] INFO  com.zaxxer.hikari.HikariDataSource - HikariPool-2 - Starting...
2026-04-24 15:07:15.758 [http-nio-8080-exec-8] INFO  com.zaxxer.hikari.pool.HikariPool - HikariPool-2 - Added connection com.mysql.cj.jdbc.ConnectionImpl@53acdfdc
2026-04-24 15:07:15.759 [http-nio-8080-exec-8] INFO  com.zaxxer.hikari.HikariDataSource - HikariPool-2 - Start completed.
2026-04-24 15:07:15.959 [http-nio-8080-exec-8] INFO  c.z.e.s.s.S.ServiceLogAspect - 【Service执行】类: AdminAuthServiceImpl, 方法: formalLogin, 参数: [{"accountOrPhoneOrEmail":"18242991090","password":"zyh0.123"}]
2026-04-24 15:07:16.005 [http-nio-8080-exec-8] DEBUG c.z.e.m.m.a.A.findByAccountOrPhoneOrEmail - ==>  Preparing: select * from admin_admin where deleted = 0 and ( admin_account = ? or admin_phone = ? or admin_email = ? )
2026-04-24 15:07:16.040 [http-nio-8080-exec-8] DEBUG c.z.e.m.m.a.A.findByAccountOrPhoneOrEmail - ==> Parameters: 18242991090(String), 18242991090(String), 18242991090(String)
2026-04-24 15:07:16.186 [http-nio-8080-exec-8] DEBUG c.z.e.m.m.a.A.findByAccountOrPhoneOrEmail - <==      Total: 1
2026-04-24 15:07:16.337 [http-nio-8080-exec-8] DEBUG c.z.e.m.m.a.AdminMapper.updateById - ==>  Preparing: UPDATE admin_admin SET admin_account=?, admin_username=?, admin_email=?, admin_phone=?, admin_password=?, admin_image=?, admin_introduce=?, admin_state=?, admin_loginTime=? WHERE admin_id=? AND deleted=0
2026-04-24 15:07:16.343 [http-nio-8080-exec-8] DEBUG c.z.e.m.m.a.AdminMapper.updateById - ==> Parameters: 1812463057(String), 超级管理员(String), 1812463057@qq.com(String), 18242991090(String), $2a$10$Wz8s6hYf0UGOCCZ6Ff5QW.QgfqIQSJijiFXIqqplg3eGqw3HNxSeu(String), https://ts1.tc.mm.bing.net/th/id/R-C.928ef8908b5eb3666b2a27a1f6cfbe17?rik=h2FXLv1HNaxbTg&riu=http%3a%2f%2fp0.so.qhmsg.com%2ft018b5eb3666b2a27a1.jpg&ehk=QnGPPvZKq3cPW6%2bdkG%2b3zIRvAGXRsgYVTirfbvOBTaU%3d&risl=&pid=ImgRaw&r=0(String), 至高无上的超级管理员(String), 1(Integer), 2026-04-24 15:07:16.286(Timestamp), 1(Integer)
2026-04-24 15:07:16.506 [http-nio-8080-exec-8] DEBUG c.z.e.m.m.a.AdminMapper.updateById - <==    Updates: 1
2026-04-24 15:07:16.598 [http-nio-8080-exec-8] INFO  c.z.e.s.s.S.ServiceLogAspect - 【Service完成】类: AdminAuthServiceImpl, 方法: formalLogin, 返回值: eyJhbGciOiJIUzUxMiJ9.eyJ1c2VyVHlwZSI6ImFkbWluIiwidXNlck5hbWUiOiLotoXnuqfnrqHnkIblkZgiLCJ1c2VySWQiOjEsInN1YiI6Iui2hee6p-euoeeQhuWRmCIsImlhdCI6MTc3NzAxNDQzNiwiZXhwIjoxNzc3MDQzMjM2fQ.WJJSxHlvtbuvPFDO64azbkf_-haKooyFrXNmakWfnjz9wV6__HkwQ82y8cJIeeLa9kyhCqmNHfR8gKsSiQv9Zw, 耗时: 639ms
2026-04-24 15:07:16.741 [http-nio-8080-exec-8] INFO  c.z.e.interceptor.UsallyInterceptor - 【请求结束】Method: POST, URI: /api/admin/auth/formalLogin, Controller: AdminAuthController.formalLogin, Status: 200, Duration: 2107ms
2026-04-24 15:07:17.159 [http-nio-8080-exec-5] DEBUG c.z.e.m.m.a.AdminMapper.selectById - ==>  Preparing: SELECT admin_id,admin_account,admin_username,admin_email,admin_phone,admin_password,admin_image,admin_introduce,admin_state,admin_loginTime,deleted FROM admin_admin WHERE admin_id=? AND deleted=0
2026-04-24 15:07:17.159 [http-nio-8080-exec-5] DEBUG c.z.e.m.m.a.AdminMapper.selectById - ==> Parameters: 1(Integer)
2026-04-24 15:07:17.217 [http-nio-8080-exec-5] DEBUG c.z.e.m.m.a.AdminMapper.selectById - <==      Total: 1
2026-04-24 15:07:17.219 [http-nio-8080-exec-5] DEBUG c.z.e.m.m.a.A.findAdminInfoById - ==>  Preparing: select * from admin_admin left join admin_admin_role on admin_admin.admin_id = admin_admin_role.adminId left join admin_role on admin_admin_role.roleId = admin_role.role_id and admin_role.deleted = 0 left join admin_role_permission on admin_role.role_id = admin_role_permission.roleId left join admin_permission on admin_role_permission.permissionId = admin_permission.permission_id and admin_permission.deleted = 0 where admin_admin.admin_id = ? and admin_admin.deleted = 0
2026-04-24 15:07:17.220 [http-nio-8080-exec-5] DEBUG c.z.e.m.m.a.A.findAdminInfoById - ==> Parameters: 1(Integer)
2026-04-24 15:07:17.279 [http-nio-8080-exec-5] DEBUG c.z.e.m.m.a.A.findAdminInfoById - <==      Total: 1
2026-04-24 15:07:17.283 [http-nio-8080-exec-5] INFO  c.z.e.interceptor.UsallyInterceptor - 【请求开始】Method: POST, URI: /api/admin/auth/getAdminInfo, Controller: AdminAuthController.getAdminInfo, IP: 0:0:0:0:0:0:0:1, Params: {}
2026-04-24 15:07:17.290 [http-nio-8080-exec-5] INFO  c.z.e.interceptor.UsallyInterceptor - 【请求结束】Method: POST, URI: /api/admin/auth/getAdminInfo, Controller: AdminAuthController.getAdminInfo, Status: 200, Duration: 6ms
2026-04-24 15:07:17.506 [http-nio-8080-exec-6] DEBUG c.z.e.m.m.a.AdminMapper.selectById - ==>  Preparing: SELECT admin_id,admin_account,admin_username,admin_email,admin_phone,admin_password,admin_image,admin_introduce,admin_state,admin_loginTime,deleted FROM admin_admin WHERE admin_id=? AND deleted=0
2026-04-24 15:07:17.506 [http-nio-8080-exec-6] DEBUG c.z.e.m.m.a.AdminMapper.selectById - ==> Parameters: 1(Integer)
2026-04-24 15:07:17.566 [http-nio-8080-exec-6] DEBUG c.z.e.m.m.a.AdminMapper.selectById - <==      Total: 1
2026-04-24 15:07:17.567 [http-nio-8080-exec-6] DEBUG c.z.e.m.m.a.A.findAdminInfoById - ==>  Preparing: select * from admin_admin left join admin_admin_role on admin_admin.admin_id = admin_admin_role.adminId left join admin_role on admin_admin_role.roleId = admin_role.role_id and admin_role.deleted = 0 left join admin_role_permission on admin_role.role_id = admin_role_permission.roleId left join admin_permission on admin_role_permission.permissionId = admin_permission.permission_id and admin_permission.deleted = 0 where admin_admin.admin_id = ? and admin_admin.deleted = 0
2026-04-24 15:07:17.567 [http-nio-8080-exec-6] DEBUG c.z.e.m.m.a.A.findAdminInfoById - ==> Parameters: 1(Integer)
2026-04-24 15:07:17.628 [http-nio-8080-exec-6] DEBUG c.z.e.m.m.a.A.findAdminInfoById - <==      Total: 1
2026-04-24 15:07:17.630 [http-nio-8080-exec-6] INFO  c.z.e.interceptor.UsallyInterceptor - 【请求开始】Method: GET, URI: /api/admonitor/admin/announcement/getInfo, Controller: AdMonitorAdminAnnouncementController.getAnnouncementInfo, IP: 0:0:0:0:0:0:0:1, Params: {"_t":"1777014437430"}
2026-04-24 15:07:17.772 [http-nio-8080-exec-6] INFO  c.z.e.s.s.S.ServiceLogAspect - 【Service执行】类: AdMonitorAdminAnnouncementServiceImpl, 方法: getAnnouncementInfo, 参数: 无参数
2026-04-24 15:07:17.822 [http-nio-8080-exec-10] DEBUG c.z.e.m.m.a.AdminMapper.selectById - ==>  Preparing: SELECT admin_id,admin_account,admin_username,admin_email,admin_phone,admin_password,admin_image,admin_introduce,admin_state,admin_loginTime,deleted FROM admin_admin WHERE admin_id=? AND deleted=0
2026-04-24 15:07:17.823 [http-nio-8080-exec-10] DEBUG c.z.e.m.m.a.AdminMapper.selectById - ==> Parameters: 1(Integer)
2026-04-24 15:07:17.837 [http-nio-8080-exec-6] INFO  c.z.e.s.i.a.AdMonitorAdminAnnouncementServiceImpl - 从缓存获取管理员公告信息成功
2026-04-24 15:07:17.844 [http-nio-8080-exec-6] INFO  c.z.e.s.s.S.ServiceLogAspect - 【Service完成】类: AdMonitorAdminAnnouncementServiceImpl, 方法: getAnnouncementInfo, 返回值: {"announcementId":1,"announcementTitle":"管理端公告12","announcementContent":"管理端公告12","announcementUpdatedTime":1766419200000}, 耗时: 65ms
2026-04-24 15:07:17.875 [http-nio-8080-exec-10] DEBUG c.z.e.m.m.a.AdminMapper.selectById - <==      Total: 1
2026-04-24 15:07:17.875 [http-nio-8080-exec-10] DEBUG c.z.e.m.m.a.A.findAdminInfoById - ==>  Preparing: select * from admin_admin left join admin_admin_role on admin_admin.admin_id = admin_admin_role.adminId left join admin_role on admin_admin_role.roleId = admin_role.role_id and admin_role.deleted = 0 left join admin_role_permission on admin_role.role_id = admin_role_permission.roleId left join admin_permission on admin_role_permission.permissionId = admin_permission.permission_id and admin_permission.deleted = 0 where admin_admin.admin_id = ? and admin_admin.deleted = 0
2026-04-24 15:07:17.876 [http-nio-8080-exec-10] DEBUG c.z.e.m.m.a.A.findAdminInfoById - ==> Parameters: 1(Integer)
2026-04-24 15:07:17.931 [http-nio-8080-exec-10] DEBUG c.z.e.m.m.a.A.findAdminInfoById - <==      Total: 1
2026-04-24 15:07:17.933 [http-nio-8080-exec-10] INFO  c.z.e.interceptor.UsallyInterceptor - 【请求开始】Method: GET, URI: /api/admonitor/admin/advertisement/findAllAdmonitorAdminAdvertisement, Controller: AdmonitorAdminAdvertisementController.findAllAdmonitorAdminAdvertisement, IP: 0:0:0:0:0:0:0:1, Params: {"_t":"1777014437430"}
2026-04-24 15:07:17.950 [http-nio-8080-exec-6] INFO  c.z.e.interceptor.UsallyInterceptor - 【请求结束】Method: GET, URI: /api/admonitor/admin/announcement/getInfo, Controller: AdMonitorAdminAnnouncementController.getAnnouncementInfo, Status: 200, Duration: 321ms
2026-04-24 15:07:17.983 [http-nio-8080-exec-10] INFO  c.z.e.s.s.S.ServiceLogAspect - 【Service执行】类: AdmonitorAdminAdvertisementServiceImpl, 方法: findAllAdmonitorAdminAdvertisement, 参数: 无参数
2026-04-24 15:07:18.036 [http-nio-8080-exec-10] INFO  c.z.e.s.i.a.AdmonitorAdminAdvertisementServiceImpl - 查询所有广告开始
2026-04-24 15:07:18.068 [http-nio-8080-exec-10] DEBUG c.z.e.m.m.a.A.selectList - ==>  Preparing: SELECT adminAdvertisement_id AS advertisementId,adminAdvertisement_name AS advertisementName,adminAdvertisement_url AS advertisementUrl,adminAdvertisement_link AS advertisementLink,adminAdvertisement_startedTime AS advertisementStartedTime,adminAdvertisement_endTime AS advertisementEndTime,deleted FROM admonitor_adminAdvertisement WHERE deleted=0 AND (deleted = ? AND adminAdvertisement_startedTime <= ? AND adminAdvertisement_endTime > ?)
2026-04-24 15:07:18.069 [http-nio-8080-exec-10] DEBUG c.z.e.m.m.a.A.selectList - ==> Parameters: 0(Integer), 2026-04-24 15:07:18.037(Timestamp), 2026-04-24 15:07:18.037(Timestamp)
2026-04-24 15:07:18.129 [http-nio-8080-exec-10] DEBUG c.z.e.m.m.a.A.selectList - <==      Total: 1
2026-04-24 15:07:18.200 [http-nio-8080-exec-10] INFO  c.z.e.s.i.a.AdmonitorAdminAdvertisementServiceImpl - 查询所有广告成功
2026-04-24 15:07:18.201 [http-nio-8080-exec-10] INFO  c.z.e.s.s.S.ServiceLogAspect - 【Service完成】类: AdmonitorAdminAdvertisementServiceImpl, 方法: findAllAdmonitorAdminAdvertisement, 返回值: [{"advertisementId":1,"advertisementName":"华为手机1","advertisementUrl":"https://ts2.tc.mm.bing.net/th/id/OIP-C.9hB59eg5ODjsS16R_NMQVAHaFl?cb=ucfimg2&ucfimg=1&rs=1&pid=ImgDetMain&o=7&rm=3","advertisementLink":"https://www.huawei.com/cn/","advertisementStartedTime":1751990400000,"advertisementEndTime":1786464000000}], 耗时: 216ms
2026-04-24 15:07:18.306 [http-nio-8080-exec-10] INFO  c.z.e.interceptor.UsallyInterceptor - 【请求结束】Method: GET, URI: /api/admonitor/admin/advertisement/findAllAdmonitorAdminAdvertisement, Controller: AdmonitorAdminAdvertisementController.findAllAdmonitorAdminAdvertisement, Status: 200, Duration: 374ms
2026-04-24 15:07:22.629 [http-nio-8080-exec-7] DEBUG c.z.e.m.m.a.AdminMapper.selectById - ==>  Preparing: SELECT admin_id,admin_account,admin_username,admin_email,admin_phone,admin_password,admin_image,admin_introduce,admin_state,admin_loginTime,deleted FROM admin_admin WHERE admin_id=? AND deleted=0
2026-04-24 15:07:22.631 [http-nio-8080-exec-7] DEBUG c.z.e.m.m.a.AdminMapper.selectById - ==> Parameters: 1(Integer)
2026-04-24 15:07:22.684 [http-nio-8080-exec-7] DEBUG c.z.e.m.m.a.AdminMapper.selectById - <==      Total: 1
2026-04-24 15:07:22.685 [http-nio-8080-exec-7] DEBUG c.z.e.m.m.a.A.findAdminInfoById - ==>  Preparing: select * from admin_admin left join admin_admin_role on admin_admin.admin_id = admin_admin_role.adminId left join admin_role on admin_admin_role.roleId = admin_role.role_id and admin_role.deleted = 0 left join admin_role_permission on admin_role.role_id = admin_role_permission.roleId left join admin_permission on admin_role_permission.permissionId = admin_permission.permission_id and admin_permission.deleted = 0 where admin_admin.admin_id = ? and admin_admin.deleted = 0
2026-04-24 15:07:22.685 [http-nio-8080-exec-7] DEBUG c.z.e.m.m.a.A.findAdminInfoById - ==> Parameters: 1(Integer)
2026-04-24 15:07:22.739 [http-nio-8080-exec-7] DEBUG c.z.e.m.m.a.A.findAdminInfoById - <==      Total: 1
2026-04-24 15:07:22.743 [http-nio-8080-exec-7] INFO  c.z.e.interceptor.UsallyInterceptor - 【请求开始】Method: POST, URI: /api/admin/scoreTrainingData/findScoreTrainingDataByPage, Controller: AdminScoreTrainingDataController.findScoreTrainingDataByPage, IP: 0:0:0:0:0:0:0:1, Params: {"pageSize":"10","pageNum":"1"}
2026-04-24 15:07:22.801 [http-nio-8080-exec-7] INFO  c.z.e.s.s.S.ServiceLogAspect - 【Service执行】类: AdminScoreTrainingDataServiceImpl, 方法: findScoreTrainingDataByPage, 参数: [1,10,{"scoreTrainingDataResumeName":"","scoreTrainingDataIndustryName":""}]
2026-04-24 15:07:22.900 [http-nio-8080-exec-7] DEBUG c.z.e.m.m.a.A.selectList_mpCount - ==>  Preparing: SELECT COUNT(*) AS total FROM admin_scoreTrainingData WHERE deleted = 0 AND (deleted = ?)
2026-04-24 15:07:22.900 [http-nio-8080-exec-7] DEBUG c.z.e.m.m.a.A.selectList_mpCount - ==> Parameters: 0(Integer)
2026-04-24 15:07:22.954 [http-nio-8080-exec-7] DEBUG c.z.e.m.m.a.A.selectList_mpCount - <==      Total: 1
2026-04-24 15:07:22.958 [http-nio-8080-exec-7] DEBUG c.z.e.m.m.a.A.selectList - ==>  Preparing: SELECT scoreTrainingData_id,scoreTrainingData_resumeName,scoreTrainingData_industryName,scoreTrainingData_resumeContent,scoreTrainingData_labelScore,scoreTrainingData_dataSource,scoreTrainingData_createTime,deleted FROM admin_scoreTrainingData WHERE deleted=0 AND (deleted = ?) ORDER BY scoreTrainingData_createTime DESC LIMIT ?
2026-04-24 15:07:22.961 [http-nio-8080-exec-7] DEBUG c.z.e.m.m.a.A.selectList - ==> Parameters: 0(Integer), 10(Long)
2026-04-24 15:07:23.077 [http-nio-8080-exec-7] DEBUG c.z.e.m.m.a.A.selectList - <==      Total: 6
2026-04-24 15:07:23.086 [http-nio-8080-exec-7] INFO  c.z.e.s.s.S.ServiceLogAspect - 【Service完成】类: AdminScoreTrainingDataServiceImpl, 方法: findScoreTrainingDataByPage, 返回值: {"records":[{"scoreTrainingDataId":6,"scoreTrainingDataResumeName":"123123","scoreTrainingDataIndustryName":"互联网","scoreTrainingDataLabelScore":0,"scoreTrainingDataDataSource":1,"scoreTrainingDataCreateTime":1777003504000},{"scoreTrainingDataId":5,"scoreTrainingDataResumeName":"123123","scoreTrainingDataIndustryName":"互联网","scoreTrainingDataLabelScore":0,"scoreTrainingDataDataSource":1,"scoreTrainingDataCreateTime":1777003161000},{"scoreTrainingDataId":4,"scoreTrainingDataResumeName":"优秀中级前端开发工程师简历","scoreTrainingDataIndustryName":"互联网","scoreTrainingDataLabelScore":88,"scoreTrainingDataDataSource":0,"scoreTrainingDataCreateTime":1776863068000},{"scoreTrainingDataId":3,"scoreTrainingDataResumeName":"基础初级前端开发工程师简历","scoreTrainingDataIndustryName":"互联网","scoreTrainingDataLabelScore":60,"scoreTrainingDataDataSource":0,"scoreTrainingDataCreateTime":1776863039000},{"scoreTrainingDataId":2,"scoreTrainingDataResumeName":"中等初级前端开发工程师简历","scoreTrainingDataIndustryName":"互联网","scoreTrainingDataLabelScore":72,"scoreTrainingDataDataSource":0,"scoreTrainingDataCreateTime":1776863037000},{"scoreTrainingDataId":1,"scoreTrainingDataResumeName":"优秀初级前端开发工程师简历","scoreTrainingDataIndustryName":"互联网","scoreTrainingDataLabelScore":82,"scoreTrainingDataDataSource":0,"scoreTrainingDataCreateTime":1776862799000}],"total":6,"size":10,"current":1}, 耗时: 277ms
2026-04-24 15:07:23.194 [http-nio-8080-exec-7] INFO  c.z.e.interceptor.UsallyInterceptor - 【请求结束】Method: POST, URI: /api/admin/scoreTrainingData/findScoreTrainingDataByPage, Controller: AdminScoreTrainingDataController.findScoreTrainingDataByPage, Status: 200, Duration: 452ms
2026-04-24 15:07:24.378 [http-nio-8080-exec-4] DEBUG c.z.e.m.m.a.AdminMapper.selectById - ==>  Preparing: SELECT admin_id,admin_account,admin_username,admin_email,admin_phone,admin_password,admin_image,admin_introduce,admin_state,admin_loginTime,deleted FROM admin_admin WHERE admin_id=? AND deleted=0
2026-04-24 15:07:24.379 [http-nio-8080-exec-4] DEBUG c.z.e.m.m.a.AdminMapper.selectById - ==> Parameters: 1(Integer)
2026-04-24 15:07:24.432 [http-nio-8080-exec-4] DEBUG c.z.e.m.m.a.AdminMapper.selectById - <==      Total: 1
2026-04-24 15:07:24.433 [http-nio-8080-exec-4] DEBUG c.z.e.m.m.a.A.findAdminInfoById - ==>  Preparing: select * from admin_admin left join admin_admin_role on admin_admin.admin_id = admin_admin_role.adminId left join admin_role on admin_admin_role.roleId = admin_role.role_id and admin_role.deleted = 0 left join admin_role_permission on admin_role.role_id = admin_role_permission.roleId left join admin_permission on admin_role_permission.permissionId = admin_permission.permission_id and admin_permission.deleted = 0 where admin_admin.admin_id = ? and admin_admin.deleted = 0
2026-04-24 15:07:24.433 [http-nio-8080-exec-4] DEBUG c.z.e.m.m.a.A.findAdminInfoById - ==> Parameters: 1(Integer)
2026-04-24 15:07:24.494 [http-nio-8080-exec-4] DEBUG c.z.e.m.m.a.A.findAdminInfoById - <==      Total: 1
2026-04-24 15:07:24.497 [http-nio-8080-exec-4] INFO  c.z.e.interceptor.UsallyInterceptor - 【请求开始】Method: POST, URI: /api/admin/scoreModelTrainCode/findScoreModelTrainCodeByPage, Controller: AdminScoreModelTrainCodeController.findScoreModelTrainCodeByPage, IP: 0:0:0:0:0:0:0:1, Params: {"pageSize":"10","pageNum":"1"}
2026-04-24 15:07:24.558 [http-nio-8080-exec-4] INFO  c.z.e.s.s.S.ServiceLogAspect - 【Service执行】类: AdminScoreModelTrainCodeServiceImpl, 方法: findScoreModelTrainCodeByPage, 参数: [1,10,{"scoreModelTrainCodeName":"","scoreModelTrainCodeLanguage":""}]
2026-04-24 15:07:24.564 [http-nio-8080-exec-4] DEBUG c.z.e.m.m.a.A.selectList_mpCount - ==>  Preparing: SELECT COUNT(*) AS total FROM admin_scoreModelTrainCode WHERE deleted = 0 AND (deleted = ?)
2026-04-24 15:07:24.564 [http-nio-8080-exec-4] DEBUG c.z.e.m.m.a.A.selectList_mpCount - ==> Parameters: 0(Integer)
2026-04-24 15:07:24.618 [http-nio-8080-exec-4] DEBUG c.z.e.m.m.a.A.selectList_mpCount - <==      Total: 1
2026-04-24 15:07:24.618 [http-nio-8080-exec-4] DEBUG c.z.e.m.m.a.A.selectList - ==>  Preparing: SELECT scoreModelTrainCode_id,scoreModelTrainCode_name,scoreModelTrainCode_version,scoreModelTrainCode_language,scoreModelTrainCode_content,scoreModelTrainCode_desc,scoreModelTrainCode_createTime,deleted FROM admin_scoreModelTrainCode WHERE deleted=0 AND (deleted = ?) ORDER BY scoreModelTrainCode_createTime DESC LIMIT ?
2026-04-24 15:07:24.618 [http-nio-8080-exec-4] DEBUG c.z.e.m.m.a.A.selectList - ==> Parameters: 0(Integer), 10(Long)
2026-04-24 15:07:24.724 [http-nio-8080-exec-4] DEBUG c.z.e.m.m.a.A.selectList - <==      Total: 1
2026-04-24 15:07:24.726 [http-nio-8080-exec-4] INFO  c.z.e.s.s.S.ServiceLogAspect - 【Service完成】类: AdminScoreModelTrainCodeServiceImpl, 方法: findScoreModelTrainCodeByPage, 返回值: {"records":[{"scoreModelTrainCodeId":1,"scoreModelTrainCodeName":"基于XgBoost的简历评分模型代码","scoreModelTrainCodeVersion":"V0.0","scoreModelTrainCodeLanguage":"Python","scoreModelTrainCodeDesc":"基于XgBoost的简历评分模型代码","scoreModelTrainCodeCreateTime":1776908820000}],"total":1,"size":10,"current":1}, 耗时: 167ms
2026-04-24 15:07:24.835 [http-nio-8080-exec-4] INFO  c.z.e.interceptor.UsallyInterceptor - 【请求结束】Method: POST, URI: /api/admin/scoreModelTrainCode/findScoreModelTrainCodeByPage, Controller: AdminScoreModelTrainCodeController.findScoreModelTrainCodeByPage, Status: 200, Duration: 337ms
2026-04-24 15:54:45.667 [nacos.client.config.listener.task-0] INFO  c.a.c.n.r.NacosContextRefresher - [Nacos Config] Receive Nacos config change: dataId=EasyApplyResume-dev.yaml, group=DEFAULT_GROUP
2026-04-24 15:54:46.148 [nacos.client.config.listener.task-0] INFO  c.a.c.n.c.NacosConfigDataLoader - [Nacos Config] Load config[dataId=EasyApplyResume-dev.yaml, group=DEFAULT_GROUP] success
2026-04-24 15:54:46.148 [nacos.client.config.listener.task-0] INFO  c.a.c.n.c.NacosConfigDataLoader - [Nacos Config] Load config[dataId=EasyApplyResume.yaml, group=DEFAULT_GROUP] success
2026-04-24 15:54:46.273 [nacos.client.config.listener.task-0] INFO  o.s.boot.SpringApplication - The following 1 profile is active: "dev"
2026-04-24 15:54:46.284 [nacos.client.config.listener.task-0] INFO  o.s.boot.SpringApplication - Started application in 0.532 seconds (process running for 2900.91)
2026-04-24 15:54:46.984 [nacos.client.config.listener.task-0] INFO  o.s.c.e.event.RefreshEventListener - Refresh keys changed: [spring.ai.mcp.client.stdio.servers-configuration]
2026-04-25 00:12:15.713 [HikariPool-2 housekeeper] WARN  com.zaxxer.hikari.pool.HikariPool - HikariPool-2 - Thread starvation or clock leap detected (housekeeper delta=7h27m28s336ms455µs800ns).
2026-04-25 00:12:26.183 [HikariPool-1 housekeeper] WARN  com.zaxxer.hikari.pool.HikariPool - HikariPool-1 - Thread starvation or clock leap detected (housekeeper delta=7h27m27s439ms315µs).
2026-04-25 00:41:54.483 [Thread-1] WARN  c.a.n.c.executor.ThreadPoolManager - [ThreadPoolManager] Start destroying ThreadPool
2026-04-25 00:41:54.483 [Thread-7] WARN  c.a.n.c.http.HttpClientBeanHolder - [HttpClientBeanHolder] Start destroying common HttpClient
2026-04-25 00:41:54.483 [Thread-9] WARN  c.a.nacos.common.notify.NotifyCenter - [NotifyCenter] Start destroying Publisher
2026-04-25 00:41:54.492 [Thread-9] WARN  c.a.nacos.common.notify.NotifyCenter - [NotifyCenter] Destruction of the end
2026-04-25 00:41:54.496 [Thread-1] WARN  c.a.n.c.executor.ThreadPoolManager - [ThreadPoolManager] Destruction of the end
2026-04-25 00:41:54.514 [Thread-7] WARN  c.a.n.c.http.HttpClientBeanHolder - [HttpClientBeanHolder] Destruction of the end
2026-04-25 00:41:54.581 [SpringApplicationShutdownHook] INFO  c.a.c.n.r.NacosServiceRegistry - De-registering from Nacos Server now...
2026-04-25 00:41:54.669 [SpringApplicationShutdownHook] INFO  c.a.c.n.r.NacosServiceRegistry - De-registration finished.
2026-04-25 00:42:04.702 [SpringApplicationShutdownHook] INFO  c.a.c.n.r.NacosGracefulShutdownDelegate - Nacos client graceful shutdown has been executed successfully. Graceful shutdown wait time is 10000
2026-04-25 00:42:04.763 [scheduling-1] INFO  c.z.e.t.a.AdmonitorUserDaliyUserNumScheduledTask - 开始执行统计今日管理员数量任务
2026-04-25 00:42:09.932 [scheduling-1] WARN  com.zaxxer.hikari.pool.PoolBase - HikariPool-2 - Failed to validate connection com.mysql.cj.jdbc.ConnectionImpl@29ed5cca (No operations allowed after connection closed.). Possibly consider using a shorter maxLifetime value.
2026-04-25 00:42:14.941 [scheduling-1] WARN  com.zaxxer.hikari.pool.PoolBase - HikariPool-2 - Failed to validate connection com.mysql.cj.jdbc.ConnectionImpl@7ab309f (No operations allowed after connection closed.). Possibly consider using a shorter maxLifetime value.
2026-04-25 00:42:19.955 [scheduling-1] WARN  com.zaxxer.hikari.pool.PoolBase - HikariPool-2 - Failed to validate connection com.mysql.cj.jdbc.ConnectionImpl@22bde569 (No operations allowed after connection closed.). Possibly consider using a shorter maxLifetime value.
2026-04-25 00:42:20.007 [scheduling-1] DEBUG c.z.e.m.m.user.UserMapper.selectList - ==>  Preparing: SELECT user_id,user_account,user_username,user_email,user_phone,user_password,user_image,user_introduce,user_createdTime,user_loginTime,user_dreamPosition,user_dreamMinMonthSalary,user_dreamMaxMonthSalary,user_dreamWeekWorkDayNum,user_dreamGoodWelfare,user_recruitLocationFirst,user_recruitLocationSecond,user_recruitLocationDetail,user_universityCode FROM user_user
2026-04-25 00:42:20.013 [scheduling-1] DEBUG c.z.e.m.m.user.UserMapper.selectList - ==> Parameters: 
2026-04-25 00:42:20.087 [scheduling-1] DEBUG c.z.e.m.m.user.UserMapper.selectList - <==      Total: 9
2026-04-25 00:42:20.165 [scheduling-1] INFO  c.z.e.s.s.S.ServiceLogAspect - 【Service执行】类: AdmonitorUserDaliyUserNumServiceImpl, 方法: addAdmonitorUserDaliyUserNum, 参数: [{"userDaliyUserNumDate":1777048940090,"userDaliyUserNumNum":9}]
2026-04-25 00:42:20.166 [scheduling-1] INFO  c.z.e.s.i.a.AdmonitorUserDaliyUserNumServiceImpl - 新增记录开始
2026-04-25 00:42:20.181 [scheduling-1] DEBUG c.z.e.m.m.a.A.insert - ==>  Preparing: INSERT INTO admonitor_userDaliyUserNum ( userDaliyUserNum_date, userDaliyUserNum_num ) VALUES ( ?, ? )
2026-04-25 00:42:20.186 [scheduling-1] DEBUG c.z.e.m.m.a.A.insert - ==> Parameters: 2026-04-25 00:42:20.09(Timestamp), 9(Integer)
2026-04-25 00:42:20.288 [scheduling-1] DEBUG c.z.e.m.m.a.A.insert - <==    Updates: 1
2026-04-25 00:42:20.318 [scheduling-1] INFO  c.z.e.s.s.S.ServiceLogAspect - 【Service完成】类: AdmonitorUserDaliyUserNumServiceImpl, 方法: addAdmonitorUserDaliyUserNum, 返回值: {}, 耗时: 151ms
2026-04-25 00:42:20.417 [scheduling-1] INFO  c.z.e.t.a.AdmonitorUserDaliyUserNumScheduledTask - 今日管理员数量统计完成
2026-04-25 00:42:20.428 [scheduling-1] INFO  c.z.e.t.a.AdmonitorAdminDaliyAdminNumScheduledTask - 开始执行统计今日管理员数量任务
2026-04-25 00:42:20.429 [scheduling-1] DEBUG c.z.e.m.m.a.AdminMapper.selectList - ==>  Preparing: SELECT admin_id,admin_account,admin_username,admin_email,admin_phone,admin_password,admin_image,admin_introduce,admin_state,admin_loginTime,deleted FROM admin_admin WHERE deleted=0
2026-04-25 00:42:20.429 [scheduling-1] DEBUG c.z.e.m.m.a.AdminMapper.selectList - ==> Parameters: 
2026-04-25 00:42:20.482 [scheduling-1] DEBUG c.z.e.m.m.a.AdminMapper.selectList - <==      Total: 5
2026-04-25 00:42:20.539 [scheduling-1] INFO  c.z.e.s.s.S.ServiceLogAspect - 【Service执行】类: AdmonitorAdminDaliyAdminNumServiceImpl, 方法: addAdmonitorAdminDaliyAdminNum, 参数: [{"adminDaliyAdminNumDate":1777048940483,"adminDaliyAdminNumNum":5}]
2026-04-25 00:42:20.541 [scheduling-1] INFO  c.z.e.s.i.a.AdmonitorAdminDaliyAdminNumServiceImpl - 新增记录开始
2026-04-25 00:42:20.544 [scheduling-1] DEBUG c.z.e.m.m.a.A.insert - ==>  Preparing: INSERT INTO admonitor_adminDaliyAdminNum ( adminDaliyAdminNum_date, adminDaliyAdminNum_num ) VALUES ( ?, ? )
2026-04-25 00:42:20.545 [scheduling-1] DEBUG c.z.e.m.m.a.A.insert - ==> Parameters: 2026-04-25 00:42:20.483(Timestamp), 5(Integer)
2026-04-25 00:42:20.644 [scheduling-1] DEBUG c.z.e.m.m.a.A.insert - <==    Updates: 1
2026-04-25 00:42:20.645 [scheduling-1] INFO  c.z.e.s.s.S.ServiceLogAspect - 【Service完成】类: AdmonitorAdminDaliyAdminNumServiceImpl, 方法: addAdmonitorAdminDaliyAdminNum, 返回值: {}, 耗时: 105ms
2026-04-25 00:42:20.743 [scheduling-1] INFO  c.z.e.t.a.AdmonitorAdminDaliyAdminNumScheduledTask - 今日管理员数量统计完成
2026-04-25 00:42:20.791 [SpringApplicationShutdownHook] INFO  com.zaxxer.hikari.HikariDataSource - HikariPool-1 - Shutdown initiated...
2026-04-25 00:42:20.812 [SpringApplicationShutdownHook] INFO  com.zaxxer.hikari.HikariDataSource - HikariPool-1 - Shutdown completed.
2026-04-25 00:42:20.815 [SpringApplicationShutdownHook] INFO  c.z.e.s.impl.user.UserSmsServiceImpl - 关闭阿里云短信客户端...
2026-04-25 00:42:20.839 [SpringApplicationShutdownHook] INFO  c.z.e.s.impl.user.UserSmsServiceImpl - 阿里云短信客户端已关闭
2026-04-25 00:42:20.841 [SpringApplicationShutdownHook] INFO  c.z.e.s.i.admin.AdminSmsServiceImpl - 关闭阿里云短信客户端...
2026-04-25 00:42:20.845 [SpringApplicationShutdownHook] INFO  c.z.e.s.i.admin.AdminSmsServiceImpl - 阿里云短信客户端已关闭
2026-04-25 00:42:20.863 [SpringApplicationShutdownHook] INFO  com.zaxxer.hikari.HikariDataSource - HikariPool-2 - Shutdown initiated...
2026-04-25 00:42:20.868 [SpringApplicationShutdownHook] INFO  com.zaxxer.hikari.HikariDataSource - HikariPool-2 - Shutdown completed.
2026-04-25 00:42:20.908 [parallel-7] WARN  i.m.c.transport.StdioClientTransport - Process terminated with code 1
