2026-01-02 21:43:06.398 [main] INFO  c.a.n.client.logging.NacosLogging - Nacos Logging Adapter Builder: com.alibaba.nacos.logger.adapter.logback12.LogbackNacosLoggingAdapterBuilder
2026-01-02 21:43:06.401 [main] INFO  c.a.n.client.logging.NacosLogging - Nacos Logging Adapter Builder: com.alibaba.nacos.logger.adapter.logback14.LogbackNacosLoggingAdapterBuilder
2026-01-02 21:43:06.402 [main] INFO  c.a.n.client.logging.NacosLogging - Nacos Logging Adapter: com.alibaba.nacos.logger.adapter.logback14.LogbackNacosLoggingAdapter match ch.qos.logback.classic.Logger success.
2026-01-02 21:43:06.411 [main] INFO  c.a.n.client.logging.NacosLogging - Nacos Logging Adapter Builder: com.alibaba.nacos.logger.adapter.log4j2.Log4j2NacosLoggingAdapterBuilder
2026-01-02 21:43:06.423 [background-preinit] INFO  o.h.validator.internal.util.Version - HV000001: Hibernate Validator 8.0.1.Final
2026-01-02 21:43:06.573 [main] INFO  c.z.e.EasyApplyResumeApplication - Starting EasyApplyResumeApplication using Java 21.0.9 with PID 23120 (D:\EasyApplyResume\EasyApplyResume\target\classes started by zhaoyunhan1 in D:\EasyApplyResume\EasyApplyResume)
2026-01-02 21:43:06.573 [main] DEBUG c.z.e.EasyApplyResumeApplication - Running with Spring Boot v3.3.5, Spring v6.1.14
2026-01-02 21:43:06.575 [main] INFO  c.z.e.EasyApplyResumeApplication - The following 1 profile is active: "dev"
2026-01-02 21:43:08.173 [main] INFO  o.s.d.r.c.RepositoryConfigurationDelegate - Multiple Spring Data modules found, entering strict repository configuration mode
2026-01-02 21:43:08.176 [main] INFO  o.s.d.r.c.RepositoryConfigurationDelegate - Bootstrapping Spring Data Redis repositories in DEFAULT mode.
2026-01-02 21:43:08.271 [main] INFO  o.s.d.r.c.RepositoryConfigurationDelegate - Finished Spring Data repository scanning in 84 ms. Found 0 Redis repository interfaces.
2026-01-02 21:43:08.399 [main] WARN  o.m.s.mapper.ClassPathMapperScanner - Cannot use both: sqlSessionTemplate and sqlSessionFactory together. sqlSessionFactory is ignored.
2026-01-02 21:43:08.400 [main] WARN  o.m.s.mapper.ClassPathMapperScanner - Cannot use both: sqlSessionTemplate and sqlSessionFactory together. sqlSessionFactory is ignored.
2026-01-02 21:43:08.401 [main] WARN  o.m.s.mapper.ClassPathMapperScanner - Cannot use both: sqlSessionTemplate and sqlSessionFactory together. sqlSessionFactory is ignored.
2026-01-02 21:43:08.401 [main] WARN  o.m.s.mapper.ClassPathMapperScanner - Cannot use both: sqlSessionTemplate and sqlSessionFactory together. sqlSessionFactory is ignored.
2026-01-02 21:43:08.402 [main] WARN  o.m.s.mapper.ClassPathMapperScanner - Cannot use both: sqlSessionTemplate and sqlSessionFactory together. sqlSessionFactory is ignored.
2026-01-02 21:43:08.403 [main] WARN  o.m.s.mapper.ClassPathMapperScanner - Cannot use both: sqlSessionTemplate and sqlSessionFactory together. sqlSessionFactory is ignored.
2026-01-02 21:43:08.403 [main] WARN  o.m.s.mapper.ClassPathMapperScanner - Cannot use both: sqlSessionTemplate and sqlSessionFactory together. sqlSessionFactory is ignored.
2026-01-02 21:43:08.404 [main] WARN  o.m.s.mapper.ClassPathMapperScanner - Cannot use both: sqlSessionTemplate and sqlSessionFactory together. sqlSessionFactory is ignored.
2026-01-02 21:43:08.405 [main] WARN  o.m.s.mapper.ClassPathMapperScanner - Cannot use both: sqlSessionTemplate and sqlSessionFactory together. sqlSessionFactory is ignored.
2026-01-02 21:43:08.405 [main] WARN  o.m.s.mapper.ClassPathMapperScanner - Cannot use both: sqlSessionTemplate and sqlSessionFactory together. sqlSessionFactory is ignored.
2026-01-02 21:43:08.406 [main] WARN  o.m.s.mapper.ClassPathMapperScanner - Cannot use both: sqlSessionTemplate and sqlSessionFactory together. sqlSessionFactory is ignored.
2026-01-02 21:43:08.406 [main] WARN  o.m.s.mapper.ClassPathMapperScanner - Cannot use both: sqlSessionTemplate and sqlSessionFactory together. sqlSessionFactory is ignored.
2026-01-02 21:43:08.407 [main] WARN  o.m.s.mapper.ClassPathMapperScanner - Cannot use both: sqlSessionTemplate and sqlSessionFactory together. sqlSessionFactory is ignored.
2026-01-02 21:43:08.407 [main] WARN  o.m.s.mapper.ClassPathMapperScanner - Cannot use both: sqlSessionTemplate and sqlSessionFactory together. sqlSessionFactory is ignored.
2026-01-02 21:43:08.408 [main] WARN  o.m.s.mapper.ClassPathMapperScanner - Cannot use both: sqlSessionTemplate and sqlSessionFactory together. sqlSessionFactory is ignored.
2026-01-02 21:43:08.408 [main] WARN  o.m.s.mapper.ClassPathMapperScanner - Cannot use both: sqlSessionTemplate and sqlSessionFactory together. sqlSessionFactory is ignored.
2026-01-02 21:43:08.409 [main] WARN  o.m.s.mapper.ClassPathMapperScanner - Cannot use both: sqlSessionTemplate and sqlSessionFactory together. sqlSessionFactory is ignored.
2026-01-02 21:43:08.409 [main] WARN  o.m.s.mapper.ClassPathMapperScanner - Cannot use both: sqlSessionTemplate and sqlSessionFactory together. sqlSessionFactory is ignored.
2026-01-02 21:43:08.410 [main] WARN  o.m.s.mapper.ClassPathMapperScanner - Cannot use both: sqlSessionTemplate and sqlSessionFactory together. sqlSessionFactory is ignored.
2026-01-02 21:43:08.410 [main] WARN  o.m.s.mapper.ClassPathMapperScanner - Cannot use both: sqlSessionTemplate and sqlSessionFactory together. sqlSessionFactory is ignored.
2026-01-02 21:43:08.410 [main] WARN  o.m.s.mapper.ClassPathMapperScanner - Cannot use both: sqlSessionTemplate and sqlSessionFactory together. sqlSessionFactory is ignored.
2026-01-02 21:43:08.411 [main] WARN  o.m.s.mapper.ClassPathMapperScanner - Cannot use both: sqlSessionTemplate and sqlSessionFactory together. sqlSessionFactory is ignored.
2026-01-02 21:43:08.411 [main] WARN  o.m.s.mapper.ClassPathMapperScanner - Cannot use both: sqlSessionTemplate and sqlSessionFactory together. sqlSessionFactory is ignored.
2026-01-02 21:43:08.412 [main] WARN  o.m.s.mapper.ClassPathMapperScanner - Cannot use both: sqlSessionTemplate and sqlSessionFactory together. sqlSessionFactory is ignored.
2026-01-02 21:43:08.412 [main] WARN  o.m.s.mapper.ClassPathMapperScanner - Cannot use both: sqlSessionTemplate and sqlSessionFactory together. sqlSessionFactory is ignored.
2026-01-02 21:43:08.413 [main] WARN  o.m.s.mapper.ClassPathMapperScanner - Cannot use both: sqlSessionTemplate and sqlSessionFactory together. sqlSessionFactory is ignored.
2026-01-02 21:43:08.413 [main] WARN  o.m.s.mapper.ClassPathMapperScanner - Cannot use both: sqlSessionTemplate and sqlSessionFactory together. sqlSessionFactory is ignored.
2026-01-02 21:43:08.414 [main] WARN  o.m.s.mapper.ClassPathMapperScanner - Cannot use both: sqlSessionTemplate and sqlSessionFactory together. sqlSessionFactory is ignored.
2026-01-02 21:43:08.414 [main] WARN  o.m.s.mapper.ClassPathMapperScanner - Cannot use both: sqlSessionTemplate and sqlSessionFactory together. sqlSessionFactory is ignored.
2026-01-02 21:43:08.415 [main] WARN  o.m.s.mapper.ClassPathMapperScanner - Cannot use both: sqlSessionTemplate and sqlSessionFactory together. sqlSessionFactory is ignored.
2026-01-02 21:43:08.416 [main] WARN  o.m.s.mapper.ClassPathMapperScanner - Cannot use both: sqlSessionTemplate and sqlSessionFactory together. sqlSessionFactory is ignored.
2026-01-02 21:43:08.416 [main] WARN  o.m.s.mapper.ClassPathMapperScanner - Cannot use both: sqlSessionTemplate and sqlSessionFactory together. sqlSessionFactory is ignored.
2026-01-02 21:43:08.417 [main] WARN  o.m.s.mapper.ClassPathMapperScanner - Cannot use both: sqlSessionTemplate and sqlSessionFactory together. sqlSessionFactory is ignored.
2026-01-02 21:43:08.418 [main] WARN  o.m.s.mapper.ClassPathMapperScanner - Cannot use both: sqlSessionTemplate and sqlSessionFactory together. sqlSessionFactory is ignored.
2026-01-02 21:43:08.419 [main] WARN  o.m.s.mapper.ClassPathMapperScanner - Cannot use both: sqlSessionTemplate and sqlSessionFactory together. sqlSessionFactory is ignored.
2026-01-02 21:43:08.420 [main] WARN  o.m.s.mapper.ClassPathMapperScanner - Cannot use both: sqlSessionTemplate and sqlSessionFactory together. sqlSessionFactory is ignored.
2026-01-02 21:43:08.420 [main] WARN  o.m.s.mapper.ClassPathMapperScanner - Cannot use both: sqlSessionTemplate and sqlSessionFactory together. sqlSessionFactory is ignored.
2026-01-02 21:43:08.420 [main] WARN  o.m.s.mapper.ClassPathMapperScanner - Cannot use both: sqlSessionTemplate and sqlSessionFactory together. sqlSessionFactory is ignored.
2026-01-02 21:43:08.421 [main] WARN  o.m.s.mapper.ClassPathMapperScanner - Cannot use both: sqlSessionTemplate and sqlSessionFactory together. sqlSessionFactory is ignored.
2026-01-02 21:43:08.462 [main] WARN  o.m.s.mapper.ClassPathMapperScanner - No MyBatis mapper was found in '[com.zyh.easyapplyresume.mapper.pgvector]' package. Please check your configuration.
2026-01-02 21:43:08.693 [main] WARN  o.s.c.s.PostProcessorRegistrationDelegate$BeanPostProcessorChecker - Bean 'com.alibaba.cloud.nacos.NacosConfigAutoConfiguration' of type [com.alibaba.cloud.nacos.NacosConfigAutoConfiguration] is not eligible for getting processed by all BeanPostProcessors (for example: not eligible for auto-proxying). The currently created BeanPostProcessor [nacosAnnotationProcessor] is declared through a non-static factory method on that class; consider declaring it as static instead.
2026-01-02 21:43:08.697 [main] WARN  o.s.c.s.PostProcessorRegistrationDelegate$BeanPostProcessorChecker - Bean 'nacosConfigProperties' of type [com.alibaba.cloud.nacos.NacosConfigProperties] is not eligible for getting processed by all BeanPostProcessors (for example: not eligible for auto-proxying). Is this bean getting eagerly injected/applied to a currently created BeanPostProcessor [nacosAnnotationProcessor]? Check the corresponding BeanPostProcessor declaration and its dependencies/advisors. If this bean does not have to be post-processed, declare it with ROLE_INFRASTRUCTURE.
2026-01-02 21:43:08.781 [main] INFO  c.a.n.p.a.s.c.ClientAuthPluginManager - [ClientAuthPluginManager] Load ClientAuthService com.alibaba.nacos.client.auth.impl.NacosClientAuthServiceImpl success.
2026-01-02 21:43:08.781 [main] INFO  c.a.n.p.a.s.c.ClientAuthPluginManager - [ClientAuthPluginManager] Load ClientAuthService com.alibaba.nacos.client.auth.ram.RamClientAuthServiceImpl success.
2026-01-02 21:43:08.784 [main] WARN  o.s.c.s.PostProcessorRegistrationDelegate$BeanPostProcessorChecker - Bean 'nacosConfigManager' of type [com.alibaba.cloud.nacos.NacosConfigManager] is not eligible for getting processed by all BeanPostProcessors (for example: not eligible for auto-proxying). Is this bean getting eagerly injected/applied to a currently created BeanPostProcessor [nacosAnnotationProcessor]? Check the corresponding BeanPostProcessor declaration and its dependencies/advisors. If this bean does not have to be post-processed, declare it with ROLE_INFRASTRUCTURE.
2026-01-02 21:43:09.186 [main] INFO  o.s.b.w.e.tomcat.TomcatWebServer - Tomcat initialized with port 8080 (http)
2026-01-02 21:43:09.198 [main] INFO  o.a.coyote.http11.Http11NioProtocol - Initializing ProtocolHandler ["http-nio-8080"]
2026-01-02 21:43:09.202 [main] INFO  o.a.catalina.core.StandardService - Starting service [Tomcat]
2026-01-02 21:43:09.202 [main] INFO  o.a.catalina.core.StandardEngine - Starting Servlet engine: [Apache Tomcat/10.1.31]
2026-01-02 21:43:09.401 [main] INFO  o.a.c.c.C.[.[localhost].[/api] - Initializing Spring embedded WebApplicationContext
2026-01-02 21:43:09.401 [main] INFO  o.s.b.w.s.c.ServletWebServerApplicationContext - Root WebApplicationContext: initialization completed in 2790 ms
2026-01-02 21:43:10.243 [main] WARN  c.b.m.core.metadata.TableInfoHelper - Can not find table primary key in Class: "com.zyh.easyapplyresume.model.pojo.user.UserCollections".
2026-01-02 21:43:10.244 [main] WARN  c.b.m.c.injector.DefaultSqlInjector - class com.zyh.easyapplyresume.model.pojo.user.UserCollections ,Not found @TableId annotation, Cannot use Mybatis-Plus 'xxById' Method.
2026-01-02 21:43:10.356 [main] DEBUG c.z.e.filter.UserJwtAuthFilter - Filter 'userJwtAuthFilter' configured for use
2026-01-02 21:43:10.358 [main] DEBUG c.z.e.filter.AdminJwtAuthFilter - Filter 'adminJwtAuthFilter' configured for use
2026-01-02 21:43:10.492 [main] INFO  c.z.e.s.i.admin.AdminSmsServiceImpl - 开始初始化阿里云短信客户端...
2026-01-02 21:43:10.725 [main] INFO  c.z.e.s.i.admin.AdminSmsServiceImpl - 阿里云短信客户端初始化完成
2026-01-02 21:43:11.589 [main] INFO  c.z.e.d.a.AdminSensitiveWordsAdvisor - 管理端敏感词初始化完成，共加载 137 个敏感词
2026-01-02 21:43:13.340 [main] INFO  c.z.s.ImageSearchMcpApplication - Starting ImageSearchMcpApplication v0.0.1-SNAPSHOT using Java 21.0.9 with PID 15468 (D:\EasyApplyResume\EasyApplyResume\Image-Search-Mcp\target\Image-Search-Mcp-0.0.1-SNAPSHOT.jar started by zhaoyunhan1 in D:\EasyApplyResume\EasyApplyResume)
2026-01-02 21:43:13.341 [main] INFO  c.z.s.ImageSearchMcpApplication - The following 1 profile is active: "stdio"
2026-01-02 21:43:14.310 [pool-1-thread-1] INFO  i.m.server.McpAsyncServer - Client initialize request - Protocol: 2024-11-05, Capabilities: ClientCapabilities[experimental=null, roots=null, sampling=null], Info: Implementation[name=spring-ai-mcp-client, version=1.0.0]
2026-01-02 21:43:14.366 [pool-4-thread-1] INFO  i.m.client.McpAsyncClient - Server response with Protocol: 2024-11-05, Capabilities: ServerCapabilities[experimental=null, logging=LoggingCapabilities[], prompts=null, resources=null, tools=ToolCapabilities[listChanged=true]], Info: Implementation[name=image-search-mcp-server, version=0.0.1] and Instructions null
2026-01-02 21:43:14.395 [main] INFO  c.z.s.ImageSearchMcpApplication - Started ImageSearchMcpApplication in 1.437 seconds (process running for 2.157)
2026-01-02 21:43:23.162 [pool-9-thread-1] INFO  i.m.c.transport.StdioClientTransport - STDERR Message received: Amap Maps MCP Server running on stdio
2026-01-02 21:43:23.170 [pool-7-thread-1] INFO  i.m.client.McpAsyncClient - Server response with Protocol: 2024-11-05, Capabilities: ServerCapabilities[experimental=null, logging=null, prompts=null, resources=null, tools=ToolCapabilities[listChanged=null]], Info: Implementation[name=mcp-server/amap-maps, version=0.1.0] and Instructions null
2026-01-02 21:43:23.350 [main] INFO  c.z.e.d.a.SensitiveWordsAdvisor - 用户端敏感词初始化完成，共加载 137 个敏感词
2026-01-02 21:43:23.601 [main] INFO  o.s.a.t.splitter.TextSplitter - Splitting up document into 2 chunks.
2026-01-02 21:43:23.604 [main] INFO  o.s.a.t.splitter.TextSplitter - Splitting up document into 2 chunks.
2026-01-02 21:43:23.605 [main] INFO  o.s.a.t.splitter.TextSplitter - Splitting up document into 2 chunks.
2026-01-02 21:43:28.392 [main] INFO  o.s.ai.vectorstore.SimpleVectorStore - Calling EmbeddingModel for document id = fb83ae0e-3e67-4d86-a64f-25c4a12a119c
2026-01-02 21:43:28.629 [main] INFO  o.s.ai.vectorstore.SimpleVectorStore - Calling EmbeddingModel for document id = 13734551-4026-45d4-9702-cdb6f63dcc55
2026-01-02 21:43:28.831 [main] INFO  o.s.ai.vectorstore.SimpleVectorStore - Calling EmbeddingModel for document id = 8823031a-882d-4ebb-8e01-b9ec1e934e2d
2026-01-02 21:43:29.051 [main] INFO  c.z.e.s.impl.user.UserSmsServiceImpl - 开始初始化阿里云短信客户端...
2026-01-02 21:43:29.070 [main] INFO  c.z.e.s.impl.user.UserSmsServiceImpl - 阿里云短信客户端初始化完成
2026-01-02 21:43:29.196 [main] WARN  c.b.m.e.s.MybatisSqlSessionFactoryBean - Property 'mapperLocations' was specified but matching resources are not found.
2026-01-02 21:43:29.273 [main] INFO  o.s.a.v.pgvector.PgVectorStore - Using the vector table name: vector_store. Is empty: false
2026-01-02 21:43:29.275 [main] INFO  o.s.a.v.pgvector.PgVectorStore - Initializing PGVectorStore schema for table: vector_store in schema: public
2026-01-02 21:43:29.275 [main] INFO  o.s.a.v.pgvector.PgVectorStore - vectorTableValidationsEnabled false
2026-01-02 21:43:29.278 [main] INFO  com.zaxxer.hikari.HikariDataSource - HikariPool-1 - Starting...
2026-01-02 21:43:29.637 [main] INFO  com.zaxxer.hikari.pool.HikariPool - HikariPool-1 - Added connection org.postgresql.jdbc.PgConnection@7e24d663
2026-01-02 21:43:29.639 [main] INFO  com.zaxxer.hikari.HikariDataSource - HikariPool-1 - Start completed.
2026-01-02 21:43:30.042 [main] WARN  o.s.b.a.s.s.UserDetailsServiceAutoConfiguration - 

Using generated security password: 901c42a1-aa7d-452a-a55d-e0b770b317ee

This generated password is for development use only. Your security configuration must be updated before running your application in production.

2026-01-02 21:43:30.048 [main] INFO  o.s.s.c.a.a.c.InitializeUserDetailsBeanManagerConfigurer$InitializeUserDetailsManagerConfigurer - Global AuthenticationManager configured with UserDetailsService bean with name inMemoryUserDetailsManager
2026-01-02 21:43:30.387 [main] INFO  o.s.b.a.e.web.EndpointLinksResolver - Exposing 16 endpoints beneath base path '/actuator'
2026-01-02 21:43:31.128 [main] INFO  o.a.coyote.http11.Http11NioProtocol - Starting ProtocolHandler ["http-nio-8080"]
2026-01-02 21:43:31.140 [main] INFO  o.s.b.w.e.tomcat.TomcatWebServer - Tomcat started on port 8080 (http) with context path '/api'
2026-01-02 21:43:32.450 [main] INFO  c.z.e.EasyApplyResumeApplication - Started EasyApplyResumeApplication in 26.632 seconds (process running for 28.461)
2026-01-02 21:43:35.137 [registrationTask1] WARN  d.c.b.a.c.r.ApplicationRegistrator - Failed to register application as Application(name=EasyApplyResume, managementUrl=http://backend-1:8080/actuator, healthUrl=http://backend-1:8080/actuator/health, serviceUrl=http://backend-1:8080) at spring-boot-admin ([http://EasyApplyResume-spring-boot-admin:9090/instances]): I/O error on POST request for "http://EasyApplyResume-spring-boot-admin:9090/instances": 不知道这样的主机。 (easyapplyresume-spring-boot-admin). Further attempts are logged on DEBUG level
2026-01-02 21:43:51.834 [http-nio-8080-exec-1] INFO  o.a.c.c.C.[.[localhost].[/api] - Initializing Spring DispatcherServlet 'dispatcherServlet'
2026-01-02 21:43:51.834 [http-nio-8080-exec-1] INFO  o.s.web.servlet.DispatcherServlet - Initializing Servlet 'dispatcherServlet'
2026-01-02 21:43:51.837 [http-nio-8080-exec-1] INFO  o.s.web.servlet.DispatcherServlet - Completed initialization in 3 ms
2026-01-02 21:43:51.908 [http-nio-8080-exec-1] INFO  com.zaxxer.hikari.HikariDataSource - HikariPool-2 - Starting...
2026-01-02 21:43:52.366 [http-nio-8080-exec-1] INFO  com.zaxxer.hikari.pool.HikariPool - HikariPool-2 - Added connection com.mysql.cj.jdbc.ConnectionImpl@45a23914
2026-01-02 21:43:52.367 [http-nio-8080-exec-1] INFO  com.zaxxer.hikari.HikariDataSource - HikariPool-2 - Start completed.
2026-01-02 21:43:52.431 [http-nio-8080-exec-1] DEBUG c.z.e.m.m.a.A.findByAccountOrPhoneOrEmail - ==>  Preparing: select * from admin_admin where admin_account = ? or admin_phone = ? or admin_email = ?
2026-01-02 21:43:52.453 [http-nio-8080-exec-1] DEBUG c.z.e.m.m.a.A.findByAccountOrPhoneOrEmail - ==> Parameters: 18242991090(String), 18242991090(String), 18242991090(String)
2026-01-02 21:43:52.512 [http-nio-8080-exec-1] DEBUG c.z.e.m.m.a.A.findByAccountOrPhoneOrEmail - <==      Total: 1
2026-01-02 21:43:52.616 [http-nio-8080-exec-1] DEBUG c.z.e.m.m.a.AdminMapper.updateById - ==>  Preparing: UPDATE admin_admin SET admin_account=?, admin_username=?, admin_email=?, admin_phone=?, admin_password=?, admin_image=?, admin_introduce=?, admin_state=?, admin_loginTime=? WHERE admin_id=? AND deleted=0
2026-01-02 21:43:52.619 [http-nio-8080-exec-1] DEBUG c.z.e.m.m.a.AdminMapper.updateById - ==> Parameters: 1812463057(String), 超级管理员(String), 1812463057@qq.com(String), 18242991090(String), $2a$10$Wz8s6hYf0UGOCCZ6Ff5QW.QgfqIQSJijiFXIqqplg3eGqw3HNxSeu(String), https://ts1.tc.mm.bing.net/th/id/R-C.928ef8908b5eb3666b2a27a1f6cfbe17?rik=h2FXLv1HNaxbTg&riu=http%3a%2f%2fp0.so.qhmsg.com%2ft018b5eb3666b2a27a1.jpg&ehk=QnGPPvZKq3cPW6%2bdkG%2b3zIRvAGXRsgYVTirfbvOBTaU%3d&risl=&pid=ImgRaw&r=0(String), 至高无上的超级管理员(String), 1(Integer), 2026-01-02 21:43:52.587(Timestamp), 1(Integer)
2026-01-02 21:43:52.691 [http-nio-8080-exec-1] DEBUG c.z.e.m.m.a.AdminMapper.updateById - <==    Updates: 1
2026-01-02 21:43:53.002 [http-nio-8080-exec-2] DEBUG c.z.e.m.m.a.AdminMapper.selectById - ==>  Preparing: SELECT admin_id,admin_account,admin_username,admin_email,admin_phone,admin_password,admin_image,admin_introduce,admin_state,admin_loginTime,deleted FROM admin_admin WHERE admin_id=? AND deleted=0
2026-01-02 21:43:53.002 [http-nio-8080-exec-2] DEBUG c.z.e.m.m.a.AdminMapper.selectById - ==> Parameters: 1(Integer)
2026-01-02 21:43:53.039 [http-nio-8080-exec-2] DEBUG c.z.e.m.m.a.AdminMapper.selectById - <==      Total: 1
2026-01-02 21:43:53.041 [http-nio-8080-exec-2] DEBUG c.z.e.m.m.a.A.findAdminInfoById - ==>  Preparing: select * from admin_admin left join admin_admin_role on admin_admin.admin_id = admin_admin_role.adminId left join admin_role on admin_admin_role.roleId = admin_role.role_id left join admin_role_permission on admin_role.role_id = admin_role.role_id left join admin_permission on admin_role_permission.permissionId = admin_permission.permission_id where admin_admin.admin_id = ? and admin_admin.deleted = 0
2026-01-02 21:43:53.041 [http-nio-8080-exec-2] DEBUG c.z.e.m.m.a.A.findAdminInfoById - ==> Parameters: 1(Integer)
2026-01-02 21:43:53.078 [http-nio-8080-exec-2] DEBUG c.z.e.m.m.a.A.findAdminInfoById - <==      Total: 1
2026-01-02 21:43:53.139 [http-nio-8080-exec-3] DEBUG c.z.e.m.m.a.AdminMapper.selectById - ==>  Preparing: SELECT admin_id,admin_account,admin_username,admin_email,admin_phone,admin_password,admin_image,admin_introduce,admin_state,admin_loginTime,deleted FROM admin_admin WHERE admin_id=? AND deleted=0
2026-01-02 21:43:53.139 [http-nio-8080-exec-3] DEBUG c.z.e.m.m.a.AdminMapper.selectById - ==> Parameters: 1(Integer)
2026-01-02 21:43:53.175 [http-nio-8080-exec-3] DEBUG c.z.e.m.m.a.AdminMapper.selectById - <==      Total: 1
2026-01-02 21:43:53.176 [http-nio-8080-exec-3] DEBUG c.z.e.m.m.a.A.findAdminInfoById - ==>  Preparing: select * from admin_admin left join admin_admin_role on admin_admin.admin_id = admin_admin_role.adminId left join admin_role on admin_admin_role.roleId = admin_role.role_id left join admin_role_permission on admin_role.role_id = admin_role.role_id left join admin_permission on admin_role_permission.permissionId = admin_permission.permission_id where admin_admin.admin_id = ? and admin_admin.deleted = 0
2026-01-02 21:43:53.176 [http-nio-8080-exec-3] DEBUG c.z.e.m.m.a.A.findAdminInfoById - ==> Parameters: 1(Integer)
2026-01-02 21:43:53.211 [http-nio-8080-exec-3] DEBUG c.z.e.m.m.a.A.findAdminInfoById - <==      Total: 1
2026-01-02 21:43:53.252 [http-nio-8080-exec-3] DEBUG c.z.e.m.m.a.A.findAdminInfoById - ==>  Preparing: select * from admin_admin left join admin_admin_role on admin_admin.admin_id = admin_admin_role.adminId left join admin_role on admin_admin_role.roleId = admin_role.role_id left join admin_role_permission on admin_role.role_id = admin_role.role_id left join admin_permission on admin_role_permission.permissionId = admin_permission.permission_id where admin_admin.admin_id = ? and admin_admin.deleted = 0
2026-01-02 21:43:53.253 [http-nio-8080-exec-3] DEBUG c.z.e.m.m.a.A.findAdminInfoById - ==> Parameters: 1(Integer)
2026-01-02 21:43:53.292 [http-nio-8080-exec-3] DEBUG c.z.e.m.m.a.A.findAdminInfoById - <==      Total: 1
2026-01-02 21:43:53.700 [http-nio-8080-exec-7] DEBUG c.z.e.m.m.a.AdminMapper.selectById - ==>  Preparing: SELECT admin_id,admin_account,admin_username,admin_email,admin_phone,admin_password,admin_image,admin_introduce,admin_state,admin_loginTime,deleted FROM admin_admin WHERE admin_id=? AND deleted=0
2026-01-02 21:43:53.700 [http-nio-8080-exec-7] DEBUG c.z.e.m.m.a.AdminMapper.selectById - ==> Parameters: 1(Integer)
2026-01-02 21:43:53.737 [http-nio-8080-exec-4] DEBUG c.z.e.m.m.a.AdminMapper.selectById - ==>  Preparing: SELECT admin_id,admin_account,admin_username,admin_email,admin_phone,admin_password,admin_image,admin_introduce,admin_state,admin_loginTime,deleted FROM admin_admin WHERE admin_id=? AND deleted=0
2026-01-02 21:43:53.738 [http-nio-8080-exec-4] DEBUG c.z.e.m.m.a.AdminMapper.selectById - ==> Parameters: 1(Integer)
2026-01-02 21:43:53.738 [http-nio-8080-exec-7] DEBUG c.z.e.m.m.a.AdminMapper.selectById - <==      Total: 1
2026-01-02 21:43:53.739 [http-nio-8080-exec-7] DEBUG c.z.e.m.m.a.A.findAdminInfoById - ==>  Preparing: select * from admin_admin left join admin_admin_role on admin_admin.admin_id = admin_admin_role.adminId left join admin_role on admin_admin_role.roleId = admin_role.role_id left join admin_role_permission on admin_role.role_id = admin_role.role_id left join admin_permission on admin_role_permission.permissionId = admin_permission.permission_id where admin_admin.admin_id = ? and admin_admin.deleted = 0
2026-01-02 21:43:53.739 [http-nio-8080-exec-7] DEBUG c.z.e.m.m.a.A.findAdminInfoById - ==> Parameters: 1(Integer)
2026-01-02 21:43:53.773 [http-nio-8080-exec-4] DEBUG c.z.e.m.m.a.AdminMapper.selectById - <==      Total: 1
2026-01-02 21:43:53.773 [http-nio-8080-exec-7] DEBUG c.z.e.m.m.a.A.findAdminInfoById - <==      Total: 1
2026-01-02 21:43:53.774 [http-nio-8080-exec-4] DEBUG c.z.e.m.m.a.A.findAdminInfoById - ==>  Preparing: select * from admin_admin left join admin_admin_role on admin_admin.admin_id = admin_admin_role.adminId left join admin_role on admin_admin_role.roleId = admin_role.role_id left join admin_role_permission on admin_role.role_id = admin_role.role_id left join admin_permission on admin_role_permission.permissionId = admin_permission.permission_id where admin_admin.admin_id = ? and admin_admin.deleted = 0
2026-01-02 21:43:53.774 [http-nio-8080-exec-4] DEBUG c.z.e.m.m.a.A.findAdminInfoById - ==> Parameters: 1(Integer)
2026-01-02 21:43:53.811 [http-nio-8080-exec-4] DEBUG c.z.e.m.m.a.A.findAdminInfoById - <==      Total: 1
2026-01-02 21:43:53.813 [http-nio-8080-exec-7] INFO  c.z.e.s.i.a.AdmonitorAdminAdvertisementServiceImpl - 查询所有广告开始
2026-01-02 21:43:53.830 [http-nio-8080-exec-7] DEBUG c.z.e.m.m.a.A.selectList - ==>  Preparing: SELECT adminAdvertisement_id AS advertisementId,adminAdvertisement_name AS advertisementName,adminAdvertisement_url AS advertisementUrl,adminAdvertisement_link AS advertisementLink,adminAdvertisement_startedTime AS advertisementStartedTime,adminAdvertisement_endTime AS advertisementEndTime,deleted FROM admonitor_adminAdvertisement WHERE deleted=0 AND (deleted = ? AND adminAdvertisement_startedTime <= ? AND adminAdvertisement_endTime > ?)
2026-01-02 21:43:53.830 [http-nio-8080-exec-7] DEBUG c.z.e.m.m.a.A.selectList - ==> Parameters: 0(Integer), 2026-01-02 21:43:53.814(Timestamp), 2026-01-02 21:43:53.814(Timestamp)
2026-01-02 21:43:53.850 [http-nio-8080-exec-4] INFO  c.z.e.s.i.a.AdMonitorAdminAnnouncementServiceImpl - 管理员获取公告信息
2026-01-02 21:43:53.851 [http-nio-8080-exec-4] DEBUG c.z.e.m.m.a.A.selectById - ==>  Preparing: SELECT adminAnnouncement_id AS announcementId,adminAnnouncement_title AS announcementTitle,adminAnnouncement_content AS announcementContent,adminAnnouncement_updatedTime AS announcementUpdatedTime FROM admonitor_adminAnnouncement WHERE adminAnnouncement_id=?
2026-01-02 21:43:53.851 [http-nio-8080-exec-4] DEBUG c.z.e.m.m.a.A.selectById - ==> Parameters: 1(Integer)
2026-01-02 21:43:53.869 [http-nio-8080-exec-7] DEBUG c.z.e.m.m.a.A.selectList - <==      Total: 1
2026-01-02 21:43:53.870 [http-nio-8080-exec-7] INFO  c.z.e.s.i.a.AdmonitorAdminAdvertisementServiceImpl - 查询所有广告成功
2026-01-02 21:43:53.887 [http-nio-8080-exec-4] DEBUG c.z.e.m.m.a.A.selectById - <==      Total: 1
2026-01-02 21:43:53.905 [http-nio-8080-exec-4] INFO  c.z.e.s.i.a.AdMonitorAdminAnnouncementServiceImpl - 管理员获取公告信息成功
2026-01-02 21:44:58.253 [http-nio-8080-exec-5] DEBUG c.z.e.m.m.user.UserMapper.selectById - ==>  Preparing: SELECT user_id,user_account,user_username,user_email,user_phone,user_password,user_image,user_introduce,user_createdTime,user_loginTime,user_dreamPosition,user_dreamMinMonthSalary,user_dreamMaxMonthSalary,user_dreamWeekWorkDayNum,user_dreamGoodWelfare,user_recruitLocationFirst,user_recruitLocationSecond,user_recruitLocationDetail,user_universityCode FROM user_user WHERE user_id=?
2026-01-02 21:44:58.253 [http-nio-8080-exec-5] DEBUG c.z.e.m.m.user.UserMapper.selectById - ==> Parameters: 1(Integer)
2026-01-02 21:44:58.257 [http-nio-8080-exec-6] DEBUG c.z.e.m.m.user.UserMapper.selectById - ==>  Preparing: SELECT user_id,user_account,user_username,user_email,user_phone,user_password,user_image,user_introduce,user_createdTime,user_loginTime,user_dreamPosition,user_dreamMinMonthSalary,user_dreamMaxMonthSalary,user_dreamWeekWorkDayNum,user_dreamGoodWelfare,user_recruitLocationFirst,user_recruitLocationSecond,user_recruitLocationDetail,user_universityCode FROM user_user WHERE user_id=?
2026-01-02 21:44:58.258 [http-nio-8080-exec-6] DEBUG c.z.e.m.m.user.UserMapper.selectById - ==> Parameters: 1(Integer)
2026-01-02 21:44:58.290 [http-nio-8080-exec-5] DEBUG c.z.e.m.m.user.UserMapper.selectById - <==      Total: 1
2026-01-02 21:44:58.297 [http-nio-8080-exec-6] DEBUG c.z.e.m.m.user.UserMapper.selectById - <==      Total: 1
2026-01-02 21:44:58.336 [http-nio-8080-exec-8] DEBUG c.z.e.m.m.user.UserMapper.selectById - ==>  Preparing: SELECT user_id,user_account,user_username,user_email,user_phone,user_password,user_image,user_introduce,user_createdTime,user_loginTime,user_dreamPosition,user_dreamMinMonthSalary,user_dreamMaxMonthSalary,user_dreamWeekWorkDayNum,user_dreamGoodWelfare,user_recruitLocationFirst,user_recruitLocationSecond,user_recruitLocationDetail,user_universityCode FROM user_user WHERE user_id=?
2026-01-02 21:44:58.336 [http-nio-8080-exec-8] DEBUG c.z.e.m.m.user.UserMapper.selectById - ==> Parameters: 1(Integer)
2026-01-02 21:44:58.337 [http-nio-8080-exec-6] INFO  c.z.e.s.i.a.AdmonitorUserAdvertisementServiceImpl - 查询所有广告开始
2026-01-02 21:44:58.339 [http-nio-8080-exec-6] DEBUG c.z.e.m.m.a.A.selectList - ==>  Preparing: SELECT userAdvertisement_id AS advertisementId,userAdvertisement_name AS advertisementName,userAdvertisement_url AS advertisementUrl,userAdvertisement_link AS advertisementLink,userAdvertisement_startedTime AS advertisementStartedTime,userAdvertisement_endTime AS advertisementEndTime,deleted FROM admonitor_userAdvertisement WHERE deleted=0 AND (deleted = ? AND userAdvertisement_startedTime <= ? AND userAdvertisement_endTime > ?)
2026-01-02 21:44:58.339 [http-nio-8080-exec-6] DEBUG c.z.e.m.m.a.A.selectList - ==> Parameters: 0(Integer), 2026-01-02 21:44:58.337(Timestamp), 2026-01-02 21:44:58.337(Timestamp)
2026-01-02 21:44:58.372 [http-nio-8080-exec-8] DEBUG c.z.e.m.m.user.UserMapper.selectById - <==      Total: 1
2026-01-02 21:44:58.375 [http-nio-8080-exec-6] DEBUG c.z.e.m.m.a.A.selectList - <==      Total: 1
2026-01-02 21:44:58.375 [http-nio-8080-exec-6] INFO  c.z.e.s.i.a.AdmonitorUserAdvertisementServiceImpl - 查询所有广告成功
2026-01-02 21:44:58.417 [http-nio-8080-exec-8] INFO  c.z.e.s.impl.user.UserServiceImpl - 根据用户id查询用户信息开始
2026-01-02 21:44:58.418 [http-nio-8080-exec-8] DEBUG c.z.e.m.m.user.UserMapper.selectById - ==>  Preparing: SELECT user_id,user_account,user_username,user_email,user_phone,user_password,user_image,user_introduce,user_createdTime,user_loginTime,user_dreamPosition,user_dreamMinMonthSalary,user_dreamMaxMonthSalary,user_dreamWeekWorkDayNum,user_dreamGoodWelfare,user_recruitLocationFirst,user_recruitLocationSecond,user_recruitLocationDetail,user_universityCode FROM user_user WHERE user_id=?
2026-01-02 21:44:58.418 [http-nio-8080-exec-8] DEBUG c.z.e.m.m.user.UserMapper.selectById - ==> Parameters: 1(String)
2026-01-02 21:44:58.457 [http-nio-8080-exec-8] DEBUG c.z.e.m.m.user.UserMapper.selectById - <==      Total: 1
2026-01-02 21:44:58.471 [http-nio-8080-exec-8] DEBUG c.z.e.m.m.u.U.selectById - ==>  Preparing: SELECT universityMap_id,universityMap_name,universityMap_address,universityMap_lat,universityMap_lng,universityMap_status FROM general_universityMap WHERE universityMap_id=?
2026-01-02 21:44:58.472 [http-nio-8080-exec-8] DEBUG c.z.e.m.m.u.U.selectById - ==> Parameters: 11360(Integer)
2026-01-02 21:44:58.510 [http-nio-8080-exec-8] DEBUG c.z.e.m.m.u.U.selectById - <==      Total: 1
2026-01-02 21:44:58.510 [http-nio-8080-exec-8] DEBUG c.z.e.m.m.a.R.selectById - ==>  Preparing: SELECT recruitPosition_id AS recruitPositionId,recruitPosition_name,recruitPosition_createdTime AS createdTime,recruitPosition_updatedTime AS updatedTime,recruitPosition_industryCode,recruitPosition_minMonthSalary AS minMonthSalary,recruitPosition_maxMonthSalary AS maxMonthSalary,recruitPosition_weekWorkDayNum AS weekWorkDayNum,recruitPosition_goodWelfare AS goodWelfare FROM general_recruitPosition WHERE recruitPosition_id =?
2026-01-02 21:44:58.511 [http-nio-8080-exec-8] DEBUG c.z.e.m.m.a.R.selectById - ==> Parameters: 2(Integer)
2026-01-02 21:44:58.549 [http-nio-8080-exec-8] DEBUG c.z.e.m.m.a.R.selectById - <==      Total: 1
2026-01-02 21:44:58.706 [http-nio-8080-exec-9] DEBUG c.z.e.m.m.user.UserMapper.selectById - ==>  Preparing: SELECT user_id,user_account,user_username,user_email,user_phone,user_password,user_image,user_introduce,user_createdTime,user_loginTime,user_dreamPosition,user_dreamMinMonthSalary,user_dreamMaxMonthSalary,user_dreamWeekWorkDayNum,user_dreamGoodWelfare,user_recruitLocationFirst,user_recruitLocationSecond,user_recruitLocationDetail,user_universityCode FROM user_user WHERE user_id=?
2026-01-02 21:44:58.707 [http-nio-8080-exec-9] DEBUG c.z.e.m.m.user.UserMapper.selectById - ==> Parameters: 1(Integer)
2026-01-02 21:44:58.744 [http-nio-8080-exec-9] DEBUG c.z.e.m.m.user.UserMapper.selectById - <==      Total: 1
2026-01-02 21:44:58.786 [http-nio-8080-exec-9] INFO  c.z.e.s.impl.user.UserServiceImpl - 根据用户id查询用户信息开始
2026-01-02 21:44:58.786 [http-nio-8080-exec-9] DEBUG c.z.e.m.m.user.UserMapper.selectById - ==>  Preparing: SELECT user_id,user_account,user_username,user_email,user_phone,user_password,user_image,user_introduce,user_createdTime,user_loginTime,user_dreamPosition,user_dreamMinMonthSalary,user_dreamMaxMonthSalary,user_dreamWeekWorkDayNum,user_dreamGoodWelfare,user_recruitLocationFirst,user_recruitLocationSecond,user_recruitLocationDetail,user_universityCode FROM user_user WHERE user_id=?
2026-01-02 21:44:58.786 [http-nio-8080-exec-9] DEBUG c.z.e.m.m.user.UserMapper.selectById - ==> Parameters: 1(String)
2026-01-02 21:44:58.822 [http-nio-8080-exec-9] DEBUG c.z.e.m.m.user.UserMapper.selectById - <==      Total: 1
2026-01-02 21:44:58.823 [http-nio-8080-exec-9] DEBUG c.z.e.m.m.u.U.selectById - ==>  Preparing: SELECT universityMap_id,universityMap_name,universityMap_address,universityMap_lat,universityMap_lng,universityMap_status FROM general_universityMap WHERE universityMap_id=?
2026-01-02 21:44:58.823 [http-nio-8080-exec-9] DEBUG c.z.e.m.m.u.U.selectById - ==> Parameters: 11360(Integer)
2026-01-02 21:44:58.859 [http-nio-8080-exec-9] DEBUG c.z.e.m.m.u.U.selectById - <==      Total: 1
2026-01-02 21:44:58.859 [http-nio-8080-exec-9] DEBUG c.z.e.m.m.a.R.selectById - ==>  Preparing: SELECT recruitPosition_id AS recruitPositionId,recruitPosition_name,recruitPosition_createdTime AS createdTime,recruitPosition_updatedTime AS updatedTime,recruitPosition_industryCode,recruitPosition_minMonthSalary AS minMonthSalary,recruitPosition_maxMonthSalary AS maxMonthSalary,recruitPosition_weekWorkDayNum AS weekWorkDayNum,recruitPosition_goodWelfare AS goodWelfare FROM general_recruitPosition WHERE recruitPosition_id =?
2026-01-02 21:44:58.860 [http-nio-8080-exec-9] DEBUG c.z.e.m.m.a.R.selectById - ==> Parameters: 2(Integer)
2026-01-02 21:44:58.895 [http-nio-8080-exec-9] DEBUG c.z.e.m.m.a.R.selectById - <==      Total: 1
2026-01-02 21:45:01.578 [http-nio-8080-exec-10] WARN  c.z.e.filter.AdminJwtAuthFilter - Token 不匹配或已失效，adminId: 1
2026-01-02 21:45:01.578 [http-nio-8080-exec-1] WARN  c.z.e.filter.AdminJwtAuthFilter - Token 不匹配或已失效，adminId: 1
2026-01-02 21:45:11.293 [http-nio-8080-exec-2] DEBUG c.z.e.m.m.a.A.findByAccountOrPhoneOrEmail - ==>  Preparing: select * from admin_admin where admin_account = ? or admin_phone = ? or admin_email = ?
2026-01-02 21:45:11.293 [http-nio-8080-exec-2] DEBUG c.z.e.m.m.a.A.findByAccountOrPhoneOrEmail - ==> Parameters: 18242991090(String), 18242991090(String), 18242991090(String)
2026-01-02 21:45:11.327 [http-nio-8080-exec-2] DEBUG c.z.e.m.m.a.A.findByAccountOrPhoneOrEmail - <==      Total: 1
2026-01-02 21:45:11.397 [http-nio-8080-exec-2] DEBUG c.z.e.m.m.a.AdminMapper.updateById - ==>  Preparing: UPDATE admin_admin SET admin_account=?, admin_username=?, admin_email=?, admin_phone=?, admin_password=?, admin_image=?, admin_introduce=?, admin_state=?, admin_loginTime=? WHERE admin_id=? AND deleted=0
2026-01-02 21:45:11.397 [http-nio-8080-exec-2] DEBUG c.z.e.m.m.a.AdminMapper.updateById - ==> Parameters: 1812463057(String), 超级管理员(String), 1812463057@qq.com(String), 18242991090(String), $2a$10$Wz8s6hYf0UGOCCZ6Ff5QW.QgfqIQSJijiFXIqqplg3eGqw3HNxSeu(String), https://ts1.tc.mm.bing.net/th/id/R-C.928ef8908b5eb3666b2a27a1f6cfbe17?rik=h2FXLv1HNaxbTg&riu=http%3a%2f%2fp0.so.qhmsg.com%2ft018b5eb3666b2a27a1.jpg&ehk=QnGPPvZKq3cPW6%2bdkG%2b3zIRvAGXRsgYVTirfbvOBTaU%3d&risl=&pid=ImgRaw&r=0(String), 至高无上的超级管理员(String), 1(Integer), 2026-01-02 21:45:11.395(Timestamp), 1(Integer)
2026-01-02 21:45:11.469 [http-nio-8080-exec-2] DEBUG c.z.e.m.m.a.AdminMapper.updateById - <==    Updates: 1
2026-01-02 21:45:11.752 [http-nio-8080-exec-3] DEBUG c.z.e.m.m.a.AdminMapper.selectById - ==>  Preparing: SELECT admin_id,admin_account,admin_username,admin_email,admin_phone,admin_password,admin_image,admin_introduce,admin_state,admin_loginTime,deleted FROM admin_admin WHERE admin_id=? AND deleted=0
2026-01-02 21:45:11.752 [http-nio-8080-exec-3] DEBUG c.z.e.m.m.a.AdminMapper.selectById - ==> Parameters: 1(Integer)
2026-01-02 21:45:11.788 [http-nio-8080-exec-3] DEBUG c.z.e.m.m.a.AdminMapper.selectById - <==      Total: 1
2026-01-02 21:45:11.788 [http-nio-8080-exec-3] DEBUG c.z.e.m.m.a.A.findAdminInfoById - ==>  Preparing: select * from admin_admin left join admin_admin_role on admin_admin.admin_id = admin_admin_role.adminId left join admin_role on admin_admin_role.roleId = admin_role.role_id left join admin_role_permission on admin_role.role_id = admin_role.role_id left join admin_permission on admin_role_permission.permissionId = admin_permission.permission_id where admin_admin.admin_id = ? and admin_admin.deleted = 0
2026-01-02 21:45:11.789 [http-nio-8080-exec-3] DEBUG c.z.e.m.m.a.A.findAdminInfoById - ==> Parameters: 1(Integer)
2026-01-02 21:45:11.799 [http-nio-8080-exec-7] DEBUG c.z.e.m.m.a.AdminMapper.selectById - ==>  Preparing: SELECT admin_id,admin_account,admin_username,admin_email,admin_phone,admin_password,admin_image,admin_introduce,admin_state,admin_loginTime,deleted FROM admin_admin WHERE admin_id=? AND deleted=0
2026-01-02 21:45:11.799 [http-nio-8080-exec-7] DEBUG c.z.e.m.m.a.AdminMapper.selectById - ==> Parameters: 1(Integer)
2026-01-02 21:45:11.827 [http-nio-8080-exec-3] DEBUG c.z.e.m.m.a.A.findAdminInfoById - <==      Total: 1
2026-01-02 21:45:11.837 [http-nio-8080-exec-7] DEBUG c.z.e.m.m.a.AdminMapper.selectById - <==      Total: 1
2026-01-02 21:45:11.837 [http-nio-8080-exec-7] DEBUG c.z.e.m.m.a.A.findAdminInfoById - ==>  Preparing: select * from admin_admin left join admin_admin_role on admin_admin.admin_id = admin_admin_role.adminId left join admin_role on admin_admin_role.roleId = admin_role.role_id left join admin_role_permission on admin_role.role_id = admin_role.role_id left join admin_permission on admin_role_permission.permissionId = admin_permission.permission_id where admin_admin.admin_id = ? and admin_admin.deleted = 0
2026-01-02 21:45:11.838 [http-nio-8080-exec-7] DEBUG c.z.e.m.m.a.A.findAdminInfoById - ==> Parameters: 1(Integer)
2026-01-02 21:45:11.874 [http-nio-8080-exec-7] DEBUG c.z.e.m.m.a.A.findAdminInfoById - <==      Total: 1
2026-01-02 21:45:11.875 [http-nio-8080-exec-4] DEBUG c.z.e.m.m.a.AdminMapper.selectById - ==>  Preparing: SELECT admin_id,admin_account,admin_username,admin_email,admin_phone,admin_password,admin_image,admin_introduce,admin_state,admin_loginTime,deleted FROM admin_admin WHERE admin_id=? AND deleted=0
2026-01-02 21:45:11.876 [http-nio-8080-exec-4] DEBUG c.z.e.m.m.a.AdminMapper.selectById - ==> Parameters: 1(Integer)
2026-01-02 21:45:11.912 [http-nio-8080-exec-4] DEBUG c.z.e.m.m.a.AdminMapper.selectById - <==      Total: 1
2026-01-02 21:45:11.913 [http-nio-8080-exec-4] DEBUG c.z.e.m.m.a.A.findAdminInfoById - ==>  Preparing: select * from admin_admin left join admin_admin_role on admin_admin.admin_id = admin_admin_role.adminId left join admin_role on admin_admin_role.roleId = admin_role.role_id left join admin_role_permission on admin_role.role_id = admin_role.role_id left join admin_permission on admin_role_permission.permissionId = admin_permission.permission_id where admin_admin.admin_id = ? and admin_admin.deleted = 0
2026-01-02 21:45:11.914 [http-nio-8080-exec-4] DEBUG c.z.e.m.m.a.A.findAdminInfoById - ==> Parameters: 1(Integer)
2026-01-02 21:45:11.914 [http-nio-8080-exec-7] INFO  c.z.e.s.i.a.AdmonitorAdvertisementServiceImpl - 查询所有广告开始
2026-01-02 21:45:11.917 [http-nio-8080-exec-7] DEBUG c.z.e.m.m.a.A.selectList - ==>  Preparing: SELECT advertisement_id,advertisement_name,advertisement_url,advertisement_link,advertisement_startedTime,advertisement_endTime,deleted FROM admonitor_advertisement WHERE deleted=0 AND (deleted = ? AND advertisement_startedTime <= ? AND advertisement_endTime > ?)
2026-01-02 21:45:11.917 [http-nio-8080-exec-7] DEBUG c.z.e.m.m.a.A.selectList - ==> Parameters: 0(Integer), 2026-01-02 21:45:11.914(Timestamp), 2026-01-02 21:45:11.914(Timestamp)
2026-01-02 21:45:11.950 [http-nio-8080-exec-4] DEBUG c.z.e.m.m.a.A.findAdminInfoById - <==      Total: 1
2026-01-02 21:45:11.954 [http-nio-8080-exec-7] DEBUG c.z.e.m.m.a.A.selectList - <==      Total: 1
2026-01-02 21:45:11.954 [http-nio-8080-exec-7] INFO  c.z.e.s.i.a.AdmonitorAdvertisementServiceImpl - 查询所有广告成功
2026-01-02 21:45:12.004 [http-nio-8080-exec-4] DEBUG c.z.e.m.m.a.A.findAdminInfoById - ==>  Preparing: select * from admin_admin left join admin_admin_role on admin_admin.admin_id = admin_admin_role.adminId left join admin_role on admin_admin_role.roleId = admin_role.role_id left join admin_role_permission on admin_role.role_id = admin_role.role_id left join admin_permission on admin_role_permission.permissionId = admin_permission.permission_id where admin_admin.admin_id = ? and admin_admin.deleted = 0
2026-01-02 21:45:12.004 [http-nio-8080-exec-4] DEBUG c.z.e.m.m.a.A.findAdminInfoById - ==> Parameters: 1(Integer)
2026-01-02 21:45:12.040 [http-nio-8080-exec-4] DEBUG c.z.e.m.m.a.A.findAdminInfoById - <==      Total: 1
2026-01-02 22:01:05.553 [http-nio-8080-exec-6] DEBUG c.z.e.m.m.user.UserMapper.selectById - ==>  Preparing: SELECT user_id,user_account,user_username,user_email,user_phone,user_password,user_image,user_introduce,user_createdTime,user_loginTime,user_dreamPosition,user_dreamMinMonthSalary,user_dreamMaxMonthSalary,user_dreamWeekWorkDayNum,user_dreamGoodWelfare,user_recruitLocationFirst,user_recruitLocationSecond,user_recruitLocationDetail,user_universityCode FROM user_user WHERE user_id=?
2026-01-02 22:01:05.553 [http-nio-8080-exec-5] DEBUG c.z.e.m.m.user.UserMapper.selectById - ==>  Preparing: SELECT user_id,user_account,user_username,user_email,user_phone,user_password,user_image,user_introduce,user_createdTime,user_loginTime,user_dreamPosition,user_dreamMinMonthSalary,user_dreamMaxMonthSalary,user_dreamWeekWorkDayNum,user_dreamGoodWelfare,user_recruitLocationFirst,user_recruitLocationSecond,user_recruitLocationDetail,user_universityCode FROM user_user WHERE user_id=?
2026-01-02 22:01:05.554 [http-nio-8080-exec-5] DEBUG c.z.e.m.m.user.UserMapper.selectById - ==> Parameters: 1(Integer)
2026-01-02 22:01:05.554 [http-nio-8080-exec-6] DEBUG c.z.e.m.m.user.UserMapper.selectById - ==> Parameters: 1(Integer)
2026-01-02 22:01:05.594 [http-nio-8080-exec-6] DEBUG c.z.e.m.m.user.UserMapper.selectById - <==      Total: 1
2026-01-02 22:01:05.595 [http-nio-8080-exec-5] DEBUG c.z.e.m.m.user.UserMapper.selectById - <==      Total: 1
2026-01-02 22:01:05.635 [http-nio-8080-exec-6] INFO  c.z.e.s.i.a.AdmonitorUserAdvertisementServiceImpl - 查询所有广告开始
2026-01-02 22:01:05.635 [http-nio-8080-exec-6] DEBUG c.z.e.m.m.a.A.selectList - ==>  Preparing: SELECT userAdvertisement_id AS advertisementId,userAdvertisement_name AS advertisementName,userAdvertisement_url AS advertisementUrl,userAdvertisement_link AS advertisementLink,userAdvertisement_startedTime AS advertisementStartedTime,userAdvertisement_endTime AS advertisementEndTime,deleted FROM admonitor_userAdvertisement WHERE deleted=0 AND (deleted = ? AND userAdvertisement_startedTime <= ? AND userAdvertisement_endTime > ?)
2026-01-02 22:01:05.636 [http-nio-8080-exec-6] DEBUG c.z.e.m.m.a.A.selectList - ==> Parameters: 0(Integer), 2026-01-02 22:01:05.635(Timestamp), 2026-01-02 22:01:05.635(Timestamp)
2026-01-02 22:01:05.644 [http-nio-8080-exec-8] DEBUG c.z.e.m.m.user.UserMapper.selectById - ==>  Preparing: SELECT user_id,user_account,user_username,user_email,user_phone,user_password,user_image,user_introduce,user_createdTime,user_loginTime,user_dreamPosition,user_dreamMinMonthSalary,user_dreamMaxMonthSalary,user_dreamWeekWorkDayNum,user_dreamGoodWelfare,user_recruitLocationFirst,user_recruitLocationSecond,user_recruitLocationDetail,user_universityCode FROM user_user WHERE user_id=?
2026-01-02 22:01:05.644 [http-nio-8080-exec-8] DEBUG c.z.e.m.m.user.UserMapper.selectById - ==> Parameters: 1(Integer)
2026-01-02 22:01:05.672 [http-nio-8080-exec-6] DEBUG c.z.e.m.m.a.A.selectList - <==      Total: 1
2026-01-02 22:01:05.672 [http-nio-8080-exec-6] INFO  c.z.e.s.i.a.AdmonitorUserAdvertisementServiceImpl - 查询所有广告成功
2026-01-02 22:01:05.681 [http-nio-8080-exec-8] DEBUG c.z.e.m.m.user.UserMapper.selectById - <==      Total: 1
2026-01-02 22:01:05.723 [http-nio-8080-exec-8] INFO  c.z.e.s.impl.user.UserServiceImpl - 根据用户id查询用户信息开始
2026-01-02 22:01:05.723 [http-nio-8080-exec-8] DEBUG c.z.e.m.m.user.UserMapper.selectById - ==>  Preparing: SELECT user_id,user_account,user_username,user_email,user_phone,user_password,user_image,user_introduce,user_createdTime,user_loginTime,user_dreamPosition,user_dreamMinMonthSalary,user_dreamMaxMonthSalary,user_dreamWeekWorkDayNum,user_dreamGoodWelfare,user_recruitLocationFirst,user_recruitLocationSecond,user_recruitLocationDetail,user_universityCode FROM user_user WHERE user_id=?
2026-01-02 22:01:05.724 [http-nio-8080-exec-8] DEBUG c.z.e.m.m.user.UserMapper.selectById - ==> Parameters: 1(String)
2026-01-02 22:01:05.765 [http-nio-8080-exec-8] DEBUG c.z.e.m.m.user.UserMapper.selectById - <==      Total: 1
2026-01-02 22:01:05.765 [http-nio-8080-exec-8] DEBUG c.z.e.m.m.u.U.selectById - ==>  Preparing: SELECT universityMap_id,universityMap_name,universityMap_address,universityMap_lat,universityMap_lng,universityMap_status FROM general_universityMap WHERE universityMap_id=?
2026-01-02 22:01:05.766 [http-nio-8080-exec-8] DEBUG c.z.e.m.m.u.U.selectById - ==> Parameters: 11360(Integer)
2026-01-02 22:01:05.804 [http-nio-8080-exec-8] DEBUG c.z.e.m.m.u.U.selectById - <==      Total: 1
2026-01-02 22:01:05.805 [http-nio-8080-exec-8] DEBUG c.z.e.m.m.a.R.selectById - ==>  Preparing: SELECT recruitPosition_id AS recruitPositionId,recruitPosition_name,recruitPosition_createdTime AS createdTime,recruitPosition_updatedTime AS updatedTime,recruitPosition_industryCode,recruitPosition_minMonthSalary AS minMonthSalary,recruitPosition_maxMonthSalary AS maxMonthSalary,recruitPosition_weekWorkDayNum AS weekWorkDayNum,recruitPosition_goodWelfare AS goodWelfare FROM general_recruitPosition WHERE recruitPosition_id =?
2026-01-02 22:01:05.805 [http-nio-8080-exec-8] DEBUG c.z.e.m.m.a.R.selectById - ==> Parameters: 2(Integer)
2026-01-02 22:01:05.840 [http-nio-8080-exec-8] DEBUG c.z.e.m.m.a.R.selectById - <==      Total: 1
2026-01-02 22:01:05.981 [http-nio-8080-exec-9] DEBUG c.z.e.m.m.user.UserMapper.selectById - ==>  Preparing: SELECT user_id,user_account,user_username,user_email,user_phone,user_password,user_image,user_introduce,user_createdTime,user_loginTime,user_dreamPosition,user_dreamMinMonthSalary,user_dreamMaxMonthSalary,user_dreamWeekWorkDayNum,user_dreamGoodWelfare,user_recruitLocationFirst,user_recruitLocationSecond,user_recruitLocationDetail,user_universityCode FROM user_user WHERE user_id=?
2026-01-02 22:01:05.982 [http-nio-8080-exec-9] DEBUG c.z.e.m.m.user.UserMapper.selectById - ==> Parameters: 1(Integer)
2026-01-02 22:01:06.018 [http-nio-8080-exec-9] DEBUG c.z.e.m.m.user.UserMapper.selectById - <==      Total: 1
2026-01-02 22:01:06.059 [http-nio-8080-exec-9] INFO  c.z.e.s.impl.user.UserServiceImpl - 根据用户id查询用户信息开始
2026-01-02 22:01:06.059 [http-nio-8080-exec-9] DEBUG c.z.e.m.m.user.UserMapper.selectById - ==>  Preparing: SELECT user_id,user_account,user_username,user_email,user_phone,user_password,user_image,user_introduce,user_createdTime,user_loginTime,user_dreamPosition,user_dreamMinMonthSalary,user_dreamMaxMonthSalary,user_dreamWeekWorkDayNum,user_dreamGoodWelfare,user_recruitLocationFirst,user_recruitLocationSecond,user_recruitLocationDetail,user_universityCode FROM user_user WHERE user_id=?
2026-01-02 22:01:06.059 [http-nio-8080-exec-9] DEBUG c.z.e.m.m.user.UserMapper.selectById - ==> Parameters: 1(String)
2026-01-02 22:01:06.097 [http-nio-8080-exec-9] DEBUG c.z.e.m.m.user.UserMapper.selectById - <==      Total: 1
2026-01-02 22:01:06.097 [http-nio-8080-exec-9] DEBUG c.z.e.m.m.u.U.selectById - ==>  Preparing: SELECT universityMap_id,universityMap_name,universityMap_address,universityMap_lat,universityMap_lng,universityMap_status FROM general_universityMap WHERE universityMap_id=?
2026-01-02 22:01:06.099 [http-nio-8080-exec-9] DEBUG c.z.e.m.m.u.U.selectById - ==> Parameters: 11360(Integer)
2026-01-02 22:01:06.134 [http-nio-8080-exec-9] DEBUG c.z.e.m.m.u.U.selectById - <==      Total: 1
2026-01-02 22:01:06.134 [http-nio-8080-exec-9] DEBUG c.z.e.m.m.a.R.selectById - ==>  Preparing: SELECT recruitPosition_id AS recruitPositionId,recruitPosition_name,recruitPosition_createdTime AS createdTime,recruitPosition_updatedTime AS updatedTime,recruitPosition_industryCode,recruitPosition_minMonthSalary AS minMonthSalary,recruitPosition_maxMonthSalary AS maxMonthSalary,recruitPosition_weekWorkDayNum AS weekWorkDayNum,recruitPosition_goodWelfare AS goodWelfare FROM general_recruitPosition WHERE recruitPosition_id =?
2026-01-02 22:01:06.134 [http-nio-8080-exec-9] DEBUG c.z.e.m.m.a.R.selectById - ==> Parameters: 2(Integer)
2026-01-02 22:01:06.170 [http-nio-8080-exec-9] DEBUG c.z.e.m.m.a.R.selectById - <==      Total: 1
2026-01-02 22:02:30.153 [http-nio-8080-exec-10] DEBUG c.z.e.m.m.u.U.findByAccountOrPhoneOrEmail - ==>  Preparing: select * from user_user where user_account = ? or user_phone = ? or user_email = ?
2026-01-02 22:02:30.154 [http-nio-8080-exec-10] DEBUG c.z.e.m.m.u.U.findByAccountOrPhoneOrEmail - ==> Parameters: 1812463057@qq.com(String), 1812463057@qq.com(String), 1812463057@qq.com(String)
2026-01-02 22:02:30.189 [http-nio-8080-exec-10] DEBUG c.z.e.m.m.u.U.findByAccountOrPhoneOrEmail - <==      Total: 1
2026-01-02 22:02:30.254 [http-nio-8080-exec-10] DEBUG c.z.e.m.m.user.UserMapper.updateById - ==>  Preparing: UPDATE user_user SET user_account=?, user_username=?, user_email=?, user_phone=?, user_password=?, user_image=?, user_introduce=?, user_createdTime=?, user_loginTime=?, user_dreamPosition=?, user_dreamMinMonthSalary=?, user_dreamMaxMonthSalary=?, user_dreamWeekWorkDayNum=?, user_dreamGoodWelfare=?, user_recruitLocationFirst=?, user_recruitLocationSecond=?, user_recruitLocationDetail=?, user_universityCode=? WHERE user_id=?
2026-01-02 22:02:30.255 [http-nio-8080-exec-10] DEBUG c.z.e.m.m.user.UserMapper.updateById - ==> Parameters: 1812463057(String), 超级管理员(String), 1812463057@qq.com(String), 18242991090(String), $2a$10$nKM6fASHzFxF2ZlTENQZou2NmtpqYNoJinjJ2gPjDYX5INDlrSm6q(String), https://pic4.zhimg.com/50/v2-6a4bc61f7b87e51bf099cc0bec432dfd_hd.jpg?source=1940ef5c(String), 超级管理员,官方正版号(String), 2025-11-03 00:00:00.0(Timestamp), 2026-01-02 22:02:30.251(Timestamp), 2(Integer), 12000.00(BigDecimal), 30000.00(BigDecimal), 7(Integer), 五险一金(String), 2(Integer), 2825(Integer), 上海闵行区(String), 11360(Integer), 1(Integer)
2026-01-02 22:02:30.324 [http-nio-8080-exec-10] DEBUG c.z.e.m.m.user.UserMapper.updateById - <==    Updates: 1
2026-01-02 22:02:30.538 [http-nio-8080-exec-1] DEBUG c.z.e.m.m.user.UserMapper.selectById - ==>  Preparing: SELECT user_id,user_account,user_username,user_email,user_phone,user_password,user_image,user_introduce,user_createdTime,user_loginTime,user_dreamPosition,user_dreamMinMonthSalary,user_dreamMaxMonthSalary,user_dreamWeekWorkDayNum,user_dreamGoodWelfare,user_recruitLocationFirst,user_recruitLocationSecond,user_recruitLocationDetail,user_universityCode FROM user_user WHERE user_id=?
2026-01-02 22:02:30.539 [http-nio-8080-exec-1] DEBUG c.z.e.m.m.user.UserMapper.selectById - ==> Parameters: 1(Integer)
2026-01-02 22:02:30.574 [http-nio-8080-exec-2] DEBUG c.z.e.m.m.user.UserMapper.selectById - ==>  Preparing: SELECT user_id,user_account,user_username,user_email,user_phone,user_password,user_image,user_introduce,user_createdTime,user_loginTime,user_dreamPosition,user_dreamMinMonthSalary,user_dreamMaxMonthSalary,user_dreamWeekWorkDayNum,user_dreamGoodWelfare,user_recruitLocationFirst,user_recruitLocationSecond,user_recruitLocationDetail,user_universityCode FROM user_user WHERE user_id=?
2026-01-02 22:02:30.575 [http-nio-8080-exec-2] DEBUG c.z.e.m.m.user.UserMapper.selectById - ==> Parameters: 1(Integer)
2026-01-02 22:02:30.576 [http-nio-8080-exec-1] DEBUG c.z.e.m.m.user.UserMapper.selectById - <==      Total: 1
2026-01-02 22:02:30.611 [http-nio-8080-exec-2] DEBUG c.z.e.m.m.user.UserMapper.selectById - <==      Total: 1
2026-01-02 22:02:30.624 [http-nio-8080-exec-3] DEBUG c.z.e.m.m.user.UserMapper.selectById - ==>  Preparing: SELECT user_id,user_account,user_username,user_email,user_phone,user_password,user_image,user_introduce,user_createdTime,user_loginTime,user_dreamPosition,user_dreamMinMonthSalary,user_dreamMaxMonthSalary,user_dreamWeekWorkDayNum,user_dreamGoodWelfare,user_recruitLocationFirst,user_recruitLocationSecond,user_recruitLocationDetail,user_universityCode FROM user_user WHERE user_id=?
2026-01-02 22:02:30.625 [http-nio-8080-exec-3] DEBUG c.z.e.m.m.user.UserMapper.selectById - ==> Parameters: 1(Integer)
2026-01-02 22:02:30.652 [http-nio-8080-exec-2] INFO  c.z.e.s.i.a.AdmonitorUserAdvertisementServiceImpl - 查询所有广告开始
2026-01-02 22:02:30.653 [http-nio-8080-exec-2] DEBUG c.z.e.m.m.a.A.selectList - ==>  Preparing: SELECT userAdvertisement_id AS advertisementId,userAdvertisement_name AS advertisementName,userAdvertisement_url AS advertisementUrl,userAdvertisement_link AS advertisementLink,userAdvertisement_startedTime AS advertisementStartedTime,userAdvertisement_endTime AS advertisementEndTime,deleted FROM admonitor_userAdvertisement WHERE deleted=0 AND (deleted = ? AND userAdvertisement_startedTime <= ? AND userAdvertisement_endTime > ?)
2026-01-02 22:02:30.653 [http-nio-8080-exec-2] DEBUG c.z.e.m.m.a.A.selectList - ==> Parameters: 0(Integer), 2026-01-02 22:02:30.652(Timestamp), 2026-01-02 22:02:30.652(Timestamp)
2026-01-02 22:02:30.660 [http-nio-8080-exec-3] DEBUG c.z.e.m.m.user.UserMapper.selectById - <==      Total: 1
2026-01-02 22:02:30.692 [http-nio-8080-exec-2] DEBUG c.z.e.m.m.a.A.selectList - <==      Total: 1
2026-01-02 22:02:30.692 [http-nio-8080-exec-2] INFO  c.z.e.s.i.a.AdmonitorUserAdvertisementServiceImpl - 查询所有广告成功
2026-01-02 22:02:30.700 [http-nio-8080-exec-3] INFO  c.z.e.s.impl.user.UserServiceImpl - 根据用户id查询用户信息开始
2026-01-02 22:02:30.701 [http-nio-8080-exec-3] DEBUG c.z.e.m.m.user.UserMapper.selectById - ==>  Preparing: SELECT user_id,user_account,user_username,user_email,user_phone,user_password,user_image,user_introduce,user_createdTime,user_loginTime,user_dreamPosition,user_dreamMinMonthSalary,user_dreamMaxMonthSalary,user_dreamWeekWorkDayNum,user_dreamGoodWelfare,user_recruitLocationFirst,user_recruitLocationSecond,user_recruitLocationDetail,user_universityCode FROM user_user WHERE user_id=?
2026-01-02 22:02:30.701 [http-nio-8080-exec-3] DEBUG c.z.e.m.m.user.UserMapper.selectById - ==> Parameters: 1(String)
2026-01-02 22:02:30.739 [http-nio-8080-exec-3] DEBUG c.z.e.m.m.user.UserMapper.selectById - <==      Total: 1
2026-01-02 22:02:30.740 [http-nio-8080-exec-3] DEBUG c.z.e.m.m.u.U.selectById - ==>  Preparing: SELECT universityMap_id,universityMap_name,universityMap_address,universityMap_lat,universityMap_lng,universityMap_status FROM general_universityMap WHERE universityMap_id=?
2026-01-02 22:02:30.740 [http-nio-8080-exec-3] DEBUG c.z.e.m.m.u.U.selectById - ==> Parameters: 11360(Integer)
2026-01-02 22:02:30.775 [http-nio-8080-exec-3] DEBUG c.z.e.m.m.u.U.selectById - <==      Total: 1
2026-01-02 22:02:30.775 [http-nio-8080-exec-3] DEBUG c.z.e.m.m.a.R.selectById - ==>  Preparing: SELECT recruitPosition_id AS recruitPositionId,recruitPosition_name,recruitPosition_createdTime AS createdTime,recruitPosition_updatedTime AS updatedTime,recruitPosition_industryCode,recruitPosition_minMonthSalary AS minMonthSalary,recruitPosition_maxMonthSalary AS maxMonthSalary,recruitPosition_weekWorkDayNum AS weekWorkDayNum,recruitPosition_goodWelfare AS goodWelfare FROM general_recruitPosition WHERE recruitPosition_id =?
2026-01-02 22:02:30.775 [http-nio-8080-exec-3] DEBUG c.z.e.m.m.a.R.selectById - ==> Parameters: 2(Integer)
2026-01-02 22:02:30.815 [http-nio-8080-exec-3] DEBUG c.z.e.m.m.a.R.selectById - <==      Total: 1
2026-01-02 22:02:30.944 [http-nio-8080-exec-7] DEBUG c.z.e.m.m.user.UserMapper.selectById - ==>  Preparing: SELECT user_id,user_account,user_username,user_email,user_phone,user_password,user_image,user_introduce,user_createdTime,user_loginTime,user_dreamPosition,user_dreamMinMonthSalary,user_dreamMaxMonthSalary,user_dreamWeekWorkDayNum,user_dreamGoodWelfare,user_recruitLocationFirst,user_recruitLocationSecond,user_recruitLocationDetail,user_universityCode FROM user_user WHERE user_id=?
2026-01-02 22:02:30.944 [http-nio-8080-exec-7] DEBUG c.z.e.m.m.user.UserMapper.selectById - ==> Parameters: 1(Integer)
2026-01-02 22:02:30.981 [http-nio-8080-exec-7] DEBUG c.z.e.m.m.user.UserMapper.selectById - <==      Total: 1
2026-01-02 22:02:31.022 [http-nio-8080-exec-7] INFO  c.z.e.s.impl.user.UserServiceImpl - 根据用户id查询用户信息开始
2026-01-02 22:02:31.022 [http-nio-8080-exec-7] DEBUG c.z.e.m.m.user.UserMapper.selectById - ==>  Preparing: SELECT user_id,user_account,user_username,user_email,user_phone,user_password,user_image,user_introduce,user_createdTime,user_loginTime,user_dreamPosition,user_dreamMinMonthSalary,user_dreamMaxMonthSalary,user_dreamWeekWorkDayNum,user_dreamGoodWelfare,user_recruitLocationFirst,user_recruitLocationSecond,user_recruitLocationDetail,user_universityCode FROM user_user WHERE user_id=?
2026-01-02 22:02:31.023 [http-nio-8080-exec-7] DEBUG c.z.e.m.m.user.UserMapper.selectById - ==> Parameters: 1(String)
2026-01-02 22:02:31.058 [http-nio-8080-exec-7] DEBUG c.z.e.m.m.user.UserMapper.selectById - <==      Total: 1
2026-01-02 22:02:31.059 [http-nio-8080-exec-7] DEBUG c.z.e.m.m.u.U.selectById - ==>  Preparing: SELECT universityMap_id,universityMap_name,universityMap_address,universityMap_lat,universityMap_lng,universityMap_status FROM general_universityMap WHERE universityMap_id=?
2026-01-02 22:02:31.059 [http-nio-8080-exec-7] DEBUG c.z.e.m.m.u.U.selectById - ==> Parameters: 11360(Integer)
2026-01-02 22:02:31.095 [http-nio-8080-exec-7] DEBUG c.z.e.m.m.u.U.selectById - <==      Total: 1
2026-01-02 22:02:31.095 [http-nio-8080-exec-7] DEBUG c.z.e.m.m.a.R.selectById - ==>  Preparing: SELECT recruitPosition_id AS recruitPositionId,recruitPosition_name,recruitPosition_createdTime AS createdTime,recruitPosition_updatedTime AS updatedTime,recruitPosition_industryCode,recruitPosition_minMonthSalary AS minMonthSalary,recruitPosition_maxMonthSalary AS maxMonthSalary,recruitPosition_weekWorkDayNum AS weekWorkDayNum,recruitPosition_goodWelfare AS goodWelfare FROM general_recruitPosition WHERE recruitPosition_id =?
2026-01-02 22:02:31.095 [http-nio-8080-exec-7] DEBUG c.z.e.m.m.a.R.selectById - ==> Parameters: 2(Integer)
2026-01-02 22:02:31.131 [http-nio-8080-exec-7] DEBUG c.z.e.m.m.a.R.selectById - <==      Total: 1
2026-01-02 22:02:32.291 [http-nio-8080-exec-4] DEBUG c.z.e.m.m.user.UserMapper.selectById - ==>  Preparing: SELECT user_id,user_account,user_username,user_email,user_phone,user_password,user_image,user_introduce,user_createdTime,user_loginTime,user_dreamPosition,user_dreamMinMonthSalary,user_dreamMaxMonthSalary,user_dreamWeekWorkDayNum,user_dreamGoodWelfare,user_recruitLocationFirst,user_recruitLocationSecond,user_recruitLocationDetail,user_universityCode FROM user_user WHERE user_id=?
2026-01-02 22:02:32.292 [http-nio-8080-exec-4] DEBUG c.z.e.m.m.user.UserMapper.selectById - ==> Parameters: 1(Integer)
2026-01-02 22:02:32.328 [http-nio-8080-exec-4] DEBUG c.z.e.m.m.user.UserMapper.selectById - <==      Total: 1
2026-01-02 22:02:32.369 [http-nio-8080-exec-4] INFO  c.z.e.s.i.u.UserSaveResumeServiceImpl - 获取用户保存的简历信息开始
2026-01-02 22:02:32.371 [http-nio-8080-exec-4] DEBUG c.z.e.m.m.u.U.selectList - ==>  Preparing: SELECT userSaveResume_id,userSaveResume_resumeName,userSaveResume_industry,userSaveResume_resumeReactCode,userSaveResume_createdTime,userSaveResume_updatedTime,userSaveResume_sortedNum,userSaveResume_userId FROM user_userSaveResume WHERE (userSaveResume_userId = ?) ORDER BY userSaveResume_sortedNum DESC
2026-01-02 22:02:32.372 [http-nio-8080-exec-4] DEBUG c.z.e.m.m.u.U.selectList - ==> Parameters: 1(Integer)
2026-01-02 22:02:32.409 [http-nio-8080-exec-4] DEBUG c.z.e.m.m.u.U.selectList - <==      Total: 2
2026-01-02 22:02:32.412 [http-nio-8080-exec-4] DEBUG c.z.e.m.m.a.I.selectById - ==>  Preparing: SELECT industryMap_industryCode,industryMap_industryName,industryMap_createdTime AS createdTime,industryMap_updatedTime AS updatedTime FROM general_industryMap WHERE industryMap_industryCode=?
2026-01-02 22:02:32.412 [http-nio-8080-exec-4] DEBUG c.z.e.m.m.a.I.selectById - ==> Parameters: 1(Integer)
2026-01-02 22:02:32.449 [http-nio-8080-exec-4] DEBUG c.z.e.m.m.a.I.selectById - <==      Total: 1
2026-01-02 22:03:49.477 [http-nio-8080-exec-6] DEBUG c.z.e.m.m.user.UserMapper.selectById - ==>  Preparing: SELECT user_id,user_account,user_username,user_email,user_phone,user_password,user_image,user_introduce,user_createdTime,user_loginTime,user_dreamPosition,user_dreamMinMonthSalary,user_dreamMaxMonthSalary,user_dreamWeekWorkDayNum,user_dreamGoodWelfare,user_recruitLocationFirst,user_recruitLocationSecond,user_recruitLocationDetail,user_universityCode FROM user_user WHERE user_id=?
2026-01-02 22:03:49.477 [http-nio-8080-exec-6] DEBUG c.z.e.m.m.user.UserMapper.selectById - ==> Parameters: 1(Integer)
2026-01-02 22:03:49.498 [http-nio-8080-exec-5] DEBUG c.z.e.m.m.user.UserMapper.selectById - ==>  Preparing: SELECT user_id,user_account,user_username,user_email,user_phone,user_password,user_image,user_introduce,user_createdTime,user_loginTime,user_dreamPosition,user_dreamMinMonthSalary,user_dreamMaxMonthSalary,user_dreamWeekWorkDayNum,user_dreamGoodWelfare,user_recruitLocationFirst,user_recruitLocationSecond,user_recruitLocationDetail,user_universityCode FROM user_user WHERE user_id=?
2026-01-02 22:03:49.499 [http-nio-8080-exec-5] DEBUG c.z.e.m.m.user.UserMapper.selectById - ==> Parameters: 1(Integer)
2026-01-02 22:03:49.516 [http-nio-8080-exec-6] DEBUG c.z.e.m.m.user.UserMapper.selectById - <==      Total: 1
2026-01-02 22:03:49.569 [http-nio-8080-exec-5] DEBUG c.z.e.m.m.user.UserMapper.selectById - <==      Total: 1
2026-01-02 22:03:49.572 [http-nio-8080-exec-6] DEBUG c.z.e.m.m.a.I.selectList - ==>  Preparing: SELECT industryMap_industryCode,industryMap_industryName,industryMap_createdTime AS createdTime,industryMap_updatedTime AS updatedTime FROM general_industryMap
2026-01-02 22:03:49.572 [http-nio-8080-exec-6] DEBUG c.z.e.m.m.a.I.selectList - ==> Parameters: 
2026-01-02 22:03:49.656 [http-nio-8080-exec-6] DEBUG c.z.e.m.m.a.I.selectList - <==      Total: 3
2026-01-02 22:03:49.662 [http-nio-8080-exec-5] DEBUG c.z.e.m.m.a.R.selectList - ==>  Preparing: SELECT resumeTemplate_id,resumeTemplate_name,resumeTemplate_reactCode,resumeTemplate_industry,resumeTemplate_isActive,resumeTemplate_createdTime,resumeTemplate_updatedTime,deleted FROM general_resumeTemplate WHERE deleted=0 AND (deleted = ?)
2026-01-02 22:03:49.662 [http-nio-8080-exec-5] DEBUG c.z.e.m.m.a.R.selectList - ==> Parameters: 0(Integer)
2026-01-02 22:03:49.698 [http-nio-8080-exec-5] DEBUG c.z.e.m.m.a.R.selectList - <==      Total: 1
2026-01-02 22:03:49.700 [http-nio-8080-exec-5] DEBUG c.z.e.m.m.a.I.selectById - ==>  Preparing: SELECT industryMap_industryCode,industryMap_industryName,industryMap_createdTime AS createdTime,industryMap_updatedTime AS updatedTime FROM general_industryMap WHERE industryMap_industryCode=?
2026-01-02 22:03:49.701 [http-nio-8080-exec-5] DEBUG c.z.e.m.m.a.I.selectById - ==> Parameters: 3(Integer)
2026-01-02 22:03:49.738 [http-nio-8080-exec-5] DEBUG c.z.e.m.m.a.I.selectById - <==      Total: 1
2026-01-02 22:03:54.649 [http-nio-8080-exec-8] DEBUG c.z.e.m.m.user.UserMapper.selectById - ==>  Preparing: SELECT user_id,user_account,user_username,user_email,user_phone,user_password,user_image,user_introduce,user_createdTime,user_loginTime,user_dreamPosition,user_dreamMinMonthSalary,user_dreamMaxMonthSalary,user_dreamWeekWorkDayNum,user_dreamGoodWelfare,user_recruitLocationFirst,user_recruitLocationSecond,user_recruitLocationDetail,user_universityCode FROM user_user WHERE user_id=?
2026-01-02 22:03:54.650 [http-nio-8080-exec-8] DEBUG c.z.e.m.m.user.UserMapper.selectById - ==> Parameters: 1(Integer)
2026-01-02 22:03:54.703 [http-nio-8080-exec-8] DEBUG c.z.e.m.m.user.UserMapper.selectById - <==      Total: 1
2026-01-02 22:03:54.807 [http-nio-8080-exec-8] INFO  c.z.e.s.i.u.UserCollectionsServiceImpl - 用户是否收藏简历模版开始
2026-01-02 22:03:54.810 [http-nio-8080-exec-8] DEBUG c.z.e.m.m.u.U.selectList - ==>  Preparing: SELECT uid,rtid FROM user_userCollections WHERE (uid = ? AND rtid = ?)
2026-01-02 22:03:54.810 [http-nio-8080-exec-8] DEBUG c.z.e.m.m.u.U.selectList - ==> Parameters: 1(Integer), 1(Integer)
2026-01-02 22:03:54.907 [http-nio-8080-exec-8] DEBUG c.z.e.m.m.u.U.selectList - <==      Total: 1
2026-01-02 22:04:19.265 [http-nio-8080-exec-9] DEBUG c.z.e.m.m.user.UserMapper.selectById - ==>  Preparing: SELECT user_id,user_account,user_username,user_email,user_phone,user_password,user_image,user_introduce,user_createdTime,user_loginTime,user_dreamPosition,user_dreamMinMonthSalary,user_dreamMaxMonthSalary,user_dreamWeekWorkDayNum,user_dreamGoodWelfare,user_recruitLocationFirst,user_recruitLocationSecond,user_recruitLocationDetail,user_universityCode FROM user_user WHERE user_id=?
2026-01-02 22:04:19.265 [http-nio-8080-exec-9] DEBUG c.z.e.m.m.user.UserMapper.selectById - ==> Parameters: 1(Integer)
2026-01-02 22:04:19.300 [http-nio-8080-exec-9] DEBUG c.z.e.m.m.user.UserMapper.selectById - <==      Total: 1
2026-01-02 22:04:19.359 [http-nio-8080-exec-9] DEBUG c.z.e.m.m.a.E.selectList - ==>  Preparing: SELECT employmentInformation_id,employmentInformation_code,employmentInformation_companyName,employmentInformation_industryCategories,employmentInformation_companyType,employmentInformation_batch,employmentInformation_recruitPosition,employmentInformation_recruitObject,employmentInformation_recruitLocationFirst,employmentInformation_recruitLocationSecond,employmentInformation_recruitLocationDetail,employmentInformation_startTime,employmentInformation_stopTime,employmentInformation_updatedTime,employmentInformation_onlineApplicationStatus,employmentInformation_officialAnnouncement,employmentInformation_submissionWay,employmentInformation_employeeReferralCode,deleted FROM general_employmentInformation WHERE deleted=0 AND (deleted = ?)
2026-01-02 22:04:19.360 [http-nio-8080-exec-9] DEBUG c.z.e.m.m.a.E.selectList - ==> Parameters: 0(Integer)
2026-01-02 22:04:19.399 [http-nio-8080-exec-9] DEBUG c.z.e.m.m.a.E.selectList - <==      Total: 1
2026-01-02 22:04:19.400 [http-nio-8080-exec-9] DEBUG c.z.e.m.m.a.E.selectList - ==>  Preparing: SELECT employmentInformation_id,employmentInformation_code,employmentInformation_companyName,employmentInformation_industryCategories,employmentInformation_companyType,employmentInformation_batch,employmentInformation_recruitPosition,employmentInformation_recruitObject,employmentInformation_recruitLocationFirst,employmentInformation_recruitLocationSecond,employmentInformation_recruitLocationDetail,employmentInformation_startTime,employmentInformation_stopTime,employmentInformation_updatedTime,employmentInformation_onlineApplicationStatus,employmentInformation_officialAnnouncement,employmentInformation_submissionWay,employmentInformation_employeeReferralCode,deleted FROM general_employmentInformation WHERE deleted=0 AND (employmentInformation_code = ? AND deleted = ?)
2026-01-02 22:04:19.400 [http-nio-8080-exec-9] DEBUG c.z.e.m.m.a.E.selectList - ==> Parameters: 1(Integer), 0(Integer)
2026-01-02 22:04:19.441 [http-nio-8080-exec-9] DEBUG c.z.e.m.m.a.E.selectList - <==      Total: 1
2026-01-02 22:04:19.450 [http-nio-8080-exec-9] DEBUG c.z.e.m.m.a.I.selectById - ==>  Preparing: SELECT industryMap_industryCode,industryMap_industryName,industryMap_createdTime AS createdTime,industryMap_updatedTime AS updatedTime FROM general_industryMap WHERE industryMap_industryCode=?
2026-01-02 22:04:19.450 [http-nio-8080-exec-9] DEBUG c.z.e.m.m.a.I.selectById - ==> Parameters: 3(Integer)
2026-01-02 22:04:19.485 [http-nio-8080-exec-9] DEBUG c.z.e.m.m.a.I.selectById - <==      Total: 1
2026-01-02 22:04:19.485 [http-nio-8080-exec-9] DEBUG c.z.e.m.m.a.R.selectById - ==>  Preparing: SELECT recruitPosition_id AS recruitPositionId,recruitPosition_name,recruitPosition_createdTime AS createdTime,recruitPosition_updatedTime AS updatedTime,recruitPosition_industryCode,recruitPosition_minMonthSalary AS minMonthSalary,recruitPosition_maxMonthSalary AS maxMonthSalary,recruitPosition_weekWorkDayNum AS weekWorkDayNum,recruitPosition_goodWelfare AS goodWelfare FROM general_recruitPosition WHERE recruitPosition_id =?
2026-01-02 22:04:19.486 [http-nio-8080-exec-9] DEBUG c.z.e.m.m.a.R.selectById - ==> Parameters: 2(Integer)
2026-01-02 22:04:19.521 [http-nio-8080-exec-9] DEBUG c.z.e.m.m.a.R.selectById - <==      Total: 1
2026-01-02 22:05:42.772 [http-nio-8080-exec-10] DEBUG c.z.e.m.m.user.UserMapper.selectById - ==>  Preparing: SELECT user_id,user_account,user_username,user_email,user_phone,user_password,user_image,user_introduce,user_createdTime,user_loginTime,user_dreamPosition,user_dreamMinMonthSalary,user_dreamMaxMonthSalary,user_dreamWeekWorkDayNum,user_dreamGoodWelfare,user_recruitLocationFirst,user_recruitLocationSecond,user_recruitLocationDetail,user_universityCode FROM user_user WHERE user_id=?
2026-01-02 22:05:42.773 [http-nio-8080-exec-10] DEBUG c.z.e.m.m.user.UserMapper.selectById - ==> Parameters: 1(Integer)
2026-01-02 22:05:42.809 [http-nio-8080-exec-10] DEBUG c.z.e.m.m.user.UserMapper.selectById - <==      Total: 1
2026-01-02 22:05:42.856 [http-nio-8080-exec-10] DEBUG c.z.e.m.m.a.J.selectList - ==>  Preparing: SELECT jobAdviceArticle_id,jobAdviceArticle_title,jobAdviceArticle_content,jobAdviceArticle_category,jobAdviceArticle_tags,jobAdviceArticle_authorName,jobAdviceArticle_publishedStatus,jobAdviceArticle_publishedTime,jobAdviceArticle_updatedTime,deleted FROM general_jobAdviceArticle WHERE deleted=0 AND (deleted = ?)
2026-01-02 22:05:42.857 [http-nio-8080-exec-10] DEBUG c.z.e.m.m.a.J.selectList - ==> Parameters: 0(Integer)
2026-01-02 22:05:42.892 [http-nio-8080-exec-10] DEBUG c.z.e.m.m.a.J.selectList - <==      Total: 1
2026-01-02 22:10:28.094 [http-nio-8080-exec-1] DEBUG c.z.e.m.m.u.U.findByAccountOrPhoneOrEmail - ==>  Preparing: select * from user_user where user_account = ? or user_phone = ? or user_email = ?
2026-01-02 22:10:28.094 [http-nio-8080-exec-1] DEBUG c.z.e.m.m.u.U.findByAccountOrPhoneOrEmail - ==> Parameters: 1812463057@qq.com(String), 1812463057@qq.com(String), 1812463057@qq.com(String)
2026-01-02 22:10:28.134 [http-nio-8080-exec-1] DEBUG c.z.e.m.m.u.U.findByAccountOrPhoneOrEmail - <==      Total: 1
2026-01-02 22:10:28.196 [http-nio-8080-exec-1] DEBUG c.z.e.m.m.user.UserMapper.updateById - ==>  Preparing: UPDATE user_user SET user_account=?, user_username=?, user_email=?, user_phone=?, user_password=?, user_image=?, user_introduce=?, user_createdTime=?, user_loginTime=?, user_dreamPosition=?, user_dreamMinMonthSalary=?, user_dreamMaxMonthSalary=?, user_dreamWeekWorkDayNum=?, user_dreamGoodWelfare=?, user_recruitLocationFirst=?, user_recruitLocationSecond=?, user_recruitLocationDetail=?, user_universityCode=? WHERE user_id=?
2026-01-02 22:10:28.197 [http-nio-8080-exec-1] DEBUG c.z.e.m.m.user.UserMapper.updateById - ==> Parameters: 1812463057(String), 超级管理员(String), 1812463057@qq.com(String), 18242991090(String), $2a$10$nKM6fASHzFxF2ZlTENQZou2NmtpqYNoJinjJ2gPjDYX5INDlrSm6q(String), https://pic4.zhimg.com/50/v2-6a4bc61f7b87e51bf099cc0bec432dfd_hd.jpg?source=1940ef5c(String), 超级管理员,官方正版号(String), 2025-11-02 00:00:00.0(Timestamp), 2026-01-02 22:10:28.196(Timestamp), 2(Integer), 12000.00(BigDecimal), 30000.00(BigDecimal), 7(Integer), 五险一金(String), 2(Integer), 2825(Integer), 上海闵行区(String), 11360(Integer), 1(Integer)
2026-01-02 22:10:28.279 [http-nio-8080-exec-1] DEBUG c.z.e.m.m.user.UserMapper.updateById - <==    Updates: 1
2026-01-02 22:10:28.608 [http-nio-8080-exec-3] DEBUG c.z.e.m.m.user.UserMapper.selectById - ==>  Preparing: SELECT user_id,user_account,user_username,user_email,user_phone,user_password,user_image,user_introduce,user_createdTime,user_loginTime,user_dreamPosition,user_dreamMinMonthSalary,user_dreamMaxMonthSalary,user_dreamWeekWorkDayNum,user_dreamGoodWelfare,user_recruitLocationFirst,user_recruitLocationSecond,user_recruitLocationDetail,user_universityCode FROM user_user WHERE user_id=?
2026-01-02 22:10:28.609 [http-nio-8080-exec-3] DEBUG c.z.e.m.m.user.UserMapper.selectById - ==> Parameters: 1(Integer)
2026-01-02 22:10:28.642 [http-nio-8080-exec-2] DEBUG c.z.e.m.m.user.UserMapper.selectById - ==>  Preparing: SELECT user_id,user_account,user_username,user_email,user_phone,user_password,user_image,user_introduce,user_createdTime,user_loginTime,user_dreamPosition,user_dreamMinMonthSalary,user_dreamMaxMonthSalary,user_dreamWeekWorkDayNum,user_dreamGoodWelfare,user_recruitLocationFirst,user_recruitLocationSecond,user_recruitLocationDetail,user_universityCode FROM user_user WHERE user_id=?
2026-01-02 22:10:28.644 [http-nio-8080-exec-2] DEBUG c.z.e.m.m.user.UserMapper.selectById - ==> Parameters: 1(Integer)
2026-01-02 22:10:28.644 [http-nio-8080-exec-3] DEBUG c.z.e.m.m.user.UserMapper.selectById - <==      Total: 1
2026-01-02 22:10:28.680 [http-nio-8080-exec-2] DEBUG c.z.e.m.m.user.UserMapper.selectById - <==      Total: 1
2026-01-02 22:10:28.682 [http-nio-8080-exec-3] INFO  c.z.e.s.i.a.AdmonitorUserAdvertisementServiceImpl - 查询所有广告开始
2026-01-02 22:10:28.683 [http-nio-8080-exec-3] DEBUG c.z.e.m.m.a.A.selectList - ==>  Preparing: SELECT userAdvertisement_id AS advertisementId,userAdvertisement_name AS advertisementName,userAdvertisement_url AS advertisementUrl,userAdvertisement_link AS advertisementLink,userAdvertisement_startedTime AS advertisementStartedTime,userAdvertisement_endTime AS advertisementEndTime,deleted FROM admonitor_userAdvertisement WHERE deleted=0 AND (deleted = ? AND userAdvertisement_startedTime <= ? AND userAdvertisement_endTime > ?)
2026-01-02 22:10:28.683 [http-nio-8080-exec-3] DEBUG c.z.e.m.m.a.A.selectList - ==> Parameters: 0(Integer), 2026-01-02 22:10:28.682(Timestamp), 2026-01-02 22:10:28.682(Timestamp)
2026-01-02 22:10:28.720 [http-nio-8080-exec-3] DEBUG c.z.e.m.m.a.A.selectList - <==      Total: 1
2026-01-02 22:10:28.721 [http-nio-8080-exec-3] INFO  c.z.e.s.i.a.AdmonitorUserAdvertisementServiceImpl - 查询所有广告成功
2026-01-02 22:10:28.727 [http-nio-8080-exec-7] DEBUG c.z.e.m.m.user.UserMapper.selectById - ==>  Preparing: SELECT user_id,user_account,user_username,user_email,user_phone,user_password,user_image,user_introduce,user_createdTime,user_loginTime,user_dreamPosition,user_dreamMinMonthSalary,user_dreamMaxMonthSalary,user_dreamWeekWorkDayNum,user_dreamGoodWelfare,user_recruitLocationFirst,user_recruitLocationSecond,user_recruitLocationDetail,user_universityCode FROM user_user WHERE user_id=?
2026-01-02 22:10:28.728 [http-nio-8080-exec-7] DEBUG c.z.e.m.m.user.UserMapper.selectById - ==> Parameters: 1(Integer)
2026-01-02 22:10:28.765 [http-nio-8080-exec-7] DEBUG c.z.e.m.m.user.UserMapper.selectById - <==      Total: 1
2026-01-02 22:10:28.824 [http-nio-8080-exec-7] INFO  c.z.e.s.impl.user.UserServiceImpl - 根据用户id查询用户信息开始
2026-01-02 22:10:28.825 [http-nio-8080-exec-7] DEBUG c.z.e.m.m.user.UserMapper.selectById - ==>  Preparing: SELECT user_id,user_account,user_username,user_email,user_phone,user_password,user_image,user_introduce,user_createdTime,user_loginTime,user_dreamPosition,user_dreamMinMonthSalary,user_dreamMaxMonthSalary,user_dreamWeekWorkDayNum,user_dreamGoodWelfare,user_recruitLocationFirst,user_recruitLocationSecond,user_recruitLocationDetail,user_universityCode FROM user_user WHERE user_id=?
2026-01-02 22:10:28.825 [http-nio-8080-exec-7] DEBUG c.z.e.m.m.user.UserMapper.selectById - ==> Parameters: 1(String)
2026-01-02 22:10:28.860 [http-nio-8080-exec-7] DEBUG c.z.e.m.m.user.UserMapper.selectById - <==      Total: 1
2026-01-02 22:10:28.861 [http-nio-8080-exec-7] DEBUG c.z.e.m.m.u.U.selectById - ==>  Preparing: SELECT universityMap_id,universityMap_name,universityMap_address,universityMap_lat,universityMap_lng,universityMap_status FROM general_universityMap WHERE universityMap_id=?
2026-01-02 22:10:28.861 [http-nio-8080-exec-7] DEBUG c.z.e.m.m.u.U.selectById - ==> Parameters: 11360(Integer)
2026-01-02 22:10:28.900 [http-nio-8080-exec-7] DEBUG c.z.e.m.m.u.U.selectById - <==      Total: 1
2026-01-02 22:10:28.901 [http-nio-8080-exec-7] DEBUG c.z.e.m.m.a.R.selectById - ==>  Preparing: SELECT recruitPosition_id AS recruitPositionId,recruitPosition_name,recruitPosition_createdTime AS createdTime,recruitPosition_updatedTime AS updatedTime,recruitPosition_industryCode,recruitPosition_minMonthSalary AS minMonthSalary,recruitPosition_maxMonthSalary AS maxMonthSalary,recruitPosition_weekWorkDayNum AS weekWorkDayNum,recruitPosition_goodWelfare AS goodWelfare FROM general_recruitPosition WHERE recruitPosition_id =?
2026-01-02 22:10:28.901 [http-nio-8080-exec-7] DEBUG c.z.e.m.m.a.R.selectById - ==> Parameters: 2(Integer)
2026-01-02 22:10:28.937 [http-nio-8080-exec-7] DEBUG c.z.e.m.m.a.R.selectById - <==      Total: 1
2026-01-02 22:10:29.065 [http-nio-8080-exec-4] DEBUG c.z.e.m.m.user.UserMapper.selectById - ==>  Preparing: SELECT user_id,user_account,user_username,user_email,user_phone,user_password,user_image,user_introduce,user_createdTime,user_loginTime,user_dreamPosition,user_dreamMinMonthSalary,user_dreamMaxMonthSalary,user_dreamWeekWorkDayNum,user_dreamGoodWelfare,user_recruitLocationFirst,user_recruitLocationSecond,user_recruitLocationDetail,user_universityCode FROM user_user WHERE user_id=?
2026-01-02 22:10:29.065 [http-nio-8080-exec-4] DEBUG c.z.e.m.m.user.UserMapper.selectById - ==> Parameters: 1(Integer)
2026-01-02 22:10:29.101 [http-nio-8080-exec-4] DEBUG c.z.e.m.m.user.UserMapper.selectById - <==      Total: 1
2026-01-02 22:10:29.139 [http-nio-8080-exec-4] INFO  c.z.e.s.impl.user.UserServiceImpl - 根据用户id查询用户信息开始
2026-01-02 22:10:29.140 [http-nio-8080-exec-4] DEBUG c.z.e.m.m.user.UserMapper.selectById - ==>  Preparing: SELECT user_id,user_account,user_username,user_email,user_phone,user_password,user_image,user_introduce,user_createdTime,user_loginTime,user_dreamPosition,user_dreamMinMonthSalary,user_dreamMaxMonthSalary,user_dreamWeekWorkDayNum,user_dreamGoodWelfare,user_recruitLocationFirst,user_recruitLocationSecond,user_recruitLocationDetail,user_universityCode FROM user_user WHERE user_id=?
2026-01-02 22:10:29.141 [http-nio-8080-exec-4] DEBUG c.z.e.m.m.user.UserMapper.selectById - ==> Parameters: 1(String)
2026-01-02 22:10:29.177 [http-nio-8080-exec-4] DEBUG c.z.e.m.m.user.UserMapper.selectById - <==      Total: 1
2026-01-02 22:10:29.178 [http-nio-8080-exec-4] DEBUG c.z.e.m.m.u.U.selectById - ==>  Preparing: SELECT universityMap_id,universityMap_name,universityMap_address,universityMap_lat,universityMap_lng,universityMap_status FROM general_universityMap WHERE universityMap_id=?
2026-01-02 22:10:29.178 [http-nio-8080-exec-4] DEBUG c.z.e.m.m.u.U.selectById - ==> Parameters: 11360(Integer)
2026-01-02 22:10:29.214 [http-nio-8080-exec-4] DEBUG c.z.e.m.m.u.U.selectById - <==      Total: 1
2026-01-02 22:10:29.214 [http-nio-8080-exec-4] DEBUG c.z.e.m.m.a.R.selectById - ==>  Preparing: SELECT recruitPosition_id AS recruitPositionId,recruitPosition_name,recruitPosition_createdTime AS createdTime,recruitPosition_updatedTime AS updatedTime,recruitPosition_industryCode,recruitPosition_minMonthSalary AS minMonthSalary,recruitPosition_maxMonthSalary AS maxMonthSalary,recruitPosition_weekWorkDayNum AS weekWorkDayNum,recruitPosition_goodWelfare AS goodWelfare FROM general_recruitPosition WHERE recruitPosition_id =?
2026-01-02 22:10:29.215 [http-nio-8080-exec-4] DEBUG c.z.e.m.m.a.R.selectById - ==> Parameters: 2(Integer)
2026-01-02 22:10:29.251 [http-nio-8080-exec-4] DEBUG c.z.e.m.m.a.R.selectById - <==      Total: 1
2026-01-02 23:14:52.515 [http-nio-8080-exec-5] WARN  c.z.e.filter.UserJwtAuthFilter - Token 不匹配或已失效，userId: 1
2026-01-02 23:14:52.515 [http-nio-8080-exec-6] WARN  c.z.e.filter.UserJwtAuthFilter - Token 不匹配或已失效，userId: 1
2026-01-02 23:14:58.800 [http-nio-8080-exec-8] WARN  c.z.e.filter.AdminJwtAuthFilter - Token 不匹配或已失效，adminId: 1
2026-01-02 23:14:58.800 [http-nio-8080-exec-9] WARN  c.z.e.filter.AdminJwtAuthFilter - Token 不匹配或已失效，adminId: 1
2026-01-02 23:15:09.584 [http-nio-8080-exec-10] DEBUG c.z.e.m.m.a.A.findByAccountOrPhoneOrEmail - ==>  Preparing: select * from admin_admin where admin_account = ? or admin_phone = ? or admin_email = ?
2026-01-02 23:15:09.586 [http-nio-8080-exec-10] DEBUG c.z.e.m.m.a.A.findByAccountOrPhoneOrEmail - ==> Parameters: 1812463057(String), 1812463057(String), 1812463057(String)
2026-01-02 23:15:09.629 [http-nio-8080-exec-10] DEBUG c.z.e.m.m.a.A.findByAccountOrPhoneOrEmail - <==      Total: 1
2026-01-02 23:15:09.715 [http-nio-8080-exec-10] DEBUG c.z.e.m.m.a.AdminMapper.updateById - ==>  Preparing: UPDATE admin_admin SET admin_account=?, admin_username=?, admin_email=?, admin_phone=?, admin_password=?, admin_image=?, admin_introduce=?, admin_state=?, admin_loginTime=? WHERE admin_id=? AND deleted=0
2026-01-02 23:15:09.715 [http-nio-8080-exec-10] DEBUG c.z.e.m.m.a.AdminMapper.updateById - ==> Parameters: 1812463057(String), 超级管理员(String), 1812463057@qq.com(String), 18242991090(String), $2a$10$Wz8s6hYf0UGOCCZ6Ff5QW.QgfqIQSJijiFXIqqplg3eGqw3HNxSeu(String), https://ts1.tc.mm.bing.net/th/id/R-C.928ef8908b5eb3666b2a27a1f6cfbe17?rik=h2FXLv1HNaxbTg&riu=http%3a%2f%2fp0.so.qhmsg.com%2ft018b5eb3666b2a27a1.jpg&ehk=QnGPPvZKq3cPW6%2bdkG%2b3zIRvAGXRsgYVTirfbvOBTaU%3d&risl=&pid=ImgRaw&r=0(String), 至高无上的超级管理员(String), 1(Integer), 2026-01-02 23:15:09.713(Timestamp), 1(Integer)
2026-01-02 23:15:09.788 [http-nio-8080-exec-10] DEBUG c.z.e.m.m.a.AdminMapper.updateById - <==    Updates: 1
2026-01-02 23:15:10.003 [http-nio-8080-exec-1] DEBUG c.z.e.m.m.a.AdminMapper.selectById - ==>  Preparing: SELECT admin_id,admin_account,admin_username,admin_email,admin_phone,admin_password,admin_image,admin_introduce,admin_state,admin_loginTime,deleted FROM admin_admin WHERE admin_id=? AND deleted=0
2026-01-02 23:15:10.004 [http-nio-8080-exec-1] DEBUG c.z.e.m.m.a.AdminMapper.selectById - ==> Parameters: 1(Integer)
2026-01-02 23:15:10.064 [http-nio-8080-exec-1] DEBUG c.z.e.m.m.a.AdminMapper.selectById - <==      Total: 1
2026-01-02 23:15:10.064 [http-nio-8080-exec-1] DEBUG c.z.e.m.m.a.A.findAdminInfoById - ==>  Preparing: select * from admin_admin left join admin_admin_role on admin_admin.admin_id = admin_admin_role.adminId left join admin_role on admin_admin_role.roleId = admin_role.role_id left join admin_role_permission on admin_role.role_id = admin_role.role_id left join admin_permission on admin_role_permission.permissionId = admin_permission.permission_id where admin_admin.admin_id = ? and admin_admin.deleted = 0
2026-01-02 23:15:10.066 [http-nio-8080-exec-1] DEBUG c.z.e.m.m.a.A.findAdminInfoById - ==> Parameters: 1(Integer)
2026-01-02 23:15:10.135 [http-nio-8080-exec-1] DEBUG c.z.e.m.m.a.A.findAdminInfoById - <==      Total: 1
2026-01-02 23:15:10.516 [http-nio-8080-exec-2] DEBUG c.z.e.m.m.a.AdminMapper.selectById - ==>  Preparing: SELECT admin_id,admin_account,admin_username,admin_email,admin_phone,admin_password,admin_image,admin_introduce,admin_state,admin_loginTime,deleted FROM admin_admin WHERE admin_id=? AND deleted=0
2026-01-02 23:15:10.516 [http-nio-8080-exec-2] DEBUG c.z.e.m.m.a.AdminMapper.selectById - ==> Parameters: 1(Integer)
2026-01-02 23:15:10.576 [http-nio-8080-exec-2] DEBUG c.z.e.m.m.a.AdminMapper.selectById - <==      Total: 1
2026-01-02 23:15:10.576 [http-nio-8080-exec-2] DEBUG c.z.e.m.m.a.A.findAdminInfoById - ==>  Preparing: select * from admin_admin left join admin_admin_role on admin_admin.admin_id = admin_admin_role.adminId left join admin_role on admin_admin_role.roleId = admin_role.role_id left join admin_role_permission on admin_role.role_id = admin_role.role_id left join admin_permission on admin_role_permission.permissionId = admin_permission.permission_id where admin_admin.admin_id = ? and admin_admin.deleted = 0
2026-01-02 23:15:10.576 [http-nio-8080-exec-2] DEBUG c.z.e.m.m.a.A.findAdminInfoById - ==> Parameters: 1(Integer)
2026-01-02 23:15:10.646 [http-nio-8080-exec-2] DEBUG c.z.e.m.m.a.A.findAdminInfoById - <==      Total: 1
2026-01-02 23:15:10.751 [http-nio-8080-exec-2] DEBUG c.z.e.m.m.a.A.findAdminInfoById - ==>  Preparing: select * from admin_admin left join admin_admin_role on admin_admin.admin_id = admin_admin_role.adminId left join admin_role on admin_admin_role.roleId = admin_role.role_id left join admin_role_permission on admin_role.role_id = admin_role.role_id left join admin_permission on admin_role_permission.permissionId = admin_permission.permission_id where admin_admin.admin_id = ? and admin_admin.deleted = 0
2026-01-02 23:15:10.753 [http-nio-8080-exec-2] DEBUG c.z.e.m.m.a.A.findAdminInfoById - ==> Parameters: 1(Integer)
2026-01-02 23:15:10.805 [http-nio-8080-exec-2] DEBUG c.z.e.m.m.a.A.findAdminInfoById - <==      Total: 1
2026-01-02 23:15:11.040 [http-nio-8080-exec-3] DEBUG c.z.e.m.m.a.AdminMapper.selectById - ==>  Preparing: SELECT admin_id,admin_account,admin_username,admin_email,admin_phone,admin_password,admin_image,admin_introduce,admin_state,admin_loginTime,deleted FROM admin_admin WHERE admin_id=? AND deleted=0
2026-01-02 23:15:11.040 [http-nio-8080-exec-3] DEBUG c.z.e.m.m.a.AdminMapper.selectById - ==> Parameters: 1(Integer)
2026-01-02 23:15:11.089 [http-nio-8080-exec-3] DEBUG c.z.e.m.m.a.AdminMapper.selectById - <==      Total: 1
2026-01-02 23:15:11.089 [http-nio-8080-exec-3] DEBUG c.z.e.m.m.a.A.findAdminInfoById - ==>  Preparing: select * from admin_admin left join admin_admin_role on admin_admin.admin_id = admin_admin_role.adminId left join admin_role on admin_admin_role.roleId = admin_role.role_id left join admin_role_permission on admin_role.role_id = admin_role.role_id left join admin_permission on admin_role_permission.permissionId = admin_permission.permission_id where admin_admin.admin_id = ? and admin_admin.deleted = 0
2026-01-02 23:15:11.090 [http-nio-8080-exec-3] DEBUG c.z.e.m.m.a.A.findAdminInfoById - ==> Parameters: 1(Integer)
2026-01-02 23:15:11.158 [http-nio-8080-exec-3] DEBUG c.z.e.m.m.a.A.findAdminInfoById - <==      Total: 1
2026-01-02 23:15:11.263 [http-nio-8080-exec-3] INFO  c.z.e.s.i.a.AdMonitorAdminAnnouncementServiceImpl - 管理员获取公告信息
2026-01-02 23:15:11.263 [http-nio-8080-exec-3] DEBUG c.z.e.m.m.a.A.selectById - ==>  Preparing: SELECT adminAnnouncement_id AS announcementId,adminAnnouncement_title AS announcementTitle,adminAnnouncement_content AS announcementContent,adminAnnouncement_updatedTime AS announcementUpdatedTime FROM admonitor_adminAnnouncement WHERE adminAnnouncement_id=?
2026-01-02 23:15:11.263 [http-nio-8080-exec-3] DEBUG c.z.e.m.m.a.A.selectById - ==> Parameters: 1(Integer)
2026-01-02 23:15:11.302 [http-nio-8080-exec-3] DEBUG c.z.e.m.m.a.A.selectById - <==      Total: 1
2026-01-02 23:15:11.302 [http-nio-8080-exec-3] INFO  c.z.e.s.i.a.AdMonitorAdminAnnouncementServiceImpl - 管理员获取公告信息成功
2026-01-02 23:15:11.397 [http-nio-8080-exec-7] DEBUG c.z.e.m.m.a.AdminMapper.selectById - ==>  Preparing: SELECT admin_id,admin_account,admin_username,admin_email,admin_phone,admin_password,admin_image,admin_introduce,admin_state,admin_loginTime,deleted FROM admin_admin WHERE admin_id=? AND deleted=0
2026-01-02 23:15:11.398 [http-nio-8080-exec-7] DEBUG c.z.e.m.m.a.AdminMapper.selectById - ==> Parameters: 1(Integer)
2026-01-02 23:15:11.456 [http-nio-8080-exec-7] DEBUG c.z.e.m.m.a.AdminMapper.selectById - <==      Total: 1
2026-01-02 23:15:11.457 [http-nio-8080-exec-7] DEBUG c.z.e.m.m.a.A.findAdminInfoById - ==>  Preparing: select * from admin_admin left join admin_admin_role on admin_admin.admin_id = admin_admin_role.adminId left join admin_role on admin_admin_role.roleId = admin_role.role_id left join admin_role_permission on admin_role.role_id = admin_role.role_id left join admin_permission on admin_role_permission.permissionId = admin_permission.permission_id where admin_admin.admin_id = ? and admin_admin.deleted = 0
2026-01-02 23:15:11.457 [http-nio-8080-exec-7] DEBUG c.z.e.m.m.a.A.findAdminInfoById - ==> Parameters: 1(Integer)
2026-01-02 23:15:11.512 [http-nio-8080-exec-7] DEBUG c.z.e.m.m.a.A.findAdminInfoById - <==      Total: 1
2026-01-02 23:15:11.570 [http-nio-8080-exec-7] INFO  c.z.e.s.i.a.AdmonitorAdminAdvertisementServiceImpl - 查询所有广告开始
2026-01-02 23:15:11.572 [http-nio-8080-exec-7] DEBUG c.z.e.m.m.a.A.selectList - ==>  Preparing: SELECT adminAdvertisement_id AS advertisementId,adminAdvertisement_name AS advertisementName,adminAdvertisement_url AS advertisementUrl,adminAdvertisement_link AS advertisementLink,adminAdvertisement_startedTime AS advertisementStartedTime,adminAdvertisement_endTime AS advertisementEndTime,deleted FROM admonitor_adminAdvertisement WHERE deleted=0 AND (deleted = ? AND adminAdvertisement_startedTime <= ? AND adminAdvertisement_endTime > ?)
2026-01-02 23:15:11.573 [http-nio-8080-exec-7] DEBUG c.z.e.m.m.a.A.selectList - ==> Parameters: 0(Integer), 2026-01-02 23:15:11.57(Timestamp), 2026-01-02 23:15:11.57(Timestamp)
2026-01-02 23:15:11.627 [http-nio-8080-exec-7] DEBUG c.z.e.m.m.a.A.selectList - <==      Total: 1
2026-01-02 23:15:11.628 [http-nio-8080-exec-7] INFO  c.z.e.s.i.a.AdmonitorAdminAdvertisementServiceImpl - 查询所有广告成功
2026-01-02 23:17:19.738 [http-nio-8080-exec-4] DEBUG c.z.e.m.m.a.AdminMapper.selectById - ==>  Preparing: SELECT admin_id,admin_account,admin_username,admin_email,admin_phone,admin_password,admin_image,admin_introduce,admin_state,admin_loginTime,deleted FROM admin_admin WHERE admin_id=? AND deleted=0
2026-01-02 23:17:19.738 [http-nio-8080-exec-4] DEBUG c.z.e.m.m.a.AdminMapper.selectById - ==> Parameters: 1(Integer)
2026-01-02 23:17:19.773 [http-nio-8080-exec-4] DEBUG c.z.e.m.m.a.AdminMapper.selectById - <==      Total: 1
2026-01-02 23:17:19.774 [http-nio-8080-exec-4] DEBUG c.z.e.m.m.a.A.findAdminInfoById - ==>  Preparing: select * from admin_admin left join admin_admin_role on admin_admin.admin_id = admin_admin_role.adminId left join admin_role on admin_admin_role.roleId = admin_role.role_id left join admin_role_permission on admin_role.role_id = admin_role.role_id left join admin_permission on admin_role_permission.permissionId = admin_permission.permission_id where admin_admin.admin_id = ? and admin_admin.deleted = 0
2026-01-02 23:17:19.774 [http-nio-8080-exec-4] DEBUG c.z.e.m.m.a.A.findAdminInfoById - ==> Parameters: 1(Integer)
2026-01-02 23:17:19.809 [http-nio-8080-exec-4] DEBUG c.z.e.m.m.a.A.findAdminInfoById - <==      Total: 1
2026-01-02 23:17:19.851 [http-nio-8080-exec-4] INFO  c.z.e.s.i.a.AdmonitorAdminAdvertisementServiceImpl - 查询所有广告开始
2026-01-02 23:17:19.851 [http-nio-8080-exec-4] DEBUG c.z.e.m.m.a.A.selectList - ==>  Preparing: SELECT adminAdvertisement_id AS advertisementId,adminAdvertisement_name AS advertisementName,adminAdvertisement_url AS advertisementUrl,adminAdvertisement_link AS advertisementLink,adminAdvertisement_startedTime AS advertisementStartedTime,adminAdvertisement_endTime AS advertisementEndTime,deleted FROM admonitor_adminAdvertisement WHERE deleted=0 AND (deleted = ? AND adminAdvertisement_startedTime <= ? AND adminAdvertisement_endTime > ?)
2026-01-02 23:17:19.851 [http-nio-8080-exec-4] DEBUG c.z.e.m.m.a.A.selectList - ==> Parameters: 0(Integer), 2026-01-02 23:17:19.851(Timestamp), 2026-01-02 23:17:19.851(Timestamp)
2026-01-02 23:17:19.887 [http-nio-8080-exec-4] DEBUG c.z.e.m.m.a.A.selectList - <==      Total: 1
2026-01-02 23:17:19.887 [http-nio-8080-exec-4] INFO  c.z.e.s.i.a.AdmonitorAdminAdvertisementServiceImpl - 查询所有广告成功
2026-01-02 23:18:47.332 [http-nio-8080-exec-6] DEBUG c.z.e.m.m.a.AdminMapper.selectById - ==>  Preparing: SELECT admin_id,admin_account,admin_username,admin_email,admin_phone,admin_password,admin_image,admin_introduce,admin_state,admin_loginTime,deleted FROM admin_admin WHERE admin_id=? AND deleted=0
2026-01-02 23:18:47.333 [http-nio-8080-exec-6] DEBUG c.z.e.m.m.a.AdminMapper.selectById - ==> Parameters: 1(Integer)
2026-01-02 23:18:47.368 [http-nio-8080-exec-6] DEBUG c.z.e.m.m.a.AdminMapper.selectById - <==      Total: 1
2026-01-02 23:18:47.368 [http-nio-8080-exec-6] DEBUG c.z.e.m.m.a.A.findAdminInfoById - ==>  Preparing: select * from admin_admin left join admin_admin_role on admin_admin.admin_id = admin_admin_role.adminId left join admin_role on admin_admin_role.roleId = admin_role.role_id left join admin_role_permission on admin_role.role_id = admin_role.role_id left join admin_permission on admin_role_permission.permissionId = admin_permission.permission_id where admin_admin.admin_id = ? and admin_admin.deleted = 0
2026-01-02 23:18:47.368 [http-nio-8080-exec-6] DEBUG c.z.e.m.m.a.A.findAdminInfoById - ==> Parameters: 1(Integer)
2026-01-02 23:18:47.405 [http-nio-8080-exec-6] DEBUG c.z.e.m.m.a.A.findAdminInfoById - <==      Total: 1
2026-01-02 23:18:47.465 [http-nio-8080-exec-6] DEBUG c.z.e.m.m.a.AdminMapper.selectList - ==>  Preparing: SELECT admin_id,admin_account,admin_username,admin_email,admin_phone,admin_password,admin_image,admin_introduce,admin_state,admin_loginTime,deleted FROM admin_admin WHERE deleted=0 AND (deleted = ?)
2026-01-02 23:18:47.465 [http-nio-8080-exec-6] DEBUG c.z.e.m.m.a.AdminMapper.selectList - ==> Parameters: 0(Integer)
2026-01-02 23:18:47.499 [http-nio-8080-exec-6] DEBUG c.z.e.m.m.a.AdminMapper.selectList - <==      Total: 4
2026-01-02 23:20:20.227 [http-nio-8080-exec-5] DEBUG c.z.e.m.m.a.AdminMapper.selectById - ==>  Preparing: SELECT admin_id,admin_account,admin_username,admin_email,admin_phone,admin_password,admin_image,admin_introduce,admin_state,admin_loginTime,deleted FROM admin_admin WHERE admin_id=? AND deleted=0
2026-01-02 23:20:20.227 [http-nio-8080-exec-5] DEBUG c.z.e.m.m.a.AdminMapper.selectById - ==> Parameters: 1(Integer)
2026-01-02 23:20:20.227 [http-nio-8080-exec-9] DEBUG c.z.e.m.m.a.AdminMapper.selectById - ==>  Preparing: SELECT admin_id,admin_account,admin_username,admin_email,admin_phone,admin_password,admin_image,admin_introduce,admin_state,admin_loginTime,deleted FROM admin_admin WHERE admin_id=? AND deleted=0
2026-01-02 23:20:20.228 [http-nio-8080-exec-9] DEBUG c.z.e.m.m.a.AdminMapper.selectById - ==> Parameters: 1(Integer)
2026-01-02 23:20:20.262 [http-nio-8080-exec-9] DEBUG c.z.e.m.m.a.AdminMapper.selectById - <==      Total: 1
2026-01-02 23:20:20.262 [http-nio-8080-exec-9] DEBUG c.z.e.m.m.a.A.findAdminInfoById - ==>  Preparing: select * from admin_admin left join admin_admin_role on admin_admin.admin_id = admin_admin_role.adminId left join admin_role on admin_admin_role.roleId = admin_role.role_id left join admin_role_permission on admin_role.role_id = admin_role.role_id left join admin_permission on admin_role_permission.permissionId = admin_permission.permission_id where admin_admin.admin_id = ? and admin_admin.deleted = 0
2026-01-02 23:20:20.263 [http-nio-8080-exec-9] DEBUG c.z.e.m.m.a.A.findAdminInfoById - ==> Parameters: 1(Integer)
2026-01-02 23:20:20.263 [http-nio-8080-exec-5] DEBUG c.z.e.m.m.a.AdminMapper.selectById - <==      Total: 1
2026-01-02 23:20:20.263 [http-nio-8080-exec-5] DEBUG c.z.e.m.m.a.A.findAdminInfoById - ==>  Preparing: select * from admin_admin left join admin_admin_role on admin_admin.admin_id = admin_admin_role.adminId left join admin_role on admin_admin_role.roleId = admin_role.role_id left join admin_role_permission on admin_role.role_id = admin_role.role_id left join admin_permission on admin_role_permission.permissionId = admin_permission.permission_id where admin_admin.admin_id = ? and admin_admin.deleted = 0
2026-01-02 23:20:20.263 [http-nio-8080-exec-5] DEBUG c.z.e.m.m.a.A.findAdminInfoById - ==> Parameters: 1(Integer)
2026-01-02 23:20:20.298 [http-nio-8080-exec-9] DEBUG c.z.e.m.m.a.A.findAdminInfoById - <==      Total: 1
2026-01-02 23:20:20.299 [http-nio-8080-exec-5] DEBUG c.z.e.m.m.a.A.findAdminInfoById - <==      Total: 1
2026-01-02 23:20:20.339 [http-nio-8080-exec-9] DEBUG c.z.e.m.m.a.P.selectList - ==>  Preparing: SELECT permission_id,permission_name,permission_url,permission_introduce,deleted FROM admin_permission WHERE deleted=0
2026-01-02 23:20:20.340 [http-nio-8080-exec-9] DEBUG c.z.e.m.m.a.P.selectList - ==> Parameters: 
2026-01-02 23:20:20.343 [http-nio-8080-exec-5] DEBUG c.z.e.m.m.a.RoleMapper.selectList - ==>  Preparing: SELECT role_id,role_name,role_introduce,deleted FROM admin_role WHERE deleted=0 AND (deleted = ?)
2026-01-02 23:20:20.344 [http-nio-8080-exec-5] DEBUG c.z.e.m.m.a.RoleMapper.selectList - ==> Parameters: 0(Integer)
2026-01-02 23:20:20.375 [http-nio-8080-exec-9] DEBUG c.z.e.m.m.a.P.selectList - <==      Total: 1
2026-01-02 23:20:20.378 [http-nio-8080-exec-5] DEBUG c.z.e.m.m.a.RoleMapper.selectList - <==      Total: 1
2026-01-02 23:20:52.690 [http-nio-8080-exec-8] DEBUG c.z.e.m.m.a.AdminMapper.selectById - ==>  Preparing: SELECT admin_id,admin_account,admin_username,admin_email,admin_phone,admin_password,admin_image,admin_introduce,admin_state,admin_loginTime,deleted FROM admin_admin WHERE admin_id=? AND deleted=0
2026-01-02 23:20:52.690 [http-nio-8080-exec-8] DEBUG c.z.e.m.m.a.AdminMapper.selectById - ==> Parameters: 1(Integer)
2026-01-02 23:20:52.724 [http-nio-8080-exec-8] DEBUG c.z.e.m.m.a.AdminMapper.selectById - <==      Total: 1
2026-01-02 23:20:52.725 [http-nio-8080-exec-8] DEBUG c.z.e.m.m.a.A.findAdminInfoById - ==>  Preparing: select * from admin_admin left join admin_admin_role on admin_admin.admin_id = admin_admin_role.adminId left join admin_role on admin_admin_role.roleId = admin_role.role_id left join admin_role_permission on admin_role.role_id = admin_role.role_id left join admin_permission on admin_role_permission.permissionId = admin_permission.permission_id where admin_admin.admin_id = ? and admin_admin.deleted = 0
2026-01-02 23:20:52.725 [http-nio-8080-exec-8] DEBUG c.z.e.m.m.a.A.findAdminInfoById - ==> Parameters: 1(Integer)
2026-01-02 23:20:52.760 [http-nio-8080-exec-8] DEBUG c.z.e.m.m.a.A.findAdminInfoById - <==      Total: 1
2026-01-02 23:20:52.803 [http-nio-8080-exec-8] DEBUG c.z.e.m.m.a.P.selectList - ==>  Preparing: SELECT permission_id,permission_name,permission_url,permission_introduce,deleted FROM admin_permission WHERE deleted=0 AND (deleted = ?)
2026-01-02 23:20:52.803 [http-nio-8080-exec-8] DEBUG c.z.e.m.m.a.P.selectList - ==> Parameters: 0(Integer)
2026-01-02 23:20:52.838 [http-nio-8080-exec-8] DEBUG c.z.e.m.m.a.P.selectList - <==      Total: 1
2026-01-02 23:21:22.644 [http-nio-8080-exec-10] DEBUG c.z.e.m.m.a.AdminMapper.selectById - ==>  Preparing: SELECT admin_id,admin_account,admin_username,admin_email,admin_phone,admin_password,admin_image,admin_introduce,admin_state,admin_loginTime,deleted FROM admin_admin WHERE admin_id=? AND deleted=0
2026-01-02 23:21:22.645 [http-nio-8080-exec-10] DEBUG c.z.e.m.m.a.AdminMapper.selectById - ==> Parameters: 1(Integer)
2026-01-02 23:21:22.679 [http-nio-8080-exec-10] DEBUG c.z.e.m.m.a.AdminMapper.selectById - <==      Total: 1
2026-01-02 23:21:22.679 [http-nio-8080-exec-10] DEBUG c.z.e.m.m.a.A.findAdminInfoById - ==>  Preparing: select * from admin_admin left join admin_admin_role on admin_admin.admin_id = admin_admin_role.adminId left join admin_role on admin_admin_role.roleId = admin_role.role_id left join admin_role_permission on admin_role.role_id = admin_role.role_id left join admin_permission on admin_role_permission.permissionId = admin_permission.permission_id where admin_admin.admin_id = ? and admin_admin.deleted = 0
2026-01-02 23:21:22.680 [http-nio-8080-exec-10] DEBUG c.z.e.m.m.a.A.findAdminInfoById - ==> Parameters: 1(Integer)
2026-01-02 23:21:22.715 [http-nio-8080-exec-10] DEBUG c.z.e.m.m.a.A.findAdminInfoById - <==      Total: 1
2026-01-02 23:21:22.760 [http-nio-8080-exec-10] DEBUG c.z.e.m.m.a.J.selectList - ==>  Preparing: SELECT jobAdviceArticle_id,jobAdviceArticle_title,jobAdviceArticle_content,jobAdviceArticle_category,jobAdviceArticle_tags,jobAdviceArticle_authorName,jobAdviceArticle_publishedStatus,jobAdviceArticle_publishedTime,jobAdviceArticle_updatedTime,deleted FROM general_jobAdviceArticle WHERE deleted=0 AND (deleted = ?)
2026-01-02 23:21:22.760 [http-nio-8080-exec-10] DEBUG c.z.e.m.m.a.J.selectList - ==> Parameters: 0(Integer)
2026-01-02 23:21:22.795 [http-nio-8080-exec-10] DEBUG c.z.e.m.m.a.J.selectList - <==      Total: 1
2026-01-02 23:24:13.973 [http-nio-8080-exec-2] DEBUG c.z.e.m.m.a.AdminMapper.selectById - ==>  Preparing: SELECT admin_id,admin_account,admin_username,admin_email,admin_phone,admin_password,admin_image,admin_introduce,admin_state,admin_loginTime,deleted FROM admin_admin WHERE admin_id=? AND deleted=0
2026-01-02 23:24:13.973 [http-nio-8080-exec-2] DEBUG c.z.e.m.m.a.AdminMapper.selectById - ==> Parameters: 1(Integer)
2026-01-02 23:24:13.973 [http-nio-8080-exec-1] DEBUG c.z.e.m.m.a.AdminMapper.selectById - ==>  Preparing: SELECT admin_id,admin_account,admin_username,admin_email,admin_phone,admin_password,admin_image,admin_introduce,admin_state,admin_loginTime,deleted FROM admin_admin WHERE admin_id=? AND deleted=0
2026-01-02 23:24:13.975 [http-nio-8080-exec-1] DEBUG c.z.e.m.m.a.AdminMapper.selectById - ==> Parameters: 1(Integer)
2026-01-02 23:24:14.010 [http-nio-8080-exec-2] DEBUG c.z.e.m.m.a.AdminMapper.selectById - <==      Total: 1
2026-01-02 23:24:14.010 [http-nio-8080-exec-1] DEBUG c.z.e.m.m.a.AdminMapper.selectById - <==      Total: 1
2026-01-02 23:24:14.010 [http-nio-8080-exec-2] DEBUG c.z.e.m.m.a.A.findAdminInfoById - ==>  Preparing: select * from admin_admin left join admin_admin_role on admin_admin.admin_id = admin_admin_role.adminId left join admin_role on admin_admin_role.roleId = admin_role.role_id left join admin_role_permission on admin_role.role_id = admin_role.role_id left join admin_permission on admin_role_permission.permissionId = admin_permission.permission_id where admin_admin.admin_id = ? and admin_admin.deleted = 0
2026-01-02 23:24:14.010 [http-nio-8080-exec-1] DEBUG c.z.e.m.m.a.A.findAdminInfoById - ==>  Preparing: select * from admin_admin left join admin_admin_role on admin_admin.admin_id = admin_admin_role.adminId left join admin_role on admin_admin_role.roleId = admin_role.role_id left join admin_role_permission on admin_role.role_id = admin_role.role_id left join admin_permission on admin_role_permission.permissionId = admin_permission.permission_id where admin_admin.admin_id = ? and admin_admin.deleted = 0
2026-01-02 23:24:14.010 [http-nio-8080-exec-2] DEBUG c.z.e.m.m.a.A.findAdminInfoById - ==> Parameters: 1(Integer)
2026-01-02 23:24:14.010 [http-nio-8080-exec-1] DEBUG c.z.e.m.m.a.A.findAdminInfoById - ==> Parameters: 1(Integer)
2026-01-02 23:24:14.046 [http-nio-8080-exec-2] DEBUG c.z.e.m.m.a.A.findAdminInfoById - <==      Total: 1
2026-01-02 23:24:14.048 [http-nio-8080-exec-1] DEBUG c.z.e.m.m.a.A.findAdminInfoById - <==      Total: 1
2026-01-02 23:24:14.087 [http-nio-8080-exec-2] DEBUG c.z.e.m.m.a.I.selectList - ==>  Preparing: SELECT industryMap_industryCode,industryMap_industryName,industryMap_createdTime AS createdTime,industryMap_updatedTime AS updatedTime FROM general_industryMap
2026-01-02 23:24:14.087 [http-nio-8080-exec-2] DEBUG c.z.e.m.m.a.I.selectList - ==> Parameters: 
2026-01-02 23:24:14.109 [http-nio-8080-exec-1] DEBUG c.z.e.m.m.a.R.queryRecruitPositionPage - ==>  Preparing: SELECT rp.recruitPosition_id AS recruitPositionId, rp.recruitPosition_name AS recruitPositionName, rp.recruitPosition_industryCode AS recruitPositionIndustryCode, -- 连表字段：行业名称（从行业映射表查询） gim.industryMap_industryName AS recruitPositionIndustryName, rp.recruitPosition_minMonthSalary AS minMonthSalary, rp.recruitPosition_maxMonthSalary AS maxMonthSalary, rp.recruitPosition_weekWorkDayNum AS weekWorkDayNum, rp.recruitPosition_goodWelfare AS goodWelfare, rp.recruitPosition_createdTime AS createdTime, rp.recruitPosition_updatedTime AS updatedTime FROM general_recruitPosition rp -- 招聘岗位表别名rp -- 连表：通用行业映射表（别名gim），LEFT JOIN避免行业编码无效时丢失岗位数据 LEFT JOIN general_industryMap gim ON rp.recruitPosition_industryCode = gim.industryMap_industryCode ORDER BY rp.recruitPosition_updatedTime DESC
2026-01-02 23:24:14.109 [http-nio-8080-exec-1] DEBUG c.z.e.m.m.a.R.queryRecruitPositionPage - ==> Parameters: 
2026-01-02 23:24:14.123 [http-nio-8080-exec-2] DEBUG c.z.e.m.m.a.I.selectList - <==      Total: 3
2026-01-02 23:24:14.148 [http-nio-8080-exec-1] DEBUG c.z.e.m.m.a.R.queryRecruitPositionPage - <==      Total: 2
2026-01-02 23:25:16.454 [http-nio-8080-exec-7] DEBUG c.z.e.m.m.a.AdminMapper.selectById - ==>  Preparing: SELECT admin_id,admin_account,admin_username,admin_email,admin_phone,admin_password,admin_image,admin_introduce,admin_state,admin_loginTime,deleted FROM admin_admin WHERE admin_id=? AND deleted=0
2026-01-02 23:25:16.454 [http-nio-8080-exec-7] DEBUG c.z.e.m.m.a.AdminMapper.selectById - ==> Parameters: 1(Integer)
2026-01-02 23:25:16.456 [http-nio-8080-exec-3] DEBUG c.z.e.m.m.a.AdminMapper.selectById - ==>  Preparing: SELECT admin_id,admin_account,admin_username,admin_email,admin_phone,admin_password,admin_image,admin_introduce,admin_state,admin_loginTime,deleted FROM admin_admin WHERE admin_id=? AND deleted=0
2026-01-02 23:25:16.456 [http-nio-8080-exec-3] DEBUG c.z.e.m.m.a.AdminMapper.selectById - ==> Parameters: 1(Integer)
2026-01-02 23:25:16.456 [http-nio-8080-exec-4] DEBUG c.z.e.m.m.a.AdminMapper.selectById - ==>  Preparing: SELECT admin_id,admin_account,admin_username,admin_email,admin_phone,admin_password,admin_image,admin_introduce,admin_state,admin_loginTime,deleted FROM admin_admin WHERE admin_id=? AND deleted=0
2026-01-02 23:25:16.457 [http-nio-8080-exec-4] DEBUG c.z.e.m.m.a.AdminMapper.selectById - ==> Parameters: 1(Integer)
2026-01-02 23:25:16.492 [http-nio-8080-exec-7] DEBUG c.z.e.m.m.a.AdminMapper.selectById - <==      Total: 1
2026-01-02 23:25:16.494 [http-nio-8080-exec-4] DEBUG c.z.e.m.m.a.AdminMapper.selectById - <==      Total: 1
2026-01-02 23:25:16.492 [http-nio-8080-exec-3] DEBUG c.z.e.m.m.a.AdminMapper.selectById - <==      Total: 1
2026-01-02 23:25:16.495 [http-nio-8080-exec-4] DEBUG c.z.e.m.m.a.A.findAdminInfoById - ==>  Preparing: select * from admin_admin left join admin_admin_role on admin_admin.admin_id = admin_admin_role.adminId left join admin_role on admin_admin_role.roleId = admin_role.role_id left join admin_role_permission on admin_role.role_id = admin_role.role_id left join admin_permission on admin_role_permission.permissionId = admin_permission.permission_id where admin_admin.admin_id = ? and admin_admin.deleted = 0
2026-01-02 23:25:16.495 [http-nio-8080-exec-7] DEBUG c.z.e.m.m.a.A.findAdminInfoById - ==>  Preparing: select * from admin_admin left join admin_admin_role on admin_admin.admin_id = admin_admin_role.adminId left join admin_role on admin_admin_role.roleId = admin_role.role_id left join admin_role_permission on admin_role.role_id = admin_role.role_id left join admin_permission on admin_role_permission.permissionId = admin_permission.permission_id where admin_admin.admin_id = ? and admin_admin.deleted = 0
2026-01-02 23:25:16.496 [http-nio-8080-exec-4] DEBUG c.z.e.m.m.a.A.findAdminInfoById - ==> Parameters: 1(Integer)
2026-01-02 23:25:16.498 [http-nio-8080-exec-3] DEBUG c.z.e.m.m.a.A.findAdminInfoById - ==>  Preparing: select * from admin_admin left join admin_admin_role on admin_admin.admin_id = admin_admin_role.adminId left join admin_role on admin_admin_role.roleId = admin_role.role_id left join admin_role_permission on admin_role.role_id = admin_role.role_id left join admin_permission on admin_role_permission.permissionId = admin_permission.permission_id where admin_admin.admin_id = ? and admin_admin.deleted = 0
2026-01-02 23:25:16.499 [http-nio-8080-exec-3] DEBUG c.z.e.m.m.a.A.findAdminInfoById - ==> Parameters: 1(Integer)
2026-01-02 23:25:16.499 [http-nio-8080-exec-7] DEBUG c.z.e.m.m.a.A.findAdminInfoById - ==> Parameters: 1(Integer)
2026-01-02 23:25:16.533 [http-nio-8080-exec-4] DEBUG c.z.e.m.m.a.A.findAdminInfoById - <==      Total: 1
2026-01-02 23:25:16.534 [http-nio-8080-exec-7] DEBUG c.z.e.m.m.a.A.findAdminInfoById - <==      Total: 1
2026-01-02 23:25:16.537 [http-nio-8080-exec-3] DEBUG c.z.e.m.m.a.A.findAdminInfoById - <==      Total: 1
2026-01-02 23:25:16.584 [http-nio-8080-exec-7] DEBUG c.z.e.m.m.a.I.selectList - ==>  Preparing: SELECT industryMap_industryCode,industryMap_industryName,industryMap_createdTime AS createdTime,industryMap_updatedTime AS updatedTime FROM general_industryMap
2026-01-02 23:25:16.584 [http-nio-8080-exec-7] DEBUG c.z.e.m.m.a.I.selectList - ==> Parameters: 
2026-01-02 23:25:16.589 [http-nio-8080-exec-4] DEBUG c.z.e.m.m.a.R.selectList - ==>  Preparing: SELECT recruitPosition_id AS recruitPositionId,recruitPosition_name,recruitPosition_createdTime AS createdTime,recruitPosition_updatedTime AS updatedTime,recruitPosition_industryCode,recruitPosition_minMonthSalary AS minMonthSalary,recruitPosition_maxMonthSalary AS maxMonthSalary,recruitPosition_weekWorkDayNum AS weekWorkDayNum,recruitPosition_goodWelfare AS goodWelfare FROM general_recruitPosition
2026-01-02 23:25:16.590 [http-nio-8080-exec-4] DEBUG c.z.e.m.m.a.R.selectList - ==> Parameters: 
2026-01-02 23:25:16.595 [http-nio-8080-exec-3] DEBUG c.z.e.m.m.a.E.selectList - ==>  Preparing: SELECT employmentInformation_id,employmentInformation_code,employmentInformation_companyName,employmentInformation_industryCategories,employmentInformation_companyType,employmentInformation_batch,employmentInformation_recruitPosition,employmentInformation_recruitObject,employmentInformation_recruitLocationFirst,employmentInformation_recruitLocationSecond,employmentInformation_recruitLocationDetail,employmentInformation_startTime,employmentInformation_stopTime,employmentInformation_updatedTime,employmentInformation_onlineApplicationStatus,employmentInformation_officialAnnouncement,employmentInformation_submissionWay,employmentInformation_employeeReferralCode,deleted FROM general_employmentInformation WHERE deleted=0 AND (deleted = ?)
2026-01-02 23:25:16.596 [http-nio-8080-exec-3] DEBUG c.z.e.m.m.a.E.selectList - ==> Parameters: 0(Integer)
2026-01-02 23:25:16.740 [http-nio-8080-exec-3] DEBUG c.z.e.m.m.a.E.selectList - <==      Total: 1
2026-01-02 23:25:16.740 [http-nio-8080-exec-7] DEBUG c.z.e.m.m.a.I.selectList - <==      Total: 3
2026-01-02 23:25:16.743 [http-nio-8080-exec-4] DEBUG c.z.e.m.m.a.R.selectList - <==      Total: 2
2026-01-02 23:25:16.744 [http-nio-8080-exec-3] DEBUG c.z.e.m.m.a.E.selectList - ==>  Preparing: SELECT employmentInformation_id,employmentInformation_code,employmentInformation_companyName,employmentInformation_industryCategories,employmentInformation_companyType,employmentInformation_batch,employmentInformation_recruitPosition,employmentInformation_recruitObject,employmentInformation_recruitLocationFirst,employmentInformation_recruitLocationSecond,employmentInformation_recruitLocationDetail,employmentInformation_startTime,employmentInformation_stopTime,employmentInformation_updatedTime,employmentInformation_onlineApplicationStatus,employmentInformation_officialAnnouncement,employmentInformation_submissionWay,employmentInformation_employeeReferralCode,deleted FROM general_employmentInformation WHERE deleted=0 AND (employmentInformation_code = ? AND deleted = ?)
2026-01-02 23:25:16.744 [http-nio-8080-exec-3] DEBUG c.z.e.m.m.a.E.selectList - ==> Parameters: 1(Integer), 0(Integer)
2026-01-02 23:25:16.786 [http-nio-8080-exec-3] DEBUG c.z.e.m.m.a.E.selectList - <==      Total: 1
2026-01-02 23:25:16.787 [http-nio-8080-exec-3] DEBUG c.z.e.m.m.a.I.selectById - ==>  Preparing: SELECT industryMap_industryCode,industryMap_industryName,industryMap_createdTime AS createdTime,industryMap_updatedTime AS updatedTime FROM general_industryMap WHERE industryMap_industryCode=?
2026-01-02 23:25:16.788 [http-nio-8080-exec-3] DEBUG c.z.e.m.m.a.I.selectById - ==> Parameters: 3(Integer)
2026-01-02 23:25:16.824 [http-nio-8080-exec-3] DEBUG c.z.e.m.m.a.I.selectById - <==      Total: 1
2026-01-02 23:25:16.824 [http-nio-8080-exec-3] DEBUG c.z.e.m.m.a.R.selectById - ==>  Preparing: SELECT recruitPosition_id AS recruitPositionId,recruitPosition_name,recruitPosition_createdTime AS createdTime,recruitPosition_updatedTime AS updatedTime,recruitPosition_industryCode,recruitPosition_minMonthSalary AS minMonthSalary,recruitPosition_maxMonthSalary AS maxMonthSalary,recruitPosition_weekWorkDayNum AS weekWorkDayNum,recruitPosition_goodWelfare AS goodWelfare FROM general_recruitPosition WHERE recruitPosition_id =?
2026-01-02 23:25:16.824 [http-nio-8080-exec-3] DEBUG c.z.e.m.m.a.R.selectById - ==> Parameters: 2(Integer)
2026-01-02 23:25:16.861 [http-nio-8080-exec-3] DEBUG c.z.e.m.m.a.R.selectById - <==      Total: 1
2026-01-02 23:26:13.398 [http-nio-8080-exec-6] DEBUG c.z.e.m.m.a.AdminMapper.selectById - ==>  Preparing: SELECT admin_id,admin_account,admin_username,admin_email,admin_phone,admin_password,admin_image,admin_introduce,admin_state,admin_loginTime,deleted FROM admin_admin WHERE admin_id=? AND deleted=0
2026-01-02 23:26:13.398 [http-nio-8080-exec-6] DEBUG c.z.e.m.m.a.AdminMapper.selectById - ==> Parameters: 1(Integer)
2026-01-02 23:26:13.433 [http-nio-8080-exec-6] DEBUG c.z.e.m.m.a.AdminMapper.selectById - <==      Total: 1
2026-01-02 23:26:13.434 [http-nio-8080-exec-6] DEBUG c.z.e.m.m.a.A.findAdminInfoById - ==>  Preparing: select * from admin_admin left join admin_admin_role on admin_admin.admin_id = admin_admin_role.adminId left join admin_role on admin_admin_role.roleId = admin_role.role_id left join admin_role_permission on admin_role.role_id = admin_role.role_id left join admin_permission on admin_role_permission.permissionId = admin_permission.permission_id where admin_admin.admin_id = ? and admin_admin.deleted = 0
2026-01-02 23:26:13.434 [http-nio-8080-exec-6] DEBUG c.z.e.m.m.a.A.findAdminInfoById - ==> Parameters: 1(Integer)
2026-01-02 23:26:13.468 [http-nio-8080-exec-6] DEBUG c.z.e.m.m.a.A.findAdminInfoById - <==      Total: 1
2026-01-02 23:26:13.506 [http-nio-8080-exec-6] DEBUG c.z.e.m.m.a.I.selectList - ==>  Preparing: SELECT industryMap_industryCode,industryMap_industryName,industryMap_createdTime AS createdTime,industryMap_updatedTime AS updatedTime FROM general_industryMap
2026-01-02 23:26:13.506 [http-nio-8080-exec-6] DEBUG c.z.e.m.m.a.I.selectList - ==> Parameters: 
2026-01-02 23:26:13.542 [http-nio-8080-exec-6] DEBUG c.z.e.m.m.a.I.selectList - <==      Total: 3
2026-01-02 23:26:13.657 [http-nio-8080-exec-9] DEBUG c.z.e.m.m.a.AdminMapper.selectById - ==>  Preparing: SELECT admin_id,admin_account,admin_username,admin_email,admin_phone,admin_password,admin_image,admin_introduce,admin_state,admin_loginTime,deleted FROM admin_admin WHERE admin_id=? AND deleted=0
2026-01-02 23:26:13.657 [http-nio-8080-exec-9] DEBUG c.z.e.m.m.a.AdminMapper.selectById - ==> Parameters: 1(Integer)
2026-01-02 23:26:13.694 [http-nio-8080-exec-9] DEBUG c.z.e.m.m.a.AdminMapper.selectById - <==      Total: 1
2026-01-02 23:26:13.694 [http-nio-8080-exec-9] DEBUG c.z.e.m.m.a.A.findAdminInfoById - ==>  Preparing: select * from admin_admin left join admin_admin_role on admin_admin.admin_id = admin_admin_role.adminId left join admin_role on admin_admin_role.roleId = admin_role.role_id left join admin_role_permission on admin_role.role_id = admin_role.role_id left join admin_permission on admin_role_permission.permissionId = admin_permission.permission_id where admin_admin.admin_id = ? and admin_admin.deleted = 0
2026-01-02 23:26:13.695 [http-nio-8080-exec-9] DEBUG c.z.e.m.m.a.A.findAdminInfoById - ==> Parameters: 1(Integer)
2026-01-02 23:26:13.730 [http-nio-8080-exec-9] DEBUG c.z.e.m.m.a.A.findAdminInfoById - <==      Total: 1
2026-01-02 23:26:13.769 [http-nio-8080-exec-9] DEBUG c.z.e.m.m.a.R.selectList - ==>  Preparing: SELECT resumeTemplate_id,resumeTemplate_name,resumeTemplate_reactCode,resumeTemplate_industry,resumeTemplate_isActive,resumeTemplate_createdTime,resumeTemplate_updatedTime,deleted FROM general_resumeTemplate WHERE deleted=0 AND (deleted = ?)
2026-01-02 23:26:13.769 [http-nio-8080-exec-9] DEBUG c.z.e.m.m.a.R.selectList - ==> Parameters: 0(Integer)
2026-01-02 23:26:13.804 [http-nio-8080-exec-9] DEBUG c.z.e.m.m.a.R.selectList - <==      Total: 1
2026-01-02 23:26:13.804 [http-nio-8080-exec-9] DEBUG c.z.e.m.m.a.I.selectById - ==>  Preparing: SELECT industryMap_industryCode,industryMap_industryName,industryMap_createdTime AS createdTime,industryMap_updatedTime AS updatedTime FROM general_industryMap WHERE industryMap_industryCode=?
2026-01-02 23:26:13.804 [http-nio-8080-exec-9] DEBUG c.z.e.m.m.a.I.selectById - ==> Parameters: 3(Integer)
2026-01-02 23:26:13.841 [http-nio-8080-exec-9] DEBUG c.z.e.m.m.a.I.selectById - <==      Total: 1
2026-01-02 23:27:10.330 [http-nio-8080-exec-5] DEBUG c.z.e.m.m.a.AdminMapper.selectById - ==>  Preparing: SELECT admin_id,admin_account,admin_username,admin_email,admin_phone,admin_password,admin_image,admin_introduce,admin_state,admin_loginTime,deleted FROM admin_admin WHERE admin_id=? AND deleted=0
2026-01-02 23:27:10.330 [http-nio-8080-exec-5] DEBUG c.z.e.m.m.a.AdminMapper.selectById - ==> Parameters: 1(Integer)
2026-01-02 23:27:10.367 [http-nio-8080-exec-5] DEBUG c.z.e.m.m.a.AdminMapper.selectById - <==      Total: 1
2026-01-02 23:27:10.367 [http-nio-8080-exec-5] DEBUG c.z.e.m.m.a.A.findAdminInfoById - ==>  Preparing: select * from admin_admin left join admin_admin_role on admin_admin.admin_id = admin_admin_role.adminId left join admin_role on admin_admin_role.roleId = admin_role.role_id left join admin_role_permission on admin_role.role_id = admin_role.role_id left join admin_permission on admin_role_permission.permissionId = admin_permission.permission_id where admin_admin.admin_id = ? and admin_admin.deleted = 0
2026-01-02 23:27:10.367 [http-nio-8080-exec-5] DEBUG c.z.e.m.m.a.A.findAdminInfoById - ==> Parameters: 1(Integer)
2026-01-02 23:27:10.403 [http-nio-8080-exec-5] DEBUG c.z.e.m.m.a.A.findAdminInfoById - <==      Total: 1
2026-01-02 23:27:10.444 [http-nio-8080-exec-5] DEBUG c.z.e.m.m.u.U.selectList - ==>  Preparing: SELECT userDeleteResumeBySystem_id,userDeleteResumeBySystem_resumeName,userDeleteResumeBySystem_industry,userDeleteResumeBySystem_resumeReactCode,userDeleteResumeBySystem_createdTime,userDeleteResumeBySystem_updatedTime,userDeleteResumeBySystem_sortedNum,userDeleteResumeBySystem_userId,userDeleteResumeBySystem_recycleTime FROM user_userDeleteResumeBySystem
2026-01-02 23:27:10.444 [http-nio-8080-exec-5] DEBUG c.z.e.m.m.u.U.selectList - ==> Parameters: 
2026-01-02 23:27:10.482 [http-nio-8080-exec-5] DEBUG c.z.e.m.m.u.U.selectList - <==      Total: 2
2026-01-02 23:27:10.483 [http-nio-8080-exec-5] DEBUG c.z.e.m.m.a.I.selectById - ==>  Preparing: SELECT industryMap_industryCode,industryMap_industryName,industryMap_createdTime AS createdTime,industryMap_updatedTime AS updatedTime FROM general_industryMap WHERE industryMap_industryCode=?
2026-01-02 23:27:10.483 [http-nio-8080-exec-5] DEBUG c.z.e.m.m.a.I.selectById - ==> Parameters: 3(Integer)
2026-01-02 23:27:10.519 [http-nio-8080-exec-5] DEBUG c.z.e.m.m.a.I.selectById - <==      Total: 1
2026-01-02 23:28:18.649 [http-nio-8080-exec-8] DEBUG c.z.e.m.m.a.AdminMapper.selectById - ==>  Preparing: SELECT admin_id,admin_account,admin_username,admin_email,admin_phone,admin_password,admin_image,admin_introduce,admin_state,admin_loginTime,deleted FROM admin_admin WHERE admin_id=? AND deleted=0
2026-01-02 23:28:18.650 [http-nio-8080-exec-8] DEBUG c.z.e.m.m.a.AdminMapper.selectById - ==> Parameters: 1(Integer)
2026-01-02 23:28:18.685 [http-nio-8080-exec-8] DEBUG c.z.e.m.m.a.AdminMapper.selectById - <==      Total: 1
2026-01-02 23:28:18.685 [http-nio-8080-exec-8] DEBUG c.z.e.m.m.a.A.findAdminInfoById - ==>  Preparing: select * from admin_admin left join admin_admin_role on admin_admin.admin_id = admin_admin_role.adminId left join admin_role on admin_admin_role.roleId = admin_role.role_id left join admin_role_permission on admin_role.role_id = admin_role.role_id left join admin_permission on admin_role_permission.permissionId = admin_permission.permission_id where admin_admin.admin_id = ? and admin_admin.deleted = 0
2026-01-02 23:28:18.686 [http-nio-8080-exec-8] DEBUG c.z.e.m.m.a.A.findAdminInfoById - ==> Parameters: 1(Integer)
2026-01-02 23:28:18.725 [http-nio-8080-exec-8] DEBUG c.z.e.m.m.a.A.findAdminInfoById - <==      Total: 1
2026-01-02 23:28:18.830 [http-nio-8080-exec-8] DEBUG c.z.e.m.m.a.I.selectList - ==>  Preparing: SELECT industryMap_industryCode,industryMap_industryName,industryMap_createdTime AS createdTime,industryMap_updatedTime AS updatedTime FROM general_industryMap
2026-01-02 23:28:18.831 [http-nio-8080-exec-8] DEBUG c.z.e.m.m.a.I.selectList - ==> Parameters: 
2026-01-02 23:28:18.867 [http-nio-8080-exec-8] DEBUG c.z.e.m.m.a.I.selectList - <==      Total: 3
2026-01-02 23:30:53.074 [http-nio-8080-exec-2] DEBUG c.z.e.m.m.a.AdminMapper.selectById - ==>  Preparing: SELECT admin_id,admin_account,admin_username,admin_email,admin_phone,admin_password,admin_image,admin_introduce,admin_state,admin_loginTime,deleted FROM admin_admin WHERE admin_id=? AND deleted=0
2026-01-02 23:30:53.075 [http-nio-8080-exec-10] DEBUG c.z.e.m.m.a.AdminMapper.selectById - ==>  Preparing: SELECT admin_id,admin_account,admin_username,admin_email,admin_phone,admin_password,admin_image,admin_introduce,admin_state,admin_loginTime,deleted FROM admin_admin WHERE admin_id=? AND deleted=0
2026-01-02 23:30:53.075 [http-nio-8080-exec-2] DEBUG c.z.e.m.m.a.AdminMapper.selectById - ==> Parameters: 1(Integer)
2026-01-02 23:30:53.075 [http-nio-8080-exec-10] DEBUG c.z.e.m.m.a.AdminMapper.selectById - ==> Parameters: 1(Integer)
2026-01-02 23:30:53.115 [http-nio-8080-exec-2] DEBUG c.z.e.m.m.a.AdminMapper.selectById - <==      Total: 1
2026-01-02 23:30:53.116 [http-nio-8080-exec-2] DEBUG c.z.e.m.m.a.A.findAdminInfoById - ==>  Preparing: select * from admin_admin left join admin_admin_role on admin_admin.admin_id = admin_admin_role.adminId left join admin_role on admin_admin_role.roleId = admin_role.role_id left join admin_role_permission on admin_role.role_id = admin_role.role_id left join admin_permission on admin_role_permission.permissionId = admin_permission.permission_id where admin_admin.admin_id = ? and admin_admin.deleted = 0
2026-01-02 23:30:53.116 [http-nio-8080-exec-2] DEBUG c.z.e.m.m.a.A.findAdminInfoById - ==> Parameters: 1(Integer)
2026-01-02 23:30:53.119 [http-nio-8080-exec-10] DEBUG c.z.e.m.m.a.AdminMapper.selectById - <==      Total: 1
2026-01-02 23:30:53.119 [http-nio-8080-exec-10] DEBUG c.z.e.m.m.a.A.findAdminInfoById - ==>  Preparing: select * from admin_admin left join admin_admin_role on admin_admin.admin_id = admin_admin_role.adminId left join admin_role on admin_admin_role.roleId = admin_role.role_id left join admin_role_permission on admin_role.role_id = admin_role.role_id left join admin_permission on admin_role_permission.permissionId = admin_permission.permission_id where admin_admin.admin_id = ? and admin_admin.deleted = 0
2026-01-02 23:30:53.120 [http-nio-8080-exec-10] DEBUG c.z.e.m.m.a.A.findAdminInfoById - ==> Parameters: 1(Integer)
2026-01-02 23:30:53.244 [http-nio-8080-exec-2] DEBUG c.z.e.m.m.a.A.findAdminInfoById - <==      Total: 1
2026-01-02 23:30:53.244 [http-nio-8080-exec-10] DEBUG c.z.e.m.m.a.A.findAdminInfoById - <==      Total: 1
2026-01-02 23:30:53.329 [http-nio-8080-exec-1] DEBUG c.z.e.m.m.a.AdminMapper.selectById - ==>  Preparing: SELECT admin_id,admin_account,admin_username,admin_email,admin_phone,admin_password,admin_image,admin_introduce,admin_state,admin_loginTime,deleted FROM admin_admin WHERE admin_id=? AND deleted=0
2026-01-02 23:30:53.329 [http-nio-8080-exec-1] DEBUG c.z.e.m.m.a.AdminMapper.selectById - ==> Parameters: 1(Integer)
2026-01-02 23:30:53.331 [http-nio-8080-exec-2] INFO  c.z.e.s.i.a.AdmonitorAdminAdvertisementServiceImpl - 查询所有广告开始
2026-01-02 23:30:53.331 [http-nio-8080-exec-2] DEBUG c.z.e.m.m.a.A.selectList - ==>  Preparing: SELECT adminAdvertisement_id AS advertisementId,adminAdvertisement_name AS advertisementName,adminAdvertisement_url AS advertisementUrl,adminAdvertisement_link AS advertisementLink,adminAdvertisement_startedTime AS advertisementStartedTime,adminAdvertisement_endTime AS advertisementEndTime,deleted FROM admonitor_adminAdvertisement WHERE deleted=0 AND (deleted = ? AND adminAdvertisement_startedTime <= ? AND adminAdvertisement_endTime > ?)
2026-01-02 23:30:53.332 [http-nio-8080-exec-2] DEBUG c.z.e.m.m.a.A.selectList - ==> Parameters: 0(Integer), 2026-01-02 23:30:53.331(Timestamp), 2026-01-02 23:30:53.331(Timestamp)
2026-01-02 23:30:53.376 [http-nio-8080-exec-2] DEBUG c.z.e.m.m.a.A.selectList - <==      Total: 1
2026-01-02 23:30:53.376 [http-nio-8080-exec-1] DEBUG c.z.e.m.m.a.AdminMapper.selectById - <==      Total: 1
2026-01-02 23:30:53.376 [http-nio-8080-exec-2] INFO  c.z.e.s.i.a.AdmonitorAdminAdvertisementServiceImpl - 查询所有广告成功
2026-01-02 23:30:53.376 [http-nio-8080-exec-1] DEBUG c.z.e.m.m.a.A.findAdminInfoById - ==>  Preparing: select * from admin_admin left join admin_admin_role on admin_admin.admin_id = admin_admin_role.adminId left join admin_role on admin_admin_role.roleId = admin_role.role_id left join admin_role_permission on admin_role.role_id = admin_role.role_id left join admin_permission on admin_role_permission.permissionId = admin_permission.permission_id where admin_admin.admin_id = ? and admin_admin.deleted = 0
2026-01-02 23:30:53.376 [http-nio-8080-exec-1] DEBUG c.z.e.m.m.a.A.findAdminInfoById - ==> Parameters: 1(Integer)
2026-01-02 23:30:53.423 [http-nio-8080-exec-1] DEBUG c.z.e.m.m.a.A.findAdminInfoById - <==      Total: 1
2026-01-02 23:30:53.489 [http-nio-8080-exec-1] DEBUG c.z.e.m.m.a.A.findAdminInfoById - ==>  Preparing: select * from admin_admin left join admin_admin_role on admin_admin.admin_id = admin_admin_role.adminId left join admin_role on admin_admin_role.roleId = admin_role.role_id left join admin_role_permission on admin_role.role_id = admin_role.role_id left join admin_permission on admin_role_permission.permissionId = admin_permission.permission_id where admin_admin.admin_id = ? and admin_admin.deleted = 0
2026-01-02 23:30:53.490 [http-nio-8080-exec-1] DEBUG c.z.e.m.m.a.A.findAdminInfoById - ==> Parameters: 1(Integer)
2026-01-02 23:30:53.551 [http-nio-8080-exec-1] DEBUG c.z.e.m.m.a.A.findAdminInfoById - <==      Total: 1
2026-01-02 23:32:29.890 [http-nio-8080-exec-7] DEBUG c.z.e.m.m.a.AdminMapper.selectById - ==>  Preparing: SELECT admin_id,admin_account,admin_username,admin_email,admin_phone,admin_password,admin_image,admin_introduce,admin_state,admin_loginTime,deleted FROM admin_admin WHERE admin_id=? AND deleted=0
2026-01-02 23:32:29.890 [http-nio-8080-exec-7] DEBUG c.z.e.m.m.a.AdminMapper.selectById - ==> Parameters: 1(Integer)
2026-01-02 23:32:29.927 [http-nio-8080-exec-7] DEBUG c.z.e.m.m.a.AdminMapper.selectById - <==      Total: 1
2026-01-02 23:32:29.927 [http-nio-8080-exec-7] DEBUG c.z.e.m.m.a.A.findAdminInfoById - ==>  Preparing: select * from admin_admin left join admin_admin_role on admin_admin.admin_id = admin_admin_role.adminId left join admin_role on admin_admin_role.roleId = admin_role.role_id left join admin_role_permission on admin_role.role_id = admin_role.role_id left join admin_permission on admin_role_permission.permissionId = admin_permission.permission_id where admin_admin.admin_id = ? and admin_admin.deleted = 0
2026-01-02 23:32:29.927 [http-nio-8080-exec-7] DEBUG c.z.e.m.m.a.A.findAdminInfoById - ==> Parameters: 1(Integer)
2026-01-02 23:32:29.965 [http-nio-8080-exec-7] DEBUG c.z.e.m.m.a.A.findAdminInfoById - <==      Total: 1
2026-01-02 23:32:30.005 [http-nio-8080-exec-7] DEBUG c.z.e.m.m.u.U.selectList - ==>  Preparing: SELECT userFeedback_id,userFeedback_title,userFeedback_content,userFeedback_time,userFeedback_recentTime,userFeedback_curStep,userFeedback_userId FROM user_userFeedback ORDER BY userFeedback_id DESC
2026-01-02 23:32:30.005 [http-nio-8080-exec-7] DEBUG c.z.e.m.m.u.U.selectList - ==> Parameters: 
2026-01-02 23:32:30.054 [http-nio-8080-exec-7] DEBUG c.z.e.m.m.u.U.selectList - <==      Total: 13
2026-01-02 23:32:30.056 [http-nio-8080-exec-7] DEBUG c.z.e.m.m.user.UserMapper.selectById - ==>  Preparing: SELECT user_id,user_account,user_username,user_email,user_phone,user_password,user_image,user_introduce,user_createdTime,user_loginTime,user_dreamPosition,user_dreamMinMonthSalary,user_dreamMaxMonthSalary,user_dreamWeekWorkDayNum,user_dreamGoodWelfare,user_recruitLocationFirst,user_recruitLocationSecond,user_recruitLocationDetail,user_universityCode FROM user_user WHERE user_id=?
2026-01-02 23:32:30.057 [http-nio-8080-exec-7] DEBUG c.z.e.m.m.user.UserMapper.selectById - ==> Parameters: 1(Integer)
2026-01-02 23:32:30.092 [http-nio-8080-exec-7] DEBUG c.z.e.m.m.user.UserMapper.selectById - <==      Total: 1
2026-01-02 23:33:07.694 [http-nio-8080-exec-4] DEBUG c.z.e.m.m.a.AdminMapper.selectById - ==>  Preparing: SELECT admin_id,admin_account,admin_username,admin_email,admin_phone,admin_password,admin_image,admin_introduce,admin_state,admin_loginTime,deleted FROM admin_admin WHERE admin_id=? AND deleted=0
2026-01-02 23:33:07.694 [http-nio-8080-exec-4] DEBUG c.z.e.m.m.a.AdminMapper.selectById - ==> Parameters: 1(Integer)
2026-01-02 23:33:07.730 [http-nio-8080-exec-4] DEBUG c.z.e.m.m.a.AdminMapper.selectById - <==      Total: 1
2026-01-02 23:33:07.730 [http-nio-8080-exec-4] DEBUG c.z.e.m.m.a.A.findAdminInfoById - ==>  Preparing: select * from admin_admin left join admin_admin_role on admin_admin.admin_id = admin_admin_role.adminId left join admin_role on admin_admin_role.roleId = admin_role.role_id left join admin_role_permission on admin_role.role_id = admin_role.role_id left join admin_permission on admin_role_permission.permissionId = admin_permission.permission_id where admin_admin.admin_id = ? and admin_admin.deleted = 0
2026-01-02 23:33:07.730 [http-nio-8080-exec-4] DEBUG c.z.e.m.m.a.A.findAdminInfoById - ==> Parameters: 1(Integer)
2026-01-02 23:33:07.768 [http-nio-8080-exec-4] DEBUG c.z.e.m.m.a.A.findAdminInfoById - <==      Total: 1
2026-01-02 23:33:07.810 [http-nio-8080-exec-4] DEBUG c.z.e.m.m.a.A.selectList - ==>  Preparing: SELECT adminFeedback_id,adminFeedback_title,adminFeedback_content,adminFeedback_time,adminFeedback_recentTime,adminFeedback_curStep,adminFeedback_adminId FROM admin_adminFeedback ORDER BY adminFeedback_id DESC
2026-01-02 23:33:07.810 [http-nio-8080-exec-4] DEBUG c.z.e.m.m.a.A.selectList - ==> Parameters: 
2026-01-02 23:33:07.845 [http-nio-8080-exec-4] DEBUG c.z.e.m.m.a.A.selectList - <==      Total: 8
2026-01-02 23:33:07.848 [http-nio-8080-exec-4] DEBUG c.z.e.m.m.a.AdminMapper.selectById - ==>  Preparing: SELECT admin_id,admin_account,admin_username,admin_email,admin_phone,admin_password,admin_image,admin_introduce,admin_state,admin_loginTime,deleted FROM admin_admin WHERE admin_id=? AND deleted=0
2026-01-02 23:33:07.848 [http-nio-8080-exec-4] DEBUG c.z.e.m.m.a.AdminMapper.selectById - ==> Parameters: 2(Integer)
2026-01-02 23:33:07.882 [http-nio-8080-exec-4] DEBUG c.z.e.m.m.a.AdminMapper.selectById - <==      Total: 1
2026-01-02 23:33:07.883 [http-nio-8080-exec-4] DEBUG c.z.e.m.m.a.AdminMapper.selectById - ==>  Preparing: SELECT admin_id,admin_account,admin_username,admin_email,admin_phone,admin_password,admin_image,admin_introduce,admin_state,admin_loginTime,deleted FROM admin_admin WHERE admin_id=? AND deleted=0
2026-01-02 23:33:07.883 [http-nio-8080-exec-4] DEBUG c.z.e.m.m.a.AdminMapper.selectById - ==> Parameters: 1(Integer)
2026-01-02 23:33:07.917 [http-nio-8080-exec-4] DEBUG c.z.e.m.m.a.AdminMapper.selectById - <==      Total: 1
2026-01-02 23:33:51.757 [http-nio-8080-exec-3] DEBUG c.z.e.m.m.a.AdminMapper.selectById - ==>  Preparing: SELECT admin_id,admin_account,admin_username,admin_email,admin_phone,admin_password,admin_image,admin_introduce,admin_state,admin_loginTime,deleted FROM admin_admin WHERE admin_id=? AND deleted=0
2026-01-02 23:33:51.758 [http-nio-8080-exec-3] DEBUG c.z.e.m.m.a.AdminMapper.selectById - ==> Parameters: 1(Integer)
2026-01-02 23:33:51.793 [http-nio-8080-exec-3] DEBUG c.z.e.m.m.a.AdminMapper.selectById - <==      Total: 1
2026-01-02 23:33:51.793 [http-nio-8080-exec-3] DEBUG c.z.e.m.m.a.A.findAdminInfoById - ==>  Preparing: select * from admin_admin left join admin_admin_role on admin_admin.admin_id = admin_admin_role.adminId left join admin_role on admin_admin_role.roleId = admin_role.role_id left join admin_role_permission on admin_role.role_id = admin_role.role_id left join admin_permission on admin_role_permission.permissionId = admin_permission.permission_id where admin_admin.admin_id = ? and admin_admin.deleted = 0
2026-01-02 23:33:51.793 [http-nio-8080-exec-3] DEBUG c.z.e.m.m.a.A.findAdminInfoById - ==> Parameters: 1(Integer)
2026-01-02 23:33:51.829 [http-nio-8080-exec-3] DEBUG c.z.e.m.m.a.A.findAdminInfoById - <==      Total: 1
2026-01-02 23:33:51.872 [http-nio-8080-exec-3] DEBUG c.z.e.m.m.u.U.selectList - ==>  Preparing: SELECT userFeedbackRecord_id,userFeedbackRecord_userId,userFeedbackRecord_title,userFeedbackRecord_content,userFeedbackRecord_time,userFeedbackRecord_currentStepSolveTime,userFeedbackRecord_oldStep,userFeedbackRecord_newStep,userFeedbackRecord_approvalPersonId FROM user_userFeedbackRecord
2026-01-02 23:33:51.872 [http-nio-8080-exec-3] DEBUG c.z.e.m.m.u.U.selectList - ==> Parameters: 
2026-01-02 23:33:51.908 [http-nio-8080-exec-3] DEBUG c.z.e.m.m.u.U.selectList - <==      Total: 5
2026-01-02 23:33:51.910 [http-nio-8080-exec-3] DEBUG c.z.e.m.m.user.UserMapper.selectById - ==>  Preparing: SELECT user_id,user_account,user_username,user_email,user_phone,user_password,user_image,user_introduce,user_createdTime,user_loginTime,user_dreamPosition,user_dreamMinMonthSalary,user_dreamMaxMonthSalary,user_dreamWeekWorkDayNum,user_dreamGoodWelfare,user_recruitLocationFirst,user_recruitLocationSecond,user_recruitLocationDetail,user_universityCode FROM user_user WHERE user_id=?
2026-01-02 23:33:51.910 [http-nio-8080-exec-3] DEBUG c.z.e.m.m.user.UserMapper.selectById - ==> Parameters: 1(Integer)
2026-01-02 23:33:51.945 [http-nio-8080-exec-3] DEBUG c.z.e.m.m.user.UserMapper.selectById - <==      Total: 1
2026-01-02 23:33:51.946 [http-nio-8080-exec-3] DEBUG c.z.e.m.m.a.AdminMapper.selectById - ==>  Preparing: SELECT admin_id,admin_account,admin_username,admin_email,admin_phone,admin_password,admin_image,admin_introduce,admin_state,admin_loginTime,deleted FROM admin_admin WHERE admin_id=? AND deleted=0
2026-01-02 23:33:51.946 [http-nio-8080-exec-3] DEBUG c.z.e.m.m.a.AdminMapper.selectById - ==> Parameters: 1(Integer)
2026-01-02 23:33:51.981 [http-nio-8080-exec-3] DEBUG c.z.e.m.m.a.AdminMapper.selectById - <==      Total: 1
2026-01-02 23:34:06.385 [http-nio-8080-exec-6] DEBUG c.z.e.m.m.a.AdminMapper.selectById - ==>  Preparing: SELECT admin_id,admin_account,admin_username,admin_email,admin_phone,admin_password,admin_image,admin_introduce,admin_state,admin_loginTime,deleted FROM admin_admin WHERE admin_id=? AND deleted=0
2026-01-02 23:34:06.387 [http-nio-8080-exec-6] DEBUG c.z.e.m.m.a.AdminMapper.selectById - ==> Parameters: 1(Integer)
2026-01-02 23:34:06.422 [http-nio-8080-exec-6] DEBUG c.z.e.m.m.a.AdminMapper.selectById - <==      Total: 1
2026-01-02 23:34:06.422 [http-nio-8080-exec-6] DEBUG c.z.e.m.m.a.A.findAdminInfoById - ==>  Preparing: select * from admin_admin left join admin_admin_role on admin_admin.admin_id = admin_admin_role.adminId left join admin_role on admin_admin_role.roleId = admin_role.role_id left join admin_role_permission on admin_role.role_id = admin_role.role_id left join admin_permission on admin_role_permission.permissionId = admin_permission.permission_id where admin_admin.admin_id = ? and admin_admin.deleted = 0
2026-01-02 23:34:06.423 [http-nio-8080-exec-6] DEBUG c.z.e.m.m.a.A.findAdminInfoById - ==> Parameters: 1(Integer)
2026-01-02 23:34:06.457 [http-nio-8080-exec-6] DEBUG c.z.e.m.m.a.A.findAdminInfoById - <==      Total: 1
2026-01-02 23:34:06.499 [http-nio-8080-exec-6] DEBUG c.z.e.m.m.a.A.selectList - ==>  Preparing: SELECT adminFeedbackRecord_id,adminFeedbackRecord_adminId,adminFeedbackRecord_title,adminFeedbackRecord_content,adminFeedbackRecord_time,adminFeedbackRecord_currentStepSolveTime,adminFeedbackRecord_oldStep,adminFeedbackRecord_newStep,adminFeedbackRecord_approvalPersonId FROM admin_adminFeedbackRecord ORDER BY adminFeedbackRecord_id DESC
2026-01-02 23:34:06.499 [http-nio-8080-exec-6] DEBUG c.z.e.m.m.a.A.selectList - ==> Parameters: 
2026-01-02 23:34:06.535 [http-nio-8080-exec-6] DEBUG c.z.e.m.m.a.A.selectList - <==      Total: 10
2026-01-02 23:34:06.538 [http-nio-8080-exec-6] DEBUG c.z.e.m.m.a.AdminMapper.selectById - ==>  Preparing: SELECT admin_id,admin_account,admin_username,admin_email,admin_phone,admin_password,admin_image,admin_introduce,admin_state,admin_loginTime,deleted FROM admin_admin WHERE admin_id=? AND deleted=0
2026-01-02 23:34:06.538 [http-nio-8080-exec-6] DEBUG c.z.e.m.m.a.AdminMapper.selectById - ==> Parameters: 2(Integer)
2026-01-02 23:34:06.573 [http-nio-8080-exec-6] DEBUG c.z.e.m.m.a.AdminMapper.selectById - <==      Total: 1
2026-01-02 23:34:06.573 [http-nio-8080-exec-6] DEBUG c.z.e.m.m.a.AdminMapper.selectById - ==>  Preparing: SELECT admin_id,admin_account,admin_username,admin_email,admin_phone,admin_password,admin_image,admin_introduce,admin_state,admin_loginTime,deleted FROM admin_admin WHERE admin_id=? AND deleted=0
2026-01-02 23:34:06.573 [http-nio-8080-exec-6] DEBUG c.z.e.m.m.a.AdminMapper.selectById - ==> Parameters: 1(Integer)
2026-01-02 23:34:06.609 [http-nio-8080-exec-6] DEBUG c.z.e.m.m.a.AdminMapper.selectById - <==      Total: 1
2026-01-02 23:59:20.264 [scheduling-1] INFO  c.z.e.t.a.AdmonitorUserDaliyUserNumScheduledTask - 开始执行统计今日管理员数量任务
2026-01-02 23:59:20.439 [scheduling-1] DEBUG c.z.e.m.m.user.UserMapper.selectList - ==>  Preparing: SELECT user_id,user_account,user_username,user_email,user_phone,user_password,user_image,user_introduce,user_createdTime,user_loginTime,user_dreamPosition,user_dreamMinMonthSalary,user_dreamMaxMonthSalary,user_dreamWeekWorkDayNum,user_dreamGoodWelfare,user_recruitLocationFirst,user_recruitLocationSecond,user_recruitLocationDetail,user_universityCode FROM user_user
2026-01-02 23:59:20.439 [scheduling-1] DEBUG c.z.e.m.m.user.UserMapper.selectList - ==> Parameters: 
2026-01-02 23:59:20.557 [scheduling-1] DEBUG c.z.e.m.m.user.UserMapper.selectList - <==      Total: 8
2026-01-02 23:59:20.664 [scheduling-1] INFO  c.z.e.s.i.a.AdmonitorUserDaliyUserNumServiceImpl - 新增记录开始
2026-01-02 23:59:20.669 [scheduling-1] DEBUG c.z.e.m.m.a.A.insert - ==>  Preparing: INSERT INTO admonitor_userDaliyUserNum ( userDaliyUserNum_date, userDaliyUserNum_num ) VALUES ( ?, ? )
2026-01-02 23:59:20.670 [scheduling-1] DEBUG c.z.e.m.m.a.A.insert - ==> Parameters: 2026-01-02 23:59:20.558(Timestamp), 8(Integer)
2026-01-02 23:59:21.077 [scheduling-1] INFO  c.z.e.s.i.a.AdmonitorUserDaliyUserNumServiceImpl - 新增记录失败
2026-01-02 23:59:21.170 [scheduling-1] ERROR o.s.s.s.TaskUtils$LoggingErrorHandler - Unexpected error occurred in scheduled task
java.lang.RuntimeException: 新增记录失败
	at com.zyh.easyapplyresume.service.impl.ad_monitor.AdmonitorUserDaliyUserNumServiceImpl.addAdmonitorUserDaliyUserNum(AdmonitorUserDaliyUserNumServiceImpl.java:38)
	at java.base/jdk.internal.reflect.DirectMethodHandleAccessor.invoke(DirectMethodHandleAccessor.java:103)
	at java.base/java.lang.reflect.Method.invoke(Method.java:580)
	at org.springframework.aop.support.AopUtils.invokeJoinpointUsingReflection(AopUtils.java:355)
	at org.springframework.aop.framework.ReflectiveMethodInvocation.invokeJoinpoint(ReflectiveMethodInvocation.java:196)
	at org.springframework.aop.framework.ReflectiveMethodInvocation.proceed(ReflectiveMethodInvocation.java:163)
	at org.springframework.aop.framework.CglibAopProxy$CglibMethodInvocation.proceed(CglibAopProxy.java:768)
	at org.springframework.transaction.interceptor.TransactionAspectSupport.invokeWithinTransaction(TransactionAspectSupport.java:379)
	at org.springframework.transaction.interceptor.TransactionInterceptor.invoke(TransactionInterceptor.java:119)
	at org.springframework.aop.framework.ReflectiveMethodInvocation.proceed(ReflectiveMethodInvocation.java:184)
	at org.springframework.aop.framework.CglibAopProxy$CglibMethodInvocation.proceed(CglibAopProxy.java:768)
	at org.springframework.aop.framework.CglibAopProxy$DynamicAdvisedInterceptor.intercept(CglibAopProxy.java:720)
	at com.zyh.easyapplyresume.service.impl.ad_monitor.AdmonitorUserDaliyUserNumServiceImpl$$SpringCGLIB$$0.addAdmonitorUserDaliyUserNum(<generated>)
	at com.zyh.easyapplyresume.task.ad_monitor.AdmonitorUserDaliyUserNumScheduledTask.calculateYesterdayAdminNumTask(AdmonitorUserDaliyUserNumScheduledTask.java:38)
	at java.base/jdk.internal.reflect.DirectMethodHandleAccessor.invoke(DirectMethodHandleAccessor.java:103)
	at java.base/java.lang.reflect.Method.invoke(Method.java:580)
	at org.springframework.scheduling.support.ScheduledMethodRunnable.runInternal(ScheduledMethodRunnable.java:130)
	at org.springframework.scheduling.support.ScheduledMethodRunnable.lambda$run$2(ScheduledMethodRunnable.java:124)
	at io.micrometer.observation.Observation.observe(Observation.java:499)
	at org.springframework.scheduling.support.ScheduledMethodRunnable.run(ScheduledMethodRunnable.java:124)
	at org.springframework.scheduling.support.DelegatingErrorHandlingRunnable.run(DelegatingErrorHandlingRunnable.java:54)
	at org.springframework.scheduling.concurrent.ReschedulingRunnable.run(ReschedulingRunnable.java:96)
	at java.base/java.util.concurrent.Executors$RunnableAdapter.call(Executors.java:572)
	at java.base/java.util.concurrent.FutureTask.run$$$capture(FutureTask.java:317)
	at java.base/java.util.concurrent.FutureTask.run(FutureTask.java)
	at java.base/java.util.concurrent.ScheduledThreadPoolExecutor$ScheduledFutureTask.run(ScheduledThreadPoolExecutor.java:304)
	at java.base/java.util.concurrent.ThreadPoolExecutor.runWorker(ThreadPoolExecutor.java:1144)
	at java.base/java.util.concurrent.ThreadPoolExecutor$Worker.run(ThreadPoolExecutor.java:642)
	at java.base/java.lang.Thread.run(Thread.java:1583)
2026-01-02 23:59:30.255 [scheduling-1] INFO  c.z.e.t.a.AdmonitorAdminDaliyAdminNumScheduledTask - 开始执行统计今日管理员数量任务
2026-01-02 23:59:30.290 [scheduling-1] DEBUG c.z.e.m.m.a.AdminMapper.selectList - ==>  Preparing: SELECT admin_id,admin_account,admin_username,admin_email,admin_phone,admin_password,admin_image,admin_introduce,admin_state,admin_loginTime,deleted FROM admin_admin WHERE deleted=0
2026-01-02 23:59:30.290 [scheduling-1] DEBUG c.z.e.m.m.a.AdminMapper.selectList - ==> Parameters: 
2026-01-02 23:59:30.327 [scheduling-1] DEBUG c.z.e.m.m.a.AdminMapper.selectList - <==      Total: 4
2026-01-02 23:59:30.364 [scheduling-1] INFO  c.z.e.s.i.a.AdmonitorAdminDaliyAdminNumServiceImpl - 新增记录开始
2026-01-02 23:59:30.366 [scheduling-1] DEBUG c.z.e.m.m.a.A.insert - ==>  Preparing: INSERT INTO admonitor_adminDaliyAdminNum ( adminDaliyAdminNum_date, adminDaliyAdminNum_num ) VALUES ( ?, ? )
2026-01-02 23:59:30.367 [scheduling-1] DEBUG c.z.e.m.m.a.A.insert - ==> Parameters: 2026-01-02 23:59:30.327(Timestamp), 4(Integer)
2026-01-02 23:59:30.439 [scheduling-1] INFO  c.z.e.s.i.a.AdmonitorAdminDaliyAdminNumServiceImpl - 新增记录失败
2026-01-02 23:59:30.508 [scheduling-1] ERROR o.s.s.s.TaskUtils$LoggingErrorHandler - Unexpected error occurred in scheduled task
java.lang.RuntimeException: 新增记录失败
	at com.zyh.easyapplyresume.service.impl.ad_monitor.AdmonitorAdminDaliyAdminNumServiceImpl.addAdmonitorAdminDaliyAdminNum(AdmonitorAdminDaliyAdminNumServiceImpl.java:37)
	at java.base/jdk.internal.reflect.DirectMethodHandleAccessor.invoke(DirectMethodHandleAccessor.java:103)
	at java.base/java.lang.reflect.Method.invoke(Method.java:580)
	at org.springframework.aop.support.AopUtils.invokeJoinpointUsingReflection(AopUtils.java:355)
	at org.springframework.aop.framework.ReflectiveMethodInvocation.invokeJoinpoint(ReflectiveMethodInvocation.java:196)
	at org.springframework.aop.framework.ReflectiveMethodInvocation.proceed(ReflectiveMethodInvocation.java:163)
	at org.springframework.aop.framework.CglibAopProxy$CglibMethodInvocation.proceed(CglibAopProxy.java:768)
	at org.springframework.transaction.interceptor.TransactionAspectSupport.invokeWithinTransaction(TransactionAspectSupport.java:379)
	at org.springframework.transaction.interceptor.TransactionInterceptor.invoke(TransactionInterceptor.java:119)
	at org.springframework.aop.framework.ReflectiveMethodInvocation.proceed(ReflectiveMethodInvocation.java:184)
	at org.springframework.aop.framework.CglibAopProxy$CglibMethodInvocation.proceed(CglibAopProxy.java:768)
	at org.springframework.aop.framework.CglibAopProxy$DynamicAdvisedInterceptor.intercept(CglibAopProxy.java:720)
	at com.zyh.easyapplyresume.service.impl.ad_monitor.AdmonitorAdminDaliyAdminNumServiceImpl$$SpringCGLIB$$0.addAdmonitorAdminDaliyAdminNum(<generated>)
	at com.zyh.easyapplyresume.task.ad_monitor.AdmonitorAdminDaliyAdminNumScheduledTask.calculateYesterdayAdminNumTask(AdmonitorAdminDaliyAdminNumScheduledTask.java:38)
	at java.base/jdk.internal.reflect.DirectMethodHandleAccessor.invoke(DirectMethodHandleAccessor.java:103)
	at java.base/java.lang.reflect.Method.invoke(Method.java:580)
	at org.springframework.scheduling.support.ScheduledMethodRunnable.runInternal(ScheduledMethodRunnable.java:130)
	at org.springframework.scheduling.support.ScheduledMethodRunnable.lambda$run$2(ScheduledMethodRunnable.java:124)
	at io.micrometer.observation.Observation.observe(Observation.java:499)
	at org.springframework.scheduling.support.ScheduledMethodRunnable.run(ScheduledMethodRunnable.java:124)
	at org.springframework.scheduling.support.DelegatingErrorHandlingRunnable.run(DelegatingErrorHandlingRunnable.java:54)
	at org.springframework.scheduling.concurrent.ReschedulingRunnable.run(ReschedulingRunnable.java:96)
	at java.base/java.util.concurrent.Executors$RunnableAdapter.call(Executors.java:572)
	at java.base/java.util.concurrent.FutureTask.run$$$capture(FutureTask.java:317)
	at java.base/java.util.concurrent.FutureTask.run(FutureTask.java)
	at java.base/java.util.concurrent.ScheduledThreadPoolExecutor$ScheduledFutureTask.run(ScheduledThreadPoolExecutor.java:304)
	at java.base/java.util.concurrent.ThreadPoolExecutor.runWorker(ThreadPoolExecutor.java:1144)
	at java.base/java.util.concurrent.ThreadPoolExecutor$Worker.run(ThreadPoolExecutor.java:642)
	at java.base/java.lang.Thread.run(Thread.java:1583)
2026-01-03 00:00:10.265 [scheduling-1] INFO  c.z.e.t.a.AdmonitorAdminDailyVisitNumScheduledTask - 开始执行统计昨日访问量任务
2026-01-03 00:00:10.354 [scheduling-1] INFO  c.z.e.s.i.a.AdmonitorAdminDailyVisitNumServiceImpl - 计算记录开始
2026-01-03 00:00:10.355 [scheduling-1] DEBUG c.z.e.m.m.a.A.selectList - ==>  Preparing: SELECT adminDailyVisitNum_id,adminDailyVisitNum_adminId,adminDailyVisitNum_visitTime FROM admonitor_adminDailyVisitNum WHERE (adminDailyVisitNum_visitTime = ?)
2026-01-03 00:00:10.358 [scheduling-1] DEBUG c.z.e.m.m.a.A.selectList - ==> Parameters: 2026-01-02(LocalDate)
2026-01-03 00:00:10.395 [scheduling-1] DEBUG c.z.e.m.m.a.A.selectList - <==      Total: 1
2026-01-03 00:00:10.395 [scheduling-1] INFO  c.z.e.s.i.a.AdmonitorAdminDailyVisitNumServiceImpl - 计算记录成功
2026-01-03 00:00:10.463 [scheduling-1] INFO  c.z.e.t.a.AdmonitorAdminDailyVisitNumScheduledTask - 昨日访问量统计完成
2026-01-03 00:00:10.464 [scheduling-1] INFO  c.z.e.t.a.AdmonitorAdminDailyVisitNumScheduledTask - 开始执行新增昨日访问量任务
2026-01-03 00:00:10.500 [scheduling-1] INFO  c.z.e.s.i.a.AdmonitorAdminDailyVisitTotalNumServiceImpl - 新增记录开始
2026-01-03 00:00:10.501 [scheduling-1] DEBUG c.z.e.m.m.a.A.insert - ==>  Preparing: INSERT INTO admonitor_adminDailyVisitTotalNum ( adminDailyVisitTotalNum_date, adminDailyVisitTotalNum_num ) VALUES ( ?, ? )
2026-01-03 00:00:10.501 [scheduling-1] DEBUG c.z.e.m.m.a.A.insert - ==> Parameters: 2026-01-02 00:00:10.26(Timestamp), 1(Integer)
2026-01-03 00:00:10.575 [scheduling-1] INFO  c.z.e.s.i.a.AdmonitorAdminDailyVisitTotalNumServiceImpl - 新增记录失败
2026-01-03 00:00:10.644 [scheduling-1] ERROR o.s.s.s.TaskUtils$LoggingErrorHandler - Unexpected error occurred in scheduled task
java.lang.RuntimeException: 新增记录失败
	at com.zyh.easyapplyresume.service.impl.ad_monitor.AdmonitorAdminDailyVisitTotalNumServiceImpl.addAdmonitorAdminDailyVisitTotalNum(AdmonitorAdminDailyVisitTotalNumServiceImpl.java:32)
	at java.base/jdk.internal.reflect.DirectMethodHandleAccessor.invoke(DirectMethodHandleAccessor.java:103)
	at java.base/java.lang.reflect.Method.invoke(Method.java:580)
	at org.springframework.aop.support.AopUtils.invokeJoinpointUsingReflection(AopUtils.java:355)
	at org.springframework.aop.framework.ReflectiveMethodInvocation.invokeJoinpoint(ReflectiveMethodInvocation.java:196)
	at org.springframework.aop.framework.ReflectiveMethodInvocation.proceed(ReflectiveMethodInvocation.java:163)
	at org.springframework.aop.framework.CglibAopProxy$CglibMethodInvocation.proceed(CglibAopProxy.java:768)
	at org.springframework.transaction.interceptor.TransactionAspectSupport.invokeWithinTransaction(TransactionAspectSupport.java:379)
	at org.springframework.transaction.interceptor.TransactionInterceptor.invoke(TransactionInterceptor.java:119)
	at org.springframework.aop.framework.ReflectiveMethodInvocation.proceed(ReflectiveMethodInvocation.java:184)
	at org.springframework.aop.framework.CglibAopProxy$CglibMethodInvocation.proceed(CglibAopProxy.java:768)
	at org.springframework.aop.framework.CglibAopProxy$DynamicAdvisedInterceptor.intercept(CglibAopProxy.java:720)
	at com.zyh.easyapplyresume.service.impl.ad_monitor.AdmonitorAdminDailyVisitTotalNumServiceImpl$$SpringCGLIB$$0.addAdmonitorAdminDailyVisitTotalNum(<generated>)
	at com.zyh.easyapplyresume.task.ad_monitor.AdmonitorAdminDailyVisitNumScheduledTask.calculateYesterdayVisitTask(AdmonitorAdminDailyVisitNumScheduledTask.java:38)
	at java.base/jdk.internal.reflect.DirectMethodHandleAccessor.invoke(DirectMethodHandleAccessor.java:103)
	at java.base/java.lang.reflect.Method.invoke(Method.java:580)
	at org.springframework.scheduling.support.ScheduledMethodRunnable.runInternal(ScheduledMethodRunnable.java:130)
	at org.springframework.scheduling.support.ScheduledMethodRunnable.lambda$run$2(ScheduledMethodRunnable.java:124)
	at io.micrometer.observation.Observation.observe(Observation.java:499)
	at org.springframework.scheduling.support.ScheduledMethodRunnable.run(ScheduledMethodRunnable.java:124)
	at org.springframework.scheduling.support.DelegatingErrorHandlingRunnable.run(DelegatingErrorHandlingRunnable.java:54)
	at org.springframework.scheduling.concurrent.ReschedulingRunnable.run(ReschedulingRunnable.java:96)
	at java.base/java.util.concurrent.Executors$RunnableAdapter.call(Executors.java:572)
	at java.base/java.util.concurrent.FutureTask.run$$$capture(FutureTask.java:317)
	at java.base/java.util.concurrent.FutureTask.run(FutureTask.java)
	at java.base/java.util.concurrent.ScheduledThreadPoolExecutor$ScheduledFutureTask.run(ScheduledThreadPoolExecutor.java:304)
	at java.base/java.util.concurrent.ThreadPoolExecutor.runWorker(ThreadPoolExecutor.java:1144)
	at java.base/java.util.concurrent.ThreadPoolExecutor$Worker.run(ThreadPoolExecutor.java:642)
	at java.base/java.lang.Thread.run(Thread.java:1583)
2026-01-03 00:00:20.256 [scheduling-1] INFO  c.z.e.t.a.AdmonitorUserDailyVisitNumScheduledTask - 开始执行统计用户昨日访问量任务
2026-01-03 00:00:20.465 [scheduling-1] INFO  c.z.e.s.i.a.AdmonitorUserDailyVisitNumServiceImpl - 计算记录开始
2026-01-03 00:00:20.467 [scheduling-1] DEBUG c.z.e.m.m.a.A.selectList - ==>  Preparing: SELECT userDailyVisitNum_id,userDailyVisitNum_userId AS userDailyVisitNumAdminId,userDailyVisitNum_visitTime FROM admonitor_userDailyVisitNum WHERE (userDailyVisitNum_visitTime = ?)
2026-01-03 00:00:20.467 [scheduling-1] DEBUG c.z.e.m.m.a.A.selectList - ==> Parameters: 2026-01-02(LocalDate)
2026-01-03 00:00:20.566 [scheduling-1] DEBUG c.z.e.m.m.a.A.selectList - <==      Total: 1
2026-01-03 00:00:20.566 [scheduling-1] INFO  c.z.e.s.i.a.AdmonitorUserDailyVisitNumServiceImpl - 计算记录成功
2026-01-03 00:00:20.667 [scheduling-1] INFO  c.z.e.t.a.AdmonitorUserDailyVisitNumScheduledTask - 昨日用户访问量统计完成
2026-01-03 00:00:20.668 [scheduling-1] INFO  c.z.e.t.a.AdmonitorUserDailyVisitNumScheduledTask - 开始执行用户新增昨日访问量任务
2026-01-03 00:00:20.726 [scheduling-1] INFO  c.z.e.s.i.a.AdmonitorUserDailyVisitTotalNumServiceImpl - 新增记录开始
2026-01-03 00:00:20.728 [scheduling-1] DEBUG c.z.e.m.m.a.A.insert - ==>  Preparing: INSERT INTO admonitor_userDailyVisitTotalNum ( userDailyVisitTotalNum_date, userDailyVisitTotalNum_num ) VALUES ( ?, ? )
2026-01-03 00:00:20.728 [scheduling-1] DEBUG c.z.e.m.m.a.A.insert - ==> Parameters: 2026-01-02 00:00:20.256(Timestamp), 1(Integer)
2026-01-03 00:00:20.872 [scheduling-1] INFO  c.z.e.s.i.a.AdmonitorUserDailyVisitTotalNumServiceImpl - 新增记录失败
2026-01-03 00:00:20.975 [scheduling-1] ERROR o.s.s.s.TaskUtils$LoggingErrorHandler - Unexpected error occurred in scheduled task
java.lang.RuntimeException: 新增记录失败
	at com.zyh.easyapplyresume.service.impl.ad_monitor.AdmonitorUserDailyVisitTotalNumServiceImpl.addAdmonitorUserDailyVisitTotalNum(AdmonitorUserDailyVisitTotalNumServiceImpl.java:32)
	at java.base/jdk.internal.reflect.DirectMethodHandleAccessor.invoke(DirectMethodHandleAccessor.java:103)
	at java.base/java.lang.reflect.Method.invoke(Method.java:580)
	at org.springframework.aop.support.AopUtils.invokeJoinpointUsingReflection(AopUtils.java:355)
	at org.springframework.aop.framework.ReflectiveMethodInvocation.invokeJoinpoint(ReflectiveMethodInvocation.java:196)
	at org.springframework.aop.framework.ReflectiveMethodInvocation.proceed(ReflectiveMethodInvocation.java:163)
	at org.springframework.aop.framework.CglibAopProxy$CglibMethodInvocation.proceed(CglibAopProxy.java:768)
	at org.springframework.transaction.interceptor.TransactionAspectSupport.invokeWithinTransaction(TransactionAspectSupport.java:379)
	at org.springframework.transaction.interceptor.TransactionInterceptor.invoke(TransactionInterceptor.java:119)
	at org.springframework.aop.framework.ReflectiveMethodInvocation.proceed(ReflectiveMethodInvocation.java:184)
	at org.springframework.aop.framework.CglibAopProxy$CglibMethodInvocation.proceed(CglibAopProxy.java:768)
	at org.springframework.aop.framework.CglibAopProxy$DynamicAdvisedInterceptor.intercept(CglibAopProxy.java:720)
	at com.zyh.easyapplyresume.service.impl.ad_monitor.AdmonitorUserDailyVisitTotalNumServiceImpl$$SpringCGLIB$$0.addAdmonitorUserDailyVisitTotalNum(<generated>)
	at com.zyh.easyapplyresume.task.ad_monitor.AdmonitorUserDailyVisitNumScheduledTask.calculateYesterdayVisitTask(AdmonitorUserDailyVisitNumScheduledTask.java:41)
	at java.base/jdk.internal.reflect.DirectMethodHandleAccessor.invoke(DirectMethodHandleAccessor.java:103)
	at java.base/java.lang.reflect.Method.invoke(Method.java:580)
	at org.springframework.scheduling.support.ScheduledMethodRunnable.runInternal(ScheduledMethodRunnable.java:130)
	at org.springframework.scheduling.support.ScheduledMethodRunnable.lambda$run$2(ScheduledMethodRunnable.java:124)
	at io.micrometer.observation.Observation.observe(Observation.java:499)
	at org.springframework.scheduling.support.ScheduledMethodRunnable.run(ScheduledMethodRunnable.java:124)
	at org.springframework.scheduling.support.DelegatingErrorHandlingRunnable.run(DelegatingErrorHandlingRunnable.java:54)
	at org.springframework.scheduling.concurrent.ReschedulingRunnable.run(ReschedulingRunnable.java:96)
	at java.base/java.util.concurrent.Executors$RunnableAdapter.call(Executors.java:572)
	at java.base/java.util.concurrent.FutureTask.run$$$capture(FutureTask.java:317)
	at java.base/java.util.concurrent.FutureTask.run(FutureTask.java)
	at java.base/java.util.concurrent.ScheduledThreadPoolExecutor$ScheduledFutureTask.run(ScheduledThreadPoolExecutor.java:304)
	at java.base/java.util.concurrent.ThreadPoolExecutor.runWorker(ThreadPoolExecutor.java:1144)
	at java.base/java.util.concurrent.ThreadPoolExecutor$Worker.run(ThreadPoolExecutor.java:642)
	at java.base/java.lang.Thread.run(Thread.java:1583)
2026-01-03 12:40:59.383 [main] INFO  c.a.n.client.logging.NacosLogging - Nacos Logging Adapter Builder: com.alibaba.nacos.logger.adapter.logback12.LogbackNacosLoggingAdapterBuilder
2026-01-03 12:40:59.387 [main] INFO  c.a.n.client.logging.NacosLogging - Nacos Logging Adapter Builder: com.alibaba.nacos.logger.adapter.logback14.LogbackNacosLoggingAdapterBuilder
2026-01-03 12:40:59.389 [main] INFO  c.a.n.client.logging.NacosLogging - Nacos Logging Adapter: com.alibaba.nacos.logger.adapter.logback14.LogbackNacosLoggingAdapter match ch.qos.logback.classic.Logger success.
2026-01-03 12:40:59.397 [main] INFO  c.a.n.client.logging.NacosLogging - Nacos Logging Adapter Builder: com.alibaba.nacos.logger.adapter.log4j2.Log4j2NacosLoggingAdapterBuilder
2026-01-03 12:40:59.420 [background-preinit] INFO  o.h.validator.internal.util.Version - HV000001: Hibernate Validator 8.0.1.Final
2026-01-03 12:40:59.676 [main] INFO  c.z.e.EasyApplyResumeApplication - Starting EasyApplyResumeApplication using Java 21.0.9 with PID 29232 (D:\EasyApplyResume\EasyApplyResume\target\classes started by zhaoyunhan1 in D:\EasyApplyResume\EasyApplyResume)
2026-01-03 12:40:59.676 [main] DEBUG c.z.e.EasyApplyResumeApplication - Running with Spring Boot v3.3.5, Spring v6.1.14
2026-01-03 12:40:59.677 [main] INFO  c.z.e.EasyApplyResumeApplication - The following 1 profile is active: "dev"
2026-01-03 12:41:02.303 [main] INFO  o.s.d.r.c.RepositoryConfigurationDelegate - Multiple Spring Data modules found, entering strict repository configuration mode
2026-01-03 12:41:02.308 [main] INFO  o.s.d.r.c.RepositoryConfigurationDelegate - Bootstrapping Spring Data Redis repositories in DEFAULT mode.
2026-01-03 12:41:02.460 [main] INFO  o.s.d.r.c.RepositoryConfigurationDelegate - Finished Spring Data repository scanning in 126 ms. Found 0 Redis repository interfaces.
2026-01-03 12:41:02.695 [main] WARN  o.m.s.mapper.ClassPathMapperScanner - Cannot use both: sqlSessionTemplate and sqlSessionFactory together. sqlSessionFactory is ignored.
2026-01-03 12:41:02.695 [main] WARN  o.m.s.mapper.ClassPathMapperScanner - Cannot use both: sqlSessionTemplate and sqlSessionFactory together. sqlSessionFactory is ignored.
2026-01-03 12:41:02.695 [main] WARN  o.m.s.mapper.ClassPathMapperScanner - Cannot use both: sqlSessionTemplate and sqlSessionFactory together. sqlSessionFactory is ignored.
2026-01-03 12:41:02.696 [main] WARN  o.m.s.mapper.ClassPathMapperScanner - Cannot use both: sqlSessionTemplate and sqlSessionFactory together. sqlSessionFactory is ignored.
2026-01-03 12:41:02.696 [main] WARN  o.m.s.mapper.ClassPathMapperScanner - Cannot use both: sqlSessionTemplate and sqlSessionFactory together. sqlSessionFactory is ignored.
2026-01-03 12:41:02.697 [main] WARN  o.m.s.mapper.ClassPathMapperScanner - Cannot use both: sqlSessionTemplate and sqlSessionFactory together. sqlSessionFactory is ignored.
2026-01-03 12:41:02.697 [main] WARN  o.m.s.mapper.ClassPathMapperScanner - Cannot use both: sqlSessionTemplate and sqlSessionFactory together. sqlSessionFactory is ignored.
2026-01-03 12:41:02.698 [main] WARN  o.m.s.mapper.ClassPathMapperScanner - Cannot use both: sqlSessionTemplate and sqlSessionFactory together. sqlSessionFactory is ignored.
2026-01-03 12:41:02.698 [main] WARN  o.m.s.mapper.ClassPathMapperScanner - Cannot use both: sqlSessionTemplate and sqlSessionFactory together. sqlSessionFactory is ignored.
2026-01-03 12:41:02.699 [main] WARN  o.m.s.mapper.ClassPathMapperScanner - Cannot use both: sqlSessionTemplate and sqlSessionFactory together. sqlSessionFactory is ignored.
2026-01-03 12:41:02.699 [main] WARN  o.m.s.mapper.ClassPathMapperScanner - Cannot use both: sqlSessionTemplate and sqlSessionFactory together. sqlSessionFactory is ignored.
2026-01-03 12:41:02.700 [main] WARN  o.m.s.mapper.ClassPathMapperScanner - Cannot use both: sqlSessionTemplate and sqlSessionFactory together. sqlSessionFactory is ignored.
2026-01-03 12:41:02.701 [main] WARN  o.m.s.mapper.ClassPathMapperScanner - Cannot use both: sqlSessionTemplate and sqlSessionFactory together. sqlSessionFactory is ignored.
2026-01-03 12:41:02.701 [main] WARN  o.m.s.mapper.ClassPathMapperScanner - Cannot use both: sqlSessionTemplate and sqlSessionFactory together. sqlSessionFactory is ignored.
2026-01-03 12:41:02.701 [main] WARN  o.m.s.mapper.ClassPathMapperScanner - Cannot use both: sqlSessionTemplate and sqlSessionFactory together. sqlSessionFactory is ignored.
2026-01-03 12:41:02.701 [main] WARN  o.m.s.mapper.ClassPathMapperScanner - Cannot use both: sqlSessionTemplate and sqlSessionFactory together. sqlSessionFactory is ignored.
2026-01-03 12:41:02.701 [main] WARN  o.m.s.mapper.ClassPathMapperScanner - Cannot use both: sqlSessionTemplate and sqlSessionFactory together. sqlSessionFactory is ignored.
2026-01-03 12:41:02.702 [main] WARN  o.m.s.mapper.ClassPathMapperScanner - Cannot use both: sqlSessionTemplate and sqlSessionFactory together. sqlSessionFactory is ignored.
2026-01-03 12:41:02.704 [main] WARN  o.m.s.mapper.ClassPathMapperScanner - Cannot use both: sqlSessionTemplate and sqlSessionFactory together. sqlSessionFactory is ignored.
2026-01-03 12:41:02.705 [main] WARN  o.m.s.mapper.ClassPathMapperScanner - Cannot use both: sqlSessionTemplate and sqlSessionFactory together. sqlSessionFactory is ignored.
2026-01-03 12:41:02.705 [main] WARN  o.m.s.mapper.ClassPathMapperScanner - Cannot use both: sqlSessionTemplate and sqlSessionFactory together. sqlSessionFactory is ignored.
2026-01-03 12:41:02.706 [main] WARN  o.m.s.mapper.ClassPathMapperScanner - Cannot use both: sqlSessionTemplate and sqlSessionFactory together. sqlSessionFactory is ignored.
2026-01-03 12:41:02.706 [main] WARN  o.m.s.mapper.ClassPathMapperScanner - Cannot use both: sqlSessionTemplate and sqlSessionFactory together. sqlSessionFactory is ignored.
2026-01-03 12:41:02.706 [main] WARN  o.m.s.mapper.ClassPathMapperScanner - Cannot use both: sqlSessionTemplate and sqlSessionFactory together. sqlSessionFactory is ignored.
2026-01-03 12:41:02.707 [main] WARN  o.m.s.mapper.ClassPathMapperScanner - Cannot use both: sqlSessionTemplate and sqlSessionFactory together. sqlSessionFactory is ignored.
2026-01-03 12:41:02.707 [main] WARN  o.m.s.mapper.ClassPathMapperScanner - Cannot use both: sqlSessionTemplate and sqlSessionFactory together. sqlSessionFactory is ignored.
2026-01-03 12:41:02.707 [main] WARN  o.m.s.mapper.ClassPathMapperScanner - Cannot use both: sqlSessionTemplate and sqlSessionFactory together. sqlSessionFactory is ignored.
2026-01-03 12:41:02.708 [main] WARN  o.m.s.mapper.ClassPathMapperScanner - Cannot use both: sqlSessionTemplate and sqlSessionFactory together. sqlSessionFactory is ignored.
2026-01-03 12:41:02.708 [main] WARN  o.m.s.mapper.ClassPathMapperScanner - Cannot use both: sqlSessionTemplate and sqlSessionFactory together. sqlSessionFactory is ignored.
2026-01-03 12:41:02.709 [main] WARN  o.m.s.mapper.ClassPathMapperScanner - Cannot use both: sqlSessionTemplate and sqlSessionFactory together. sqlSessionFactory is ignored.
2026-01-03 12:41:02.709 [main] WARN  o.m.s.mapper.ClassPathMapperScanner - Cannot use both: sqlSessionTemplate and sqlSessionFactory together. sqlSessionFactory is ignored.
2026-01-03 12:41:02.709 [main] WARN  o.m.s.mapper.ClassPathMapperScanner - Cannot use both: sqlSessionTemplate and sqlSessionFactory together. sqlSessionFactory is ignored.
2026-01-03 12:41:02.710 [main] WARN  o.m.s.mapper.ClassPathMapperScanner - Cannot use both: sqlSessionTemplate and sqlSessionFactory together. sqlSessionFactory is ignored.
2026-01-03 12:41:02.711 [main] WARN  o.m.s.mapper.ClassPathMapperScanner - Cannot use both: sqlSessionTemplate and sqlSessionFactory together. sqlSessionFactory is ignored.
2026-01-03 12:41:02.711 [main] WARN  o.m.s.mapper.ClassPathMapperScanner - Cannot use both: sqlSessionTemplate and sqlSessionFactory together. sqlSessionFactory is ignored.
2026-01-03 12:41:02.712 [main] WARN  o.m.s.mapper.ClassPathMapperScanner - Cannot use both: sqlSessionTemplate and sqlSessionFactory together. sqlSessionFactory is ignored.
2026-01-03 12:41:02.712 [main] WARN  o.m.s.mapper.ClassPathMapperScanner - Cannot use both: sqlSessionTemplate and sqlSessionFactory together. sqlSessionFactory is ignored.
2026-01-03 12:41:02.713 [main] WARN  o.m.s.mapper.ClassPathMapperScanner - Cannot use both: sqlSessionTemplate and sqlSessionFactory together. sqlSessionFactory is ignored.
2026-01-03 12:41:02.713 [main] WARN  o.m.s.mapper.ClassPathMapperScanner - Cannot use both: sqlSessionTemplate and sqlSessionFactory together. sqlSessionFactory is ignored.
2026-01-03 12:41:02.758 [main] WARN  o.m.s.mapper.ClassPathMapperScanner - No MyBatis mapper was found in '[com.zyh.easyapplyresume.mapper.pgvector]' package. Please check your configuration.
2026-01-03 12:41:03.147 [main] WARN  o.s.c.s.PostProcessorRegistrationDelegate$BeanPostProcessorChecker - Bean 'com.alibaba.cloud.nacos.NacosConfigAutoConfiguration' of type [com.alibaba.cloud.nacos.NacosConfigAutoConfiguration] is not eligible for getting processed by all BeanPostProcessors (for example: not eligible for auto-proxying). The currently created BeanPostProcessor [nacosAnnotationProcessor] is declared through a non-static factory method on that class; consider declaring it as static instead.
2026-01-03 12:41:03.158 [main] WARN  o.s.c.s.PostProcessorRegistrationDelegate$BeanPostProcessorChecker - Bean 'nacosConfigProperties' of type [com.alibaba.cloud.nacos.NacosConfigProperties] is not eligible for getting processed by all BeanPostProcessors (for example: not eligible for auto-proxying). Is this bean getting eagerly injected/applied to a currently created BeanPostProcessor [nacosAnnotationProcessor]? Check the corresponding BeanPostProcessor declaration and its dependencies/advisors. If this bean does not have to be post-processed, declare it with ROLE_INFRASTRUCTURE.
2026-01-03 12:41:03.400 [main] INFO  c.a.n.p.a.s.c.ClientAuthPluginManager - [ClientAuthPluginManager] Load ClientAuthService com.alibaba.nacos.client.auth.impl.NacosClientAuthServiceImpl success.
2026-01-03 12:41:03.401 [main] INFO  c.a.n.p.a.s.c.ClientAuthPluginManager - [ClientAuthPluginManager] Load ClientAuthService com.alibaba.nacos.client.auth.ram.RamClientAuthServiceImpl success.
2026-01-03 12:41:03.403 [main] WARN  o.s.c.s.PostProcessorRegistrationDelegate$BeanPostProcessorChecker - Bean 'nacosConfigManager' of type [com.alibaba.cloud.nacos.NacosConfigManager] is not eligible for getting processed by all BeanPostProcessors (for example: not eligible for auto-proxying). Is this bean getting eagerly injected/applied to a currently created BeanPostProcessor [nacosAnnotationProcessor]? Check the corresponding BeanPostProcessor declaration and its dependencies/advisors. If this bean does not have to be post-processed, declare it with ROLE_INFRASTRUCTURE.
2026-01-03 12:41:04.167 [main] INFO  o.s.b.w.e.tomcat.TomcatWebServer - Tomcat initialized with port 8080 (http)
2026-01-03 12:41:04.182 [main] INFO  o.a.coyote.http11.Http11NioProtocol - Initializing ProtocolHandler ["http-nio-8080"]
2026-01-03 12:41:04.188 [main] INFO  o.a.catalina.core.StandardService - Starting service [Tomcat]
2026-01-03 12:41:04.188 [main] INFO  o.a.catalina.core.StandardEngine - Starting Servlet engine: [Apache Tomcat/10.1.31]
2026-01-03 12:41:04.317 [main] INFO  o.a.c.c.C.[.[localhost].[/api] - Initializing Spring embedded WebApplicationContext
2026-01-03 12:41:04.318 [main] INFO  o.s.b.w.s.c.ServletWebServerApplicationContext - Root WebApplicationContext: initialization completed in 4579 ms
2026-01-03 12:41:05.378 [main] WARN  c.b.m.core.metadata.TableInfoHelper - Can not find table primary key in Class: "com.zyh.easyapplyresume.model.pojo.user.UserCollections".
2026-01-03 12:41:05.378 [main] WARN  c.b.m.c.injector.DefaultSqlInjector - class com.zyh.easyapplyresume.model.pojo.user.UserCollections ,Not found @TableId annotation, Cannot use Mybatis-Plus 'xxById' Method.
2026-01-03 12:41:05.502 [main] DEBUG c.z.e.filter.UserJwtAuthFilter - Filter 'userJwtAuthFilter' configured for use
2026-01-03 12:41:05.504 [main] DEBUG c.z.e.filter.AdminJwtAuthFilter - Filter 'adminJwtAuthFilter' configured for use
2026-01-03 12:41:05.675 [main] INFO  c.z.e.s.i.admin.AdminSmsServiceImpl - 开始初始化阿里云短信客户端...
2026-01-03 12:41:05.976 [main] INFO  c.z.e.s.i.admin.AdminSmsServiceImpl - 阿里云短信客户端初始化完成
2026-01-03 12:41:07.239 [main] INFO  c.z.e.d.a.AdminSensitiveWordsAdvisor - 管理端敏感词初始化完成，共加载 137 个敏感词
2026-01-03 12:41:09.484 [main] INFO  c.z.s.ImageSearchMcpApplication - Starting ImageSearchMcpApplication v0.0.1-SNAPSHOT using Java 21.0.9 with PID 8012 (D:\EasyApplyResume\EasyApplyResume\Image-Search-Mcp\target\Image-Search-Mcp-0.0.1-SNAPSHOT.jar started by zhaoyunhan1 in D:\EasyApplyResume\EasyApplyResume)
2026-01-03 12:41:09.486 [main] INFO  c.z.s.ImageSearchMcpApplication - The following 1 profile is active: "stdio"
2026-01-03 12:41:11.331 [pool-1-thread-1] INFO  i.m.server.McpAsyncServer - Client initialize request - Protocol: 2024-11-05, Capabilities: ClientCapabilities[experimental=null, roots=null, sampling=null], Info: Implementation[name=spring-ai-mcp-client, version=1.0.0]
2026-01-03 12:41:11.430 [pool-4-thread-1] INFO  i.m.client.McpAsyncClient - Server response with Protocol: 2024-11-05, Capabilities: ServerCapabilities[experimental=null, logging=LoggingCapabilities[], prompts=null, resources=null, tools=ToolCapabilities[listChanged=true]], Info: Implementation[name=image-search-mcp-server, version=0.0.1] and Instructions null
2026-01-03 12:41:11.469 [main] INFO  c.z.s.ImageSearchMcpApplication - Started ImageSearchMcpApplication in 2.681 seconds (process running for 3.731)
2026-01-03 12:41:17.011 [pool-9-thread-1] INFO  i.m.c.transport.StdioClientTransport - STDERR Message received: Amap Maps MCP Server running on stdio
2026-01-03 12:41:17.030 [pool-7-thread-1] INFO  i.m.client.McpAsyncClient - Server response with Protocol: 2024-11-05, Capabilities: ServerCapabilities[experimental=null, logging=null, prompts=null, resources=null, tools=ToolCapabilities[listChanged=null]], Info: Implementation[name=mcp-server/amap-maps, version=0.1.0] and Instructions null
2026-01-03 12:41:17.600 [main] INFO  c.z.e.d.a.SensitiveWordsAdvisor - 用户端敏感词初始化完成，共加载 137 个敏感词
2026-01-03 12:41:18.295 [main] INFO  o.s.a.t.splitter.TextSplitter - Splitting up document into 2 chunks.
2026-01-03 12:41:18.301 [main] INFO  o.s.a.t.splitter.TextSplitter - Splitting up document into 2 chunks.
2026-01-03 12:41:18.305 [main] INFO  o.s.a.t.splitter.TextSplitter - Splitting up document into 2 chunks.
2026-01-03 12:41:23.043 [main] INFO  o.s.ai.vectorstore.SimpleVectorStore - Calling EmbeddingModel for document id = c11d0c86-9755-4d6c-a0a3-ee4f56aa9ebd
2026-01-03 12:41:23.721 [main] INFO  o.s.ai.vectorstore.SimpleVectorStore - Calling EmbeddingModel for document id = 7df8334b-a8d2-4f15-99aa-3e37969fac2b
2026-01-03 12:41:23.913 [main] INFO  o.s.ai.vectorstore.SimpleVectorStore - Calling EmbeddingModel for document id = 84363236-8718-4a95-8db0-609a5e442e4a
2026-01-03 12:41:24.143 [main] INFO  c.z.e.s.impl.user.UserSmsServiceImpl - 开始初始化阿里云短信客户端...
2026-01-03 12:41:24.164 [main] INFO  c.z.e.s.impl.user.UserSmsServiceImpl - 阿里云短信客户端初始化完成
2026-01-03 12:41:24.370 [main] WARN  c.b.m.e.s.MybatisSqlSessionFactoryBean - Property 'mapperLocations' was specified but matching resources are not found.
2026-01-03 12:41:24.517 [main] INFO  o.s.a.v.pgvector.PgVectorStore - Using the vector table name: vector_store. Is empty: false
2026-01-03 12:41:24.519 [main] INFO  o.s.a.v.pgvector.PgVectorStore - Initializing PGVectorStore schema for table: vector_store in schema: public
2026-01-03 12:41:24.519 [main] INFO  o.s.a.v.pgvector.PgVectorStore - vectorTableValidationsEnabled false
2026-01-03 12:41:24.524 [main] INFO  com.zaxxer.hikari.HikariDataSource - HikariPool-1 - Starting...
2026-01-03 12:41:26.239 [main] INFO  com.zaxxer.hikari.pool.HikariPool - HikariPool-1 - Added connection org.postgresql.jdbc.PgConnection@4c80223e
2026-01-03 12:41:26.242 [main] INFO  com.zaxxer.hikari.HikariDataSource - HikariPool-1 - Start completed.
2026-01-03 12:41:26.883 [main] WARN  o.s.b.a.s.s.UserDetailsServiceAutoConfiguration - 

Using generated security password: a51fae5b-a500-4603-b982-d5f40e7ea8fa

This generated password is for development use only. Your security configuration must be updated before running your application in production.

2026-01-03 12:41:26.899 [main] INFO  o.s.s.c.a.a.c.InitializeUserDetailsBeanManagerConfigurer$InitializeUserDetailsManagerConfigurer - Global AuthenticationManager configured with UserDetailsService bean with name inMemoryUserDetailsManager
2026-01-03 12:41:27.602 [main] INFO  o.s.b.a.e.web.EndpointLinksResolver - Exposing 16 endpoints beneath base path '/actuator'
2026-01-03 12:41:29.128 [main] INFO  o.a.coyote.http11.Http11NioProtocol - Starting ProtocolHandler ["http-nio-8080"]
2026-01-03 12:41:29.144 [main] INFO  o.s.b.w.e.tomcat.TomcatWebServer - Tomcat started on port 8080 (http) with context path '/api'
2026-01-03 12:41:31.640 [main] INFO  c.z.e.EasyApplyResumeApplication - Started EasyApplyResumeApplication in 33.067 seconds (process running for 35.52)
2026-01-03 12:41:33.881 [RMI TCP Connection(7)-10.127.192.30] INFO  com.zaxxer.hikari.HikariDataSource - HikariPool-2 - Starting...
2026-01-03 12:41:33.886 [RMI TCP Connection(8)-10.127.192.30] INFO  o.a.c.c.C.[.[localhost].[/api] - Initializing Spring DispatcherServlet 'dispatcherServlet'
2026-01-03 12:41:33.886 [RMI TCP Connection(8)-10.127.192.30] INFO  o.s.web.servlet.DispatcherServlet - Initializing Servlet 'dispatcherServlet'
2026-01-03 12:41:33.889 [RMI TCP Connection(8)-10.127.192.30] INFO  o.s.web.servlet.DispatcherServlet - Completed initialization in 3 ms
2026-01-03 12:41:34.293 [registrationTask1] WARN  d.c.b.a.c.r.ApplicationRegistrator - Failed to register application as Application(name=EasyApplyResume, managementUrl=http://backend-1:8080/actuator, healthUrl=http://backend-1:8080/actuator/health, serviceUrl=http://backend-1:8080) at spring-boot-admin ([http://EasyApplyResume-spring-boot-admin:9090/instances]): I/O error on POST request for "http://EasyApplyResume-spring-boot-admin:9090/instances": 不知道这样的主机。 (easyapplyresume-spring-boot-admin). Further attempts are logged on DEBUG level
2026-01-03 12:41:34.542 [RMI TCP Connection(7)-10.127.192.30] INFO  com.zaxxer.hikari.pool.HikariPool - HikariPool-2 - Added connection com.mysql.cj.jdbc.ConnectionImpl@521faa93
2026-01-03 12:41:34.543 [RMI TCP Connection(7)-10.127.192.30] INFO  com.zaxxer.hikari.HikariDataSource - HikariPool-2 - Start completed.
2026-01-03 13:05:12.425 [http-nio-8080-exec-1] DEBUG c.z.e.m.m.a.A.findByAccountOrPhoneOrEmail - ==>  Preparing: select * from admin_admin where admin_account = ? or admin_phone = ? or admin_email = ?
2026-01-03 13:05:12.449 [http-nio-8080-exec-1] DEBUG c.z.e.m.m.a.A.findByAccountOrPhoneOrEmail - ==> Parameters: 18242991090(String), 18242991090(String), 18242991090(String)
2026-01-03 13:05:12.508 [http-nio-8080-exec-1] DEBUG c.z.e.m.m.a.A.findByAccountOrPhoneOrEmail - <==      Total: 1
2026-01-03 13:05:12.582 [http-nio-8080-exec-1] INFO  c.z.e.s.i.a.AdmonitorAdminDailyVisitNumServiceImpl - 新增记录开始
2026-01-03 13:05:12.600 [http-nio-8080-exec-1] DEBUG c.z.e.m.m.a.A.insert - ==>  Preparing: INSERT INTO admonitor_adminDailyVisitNum ( adminDailyVisitNum_adminId, adminDailyVisitNum_visitTime ) VALUES ( ?, ? )
2026-01-03 13:05:12.602 [http-nio-8080-exec-1] DEBUG c.z.e.m.m.a.A.insert - ==> Parameters: 1(Integer), 2026-01-03 13:05:12.582(Timestamp)
2026-01-03 13:05:12.675 [http-nio-8080-exec-1] DEBUG c.z.e.m.m.a.A.insert - <==    Updates: 1
2026-01-03 13:05:12.696 [http-nio-8080-exec-1] DEBUG c.z.e.m.m.a.AdminMapper.updateById - ==>  Preparing: UPDATE admin_admin SET admin_account=?, admin_username=?, admin_email=?, admin_phone=?, admin_password=?, admin_image=?, admin_introduce=?, admin_state=?, admin_loginTime=? WHERE admin_id=? AND deleted=0
2026-01-03 13:05:12.697 [http-nio-8080-exec-1] DEBUG c.z.e.m.m.a.AdminMapper.updateById - ==> Parameters: 1812463057(String), 超级管理员(String), 1812463057@qq.com(String), 18242991090(String), $2a$10$Wz8s6hYf0UGOCCZ6Ff5QW.QgfqIQSJijiFXIqqplg3eGqw3HNxSeu(String), https://ts1.tc.mm.bing.net/th/id/R-C.928ef8908b5eb3666b2a27a1f6cfbe17?rik=h2FXLv1HNaxbTg&riu=http%3a%2f%2fp0.so.qhmsg.com%2ft018b5eb3666b2a27a1.jpg&ehk=QnGPPvZKq3cPW6%2bdkG%2b3zIRvAGXRsgYVTirfbvOBTaU%3d&risl=&pid=ImgRaw&r=0(String), 至高无上的超级管理员(String), 1(Integer), 2026-01-03 13:05:12.678(Timestamp), 1(Integer)
2026-01-03 13:05:12.767 [http-nio-8080-exec-1] DEBUG c.z.e.m.m.a.AdminMapper.updateById - <==    Updates: 1
2026-01-03 13:05:13.707 [http-nio-8080-exec-2] DEBUG c.z.e.m.m.a.AdminMapper.selectById - ==>  Preparing: SELECT admin_id,admin_account,admin_username,admin_email,admin_phone,admin_password,admin_image,admin_introduce,admin_state,admin_loginTime,deleted FROM admin_admin WHERE admin_id=? AND deleted=0
2026-01-03 13:05:13.707 [http-nio-8080-exec-4] DEBUG c.z.e.m.m.a.AdminMapper.selectById - ==>  Preparing: SELECT admin_id,admin_account,admin_username,admin_email,admin_phone,admin_password,admin_image,admin_introduce,admin_state,admin_loginTime,deleted FROM admin_admin WHERE admin_id=? AND deleted=0
2026-01-03 13:05:13.707 [http-nio-8080-exec-3] DEBUG c.z.e.m.m.a.AdminMapper.selectById - ==>  Preparing: SELECT admin_id,admin_account,admin_username,admin_email,admin_phone,admin_password,admin_image,admin_introduce,admin_state,admin_loginTime,deleted FROM admin_admin WHERE admin_id=? AND deleted=0
2026-01-03 13:05:13.707 [http-nio-8080-exec-2] DEBUG c.z.e.m.m.a.AdminMapper.selectById - ==> Parameters: 1(Integer)
2026-01-03 13:05:13.707 [http-nio-8080-exec-4] DEBUG c.z.e.m.m.a.AdminMapper.selectById - ==> Parameters: 1(Integer)
2026-01-03 13:05:13.707 [http-nio-8080-exec-3] DEBUG c.z.e.m.m.a.AdminMapper.selectById - ==> Parameters: 1(Integer)
2026-01-03 13:05:13.748 [http-nio-8080-exec-2] DEBUG c.z.e.m.m.a.AdminMapper.selectById - <==      Total: 1
2026-01-03 13:05:13.748 [http-nio-8080-exec-4] DEBUG c.z.e.m.m.a.AdminMapper.selectById - <==      Total: 1
2026-01-03 13:05:13.748 [http-nio-8080-exec-3] DEBUG c.z.e.m.m.a.AdminMapper.selectById - <==      Total: 1
2026-01-03 13:05:13.749 [http-nio-8080-exec-4] DEBUG c.z.e.m.m.a.A.findAdminInfoById - ==>  Preparing: select * from admin_admin left join admin_admin_role on admin_admin.admin_id = admin_admin_role.adminId left join admin_role on admin_admin_role.roleId = admin_role.role_id left join admin_role_permission on admin_role.role_id = admin_role.role_id left join admin_permission on admin_role_permission.permissionId = admin_permission.permission_id where admin_admin.admin_id = ? and admin_admin.deleted = 0
2026-01-03 13:05:13.749 [http-nio-8080-exec-3] DEBUG c.z.e.m.m.a.A.findAdminInfoById - ==>  Preparing: select * from admin_admin left join admin_admin_role on admin_admin.admin_id = admin_admin_role.adminId left join admin_role on admin_admin_role.roleId = admin_role.role_id left join admin_role_permission on admin_role.role_id = admin_role.role_id left join admin_permission on admin_role_permission.permissionId = admin_permission.permission_id where admin_admin.admin_id = ? and admin_admin.deleted = 0
2026-01-03 13:05:13.749 [http-nio-8080-exec-2] DEBUG c.z.e.m.m.a.A.findAdminInfoById - ==>  Preparing: select * from admin_admin left join admin_admin_role on admin_admin.admin_id = admin_admin_role.adminId left join admin_role on admin_admin_role.roleId = admin_role.role_id left join admin_role_permission on admin_role.role_id = admin_role.role_id left join admin_permission on admin_role_permission.permissionId = admin_permission.permission_id where admin_admin.admin_id = ? and admin_admin.deleted = 0
2026-01-03 13:05:13.750 [http-nio-8080-exec-4] DEBUG c.z.e.m.m.a.A.findAdminInfoById - ==> Parameters: 1(Integer)
2026-01-03 13:05:13.750 [http-nio-8080-exec-3] DEBUG c.z.e.m.m.a.A.findAdminInfoById - ==> Parameters: 1(Integer)
2026-01-03 13:05:13.750 [http-nio-8080-exec-2] DEBUG c.z.e.m.m.a.A.findAdminInfoById - ==> Parameters: 1(Integer)
2026-01-03 13:05:13.787 [http-nio-8080-exec-2] DEBUG c.z.e.m.m.a.A.findAdminInfoById - <==      Total: 1
2026-01-03 13:05:13.787 [http-nio-8080-exec-4] DEBUG c.z.e.m.m.a.A.findAdminInfoById - <==      Total: 1
2026-01-03 13:05:13.787 [http-nio-8080-exec-3] DEBUG c.z.e.m.m.a.A.findAdminInfoById - <==      Total: 1
2026-01-03 13:05:13.828 [http-nio-8080-exec-4] INFO  c.z.e.s.i.a.AdmonitorAdvertisementServiceImpl - 查询所有广告开始
2026-01-03 13:05:13.830 [http-nio-8080-exec-3] INFO  c.z.e.s.i.a.AdMonitorAnnouncementServiceImpl - 监测端获取公告信息
2026-01-03 13:05:13.830 [http-nio-8080-exec-3] DEBUG c.z.e.m.m.a.A.selectById - ==>  Preparing: SELECT announcement_id,announcement_title,announcement_content,announcement_updatedTime FROM admonitor_announcement WHERE announcement_id=?
2026-01-03 13:05:13.831 [http-nio-8080-exec-3] DEBUG c.z.e.m.m.a.A.selectById - ==> Parameters: 1(Integer)
2026-01-03 13:05:13.837 [http-nio-8080-exec-5] DEBUG c.z.e.m.m.a.AdminMapper.selectById - ==>  Preparing: SELECT admin_id,admin_account,admin_username,admin_email,admin_phone,admin_password,admin_image,admin_introduce,admin_state,admin_loginTime,deleted FROM admin_admin WHERE admin_id=? AND deleted=0
2026-01-03 13:05:13.838 [http-nio-8080-exec-5] DEBUG c.z.e.m.m.a.AdminMapper.selectById - ==> Parameters: 1(Integer)
2026-01-03 13:05:13.843 [http-nio-8080-exec-4] DEBUG c.z.e.m.m.a.A.selectList - ==>  Preparing: SELECT advertisement_id,advertisement_name,advertisement_url,advertisement_link,advertisement_startedTime,advertisement_endTime,deleted FROM admonitor_advertisement WHERE deleted=0 AND (deleted = ? AND advertisement_startedTime <= ? AND advertisement_endTime > ?)
2026-01-03 13:05:13.843 [http-nio-8080-exec-4] DEBUG c.z.e.m.m.a.A.selectList - ==> Parameters: 0(Integer), 2026-01-03 13:05:13.828(Timestamp), 2026-01-03 13:05:13.828(Timestamp)
2026-01-03 13:05:13.870 [http-nio-8080-exec-3] DEBUG c.z.e.m.m.a.A.selectById - <==      Total: 1
2026-01-03 13:05:13.874 [http-nio-8080-exec-5] DEBUG c.z.e.m.m.a.AdminMapper.selectById - <==      Total: 1
2026-01-03 13:05:13.874 [http-nio-8080-exec-5] DEBUG c.z.e.m.m.a.A.findAdminInfoById - ==>  Preparing: select * from admin_admin left join admin_admin_role on admin_admin.admin_id = admin_admin_role.adminId left join admin_role on admin_admin_role.roleId = admin_role.role_id left join admin_role_permission on admin_role.role_id = admin_role.role_id left join admin_permission on admin_role_permission.permissionId = admin_permission.permission_id where admin_admin.admin_id = ? and admin_admin.deleted = 0
2026-01-03 13:05:13.875 [http-nio-8080-exec-5] DEBUG c.z.e.m.m.a.A.findAdminInfoById - ==> Parameters: 1(Integer)
2026-01-03 13:05:13.881 [http-nio-8080-exec-4] DEBUG c.z.e.m.m.a.A.selectList - <==      Total: 1
2026-01-03 13:05:13.881 [http-nio-8080-exec-4] INFO  c.z.e.s.i.a.AdmonitorAdvertisementServiceImpl - 查询所有广告成功
2026-01-03 13:05:13.911 [http-nio-8080-exec-3] INFO  c.z.e.s.i.a.AdMonitorAnnouncementServiceImpl - 监测端获取公告信息成功
2026-01-03 13:05:13.911 [http-nio-8080-exec-5] DEBUG c.z.e.m.m.a.A.findAdminInfoById - <==      Total: 1
2026-01-03 13:05:13.951 [http-nio-8080-exec-5] DEBUG c.z.e.m.m.a.A.findAdminInfoById - ==>  Preparing: select * from admin_admin left join admin_admin_role on admin_admin.admin_id = admin_admin_role.adminId left join admin_role on admin_admin_role.roleId = admin_role.role_id left join admin_role_permission on admin_role.role_id = admin_role.role_id left join admin_permission on admin_role_permission.permissionId = admin_permission.permission_id where admin_admin.admin_id = ? and admin_admin.deleted = 0
2026-01-03 13:05:13.951 [http-nio-8080-exec-5] DEBUG c.z.e.m.m.a.A.findAdminInfoById - ==> Parameters: 1(Integer)
2026-01-03 13:05:13.988 [http-nio-8080-exec-5] DEBUG c.z.e.m.m.a.A.findAdminInfoById - <==      Total: 1
2026-01-03 14:34:41.742 [http-nio-8080-exec-6] DEBUG c.z.e.m.m.a.AdminMapper.selectById - ==>  Preparing: SELECT admin_id,admin_account,admin_username,admin_email,admin_phone,admin_password,admin_image,admin_introduce,admin_state,admin_loginTime,deleted FROM admin_admin WHERE admin_id=? AND deleted=0
2026-01-03 14:34:41.742 [http-nio-8080-exec-8] DEBUG c.z.e.m.m.a.AdminMapper.selectById - ==>  Preparing: SELECT admin_id,admin_account,admin_username,admin_email,admin_phone,admin_password,admin_image,admin_introduce,admin_state,admin_loginTime,deleted FROM admin_admin WHERE admin_id=? AND deleted=0
2026-01-03 14:34:41.743 [http-nio-8080-exec-6] DEBUG c.z.e.m.m.a.AdminMapper.selectById - ==> Parameters: 1(Integer)
2026-01-03 14:34:41.743 [http-nio-8080-exec-8] DEBUG c.z.e.m.m.a.AdminMapper.selectById - ==> Parameters: 1(Integer)
2026-01-03 14:34:41.778 [http-nio-8080-exec-8] DEBUG c.z.e.m.m.a.AdminMapper.selectById - <==      Total: 1
2026-01-03 14:34:41.779 [http-nio-8080-exec-8] DEBUG c.z.e.m.m.a.A.findAdminInfoById - ==>  Preparing: select * from admin_admin left join admin_admin_role on admin_admin.admin_id = admin_admin_role.adminId left join admin_role on admin_admin_role.roleId = admin_role.role_id left join admin_role_permission on admin_role.role_id = admin_role.role_id left join admin_permission on admin_role_permission.permissionId = admin_permission.permission_id where admin_admin.admin_id = ? and admin_admin.deleted = 0
2026-01-03 14:34:41.779 [http-nio-8080-exec-8] DEBUG c.z.e.m.m.a.A.findAdminInfoById - ==> Parameters: 1(Integer)
2026-01-03 14:34:41.793 [http-nio-8080-exec-6] DEBUG c.z.e.m.m.a.AdminMapper.selectById - <==      Total: 1
2026-01-03 14:34:41.793 [http-nio-8080-exec-6] DEBUG c.z.e.m.m.a.A.findAdminInfoById - ==>  Preparing: select * from admin_admin left join admin_admin_role on admin_admin.admin_id = admin_admin_role.adminId left join admin_role on admin_admin_role.roleId = admin_role.role_id left join admin_role_permission on admin_role.role_id = admin_role.role_id left join admin_permission on admin_role_permission.permissionId = admin_permission.permission_id where admin_admin.admin_id = ? and admin_admin.deleted = 0
2026-01-03 14:34:41.793 [http-nio-8080-exec-6] DEBUG c.z.e.m.m.a.A.findAdminInfoById - ==> Parameters: 1(Integer)
2026-01-03 14:34:41.815 [http-nio-8080-exec-8] DEBUG c.z.e.m.m.a.A.findAdminInfoById - <==      Total: 1
2026-01-03 14:34:41.829 [http-nio-8080-exec-6] DEBUG c.z.e.m.m.a.A.findAdminInfoById - <==      Total: 1
2026-01-03 14:34:41.857 [http-nio-8080-exec-8] INFO  c.z.e.s.i.a.AdmonitorAdvertisementServiceImpl - 查询所有广告开始
2026-01-03 14:34:41.858 [http-nio-8080-exec-8] DEBUG c.z.e.m.m.a.A.selectList - ==>  Preparing: SELECT advertisement_id,advertisement_name,advertisement_url,advertisement_link,advertisement_startedTime,advertisement_endTime,deleted FROM admonitor_advertisement WHERE deleted=0 AND (deleted = ? AND advertisement_startedTime <= ? AND advertisement_endTime > ?)
2026-01-03 14:34:41.858 [http-nio-8080-exec-8] DEBUG c.z.e.m.m.a.A.selectList - ==> Parameters: 0(Integer), 2026-01-03 14:34:41.857(Timestamp), 2026-01-03 14:34:41.857(Timestamp)
2026-01-03 14:34:41.877 [http-nio-8080-exec-10] DEBUG c.z.e.m.m.a.AdminMapper.selectById - ==>  Preparing: SELECT admin_id,admin_account,admin_username,admin_email,admin_phone,admin_password,admin_image,admin_introduce,admin_state,admin_loginTime,deleted FROM admin_admin WHERE admin_id=? AND deleted=0
2026-01-03 14:34:41.877 [http-nio-8080-exec-10] DEBUG c.z.e.m.m.a.AdminMapper.selectById - ==> Parameters: 1(Integer)
2026-01-03 14:34:41.894 [http-nio-8080-exec-8] DEBUG c.z.e.m.m.a.A.selectList - <==      Total: 1
2026-01-03 14:34:41.894 [http-nio-8080-exec-8] INFO  c.z.e.s.i.a.AdmonitorAdvertisementServiceImpl - 查询所有广告成功
2026-01-03 14:34:41.912 [http-nio-8080-exec-10] DEBUG c.z.e.m.m.a.AdminMapper.selectById - <==      Total: 1
2026-01-03 14:34:41.912 [http-nio-8080-exec-10] DEBUG c.z.e.m.m.a.A.findAdminInfoById - ==>  Preparing: select * from admin_admin left join admin_admin_role on admin_admin.admin_id = admin_admin_role.adminId left join admin_role on admin_admin_role.roleId = admin_role.role_id left join admin_role_permission on admin_role.role_id = admin_role.role_id left join admin_permission on admin_role_permission.permissionId = admin_permission.permission_id where admin_admin.admin_id = ? and admin_admin.deleted = 0
2026-01-03 14:34:41.912 [http-nio-8080-exec-10] DEBUG c.z.e.m.m.a.A.findAdminInfoById - ==> Parameters: 1(Integer)
2026-01-03 14:34:41.948 [http-nio-8080-exec-10] DEBUG c.z.e.m.m.a.A.findAdminInfoById - <==      Total: 1
2026-01-03 14:34:41.987 [http-nio-8080-exec-10] DEBUG c.z.e.m.m.a.A.findAdminInfoById - ==>  Preparing: select * from admin_admin left join admin_admin_role on admin_admin.admin_id = admin_admin_role.adminId left join admin_role on admin_admin_role.roleId = admin_role.role_id left join admin_role_permission on admin_role.role_id = admin_role.role_id left join admin_permission on admin_role_permission.permissionId = admin_permission.permission_id where admin_admin.admin_id = ? and admin_admin.deleted = 0
2026-01-03 14:34:41.988 [http-nio-8080-exec-10] DEBUG c.z.e.m.m.a.A.findAdminInfoById - ==> Parameters: 1(Integer)
2026-01-03 14:34:42.022 [http-nio-8080-exec-10] DEBUG c.z.e.m.m.a.A.findAdminInfoById - <==      Total: 1
2026-01-03 14:35:34.905 [http-nio-8080-exec-9] DEBUG c.z.e.m.m.a.A.findByAccountOrPhoneOrEmail - ==>  Preparing: select * from admin_admin where admin_account = ? or admin_phone = ? or admin_email = ?
2026-01-03 14:35:34.905 [http-nio-8080-exec-9] DEBUG c.z.e.m.m.a.A.findByAccountOrPhoneOrEmail - ==> Parameters: 18242991090(String), 18242991090(String), 18242991090(String)
2026-01-03 14:35:34.941 [http-nio-8080-exec-9] DEBUG c.z.e.m.m.a.A.findByAccountOrPhoneOrEmail - <==      Total: 1
2026-01-03 14:35:35.005 [http-nio-8080-exec-9] DEBUG c.z.e.m.m.a.AdminMapper.updateById - ==>  Preparing: UPDATE admin_admin SET admin_account=?, admin_username=?, admin_email=?, admin_phone=?, admin_password=?, admin_image=?, admin_introduce=?, admin_state=?, admin_loginTime=? WHERE admin_id=? AND deleted=0
2026-01-03 14:35:35.006 [http-nio-8080-exec-9] DEBUG c.z.e.m.m.a.AdminMapper.updateById - ==> Parameters: 1812463057(String), 超级管理员(String), 1812463057@qq.com(String), 18242991090(String), $2a$10$Wz8s6hYf0UGOCCZ6Ff5QW.QgfqIQSJijiFXIqqplg3eGqw3HNxSeu(String), https://ts1.tc.mm.bing.net/th/id/R-C.928ef8908b5eb3666b2a27a1f6cfbe17?rik=h2FXLv1HNaxbTg&riu=http%3a%2f%2fp0.so.qhmsg.com%2ft018b5eb3666b2a27a1.jpg&ehk=QnGPPvZKq3cPW6%2bdkG%2b3zIRvAGXRsgYVTirfbvOBTaU%3d&risl=&pid=ImgRaw&r=0(String), 至高无上的超级管理员(String), 1(Integer), 2026-01-03 14:35:35.005(Timestamp), 1(Integer)
2026-01-03 14:35:35.076 [http-nio-8080-exec-9] DEBUG c.z.e.m.m.a.AdminMapper.updateById - <==    Updates: 1
2026-01-03 14:35:35.282 [http-nio-8080-exec-1] DEBUG c.z.e.m.m.a.AdminMapper.selectById - ==>  Preparing: SELECT admin_id,admin_account,admin_username,admin_email,admin_phone,admin_password,admin_image,admin_introduce,admin_state,admin_loginTime,deleted FROM admin_admin WHERE admin_id=? AND deleted=0
2026-01-03 14:35:35.282 [http-nio-8080-exec-1] DEBUG c.z.e.m.m.a.AdminMapper.selectById - ==> Parameters: 1(Integer)
2026-01-03 14:35:35.316 [http-nio-8080-exec-2] DEBUG c.z.e.m.m.a.AdminMapper.selectById - ==>  Preparing: SELECT admin_id,admin_account,admin_username,admin_email,admin_phone,admin_password,admin_image,admin_introduce,admin_state,admin_loginTime,deleted FROM admin_admin WHERE admin_id=? AND deleted=0
2026-01-03 14:35:35.316 [http-nio-8080-exec-7] DEBUG c.z.e.m.m.a.AdminMapper.selectById - ==>  Preparing: SELECT admin_id,admin_account,admin_username,admin_email,admin_phone,admin_password,admin_image,admin_introduce,admin_state,admin_loginTime,deleted FROM admin_admin WHERE admin_id=? AND deleted=0
2026-01-03 14:35:35.317 [http-nio-8080-exec-2] DEBUG c.z.e.m.m.a.AdminMapper.selectById - ==> Parameters: 1(Integer)
2026-01-03 14:35:35.317 [http-nio-8080-exec-7] DEBUG c.z.e.m.m.a.AdminMapper.selectById - ==> Parameters: 1(Integer)
2026-01-03 14:35:35.317 [http-nio-8080-exec-1] DEBUG c.z.e.m.m.a.AdminMapper.selectById - <==      Total: 1
2026-01-03 14:35:35.318 [http-nio-8080-exec-1] DEBUG c.z.e.m.m.a.A.findAdminInfoById - ==>  Preparing: select * from admin_admin left join admin_admin_role on admin_admin.admin_id = admin_admin_role.adminId left join admin_role on admin_admin_role.roleId = admin_role.role_id left join admin_role_permission on admin_role.role_id = admin_role.role_id left join admin_permission on admin_role_permission.permissionId = admin_permission.permission_id where admin_admin.admin_id = ? and admin_admin.deleted = 0
2026-01-03 14:35:35.318 [http-nio-8080-exec-1] DEBUG c.z.e.m.m.a.A.findAdminInfoById - ==> Parameters: 1(Integer)
2026-01-03 14:35:35.352 [http-nio-8080-exec-2] DEBUG c.z.e.m.m.a.AdminMapper.selectById - <==      Total: 1
2026-01-03 14:35:35.352 [http-nio-8080-exec-2] DEBUG c.z.e.m.m.a.A.findAdminInfoById - ==>  Preparing: select * from admin_admin left join admin_admin_role on admin_admin.admin_id = admin_admin_role.adminId left join admin_role on admin_admin_role.roleId = admin_role.role_id left join admin_role_permission on admin_role.role_id = admin_role.role_id left join admin_permission on admin_role_permission.permissionId = admin_permission.permission_id where admin_admin.admin_id = ? and admin_admin.deleted = 0
2026-01-03 14:35:35.353 [http-nio-8080-exec-2] DEBUG c.z.e.m.m.a.A.findAdminInfoById - ==> Parameters: 1(Integer)
2026-01-03 14:35:35.353 [http-nio-8080-exec-7] DEBUG c.z.e.m.m.a.AdminMapper.selectById - <==      Total: 1
2026-01-03 14:35:35.353 [http-nio-8080-exec-1] DEBUG c.z.e.m.m.a.A.findAdminInfoById - <==      Total: 1
2026-01-03 14:35:35.353 [http-nio-8080-exec-7] DEBUG c.z.e.m.m.a.A.findAdminInfoById - ==>  Preparing: select * from admin_admin left join admin_admin_role on admin_admin.admin_id = admin_admin_role.adminId left join admin_role on admin_admin_role.roleId = admin_role.role_id left join admin_role_permission on admin_role.role_id = admin_role.role_id left join admin_permission on admin_role_permission.permissionId = admin_permission.permission_id where admin_admin.admin_id = ? and admin_admin.deleted = 0
2026-01-03 14:35:35.354 [http-nio-8080-exec-7] DEBUG c.z.e.m.m.a.A.findAdminInfoById - ==> Parameters: 1(Integer)
2026-01-03 14:35:35.389 [http-nio-8080-exec-2] DEBUG c.z.e.m.m.a.A.findAdminInfoById - <==      Total: 1
2026-01-03 14:35:35.390 [http-nio-8080-exec-1] INFO  c.z.e.s.i.a.AdMonitorAnnouncementServiceImpl - 监测端获取公告信息
2026-01-03 14:35:35.390 [http-nio-8080-exec-7] DEBUG c.z.e.m.m.a.A.findAdminInfoById - <==      Total: 1
2026-01-03 14:35:35.391 [http-nio-8080-exec-1] DEBUG c.z.e.m.m.a.A.selectById - ==>  Preparing: SELECT announcement_id,announcement_title,announcement_content,announcement_updatedTime FROM admonitor_announcement WHERE announcement_id=?
2026-01-03 14:35:35.391 [http-nio-8080-exec-1] DEBUG c.z.e.m.m.a.A.selectById - ==> Parameters: 1(Integer)
2026-01-03 14:35:35.427 [http-nio-8080-exec-2] INFO  c.z.e.s.i.a.AdmonitorAdvertisementServiceImpl - 查询所有广告开始
2026-01-03 14:35:35.428 [http-nio-8080-exec-2] DEBUG c.z.e.m.m.a.A.selectList - ==>  Preparing: SELECT advertisement_id,advertisement_name,advertisement_url,advertisement_link,advertisement_startedTime,advertisement_endTime,deleted FROM admonitor_advertisement WHERE deleted=0 AND (deleted = ? AND advertisement_startedTime <= ? AND advertisement_endTime > ?)
2026-01-03 14:35:35.428 [http-nio-8080-exec-2] DEBUG c.z.e.m.m.a.A.selectList - ==> Parameters: 0(Integer), 2026-01-03 14:35:35.427(Timestamp), 2026-01-03 14:35:35.427(Timestamp)
2026-01-03 14:35:35.431 [http-nio-8080-exec-1] DEBUG c.z.e.m.m.a.A.selectById - <==      Total: 1
2026-01-03 14:35:35.431 [http-nio-8080-exec-1] INFO  c.z.e.s.i.a.AdMonitorAnnouncementServiceImpl - 监测端获取公告信息成功
2026-01-03 14:35:35.438 [http-nio-8080-exec-3] DEBUG c.z.e.m.m.a.AdminMapper.selectById - ==>  Preparing: SELECT admin_id,admin_account,admin_username,admin_email,admin_phone,admin_password,admin_image,admin_introduce,admin_state,admin_loginTime,deleted FROM admin_admin WHERE admin_id=? AND deleted=0
2026-01-03 14:35:35.439 [http-nio-8080-exec-3] DEBUG c.z.e.m.m.a.AdminMapper.selectById - ==> Parameters: 1(Integer)
2026-01-03 14:35:35.464 [http-nio-8080-exec-2] DEBUG c.z.e.m.m.a.A.selectList - <==      Total: 1
2026-01-03 14:35:35.464 [http-nio-8080-exec-2] INFO  c.z.e.s.i.a.AdmonitorAdvertisementServiceImpl - 查询所有广告成功
2026-01-03 14:35:35.474 [http-nio-8080-exec-3] DEBUG c.z.e.m.m.a.AdminMapper.selectById - <==      Total: 1
2026-01-03 14:35:35.474 [http-nio-8080-exec-3] DEBUG c.z.e.m.m.a.A.findAdminInfoById - ==>  Preparing: select * from admin_admin left join admin_admin_role on admin_admin.admin_id = admin_admin_role.adminId left join admin_role on admin_admin_role.roleId = admin_role.role_id left join admin_role_permission on admin_role.role_id = admin_role.role_id left join admin_permission on admin_role_permission.permissionId = admin_permission.permission_id where admin_admin.admin_id = ? and admin_admin.deleted = 0
2026-01-03 14:35:35.475 [http-nio-8080-exec-3] DEBUG c.z.e.m.m.a.A.findAdminInfoById - ==> Parameters: 1(Integer)
2026-01-03 14:35:35.510 [http-nio-8080-exec-3] DEBUG c.z.e.m.m.a.A.findAdminInfoById - <==      Total: 1
2026-01-03 14:35:35.550 [http-nio-8080-exec-3] DEBUG c.z.e.m.m.a.A.findAdminInfoById - ==>  Preparing: select * from admin_admin left join admin_admin_role on admin_admin.admin_id = admin_admin_role.adminId left join admin_role on admin_admin_role.roleId = admin_role.role_id left join admin_role_permission on admin_role.role_id = admin_role.role_id left join admin_permission on admin_role_permission.permissionId = admin_permission.permission_id where admin_admin.admin_id = ? and admin_admin.deleted = 0
2026-01-03 14:35:35.550 [http-nio-8080-exec-3] DEBUG c.z.e.m.m.a.A.findAdminInfoById - ==> Parameters: 1(Integer)
2026-01-03 14:35:35.585 [http-nio-8080-exec-3] DEBUG c.z.e.m.m.a.A.findAdminInfoById - <==      Total: 1
2026-01-03 14:36:15.076 [http-nio-8080-exec-4] DEBUG c.z.e.m.m.a.AdminMapper.selectById - ==>  Preparing: SELECT admin_id,admin_account,admin_username,admin_email,admin_phone,admin_password,admin_image,admin_introduce,admin_state,admin_loginTime,deleted FROM admin_admin WHERE admin_id=? AND deleted=0
2026-01-03 14:36:15.076 [http-nio-8080-exec-4] DEBUG c.z.e.m.m.a.AdminMapper.selectById - ==> Parameters: 1(Integer)
2026-01-03 14:36:15.111 [http-nio-8080-exec-4] DEBUG c.z.e.m.m.a.AdminMapper.selectById - <==      Total: 1
2026-01-03 14:36:15.112 [http-nio-8080-exec-4] DEBUG c.z.e.m.m.a.A.findAdminInfoById - ==>  Preparing: select * from admin_admin left join admin_admin_role on admin_admin.admin_id = admin_admin_role.adminId left join admin_role on admin_admin_role.roleId = admin_role.role_id left join admin_role_permission on admin_role.role_id = admin_role.role_id left join admin_permission on admin_role_permission.permissionId = admin_permission.permission_id where admin_admin.admin_id = ? and admin_admin.deleted = 0
2026-01-03 14:36:15.113 [http-nio-8080-exec-4] DEBUG c.z.e.m.m.a.A.findAdminInfoById - ==> Parameters: 1(Integer)
2026-01-03 14:36:15.148 [http-nio-8080-exec-4] DEBUG c.z.e.m.m.a.A.findAdminInfoById - <==      Total: 1
2026-01-03 14:36:15.191 [http-nio-8080-exec-4] INFO  c.z.e.s.i.a.AdMonitorAdminAnnouncementServiceImpl - 管理员获取公告信息
2026-01-03 14:36:15.191 [http-nio-8080-exec-4] DEBUG c.z.e.m.m.a.A.selectById - ==>  Preparing: SELECT adminAnnouncement_id AS announcementId,adminAnnouncement_title AS announcementTitle,adminAnnouncement_content AS announcementContent,adminAnnouncement_updatedTime AS announcementUpdatedTime FROM admonitor_adminAnnouncement WHERE adminAnnouncement_id=?
2026-01-03 14:36:15.191 [http-nio-8080-exec-4] DEBUG c.z.e.m.m.a.A.selectById - ==> Parameters: 1(Integer)
2026-01-03 14:36:15.231 [http-nio-8080-exec-4] DEBUG c.z.e.m.m.a.A.selectById - <==      Total: 1
2026-01-03 14:36:15.233 [http-nio-8080-exec-4] INFO  c.z.e.s.i.a.AdMonitorAdminAnnouncementServiceImpl - 管理员获取公告信息成功
2026-01-03 14:37:46.087 [http-nio-8080-exec-5] DEBUG c.z.e.m.m.a.AdminMapper.selectById - ==>  Preparing: SELECT admin_id,admin_account,admin_username,admin_email,admin_phone,admin_password,admin_image,admin_introduce,admin_state,admin_loginTime,deleted FROM admin_admin WHERE admin_id=? AND deleted=0
2026-01-03 14:37:46.087 [http-nio-8080-exec-5] DEBUG c.z.e.m.m.a.AdminMapper.selectById - ==> Parameters: 1(Integer)
2026-01-03 14:37:46.124 [http-nio-8080-exec-5] DEBUG c.z.e.m.m.a.AdminMapper.selectById - <==      Total: 1
2026-01-03 14:37:46.124 [http-nio-8080-exec-5] DEBUG c.z.e.m.m.a.A.findAdminInfoById - ==>  Preparing: select * from admin_admin left join admin_admin_role on admin_admin.admin_id = admin_admin_role.adminId left join admin_role on admin_admin_role.roleId = admin_role.role_id left join admin_role_permission on admin_role.role_id = admin_role.role_id left join admin_permission on admin_role_permission.permissionId = admin_permission.permission_id where admin_admin.admin_id = ? and admin_admin.deleted = 0
2026-01-03 14:37:46.125 [http-nio-8080-exec-5] DEBUG c.z.e.m.m.a.A.findAdminInfoById - ==> Parameters: 1(Integer)
2026-01-03 14:37:46.161 [http-nio-8080-exec-5] DEBUG c.z.e.m.m.a.A.findAdminInfoById - <==      Total: 1
2026-01-03 14:37:46.204 [http-nio-8080-exec-5] INFO  c.z.e.s.i.a.AdmonitorAdminAdvertisementServiceImpl - 分页查询广告开始
2026-01-03 14:37:46.208 [http-nio-8080-exec-5] DEBUG c.z.e.m.m.a.A.selectList - ==>  Preparing: SELECT adminAdvertisement_id AS advertisementId,adminAdvertisement_name AS advertisementName,adminAdvertisement_url AS advertisementUrl,adminAdvertisement_link AS advertisementLink,adminAdvertisement_startedTime AS advertisementStartedTime,adminAdvertisement_endTime AS advertisementEndTime,deleted FROM admonitor_adminAdvertisement WHERE deleted=0 AND (deleted = ?)
2026-01-03 14:37:46.210 [http-nio-8080-exec-5] DEBUG c.z.e.m.m.a.A.selectList - ==> Parameters: 0(Integer)
2026-01-03 14:37:46.245 [http-nio-8080-exec-5] DEBUG c.z.e.m.m.a.A.selectList - <==      Total: 1
2026-01-03 14:37:46.246 [http-nio-8080-exec-5] INFO  c.z.e.s.i.a.AdmonitorAdminAdvertisementServiceImpl - 分页查询广告成功
2026-01-03 14:38:56.491 [http-nio-8080-exec-6] DEBUG c.z.e.m.m.a.AdminMapper.selectById - ==>  Preparing: SELECT admin_id,admin_account,admin_username,admin_email,admin_phone,admin_password,admin_image,admin_introduce,admin_state,admin_loginTime,deleted FROM admin_admin WHERE admin_id=? AND deleted=0
2026-01-03 14:38:56.491 [http-nio-8080-exec-8] DEBUG c.z.e.m.m.a.AdminMapper.selectById - ==>  Preparing: SELECT admin_id,admin_account,admin_username,admin_email,admin_phone,admin_password,admin_image,admin_introduce,admin_state,admin_loginTime,deleted FROM admin_admin WHERE admin_id=? AND deleted=0
2026-01-03 14:38:56.492 [http-nio-8080-exec-6] DEBUG c.z.e.m.m.a.AdminMapper.selectById - ==> Parameters: 1(Integer)
2026-01-03 14:38:56.492 [http-nio-8080-exec-8] DEBUG c.z.e.m.m.a.AdminMapper.selectById - ==> Parameters: 1(Integer)
2026-01-03 14:38:56.496 [http-nio-8080-exec-10] DEBUG c.z.e.m.m.a.AdminMapper.selectById - ==>  Preparing: SELECT admin_id,admin_account,admin_username,admin_email,admin_phone,admin_password,admin_image,admin_introduce,admin_state,admin_loginTime,deleted FROM admin_admin WHERE admin_id=? AND deleted=0
2026-01-03 14:38:56.496 [http-nio-8080-exec-9] DEBUG c.z.e.m.m.a.AdminMapper.selectById - ==>  Preparing: SELECT admin_id,admin_account,admin_username,admin_email,admin_phone,admin_password,admin_image,admin_introduce,admin_state,admin_loginTime,deleted FROM admin_admin WHERE admin_id=? AND deleted=0
2026-01-03 14:38:56.496 [http-nio-8080-exec-10] DEBUG c.z.e.m.m.a.AdminMapper.selectById - ==> Parameters: 1(Integer)
2026-01-03 14:38:56.496 [http-nio-8080-exec-9] DEBUG c.z.e.m.m.a.AdminMapper.selectById - ==> Parameters: 1(Integer)
2026-01-03 14:38:56.528 [http-nio-8080-exec-8] DEBUG c.z.e.m.m.a.AdminMapper.selectById - <==      Total: 1
2026-01-03 14:38:56.528 [http-nio-8080-exec-8] DEBUG c.z.e.m.m.a.A.findAdminInfoById - ==>  Preparing: select * from admin_admin left join admin_admin_role on admin_admin.admin_id = admin_admin_role.adminId left join admin_role on admin_admin_role.roleId = admin_role.role_id left join admin_role_permission on admin_role.role_id = admin_role.role_id left join admin_permission on admin_role_permission.permissionId = admin_permission.permission_id where admin_admin.admin_id = ? and admin_admin.deleted = 0
2026-01-03 14:38:56.529 [http-nio-8080-exec-8] DEBUG c.z.e.m.m.a.A.findAdminInfoById - ==> Parameters: 1(Integer)
2026-01-03 14:38:56.533 [http-nio-8080-exec-6] DEBUG c.z.e.m.m.a.AdminMapper.selectById - <==      Total: 1
2026-01-03 14:38:56.533 [http-nio-8080-exec-9] DEBUG c.z.e.m.m.a.AdminMapper.selectById - <==      Total: 1
2026-01-03 14:38:56.533 [http-nio-8080-exec-9] DEBUG c.z.e.m.m.a.A.findAdminInfoById - ==>  Preparing: select * from admin_admin left join admin_admin_role on admin_admin.admin_id = admin_admin_role.adminId left join admin_role on admin_admin_role.roleId = admin_role.role_id left join admin_role_permission on admin_role.role_id = admin_role.role_id left join admin_permission on admin_role_permission.permissionId = admin_permission.permission_id where admin_admin.admin_id = ? and admin_admin.deleted = 0
2026-01-03 14:38:56.533 [http-nio-8080-exec-6] DEBUG c.z.e.m.m.a.A.findAdminInfoById - ==>  Preparing: select * from admin_admin left join admin_admin_role on admin_admin.admin_id = admin_admin_role.adminId left join admin_role on admin_admin_role.roleId = admin_role.role_id left join admin_role_permission on admin_role.role_id = admin_role.role_id left join admin_permission on admin_role_permission.permissionId = admin_permission.permission_id where admin_admin.admin_id = ? and admin_admin.deleted = 0
2026-01-03 14:38:56.533 [http-nio-8080-exec-10] DEBUG c.z.e.m.m.a.AdminMapper.selectById - <==      Total: 1
2026-01-03 14:38:56.533 [http-nio-8080-exec-10] DEBUG c.z.e.m.m.a.A.findAdminInfoById - ==>  Preparing: select * from admin_admin left join admin_admin_role on admin_admin.admin_id = admin_admin_role.adminId left join admin_role on admin_admin_role.roleId = admin_role.role_id left join admin_role_permission on admin_role.role_id = admin_role.role_id left join admin_permission on admin_role_permission.permissionId = admin_permission.permission_id where admin_admin.admin_id = ? and admin_admin.deleted = 0
2026-01-03 14:38:56.533 [http-nio-8080-exec-9] DEBUG c.z.e.m.m.a.A.findAdminInfoById - ==> Parameters: 1(Integer)
2026-01-03 14:38:56.533 [http-nio-8080-exec-6] DEBUG c.z.e.m.m.a.A.findAdminInfoById - ==> Parameters: 1(Integer)
2026-01-03 14:38:56.534 [http-nio-8080-exec-10] DEBUG c.z.e.m.m.a.A.findAdminInfoById - ==> Parameters: 1(Integer)
2026-01-03 14:38:56.565 [http-nio-8080-exec-8] DEBUG c.z.e.m.m.a.A.findAdminInfoById - <==      Total: 1
2026-01-03 14:38:56.584 [http-nio-8080-exec-10] DEBUG c.z.e.m.m.a.A.findAdminInfoById - <==      Total: 1
2026-01-03 14:38:56.586 [http-nio-8080-exec-9] DEBUG c.z.e.m.m.a.A.findAdminInfoById - <==      Total: 1
2026-01-03 14:38:56.588 [http-nio-8080-exec-6] DEBUG c.z.e.m.m.a.A.findAdminInfoById - <==      Total: 1
2026-01-03 14:38:56.627 [http-nio-8080-exec-10] INFO  c.z.e.s.i.a.AdmonitorAdvertisementServiceImpl - 查询所有广告开始
2026-01-03 14:38:56.628 [http-nio-8080-exec-10] DEBUG c.z.e.m.m.a.A.selectList - ==>  Preparing: SELECT advertisement_id,advertisement_name,advertisement_url,advertisement_link,advertisement_startedTime,advertisement_endTime,deleted FROM admonitor_advertisement WHERE deleted=0 AND (deleted = ? AND advertisement_startedTime <= ? AND advertisement_endTime > ?)
2026-01-03 14:38:56.629 [http-nio-8080-exec-10] DEBUG c.z.e.m.m.a.A.selectList - ==> Parameters: 0(Integer), 2026-01-03 14:38:56.627(Timestamp), 2026-01-03 14:38:56.627(Timestamp)
2026-01-03 14:38:56.631 [http-nio-8080-exec-6] INFO  c.z.e.s.i.a.AdmonitorUserDailyVisitNumServiceImpl - 计算记录开始
2026-01-03 14:38:56.632 [http-nio-8080-exec-6] DEBUG c.z.e.m.m.a.A.selectList - ==>  Preparing: SELECT userDailyVisitNum_id,userDailyVisitNum_userId AS userDailyVisitNumAdminId,userDailyVisitNum_visitTime FROM admonitor_userDailyVisitNum
2026-01-03 14:38:56.632 [http-nio-8080-exec-6] DEBUG c.z.e.m.m.a.A.selectList - ==> Parameters: 
2026-01-03 14:38:56.636 [http-nio-8080-exec-7] DEBUG c.z.e.m.m.a.AdminMapper.selectById - ==>  Preparing: SELECT admin_id,admin_account,admin_username,admin_email,admin_phone,admin_password,admin_image,admin_introduce,admin_state,admin_loginTime,deleted FROM admin_admin WHERE admin_id=? AND deleted=0
2026-01-03 14:38:56.636 [http-nio-8080-exec-7] DEBUG c.z.e.m.m.a.AdminMapper.selectById - ==> Parameters: 1(Integer)
2026-01-03 14:38:56.650 [http-nio-8080-exec-9] INFO  c.z.e.s.i.a.AdmonitorUserDailyVisitTotalNumServiceImpl - 查询记录开始
2026-01-03 14:38:56.664 [http-nio-8080-exec-10] DEBUG c.z.e.m.m.a.A.selectList - <==      Total: 1
2026-01-03 14:38:56.664 [http-nio-8080-exec-10] INFO  c.z.e.s.i.a.AdmonitorAdvertisementServiceImpl - 查询所有广告成功
2026-01-03 14:38:56.670 [http-nio-8080-exec-6] DEBUG c.z.e.m.m.a.A.selectList - <==      Total: 6
2026-01-03 14:38:56.670 [http-nio-8080-exec-6] INFO  c.z.e.s.i.a.AdmonitorUserDailyVisitNumServiceImpl - 计算记录成功
2026-01-03 14:38:56.670 [http-nio-8080-exec-9] DEBUG c.z.e.m.m.a.A.findFromTimeToEndTimeAdmonitorUserDailyVisitTotalNum - ==>  Preparing: select userDailyVisitTotalNum_num from admonitor_userDailyVisitTotalNum where userDailyVisitTotalNum_date between ? and ?
2026-01-03 14:38:56.672 [http-nio-8080-exec-9] DEBUG c.z.e.m.m.a.A.findFromTimeToEndTimeAdmonitorUserDailyVisitTotalNum - ==> Parameters: 2025-12-28(LocalDate), 2026-01-03(LocalDate)
2026-01-03 14:38:56.673 [http-nio-8080-exec-7] DEBUG c.z.e.m.m.a.AdminMapper.selectById - <==      Total: 1
2026-01-03 14:38:56.673 [http-nio-8080-exec-7] DEBUG c.z.e.m.m.a.A.findAdminInfoById - ==>  Preparing: select * from admin_admin left join admin_admin_role on admin_admin.admin_id = admin_admin_role.adminId left join admin_role on admin_admin_role.roleId = admin_role.role_id left join admin_role_permission on admin_role.role_id = admin_role.role_id left join admin_permission on admin_role_permission.permissionId = admin_permission.permission_id where admin_admin.admin_id = ? and admin_admin.deleted = 0
2026-01-03 14:38:56.674 [http-nio-8080-exec-7] DEBUG c.z.e.m.m.a.A.findAdminInfoById - ==> Parameters: 1(Integer)
2026-01-03 14:38:56.708 [http-nio-8080-exec-9] DEBUG c.z.e.m.m.a.A.findFromTimeToEndTimeAdmonitorUserDailyVisitTotalNum - <==      Total: 5
2026-01-03 14:38:56.714 [http-nio-8080-exec-7] DEBUG c.z.e.m.m.a.A.findAdminInfoById - <==      Total: 1
2026-01-03 14:38:56.754 [http-nio-8080-exec-7] DEBUG c.z.e.m.m.a.A.findAdminInfoById - ==>  Preparing: select * from admin_admin left join admin_admin_role on admin_admin.admin_id = admin_admin_role.adminId left join admin_role on admin_admin_role.roleId = admin_role.role_id left join admin_role_permission on admin_role.role_id = admin_role.role_id left join admin_permission on admin_role_permission.permissionId = admin_permission.permission_id where admin_admin.admin_id = ? and admin_admin.deleted = 0
2026-01-03 14:38:56.755 [http-nio-8080-exec-7] DEBUG c.z.e.m.m.a.A.findAdminInfoById - ==> Parameters: 1(Integer)
2026-01-03 14:38:56.789 [http-nio-8080-exec-1] DEBUG c.z.e.m.m.a.AdminMapper.selectById - ==>  Preparing: SELECT admin_id,admin_account,admin_username,admin_email,admin_phone,admin_password,admin_image,admin_introduce,admin_state,admin_loginTime,deleted FROM admin_admin WHERE admin_id=? AND deleted=0
2026-01-03 14:38:56.789 [http-nio-8080-exec-1] DEBUG c.z.e.m.m.a.AdminMapper.selectById - ==> Parameters: 1(Integer)
2026-01-03 14:38:56.795 [http-nio-8080-exec-7] DEBUG c.z.e.m.m.a.A.findAdminInfoById - <==      Total: 1
2026-01-03 14:38:56.825 [http-nio-8080-exec-1] DEBUG c.z.e.m.m.a.AdminMapper.selectById - <==      Total: 1
2026-01-03 14:38:56.826 [http-nio-8080-exec-2] DEBUG c.z.e.m.m.a.AdminMapper.selectById - ==>  Preparing: SELECT admin_id,admin_account,admin_username,admin_email,admin_phone,admin_password,admin_image,admin_introduce,admin_state,admin_loginTime,deleted FROM admin_admin WHERE admin_id=? AND deleted=0
2026-01-03 14:38:56.826 [http-nio-8080-exec-1] DEBUG c.z.e.m.m.a.A.findAdminInfoById - ==>  Preparing: select * from admin_admin left join admin_admin_role on admin_admin.admin_id = admin_admin_role.adminId left join admin_role on admin_admin_role.roleId = admin_role.role_id left join admin_role_permission on admin_role.role_id = admin_role.role_id left join admin_permission on admin_role_permission.permissionId = admin_permission.permission_id where admin_admin.admin_id = ? and admin_admin.deleted = 0
2026-01-03 14:38:56.826 [http-nio-8080-exec-2] DEBUG c.z.e.m.m.a.AdminMapper.selectById - ==> Parameters: 1(Integer)
2026-01-03 14:38:56.826 [http-nio-8080-exec-1] DEBUG c.z.e.m.m.a.A.findAdminInfoById - ==> Parameters: 1(Integer)
2026-01-03 14:38:56.864 [http-nio-8080-exec-2] DEBUG c.z.e.m.m.a.AdminMapper.selectById - <==      Total: 1
2026-01-03 14:38:56.864 [http-nio-8080-exec-1] DEBUG c.z.e.m.m.a.A.findAdminInfoById - <==      Total: 1
2026-01-03 14:38:56.864 [http-nio-8080-exec-2] DEBUG c.z.e.m.m.a.A.findAdminInfoById - ==>  Preparing: select * from admin_admin left join admin_admin_role on admin_admin.admin_id = admin_admin_role.adminId left join admin_role on admin_admin_role.roleId = admin_role.role_id left join admin_role_permission on admin_role.role_id = admin_role.role_id left join admin_permission on admin_role_permission.permissionId = admin_permission.permission_id where admin_admin.admin_id = ? and admin_admin.deleted = 0
2026-01-03 14:38:56.865 [http-nio-8080-exec-2] DEBUG c.z.e.m.m.a.A.findAdminInfoById - ==> Parameters: 1(Integer)
2026-01-03 14:38:56.901 [http-nio-8080-exec-2] DEBUG c.z.e.m.m.a.A.findAdminInfoById - <==      Total: 1
2026-01-03 14:38:56.906 [http-nio-8080-exec-1] INFO  c.z.e.s.i.a.AdmonitorUserDailyVisitNumServiceImpl - 开始计算今日访问增长
2026-01-03 14:38:56.907 [http-nio-8080-exec-1] DEBUG c.z.e.m.m.a.A.selectList - ==>  Preparing: SELECT userDailyVisitNum_id,userDailyVisitNum_userId AS userDailyVisitNumAdminId,userDailyVisitNum_visitTime FROM admonitor_userDailyVisitNum WHERE (userDailyVisitNum_visitTime = ?)
2026-01-03 14:38:56.907 [http-nio-8080-exec-1] DEBUG c.z.e.m.m.a.A.selectList - ==> Parameters: 2026-01-02(LocalDate)
2026-01-03 14:38:56.939 [http-nio-8080-exec-2] INFO  c.z.e.s.i.a.AdmonitorUserDaliyUserNumServiceImpl - 查询开始
2026-01-03 14:38:56.941 [http-nio-8080-exec-2] DEBUG c.z.e.m.m.a.A.findFromTimeToEndTimeAdmonitorUserDaliyUserNum - ==>  Preparing: select userDaliyUserNum_num from admonitor_userDaliyUserNum where userDaliyUserNum_date between ? and ?
2026-01-03 14:38:56.941 [http-nio-8080-exec-2] DEBUG c.z.e.m.m.a.A.findFromTimeToEndTimeAdmonitorUserDaliyUserNum - ==> Parameters: 2025-12-28(LocalDate), 2026-01-03(LocalDate)
2026-01-03 14:38:56.945 [http-nio-8080-exec-1] DEBUG c.z.e.m.m.a.A.selectList - <==      Total: 1
2026-01-03 14:38:56.947 [http-nio-8080-exec-1] DEBUG c.z.e.m.m.a.A.selectList - ==>  Preparing: SELECT userDailyVisitNum_id,userDailyVisitNum_userId AS userDailyVisitNumAdminId,userDailyVisitNum_visitTime FROM admonitor_userDailyVisitNum WHERE (userDailyVisitNum_visitTime = ?)
2026-01-03 14:38:56.948 [http-nio-8080-exec-1] DEBUG c.z.e.m.m.a.A.selectList - ==> Parameters: 2026-01-03(LocalDate)
2026-01-03 14:38:56.976 [http-nio-8080-exec-2] DEBUG c.z.e.m.m.a.A.findFromTimeToEndTimeAdmonitorUserDaliyUserNum - <==      Total: 6
2026-01-03 14:38:56.982 [http-nio-8080-exec-1] DEBUG c.z.e.m.m.a.A.selectList - <==      Total: 0
2026-01-03 14:38:57.171 [http-nio-8080-exec-3] DEBUG c.z.e.m.m.a.AdminMapper.selectById - ==>  Preparing: SELECT admin_id,admin_account,admin_username,admin_email,admin_phone,admin_password,admin_image,admin_introduce,admin_state,admin_loginTime,deleted FROM admin_admin WHERE admin_id=? AND deleted=0
2026-01-03 14:38:57.172 [http-nio-8080-exec-3] DEBUG c.z.e.m.m.a.AdminMapper.selectById - ==> Parameters: 1(Integer)
2026-01-03 14:38:57.208 [http-nio-8080-exec-3] DEBUG c.z.e.m.m.a.AdminMapper.selectById - <==      Total: 1
2026-01-03 14:38:57.210 [http-nio-8080-exec-3] DEBUG c.z.e.m.m.a.A.findAdminInfoById - ==>  Preparing: select * from admin_admin left join admin_admin_role on admin_admin.admin_id = admin_admin_role.adminId left join admin_role on admin_admin_role.roleId = admin_role.role_id left join admin_role_permission on admin_role.role_id = admin_role.role_id left join admin_permission on admin_role_permission.permissionId = admin_permission.permission_id where admin_admin.admin_id = ? and admin_admin.deleted = 0
2026-01-03 14:38:57.210 [http-nio-8080-exec-3] DEBUG c.z.e.m.m.a.A.findAdminInfoById - ==> Parameters: 1(Integer)
2026-01-03 14:38:57.246 [http-nio-8080-exec-3] DEBUG c.z.e.m.m.a.A.findAdminInfoById - <==      Total: 1
2026-01-03 14:38:57.285 [http-nio-8080-exec-3] INFO  c.z.e.s.i.a.AdmonitorUserDailyVisitNumServiceImpl - 计算记录开始
2026-01-03 14:38:57.286 [http-nio-8080-exec-3] DEBUG c.z.e.m.m.a.A.selectList - ==>  Preparing: SELECT userDailyVisitNum_id,userDailyVisitNum_userId AS userDailyVisitNumAdminId,userDailyVisitNum_visitTime FROM admonitor_userDailyVisitNum WHERE (userDailyVisitNum_visitTime = ?)
2026-01-03 14:38:57.286 [http-nio-8080-exec-3] DEBUG c.z.e.m.m.a.A.selectList - ==> Parameters: 2026-01-03(LocalDate)
2026-01-03 14:38:57.324 [http-nio-8080-exec-3] DEBUG c.z.e.m.m.a.A.selectList - <==      Total: 0
2026-01-03 14:38:57.324 [http-nio-8080-exec-3] INFO  c.z.e.s.i.a.AdmonitorUserDailyVisitNumServiceImpl - 计算记录成功
2026-01-03 14:38:57.439 [http-nio-8080-exec-4] DEBUG c.z.e.m.m.a.AdminMapper.selectById - ==>  Preparing: SELECT admin_id,admin_account,admin_username,admin_email,admin_phone,admin_password,admin_image,admin_introduce,admin_state,admin_loginTime,deleted FROM admin_admin WHERE admin_id=? AND deleted=0
2026-01-03 14:38:57.441 [http-nio-8080-exec-4] DEBUG c.z.e.m.m.a.AdminMapper.selectById - ==> Parameters: 1(Integer)
2026-01-03 14:38:57.478 [http-nio-8080-exec-4] DEBUG c.z.e.m.m.a.AdminMapper.selectById - <==      Total: 1
2026-01-03 14:38:57.478 [http-nio-8080-exec-4] DEBUG c.z.e.m.m.a.A.findAdminInfoById - ==>  Preparing: select * from admin_admin left join admin_admin_role on admin_admin.admin_id = admin_admin_role.adminId left join admin_role on admin_admin_role.roleId = admin_role.role_id left join admin_role_permission on admin_role.role_id = admin_role.role_id left join admin_permission on admin_role_permission.permissionId = admin_permission.permission_id where admin_admin.admin_id = ? and admin_admin.deleted = 0
2026-01-03 14:38:57.479 [http-nio-8080-exec-4] DEBUG c.z.e.m.m.a.A.findAdminInfoById - ==> Parameters: 1(Integer)
2026-01-03 14:38:57.515 [http-nio-8080-exec-4] DEBUG c.z.e.m.m.a.A.findAdminInfoById - <==      Total: 1
2026-01-03 14:38:57.553 [http-nio-8080-exec-4] INFO  c.z.e.s.i.a.AdmonitorUserDaliyUserNumServiceImpl - 计算用户总数开始
2026-01-03 14:38:57.554 [http-nio-8080-exec-4] DEBUG c.z.e.m.m.user.UserMapper.selectList - ==>  Preparing: SELECT user_id,user_account,user_username,user_email,user_phone,user_password,user_image,user_introduce,user_createdTime,user_loginTime,user_dreamPosition,user_dreamMinMonthSalary,user_dreamMaxMonthSalary,user_dreamWeekWorkDayNum,user_dreamGoodWelfare,user_recruitLocationFirst,user_recruitLocationSecond,user_recruitLocationDetail,user_universityCode FROM user_user
2026-01-03 14:38:57.554 [http-nio-8080-exec-4] DEBUG c.z.e.m.m.user.UserMapper.selectList - ==> Parameters: 
2026-01-03 14:38:57.594 [http-nio-8080-exec-4] DEBUG c.z.e.m.m.user.UserMapper.selectList - <==      Total: 8
2026-01-03 14:38:57.595 [http-nio-8080-exec-4] INFO  c.z.e.s.i.a.AdmonitorUserDaliyUserNumServiceImpl - 用户总数为：8
2026-01-03 14:39:13.426 [http-nio-8080-exec-8] DEBUG c.z.e.m.m.a.AdminMapper.selectById - ==>  Preparing: SELECT admin_id,admin_account,admin_username,admin_email,admin_phone,admin_password,admin_image,admin_introduce,admin_state,admin_loginTime,deleted FROM admin_admin WHERE admin_id=? AND deleted=0
2026-01-03 14:39:13.426 [http-nio-8080-exec-5] DEBUG c.z.e.m.m.a.AdminMapper.selectById - ==>  Preparing: SELECT admin_id,admin_account,admin_username,admin_email,admin_phone,admin_password,admin_image,admin_introduce,admin_state,admin_loginTime,deleted FROM admin_admin WHERE admin_id=? AND deleted=0
2026-01-03 14:39:13.427 [http-nio-8080-exec-5] DEBUG c.z.e.m.m.a.AdminMapper.selectById - ==> Parameters: 1(Integer)
2026-01-03 14:39:13.427 [http-nio-8080-exec-8] DEBUG c.z.e.m.m.a.AdminMapper.selectById - ==> Parameters: 1(Integer)
2026-01-03 14:39:13.463 [http-nio-8080-exec-8] DEBUG c.z.e.m.m.a.AdminMapper.selectById - <==      Total: 1
2026-01-03 14:39:13.464 [http-nio-8080-exec-8] DEBUG c.z.e.m.m.a.A.findAdminInfoById - ==>  Preparing: select * from admin_admin left join admin_admin_role on admin_admin.admin_id = admin_admin_role.adminId left join admin_role on admin_admin_role.roleId = admin_role.role_id left join admin_role_permission on admin_role.role_id = admin_role.role_id left join admin_permission on admin_role_permission.permissionId = admin_permission.permission_id where admin_admin.admin_id = ? and admin_admin.deleted = 0
2026-01-03 14:39:13.464 [http-nio-8080-exec-8] DEBUG c.z.e.m.m.a.A.findAdminInfoById - ==> Parameters: 1(Integer)
2026-01-03 14:39:13.474 [http-nio-8080-exec-5] DEBUG c.z.e.m.m.a.AdminMapper.selectById - <==      Total: 1
2026-01-03 14:39:13.474 [http-nio-8080-exec-5] DEBUG c.z.e.m.m.a.A.findAdminInfoById - ==>  Preparing: select * from admin_admin left join admin_admin_role on admin_admin.admin_id = admin_admin_role.adminId left join admin_role on admin_admin_role.roleId = admin_role.role_id left join admin_role_permission on admin_role.role_id = admin_role.role_id left join admin_permission on admin_role_permission.permissionId = admin_permission.permission_id where admin_admin.admin_id = ? and admin_admin.deleted = 0
2026-01-03 14:39:13.475 [http-nio-8080-exec-5] DEBUG c.z.e.m.m.a.A.findAdminInfoById - ==> Parameters: 1(Integer)
2026-01-03 14:39:13.499 [http-nio-8080-exec-8] DEBUG c.z.e.m.m.a.A.findAdminInfoById - <==      Total: 1
2026-01-03 14:39:13.512 [http-nio-8080-exec-5] DEBUG c.z.e.m.m.a.A.findAdminInfoById - <==      Total: 1
2026-01-03 14:39:13.538 [http-nio-8080-exec-8] INFO  c.z.e.s.i.a.AdmonitorUserDailyVisitTotalNumServiceImpl - 查询记录开始
2026-01-03 14:39:13.538 [http-nio-8080-exec-8] DEBUG c.z.e.m.m.a.A.findFromTimeToEndTimeAdmonitorUserDailyVisitTotalNum - ==>  Preparing: select userDailyVisitTotalNum_num from admonitor_userDailyVisitTotalNum where userDailyVisitTotalNum_date between ? and ?
2026-01-03 14:39:13.539 [http-nio-8080-exec-8] DEBUG c.z.e.m.m.a.A.findFromTimeToEndTimeAdmonitorUserDailyVisitTotalNum - ==> Parameters: 2025-12-28(LocalDate), 2026-01-03(LocalDate)
2026-01-03 14:39:13.548 [http-nio-8080-exec-5] INFO  c.z.e.s.i.a.AdmonitorUserDailyVisitNumServiceImpl - 计算记录开始
2026-01-03 14:39:13.549 [http-nio-8080-exec-5] DEBUG c.z.e.m.m.a.A.selectList - ==>  Preparing: SELECT userDailyVisitNum_id,userDailyVisitNum_userId AS userDailyVisitNumAdminId,userDailyVisitNum_visitTime FROM admonitor_userDailyVisitNum
2026-01-03 14:39:13.549 [http-nio-8080-exec-5] DEBUG c.z.e.m.m.a.A.selectList - ==> Parameters: 
2026-01-03 14:39:13.574 [http-nio-8080-exec-8] DEBUG c.z.e.m.m.a.A.findFromTimeToEndTimeAdmonitorUserDailyVisitTotalNum - <==      Total: 5
2026-01-03 14:39:13.585 [http-nio-8080-exec-5] DEBUG c.z.e.m.m.a.A.selectList - <==      Total: 6
2026-01-03 14:39:13.585 [http-nio-8080-exec-5] INFO  c.z.e.s.i.a.AdmonitorUserDailyVisitNumServiceImpl - 计算记录成功
2026-01-03 14:39:13.710 [http-nio-8080-exec-6] DEBUG c.z.e.m.m.a.AdminMapper.selectById - ==>  Preparing: SELECT admin_id,admin_account,admin_username,admin_email,admin_phone,admin_password,admin_image,admin_introduce,admin_state,admin_loginTime,deleted FROM admin_admin WHERE admin_id=? AND deleted=0
2026-01-03 14:39:13.711 [http-nio-8080-exec-6] DEBUG c.z.e.m.m.a.AdminMapper.selectById - ==> Parameters: 1(Integer)
2026-01-03 14:39:13.736 [http-nio-8080-exec-10] DEBUG c.z.e.m.m.a.AdminMapper.selectById - ==>  Preparing: SELECT admin_id,admin_account,admin_username,admin_email,admin_phone,admin_password,admin_image,admin_introduce,admin_state,admin_loginTime,deleted FROM admin_admin WHERE admin_id=? AND deleted=0
2026-01-03 14:39:13.737 [http-nio-8080-exec-10] DEBUG c.z.e.m.m.a.AdminMapper.selectById - ==> Parameters: 1(Integer)
2026-01-03 14:39:13.765 [http-nio-8080-exec-6] DEBUG c.z.e.m.m.a.AdminMapper.selectById - <==      Total: 1
2026-01-03 14:39:13.765 [http-nio-8080-exec-6] DEBUG c.z.e.m.m.a.A.findAdminInfoById - ==>  Preparing: select * from admin_admin left join admin_admin_role on admin_admin.admin_id = admin_admin_role.adminId left join admin_role on admin_admin_role.roleId = admin_role.role_id left join admin_role_permission on admin_role.role_id = admin_role.role_id left join admin_permission on admin_role_permission.permissionId = admin_permission.permission_id where admin_admin.admin_id = ? and admin_admin.deleted = 0
2026-01-03 14:39:13.766 [http-nio-8080-exec-6] DEBUG c.z.e.m.m.a.A.findAdminInfoById - ==> Parameters: 1(Integer)
2026-01-03 14:39:13.801 [http-nio-8080-exec-6] DEBUG c.z.e.m.m.a.A.findAdminInfoById - <==      Total: 1
2026-01-03 14:39:13.839 [http-nio-8080-exec-6] INFO  c.z.e.s.i.a.AdmonitorUserDailyVisitNumServiceImpl - 开始计算今日访问增长
2026-01-03 14:39:13.840 [http-nio-8080-exec-6] DEBUG c.z.e.m.m.a.A.selectList - ==>  Preparing: SELECT userDailyVisitNum_id,userDailyVisitNum_userId AS userDailyVisitNumAdminId,userDailyVisitNum_visitTime FROM admonitor_userDailyVisitNum WHERE (userDailyVisitNum_visitTime = ?)
2026-01-03 14:39:13.840 [http-nio-8080-exec-6] DEBUG c.z.e.m.m.a.A.selectList - ==> Parameters: 2026-01-02(LocalDate)
2026-01-03 14:39:13.876 [http-nio-8080-exec-6] DEBUG c.z.e.m.m.a.A.selectList - <==      Total: 1
2026-01-03 14:39:13.877 [http-nio-8080-exec-6] DEBUG c.z.e.m.m.a.A.selectList - ==>  Preparing: SELECT userDailyVisitNum_id,userDailyVisitNum_userId AS userDailyVisitNumAdminId,userDailyVisitNum_visitTime FROM admonitor_userDailyVisitNum WHERE (userDailyVisitNum_visitTime = ?)
2026-01-03 14:39:13.877 [http-nio-8080-exec-6] DEBUG c.z.e.m.m.a.A.selectList - ==> Parameters: 2026-01-03(LocalDate)
2026-01-03 14:39:13.913 [http-nio-8080-exec-6] DEBUG c.z.e.m.m.a.A.selectList - <==      Total: 0
2026-01-03 14:39:14.026 [http-nio-8080-exec-10] DEBUG c.z.e.m.m.a.AdminMapper.selectById - <==      Total: 1
2026-01-03 14:39:14.027 [http-nio-8080-exec-10] DEBUG c.z.e.m.m.a.A.findAdminInfoById - ==>  Preparing: select * from admin_admin left join admin_admin_role on admin_admin.admin_id = admin_admin_role.adminId left join admin_role on admin_admin_role.roleId = admin_role.role_id left join admin_role_permission on admin_role.role_id = admin_role.role_id left join admin_permission on admin_role_permission.permissionId = admin_permission.permission_id where admin_admin.admin_id = ? and admin_admin.deleted = 0
2026-01-03 14:39:14.027 [http-nio-8080-exec-10] DEBUG c.z.e.m.m.a.A.findAdminInfoById - ==> Parameters: 1(Integer)
2026-01-03 14:39:14.062 [http-nio-8080-exec-10] DEBUG c.z.e.m.m.a.A.findAdminInfoById - <==      Total: 1
2026-01-03 14:39:14.063 [http-nio-8080-exec-9] DEBUG c.z.e.m.m.a.AdminMapper.selectById - ==>  Preparing: SELECT admin_id,admin_account,admin_username,admin_email,admin_phone,admin_password,admin_image,admin_introduce,admin_state,admin_loginTime,deleted FROM admin_admin WHERE admin_id=? AND deleted=0
2026-01-03 14:39:14.063 [http-nio-8080-exec-9] DEBUG c.z.e.m.m.a.AdminMapper.selectById - ==> Parameters: 1(Integer)
2026-01-03 14:39:14.101 [http-nio-8080-exec-9] DEBUG c.z.e.m.m.a.AdminMapper.selectById - <==      Total: 1
2026-01-03 14:39:14.102 [http-nio-8080-exec-9] DEBUG c.z.e.m.m.a.A.findAdminInfoById - ==>  Preparing: select * from admin_admin left join admin_admin_role on admin_admin.admin_id = admin_admin_role.adminId left join admin_role on admin_admin_role.roleId = admin_role.role_id left join admin_role_permission on admin_role.role_id = admin_role.role_id left join admin_permission on admin_role_permission.permissionId = admin_permission.permission_id where admin_admin.admin_id = ? and admin_admin.deleted = 0
2026-01-03 14:39:14.103 [http-nio-8080-exec-9] DEBUG c.z.e.m.m.a.A.findAdminInfoById - ==> Parameters: 1(Integer)
2026-01-03 14:39:14.105 [http-nio-8080-exec-10] INFO  c.z.e.s.i.a.AdmonitorUserDaliyUserNumServiceImpl - 查询开始
2026-01-03 14:39:14.106 [http-nio-8080-exec-10] DEBUG c.z.e.m.m.a.A.findFromTimeToEndTimeAdmonitorUserDaliyUserNum - ==>  Preparing: select userDaliyUserNum_num from admonitor_userDaliyUserNum where userDaliyUserNum_date between ? and ?
2026-01-03 14:39:14.106 [http-nio-8080-exec-10] DEBUG c.z.e.m.m.a.A.findFromTimeToEndTimeAdmonitorUserDaliyUserNum - ==> Parameters: 2025-12-28(LocalDate), 2026-01-03(LocalDate)
2026-01-03 14:39:14.138 [http-nio-8080-exec-9] DEBUG c.z.e.m.m.a.A.findAdminInfoById - <==      Total: 1
2026-01-03 14:39:14.139 [http-nio-8080-exec-10] DEBUG c.z.e.m.m.a.A.findFromTimeToEndTimeAdmonitorUserDaliyUserNum - <==      Total: 6
2026-01-03 14:39:14.177 [http-nio-8080-exec-9] INFO  c.z.e.s.i.a.AdmonitorUserDailyVisitNumServiceImpl - 计算记录开始
2026-01-03 14:39:14.177 [http-nio-8080-exec-9] DEBUG c.z.e.m.m.a.A.selectList - ==>  Preparing: SELECT userDailyVisitNum_id,userDailyVisitNum_userId AS userDailyVisitNumAdminId,userDailyVisitNum_visitTime FROM admonitor_userDailyVisitNum WHERE (userDailyVisitNum_visitTime = ?)
2026-01-03 14:39:14.177 [http-nio-8080-exec-9] DEBUG c.z.e.m.m.a.A.selectList - ==> Parameters: 2026-01-03(LocalDate)
2026-01-03 14:39:14.212 [http-nio-8080-exec-9] DEBUG c.z.e.m.m.a.A.selectList - <==      Total: 0
2026-01-03 14:39:14.212 [http-nio-8080-exec-9] INFO  c.z.e.s.i.a.AdmonitorUserDailyVisitNumServiceImpl - 计算记录成功
2026-01-03 14:39:14.369 [http-nio-8080-exec-7] DEBUG c.z.e.m.m.a.AdminMapper.selectById - ==>  Preparing: SELECT admin_id,admin_account,admin_username,admin_email,admin_phone,admin_password,admin_image,admin_introduce,admin_state,admin_loginTime,deleted FROM admin_admin WHERE admin_id=? AND deleted=0
2026-01-03 14:39:14.369 [http-nio-8080-exec-7] DEBUG c.z.e.m.m.a.AdminMapper.selectById - ==> Parameters: 1(Integer)
2026-01-03 14:39:14.417 [http-nio-8080-exec-7] DEBUG c.z.e.m.m.a.AdminMapper.selectById - <==      Total: 1
2026-01-03 14:39:14.417 [http-nio-8080-exec-7] DEBUG c.z.e.m.m.a.A.findAdminInfoById - ==>  Preparing: select * from admin_admin left join admin_admin_role on admin_admin.admin_id = admin_admin_role.adminId left join admin_role on admin_admin_role.roleId = admin_role.role_id left join admin_role_permission on admin_role.role_id = admin_role.role_id left join admin_permission on admin_role_permission.permissionId = admin_permission.permission_id where admin_admin.admin_id = ? and admin_admin.deleted = 0
2026-01-03 14:39:14.417 [http-nio-8080-exec-7] DEBUG c.z.e.m.m.a.A.findAdminInfoById - ==> Parameters: 1(Integer)
2026-01-03 14:39:14.716 [http-nio-8080-exec-7] DEBUG c.z.e.m.m.a.A.findAdminInfoById - <==      Total: 1
2026-01-03 14:39:14.752 [http-nio-8080-exec-7] INFO  c.z.e.s.i.a.AdmonitorUserDaliyUserNumServiceImpl - 计算用户总数开始
2026-01-03 14:39:14.753 [http-nio-8080-exec-7] DEBUG c.z.e.m.m.user.UserMapper.selectList - ==>  Preparing: SELECT user_id,user_account,user_username,user_email,user_phone,user_password,user_image,user_introduce,user_createdTime,user_loginTime,user_dreamPosition,user_dreamMinMonthSalary,user_dreamMaxMonthSalary,user_dreamWeekWorkDayNum,user_dreamGoodWelfare,user_recruitLocationFirst,user_recruitLocationSecond,user_recruitLocationDetail,user_universityCode FROM user_user
2026-01-03 14:39:14.753 [http-nio-8080-exec-7] DEBUG c.z.e.m.m.user.UserMapper.selectList - ==> Parameters: 
2026-01-03 14:39:14.797 [http-nio-8080-exec-7] DEBUG c.z.e.m.m.user.UserMapper.selectList - <==      Total: 8
2026-01-03 14:39:14.798 [http-nio-8080-exec-7] INFO  c.z.e.s.i.a.AdmonitorUserDaliyUserNumServiceImpl - 用户总数为：8
2026-01-03 14:42:54.945 [http-nio-8080-exec-2] DEBUG c.z.e.m.m.a.AdminMapper.selectById - ==>  Preparing: SELECT admin_id,admin_account,admin_username,admin_email,admin_phone,admin_password,admin_image,admin_introduce,admin_state,admin_loginTime,deleted FROM admin_admin WHERE admin_id=? AND deleted=0
2026-01-03 14:42:54.945 [http-nio-8080-exec-2] DEBUG c.z.e.m.m.a.AdminMapper.selectById - ==> Parameters: 1(Integer)
2026-01-03 14:42:54.980 [http-nio-8080-exec-2] DEBUG c.z.e.m.m.a.AdminMapper.selectById - <==      Total: 1
2026-01-03 14:42:54.981 [http-nio-8080-exec-2] DEBUG c.z.e.m.m.a.A.findAdminInfoById - ==>  Preparing: select * from admin_admin left join admin_admin_role on admin_admin.admin_id = admin_admin_role.adminId left join admin_role on admin_admin_role.roleId = admin_role.role_id left join admin_role_permission on admin_role.role_id = admin_role.role_id left join admin_permission on admin_role_permission.permissionId = admin_permission.permission_id where admin_admin.admin_id = ? and admin_admin.deleted = 0
2026-01-03 14:42:54.981 [http-nio-8080-exec-2] DEBUG c.z.e.m.m.a.A.findAdminInfoById - ==> Parameters: 1(Integer)
2026-01-03 14:42:55.017 [http-nio-8080-exec-2] DEBUG c.z.e.m.m.a.A.findAdminInfoById - <==      Total: 1
2026-01-03 14:42:55.057 [http-nio-8080-exec-2] INFO  c.z.e.s.i.a.AdmonitorServiceMachineServiceImpl - 开始分页查询服务器
2026-01-03 14:42:55.059 [http-nio-8080-exec-2] DEBUG c.z.e.m.m.a.A.selectList - ==>  Preparing: SELECT serviceMachine_id,serviceMachine_name,serviceMachine_host,serviceMachine_port,serviceMachine_username,serviceMachine_password,serviceMachine_remark,serviceMachine_createdTime,serviceMachine_updatedTime,deleted FROM admonitor_serviceMachine WHERE deleted=0 AND (deleted = ?)
2026-01-03 14:42:55.059 [http-nio-8080-exec-2] DEBUG c.z.e.m.m.a.A.selectList - ==> Parameters: 0(Integer)
2026-01-03 14:42:55.097 [http-nio-8080-exec-2] DEBUG c.z.e.m.m.a.A.selectList - <==      Total: 1
2026-01-03 14:42:55.099 [http-nio-8080-exec-2] INFO  c.z.e.s.i.a.AdmonitorServiceMachineServiceImpl - 分页查询服务器成功
2026-01-03 14:43:22.734 [http-nio-8080-exec-1] DEBUG c.z.e.m.m.a.AdminMapper.selectById - ==>  Preparing: SELECT admin_id,admin_account,admin_username,admin_email,admin_phone,admin_password,admin_image,admin_introduce,admin_state,admin_loginTime,deleted FROM admin_admin WHERE admin_id=? AND deleted=0
2026-01-03 14:43:22.736 [http-nio-8080-exec-1] DEBUG c.z.e.m.m.a.AdminMapper.selectById - ==> Parameters: 1(Integer)
2026-01-03 14:43:22.771 [http-nio-8080-exec-1] DEBUG c.z.e.m.m.a.AdminMapper.selectById - <==      Total: 1
2026-01-03 14:43:22.771 [http-nio-8080-exec-1] DEBUG c.z.e.m.m.a.A.findAdminInfoById - ==>  Preparing: select * from admin_admin left join admin_admin_role on admin_admin.admin_id = admin_admin_role.adminId left join admin_role on admin_admin_role.roleId = admin_role.role_id left join admin_role_permission on admin_role.role_id = admin_role.role_id left join admin_permission on admin_role_permission.permissionId = admin_permission.permission_id where admin_admin.admin_id = ? and admin_admin.deleted = 0
2026-01-03 14:43:22.771 [http-nio-8080-exec-1] DEBUG c.z.e.m.m.a.A.findAdminInfoById - ==> Parameters: 1(Integer)
2026-01-03 14:43:22.806 [http-nio-8080-exec-1] DEBUG c.z.e.m.m.a.A.findAdminInfoById - <==      Total: 1
2026-01-03 14:43:22.844 [http-nio-8080-exec-1] INFO  c.z.e.s.i.a.AdmonitorServiceMachineServiceImpl - 开始分页查询服务器
2026-01-03 14:43:22.845 [http-nio-8080-exec-1] DEBUG c.z.e.m.m.a.A.selectList - ==>  Preparing: SELECT serviceMachine_id,serviceMachine_name,serviceMachine_host,serviceMachine_port,serviceMachine_username,serviceMachine_password,serviceMachine_remark,serviceMachine_createdTime,serviceMachine_updatedTime,deleted FROM admonitor_serviceMachine WHERE deleted=0 AND (deleted = ?)
2026-01-03 14:43:22.845 [http-nio-8080-exec-1] DEBUG c.z.e.m.m.a.A.selectList - ==> Parameters: 0(Integer)
2026-01-03 14:43:22.880 [http-nio-8080-exec-1] DEBUG c.z.e.m.m.a.A.selectList - <==      Total: 1
2026-01-03 14:43:22.881 [http-nio-8080-exec-1] INFO  c.z.e.s.i.a.AdmonitorServiceMachineServiceImpl - 分页查询服务器成功
2026-01-03 20:14:06.253 [HikariPool-1 housekeeper] WARN  com.zaxxer.hikari.pool.HikariPool - HikariPool-1 - Thread starvation or clock leap detected (housekeeper delta=5m32s841ms559µs500ns).
2026-01-03 20:14:14.673 [HikariPool-2 housekeeper] WARN  com.zaxxer.hikari.pool.HikariPool - HikariPool-2 - Thread starvation or clock leap detected (housekeeper delta=5m32s821ms513µs800ns).
2026-01-03 20:48:38.166 [HikariPool-2 housekeeper] WARN  com.zaxxer.hikari.pool.HikariPool - HikariPool-2 - Thread starvation or clock leap detected (housekeeper delta=1m22s905ms281µs).
2026-01-03 20:48:59.738 [HikariPool-1 housekeeper] WARN  com.zaxxer.hikari.pool.HikariPool - HikariPool-1 - Thread starvation or clock leap detected (housekeeper delta=1m22s905ms619µs800ns).
2026-01-03 21:14:08.588 [HikariPool-2 housekeeper] WARN  com.zaxxer.hikari.pool.HikariPool - HikariPool-2 - Thread starvation or clock leap detected (housekeeper delta=20m329ms614µs800ns).
2026-01-03 21:14:30.099 [HikariPool-1 housekeeper] WARN  com.zaxxer.hikari.pool.HikariPool - HikariPool-1 - Thread starvation or clock leap detected (housekeeper delta=20m309ms971µs).
2026-01-03 21:50:44.382 [Thread-15] WARN  c.a.n.c.http.HttpClientBeanHolder - [HttpClientBeanHolder] Start destroying common HttpClient
2026-01-03 21:50:44.382 [Thread-1] WARN  c.a.n.c.executor.ThreadPoolManager - [ThreadPoolManager] Start destroying ThreadPool
2026-01-03 21:50:44.384 [Thread-1] WARN  c.a.n.c.executor.ThreadPoolManager - [ThreadPoolManager] Destruction of the end
2026-01-03 21:50:44.392 [Thread-15] WARN  c.a.n.c.http.HttpClientBeanHolder - [HttpClientBeanHolder] Destruction of the end
2026-01-03 21:50:44.634 [SpringApplicationShutdownHook] INFO  com.zaxxer.hikari.HikariDataSource - HikariPool-1 - Shutdown initiated...
2026-01-03 21:50:44.644 [SpringApplicationShutdownHook] INFO  com.zaxxer.hikari.HikariDataSource - HikariPool-1 - Shutdown completed.
2026-01-03 21:50:44.646 [SpringApplicationShutdownHook] INFO  c.z.e.s.impl.user.UserSmsServiceImpl - 关闭阿里云短信客户端...
2026-01-03 21:50:44.699 [SpringApplicationShutdownHook] INFO  c.z.e.s.impl.user.UserSmsServiceImpl - 阿里云短信客户端已关闭
2026-01-03 21:50:44.700 [SpringApplicationShutdownHook] INFO  c.z.e.s.i.admin.AdminSmsServiceImpl - 关闭阿里云短信客户端...
2026-01-03 21:50:44.702 [SpringApplicationShutdownHook] INFO  c.z.e.s.i.admin.AdminSmsServiceImpl - 阿里云短信客户端已关闭
2026-01-03 21:50:44.711 [SpringApplicationShutdownHook] INFO  com.zaxxer.hikari.HikariDataSource - HikariPool-2 - Shutdown initiated...
2026-01-03 21:50:44.715 [SpringApplicationShutdownHook] INFO  com.zaxxer.hikari.HikariDataSource - HikariPool-2 - Shutdown completed.
2026-01-03 21:50:44.740 [ForkJoinPool.commonPool-worker-2] WARN  i.m.c.transport.StdioClientTransport - Process terminated with code 1
2026-01-03 21:50:44.740 [ForkJoinPool.commonPool-worker-1] WARN  i.m.c.transport.StdioClientTransport - Process terminated with code 1
