2026-04-10 00:14:03.505 [Thread-6] WARN  c.a.n.c.http.HttpClientBeanHolder - [HttpClientBeanHolder] Start destroying common HttpClient
2026-04-10 00:14:21.192 [background-preinit] INFO  o.h.validator.internal.util.Version - HV000001: Hibernate Validator 8.0.1.Final
2026-04-10 00:14:21.243 [main] INFO  c.z.e.EasyApplyResumeApplication - Starting EasyApplyResumeApplication using Java 21.0.9 with PID 47432 (C:\Users\shini\IdeaProjects\EasyApplyResume\target\classes started by shini in C:\Users\shini\IdeaProjects\EasyApplyResume)
2026-04-10 00:14:21.243 [main] DEBUG c.z.e.EasyApplyResumeApplication - Running with Spring Boot v3.3.5, Spring v6.1.14
2026-04-10 00:14:21.244 [main] INFO  c.z.e.EasyApplyResumeApplication - The following 1 profile is active: "dev"
2026-04-10 00:14:21.518 [main] WARN  c.a.c.n.c.NacosConfigDataLoader - [Nacos Config] config[dataId=EasyApplyResume-dev.yaml, group=DEFAULT_GROUP] is empty
2026-04-10 00:14:21.518 [main] WARN  c.a.c.n.c.NacosConfigDataLoader - [Nacos Config] config[dataId=EasyApplyResume.yaml, group=DEFAULT_GROUP] is empty
2026-04-10 00:14:23.510 [main] INFO  o.s.d.r.c.RepositoryConfigurationDelegate - Multiple Spring Data modules found, entering strict repository configuration mode
2026-04-10 00:14:23.512 [main] INFO  o.s.d.r.c.RepositoryConfigurationDelegate - Bootstrapping Spring Data Redis repositories in DEFAULT mode.
2026-04-10 00:14:23.565 [main] INFO  o.s.d.r.c.RepositoryConfigurationDelegate - Finished Spring Data repository scanning in 38 ms. Found 0 Redis repository interfaces.
2026-04-10 00:14:23.696 [main] WARN  o.m.s.mapper.ClassPathMapperScanner - Cannot use both: sqlSessionTemplate and sqlSessionFactory together. sqlSessionFactory is ignored.
2026-04-10 00:14:23.696 [main] WARN  o.m.s.mapper.ClassPathMapperScanner - Cannot use both: sqlSessionTemplate and sqlSessionFactory together. sqlSessionFactory is ignored.
2026-04-10 00:14:23.697 [main] WARN  o.m.s.mapper.ClassPathMapperScanner - Cannot use both: sqlSessionTemplate and sqlSessionFactory together. sqlSessionFactory is ignored.
2026-04-10 00:14:23.697 [main] WARN  o.m.s.mapper.ClassPathMapperScanner - Cannot use both: sqlSessionTemplate and sqlSessionFactory together. sqlSessionFactory is ignored.
2026-04-10 00:14:23.697 [main] WARN  o.m.s.mapper.ClassPathMapperScanner - Cannot use both: sqlSessionTemplate and sqlSessionFactory together. sqlSessionFactory is ignored.
2026-04-10 00:14:23.697 [main] WARN  o.m.s.mapper.ClassPathMapperScanner - Cannot use both: sqlSessionTemplate and sqlSessionFactory together. sqlSessionFactory is ignored.
2026-04-10 00:14:23.698 [main] WARN  o.m.s.mapper.ClassPathMapperScanner - Cannot use both: sqlSessionTemplate and sqlSessionFactory together. sqlSessionFactory is ignored.
2026-04-10 00:14:23.699 [main] WARN  o.m.s.mapper.ClassPathMapperScanner - Cannot use both: sqlSessionTemplate and sqlSessionFactory together. sqlSessionFactory is ignored.
2026-04-10 00:14:23.699 [main] WARN  o.m.s.mapper.ClassPathMapperScanner - Cannot use both: sqlSessionTemplate and sqlSessionFactory together. sqlSessionFactory is ignored.
2026-04-10 00:14:23.700 [main] WARN  o.m.s.mapper.ClassPathMapperScanner - Cannot use both: sqlSessionTemplate and sqlSessionFactory together. sqlSessionFactory is ignored.
2026-04-10 00:14:23.701 [main] WARN  o.m.s.mapper.ClassPathMapperScanner - Cannot use both: sqlSessionTemplate and sqlSessionFactory together. sqlSessionFactory is ignored.
2026-04-10 00:14:23.702 [main] WARN  o.m.s.mapper.ClassPathMapperScanner - Cannot use both: sqlSessionTemplate and sqlSessionFactory together. sqlSessionFactory is ignored.
2026-04-10 00:14:23.703 [main] WARN  o.m.s.mapper.ClassPathMapperScanner - Cannot use both: sqlSessionTemplate and sqlSessionFactory together. sqlSessionFactory is ignored.
2026-04-10 00:14:23.704 [main] WARN  o.m.s.mapper.ClassPathMapperScanner - Cannot use both: sqlSessionTemplate and sqlSessionFactory together. sqlSessionFactory is ignored.
2026-04-10 00:14:23.705 [main] WARN  o.m.s.mapper.ClassPathMapperScanner - Cannot use both: sqlSessionTemplate and sqlSessionFactory together. sqlSessionFactory is ignored.
2026-04-10 00:14:23.706 [main] WARN  o.m.s.mapper.ClassPathMapperScanner - Cannot use both: sqlSessionTemplate and sqlSessionFactory together. sqlSessionFactory is ignored.
2026-04-10 00:14:23.706 [main] WARN  o.m.s.mapper.ClassPathMapperScanner - Cannot use both: sqlSessionTemplate and sqlSessionFactory together. sqlSessionFactory is ignored.
2026-04-10 00:14:23.707 [main] WARN  o.m.s.mapper.ClassPathMapperScanner - Cannot use both: sqlSessionTemplate and sqlSessionFactory together. sqlSessionFactory is ignored.
2026-04-10 00:14:23.707 [main] WARN  o.m.s.mapper.ClassPathMapperScanner - Cannot use both: sqlSessionTemplate and sqlSessionFactory together. sqlSessionFactory is ignored.
2026-04-10 00:14:23.707 [main] WARN  o.m.s.mapper.ClassPathMapperScanner - Cannot use both: sqlSessionTemplate and sqlSessionFactory together. sqlSessionFactory is ignored.
2026-04-10 00:14:23.708 [main] WARN  o.m.s.mapper.ClassPathMapperScanner - Cannot use both: sqlSessionTemplate and sqlSessionFactory together. sqlSessionFactory is ignored.
2026-04-10 00:14:23.708 [main] WARN  o.m.s.mapper.ClassPathMapperScanner - Cannot use both: sqlSessionTemplate and sqlSessionFactory together. sqlSessionFactory is ignored.
2026-04-10 00:14:23.709 [main] WARN  o.m.s.mapper.ClassPathMapperScanner - Cannot use both: sqlSessionTemplate and sqlSessionFactory together. sqlSessionFactory is ignored.
2026-04-10 00:14:23.709 [main] WARN  o.m.s.mapper.ClassPathMapperScanner - Cannot use both: sqlSessionTemplate and sqlSessionFactory together. sqlSessionFactory is ignored.
2026-04-10 00:14:23.710 [main] WARN  o.m.s.mapper.ClassPathMapperScanner - Cannot use both: sqlSessionTemplate and sqlSessionFactory together. sqlSessionFactory is ignored.
2026-04-10 00:14:23.710 [main] WARN  o.m.s.mapper.ClassPathMapperScanner - Cannot use both: sqlSessionTemplate and sqlSessionFactory together. sqlSessionFactory is ignored.
2026-04-10 00:14:23.711 [main] WARN  o.m.s.mapper.ClassPathMapperScanner - Cannot use both: sqlSessionTemplate and sqlSessionFactory together. sqlSessionFactory is ignored.
2026-04-10 00:14:23.711 [main] WARN  o.m.s.mapper.ClassPathMapperScanner - Cannot use both: sqlSessionTemplate and sqlSessionFactory together. sqlSessionFactory is ignored.
2026-04-10 00:14:23.711 [main] WARN  o.m.s.mapper.ClassPathMapperScanner - Cannot use both: sqlSessionTemplate and sqlSessionFactory together. sqlSessionFactory is ignored.
2026-04-10 00:14:23.712 [main] WARN  o.m.s.mapper.ClassPathMapperScanner - Cannot use both: sqlSessionTemplate and sqlSessionFactory together. sqlSessionFactory is ignored.
2026-04-10 00:14:23.712 [main] WARN  o.m.s.mapper.ClassPathMapperScanner - Cannot use both: sqlSessionTemplate and sqlSessionFactory together. sqlSessionFactory is ignored.
2026-04-10 00:14:23.712 [main] WARN  o.m.s.mapper.ClassPathMapperScanner - Cannot use both: sqlSessionTemplate and sqlSessionFactory together. sqlSessionFactory is ignored.
2026-04-10 00:14:23.712 [main] WARN  o.m.s.mapper.ClassPathMapperScanner - Cannot use both: sqlSessionTemplate and sqlSessionFactory together. sqlSessionFactory is ignored.
2026-04-10 00:14:23.712 [main] WARN  o.m.s.mapper.ClassPathMapperScanner - Cannot use both: sqlSessionTemplate and sqlSessionFactory together. sqlSessionFactory is ignored.
2026-04-10 00:14:23.713 [main] WARN  o.m.s.mapper.ClassPathMapperScanner - Cannot use both: sqlSessionTemplate and sqlSessionFactory together. sqlSessionFactory is ignored.
2026-04-10 00:14:23.713 [main] WARN  o.m.s.mapper.ClassPathMapperScanner - Cannot use both: sqlSessionTemplate and sqlSessionFactory together. sqlSessionFactory is ignored.
2026-04-10 00:14:23.714 [main] WARN  o.m.s.mapper.ClassPathMapperScanner - Cannot use both: sqlSessionTemplate and sqlSessionFactory together. sqlSessionFactory is ignored.
2026-04-10 00:14:23.714 [main] WARN  o.m.s.mapper.ClassPathMapperScanner - Cannot use both: sqlSessionTemplate and sqlSessionFactory together. sqlSessionFactory is ignored.
2026-04-10 00:14:23.715 [main] WARN  o.m.s.mapper.ClassPathMapperScanner - Cannot use both: sqlSessionTemplate and sqlSessionFactory together. sqlSessionFactory is ignored.
2026-04-10 00:14:23.715 [main] WARN  o.m.s.mapper.ClassPathMapperScanner - Cannot use both: sqlSessionTemplate and sqlSessionFactory together. sqlSessionFactory is ignored.
2026-04-10 00:14:23.716 [main] WARN  o.m.s.mapper.ClassPathMapperScanner - Cannot use both: sqlSessionTemplate and sqlSessionFactory together. sqlSessionFactory is ignored.
2026-04-10 00:14:23.717 [main] WARN  o.m.s.mapper.ClassPathMapperScanner - Cannot use both: sqlSessionTemplate and sqlSessionFactory together. sqlSessionFactory is ignored.
2026-04-10 00:14:23.717 [main] WARN  o.m.s.mapper.ClassPathMapperScanner - Cannot use both: sqlSessionTemplate and sqlSessionFactory together. sqlSessionFactory is ignored.
2026-04-10 00:14:23.718 [main] WARN  o.m.s.mapper.ClassPathMapperScanner - Cannot use both: sqlSessionTemplate and sqlSessionFactory together. sqlSessionFactory is ignored.
2026-04-10 00:14:23.718 [main] WARN  o.m.s.mapper.ClassPathMapperScanner - Cannot use both: sqlSessionTemplate and sqlSessionFactory together. sqlSessionFactory is ignored.
2026-04-10 00:14:23.719 [main] WARN  o.m.s.mapper.ClassPathMapperScanner - Cannot use both: sqlSessionTemplate and sqlSessionFactory together. sqlSessionFactory is ignored.
2026-04-10 00:14:23.719 [main] WARN  o.m.s.mapper.ClassPathMapperScanner - Cannot use both: sqlSessionTemplate and sqlSessionFactory together. sqlSessionFactory is ignored.
2026-04-10 00:14:23.719 [main] WARN  o.m.s.mapper.ClassPathMapperScanner - Cannot use both: sqlSessionTemplate and sqlSessionFactory together. sqlSessionFactory is ignored.
2026-04-10 00:14:23.720 [main] WARN  o.m.s.mapper.ClassPathMapperScanner - Cannot use both: sqlSessionTemplate and sqlSessionFactory together. sqlSessionFactory is ignored.
2026-04-10 00:14:23.723 [main] WARN  o.m.s.mapper.ClassPathMapperScanner - No MyBatis mapper was found in '[com.zyh.easyapplyresume.mapper.pgvector]' package. Please check your configuration.
2026-04-10 00:14:23.908 [main] INFO  o.s.cloud.context.scope.GenericScope - BeanFactory id=6bcd3ce5-01f4-36e7-804d-52ab932c851e
2026-04-10 00:14:24.851 [main] INFO  o.s.b.w.e.tomcat.TomcatWebServer - Tomcat initialized with port 8080 (http)
2026-04-10 00:14:24.866 [main] INFO  o.a.coyote.http11.Http11NioProtocol - Initializing ProtocolHandler ["http-nio-8080"]
2026-04-10 00:14:24.870 [main] INFO  o.a.catalina.core.StandardService - Starting service [Tomcat]
2026-04-10 00:14:24.870 [main] INFO  o.a.catalina.core.StandardEngine - Starting Servlet engine: [Apache Tomcat/10.1.31]
2026-04-10 00:14:24.992 [main] INFO  o.a.c.c.C.[Tomcat].[localhost].[/] - Initializing Spring embedded WebApplicationContext
2026-04-10 00:14:24.992 [main] INFO  o.s.b.w.s.c.ServletWebServerApplicationContext - Root WebApplicationContext: initialization completed in 3472 ms
2026-04-10 00:14:25.254 [main] ERROR o.s.b.w.e.tomcat.TomcatStarter - Error starting Tomcat context. Exception: org.springframework.beans.factory.UnsatisfiedDependencyException. Message: Error creating bean with name 'adminJwtAuthFilter': Unsatisfied dependency expressed through field 'stringRedisTemplate': Error creating bean with name 'redisConfig': Injection of autowired dependencies failed
2026-04-10 00:14:25.286 [main] INFO  o.a.catalina.core.StandardService - Stopping service [Tomcat]
2026-04-10 00:14:25.298 [main] WARN  o.s.b.w.s.c.AnnotationConfigServletWebServerApplicationContext - Exception encountered during context initialization - cancelling refresh attempt: org.springframework.context.ApplicationContextException: Unable to start web server
2026-04-10 00:14:25.316 [main] INFO  o.s.b.a.l.ConditionEvaluationReportLogger - 

Error starting ApplicationContext. To display the condition evaluation report re-run your application with 'debug' enabled.
2026-04-10 00:14:25.337 [main] ERROR o.s.boot.SpringApplication - Application run failed
org.springframework.context.ApplicationContextException: Unable to start web server
	at org.springframework.boot.web.servlet.context.ServletWebServerApplicationContext.onRefresh(ServletWebServerApplicationContext.java:165)
	at org.springframework.context.support.AbstractApplicationContext.refresh(AbstractApplicationContext.java:619)
	at org.springframework.boot.web.servlet.context.ServletWebServerApplicationContext.refresh(ServletWebServerApplicationContext.java:146)
	at org.springframework.boot.SpringApplication.refresh(SpringApplication.java:754)
	at org.springframework.boot.SpringApplication.refreshContext(SpringApplication.java:456)
	at org.springframework.boot.SpringApplication.run(SpringApplication.java:335)
	at org.springframework.boot.SpringApplication.run(SpringApplication.java:1363)
	at org.springframework.boot.SpringApplication.run(SpringApplication.java:1352)
	at com.zyh.easyapplyresume.EasyApplyResumeApplication.main(EasyApplyResumeApplication.java:21)
Caused by: org.springframework.boot.web.server.WebServerException: Unable to start embedded Tomcat
	at org.springframework.boot.web.embedded.tomcat.TomcatWebServer.initialize(TomcatWebServer.java:147)
	at org.springframework.boot.web.embedded.tomcat.TomcatWebServer.<init>(TomcatWebServer.java:107)
	at org.springframework.boot.web.embedded.tomcat.TomcatServletWebServerFactory.getTomcatWebServer(TomcatServletWebServerFactory.java:516)
	at org.springframework.boot.web.embedded.tomcat.TomcatServletWebServerFactory.getWebServer(TomcatServletWebServerFactory.java:222)
	at org.springframework.boot.web.servlet.context.ServletWebServerApplicationContext.createWebServer(ServletWebServerApplicationContext.java:188)
	at org.springframework.boot.web.servlet.context.ServletWebServerApplicationContext.onRefresh(ServletWebServerApplicationContext.java:162)
	... 8 common frames omitted
Caused by: org.springframework.beans.factory.UnsatisfiedDependencyException: Error creating bean with name 'adminJwtAuthFilter': Unsatisfied dependency expressed through field 'stringRedisTemplate': Error creating bean with name 'redisConfig': Injection of autowired dependencies failed
	at org.springframework.beans.factory.annotation.AutowiredAnnotationBeanPostProcessor$AutowiredFieldElement.resolveFieldValue(AutowiredAnnotationBeanPostProcessor.java:788)
	at org.springframework.beans.factory.annotation.AutowiredAnnotationBeanPostProcessor$AutowiredFieldElement.inject(AutowiredAnnotationBeanPostProcessor.java:768)
	at org.springframework.beans.factory.annotation.InjectionMetadata.inject(InjectionMetadata.java:145)
	at org.springframework.beans.factory.annotation.AutowiredAnnotationBeanPostProcessor.postProcessProperties(AutowiredAnnotationBeanPostProcessor.java:509)
	at org.springframework.beans.factory.support.AbstractAutowireCapableBeanFactory.populateBean(AbstractAutowireCapableBeanFactory.java:1439)
	at org.springframework.beans.factory.support.AbstractAutowireCapableBeanFactory.doCreateBean(AbstractAutowireCapableBeanFactory.java:599)
	at org.springframework.beans.factory.support.AbstractAutowireCapableBeanFactory.createBean(AbstractAutowireCapableBeanFactory.java:522)
	at org.springframework.beans.factory.support.AbstractBeanFactory.lambda$doGetBean$0(AbstractBeanFactory.java:337)
	at org.springframework.beans.factory.support.DefaultSingletonBeanRegistry.getSingleton(DefaultSingletonBeanRegistry.java:234)
	at org.springframework.beans.factory.support.AbstractBeanFactory.doGetBean(AbstractBeanFactory.java:335)
	at org.springframework.beans.factory.support.AbstractBeanFactory.getBean(AbstractBeanFactory.java:205)
	at org.springframework.boot.web.servlet.ServletContextInitializerBeans.getOrderedBeansOfType(ServletContextInitializerBeans.java:211)
	at org.springframework.boot.web.servlet.ServletContextInitializerBeans.addAsRegistrationBean(ServletContextInitializerBeans.java:174)
	at org.springframework.boot.web.servlet.ServletContextInitializerBeans.addAsRegistrationBean(ServletContextInitializerBeans.java:169)
	at org.springframework.boot.web.servlet.ServletContextInitializerBeans.addAdaptableBeans(ServletContextInitializerBeans.java:154)
	at org.springframework.boot.web.servlet.ServletContextInitializerBeans.<init>(ServletContextInitializerBeans.java:87)
	at org.springframework.boot.web.servlet.context.ServletWebServerApplicationContext.getServletContextInitializerBeans(ServletWebServerApplicationContext.java:266)
	at org.springframework.boot.web.servlet.context.ServletWebServerApplicationContext.selfInitialize(ServletWebServerApplicationContext.java:240)
	at org.springframework.boot.web.embedded.tomcat.TomcatStarter.onStartup(TomcatStarter.java:52)
	at org.apache.catalina.core.StandardContext.startInternal(StandardContext.java:4412)
	at org.apache.catalina.util.LifecycleBase.start(LifecycleBase.java:164)
	at org.apache.catalina.core.ContainerBase$StartChild.call(ContainerBase.java:1203)
	at org.apache.catalina.core.ContainerBase$StartChild.call(ContainerBase.java:1193)
	at java.base/java.util.concurrent.FutureTask.run$$$capture(FutureTask.java:317)
	at java.base/java.util.concurrent.FutureTask.run(FutureTask.java)
	at org.apache.tomcat.util.threads.InlineExecutorService.execute(InlineExecutorService.java:75)
	at java.base/java.util.concurrent.AbstractExecutorService.submit(AbstractExecutorService.java:145)
	at org.apache.catalina.core.ContainerBase.startInternal(ContainerBase.java:749)
	at org.apache.catalina.core.StandardHost.startInternal(StandardHost.java:772)
	at org.apache.catalina.util.LifecycleBase.start(LifecycleBase.java:164)
	at org.apache.catalina.core.ContainerBase$StartChild.call(ContainerBase.java:1203)
	at org.apache.catalina.core.ContainerBase$StartChild.call(ContainerBase.java:1193)
	at java.base/java.util.concurrent.FutureTask.run$$$capture(FutureTask.java:317)
	at java.base/java.util.concurrent.FutureTask.run(FutureTask.java)
	at org.apache.tomcat.util.threads.InlineExecutorService.execute(InlineExecutorService.java:75)
	at java.base/java.util.concurrent.AbstractExecutorService.submit(AbstractExecutorService.java:145)
	at org.apache.catalina.core.ContainerBase.startInternal(ContainerBase.java:749)
	at org.apache.catalina.core.StandardEngine.startInternal(StandardEngine.java:203)
	at org.apache.catalina.util.LifecycleBase.start(LifecycleBase.java:164)
	at org.apache.catalina.core.StandardService.startInternal(StandardService.java:415)
	at org.apache.catalina.util.LifecycleBase.start(LifecycleBase.java:164)
	at org.apache.catalina.core.StandardServer.startInternal(StandardServer.java:870)
	at org.apache.catalina.util.LifecycleBase.start(LifecycleBase.java:164)
	at org.apache.catalina.startup.Tomcat.start(Tomcat.java:437)
	at org.springframework.boot.web.embedded.tomcat.TomcatWebServer.initialize(TomcatWebServer.java:128)
	... 13 common frames omitted
Caused by: org.springframework.beans.factory.BeanCreationException: Error creating bean with name 'redisConfig': Injection of autowired dependencies failed
	at org.springframework.beans.factory.annotation.AutowiredAnnotationBeanPostProcessor.postProcessProperties(AutowiredAnnotationBeanPostProcessor.java:515)
	at org.springframework.beans.factory.support.AbstractAutowireCapableBeanFactory.populateBean(AbstractAutowireCapableBeanFactory.java:1439)
	at org.springframework.beans.factory.support.AbstractAutowireCapableBeanFactory.doCreateBean(AbstractAutowireCapableBeanFactory.java:599)
	at org.springframework.beans.factory.support.AbstractAutowireCapableBeanFactory.createBean(AbstractAutowireCapableBeanFactory.java:522)
	at org.springframework.beans.factory.support.AbstractBeanFactory.lambda$doGetBean$0(AbstractBeanFactory.java:337)
	at org.springframework.beans.factory.support.DefaultSingletonBeanRegistry.getSingleton(DefaultSingletonBeanRegistry.java:234)
	at org.springframework.beans.factory.support.AbstractBeanFactory.doGetBean(AbstractBeanFactory.java:335)
	at org.springframework.beans.factory.support.AbstractBeanFactory.getBean(AbstractBeanFactory.java:200)
	at org.springframework.beans.factory.support.ConstructorResolver.instantiateUsingFactoryMethod(ConstructorResolver.java:409)
	at org.springframework.beans.factory.support.AbstractAutowireCapableBeanFactory.instantiateUsingFactoryMethod(AbstractAutowireCapableBeanFactory.java:1355)
	at org.springframework.beans.factory.support.AbstractAutowireCapableBeanFactory.createBeanInstance(AbstractAutowireCapableBeanFactory.java:1185)
	at org.springframework.beans.factory.support.AbstractAutowireCapableBeanFactory.doCreateBean(AbstractAutowireCapableBeanFactory.java:562)
	at org.springframework.beans.factory.support.AbstractAutowireCapableBeanFactory.createBean(AbstractAutowireCapableBeanFactory.java:522)
	at org.springframework.beans.factory.support.AbstractBeanFactory.lambda$doGetBean$0(AbstractBeanFactory.java:337)
	at org.springframework.beans.factory.support.DefaultSingletonBeanRegistry.getSingleton(DefaultSingletonBeanRegistry.java:234)
	at org.springframework.beans.factory.support.AbstractBeanFactory.doGetBean(AbstractBeanFactory.java:335)
	at org.springframework.beans.factory.support.AbstractBeanFactory.getBean(AbstractBeanFactory.java:200)
	at org.springframework.beans.factory.config.DependencyDescriptor.resolveCandidate(DependencyDescriptor.java:254)
	at org.springframework.beans.factory.support.DefaultListableBeanFactory.doResolveDependency(DefaultListableBeanFactory.java:1443)
	at org.springframework.beans.factory.support.DefaultListableBeanFactory.resolveDependency(DefaultListableBeanFactory.java:1353)
	at org.springframework.beans.factory.annotation.AutowiredAnnotationBeanPostProcessor$AutowiredFieldElement.resolveFieldValue(AutowiredAnnotationBeanPostProcessor.java:785)
	... 57 common frames omitted
Caused by: java.lang.IllegalArgumentException: Could not resolve placeholder 'spring.data.redis.host' in value "${spring.data.redis.host}"
	at org.springframework.util.PropertyPlaceholderHelper.parseStringValue(PropertyPlaceholderHelper.java:180)
	at org.springframework.util.PropertyPlaceholderHelper.replacePlaceholders(PropertyPlaceholderHelper.java:126)
	at org.springframework.core.env.AbstractPropertyResolver.doResolvePlaceholders(AbstractPropertyResolver.java:239)
	at org.springframework.core.env.AbstractPropertyResolver.resolveRequiredPlaceholders(AbstractPropertyResolver.java:210)
	at org.springframework.context.support.PropertySourcesPlaceholderConfigurer.lambda$processProperties$0(PropertySourcesPlaceholderConfigurer.java:200)
	at org.springframework.beans.factory.support.AbstractBeanFactory.resolveEmbeddedValue(AbstractBeanFactory.java:964)
	at org.springframework.beans.factory.support.DefaultListableBeanFactory.doResolveDependency(DefaultListableBeanFactory.java:1374)
	at org.springframework.beans.factory.support.DefaultListableBeanFactory.resolveDependency(DefaultListableBeanFactory.java:1353)
	at org.springframework.beans.factory.annotation.AutowiredAnnotationBeanPostProcessor$AutowiredFieldElement.resolveFieldValue(AutowiredAnnotationBeanPostProcessor.java:785)
	at org.springframework.beans.factory.annotation.AutowiredAnnotationBeanPostProcessor$AutowiredFieldElement.inject(AutowiredAnnotationBeanPostProcessor.java:768)
	at org.springframework.beans.factory.annotation.InjectionMetadata.inject(InjectionMetadata.java:145)
	at org.springframework.beans.factory.annotation.AutowiredAnnotationBeanPostProcessor.postProcessProperties(AutowiredAnnotationBeanPostProcessor.java:509)
	... 77 common frames omitted
2026-04-10 00:35:50.882 [Thread-1] WARN  c.a.n.c.executor.ThreadPoolManager - [ThreadPoolManager] Start destroying ThreadPool
2026-04-10 00:35:50.883 [Thread-6] WARN  c.a.n.c.http.HttpClientBeanHolder - [HttpClientBeanHolder] Start destroying common HttpClient
2026-04-10 00:35:50.883 [Thread-8] WARN  c.a.nacos.common.notify.NotifyCenter - [NotifyCenter] Start destroying Publisher
2026-04-10 00:35:50.885 [Thread-8] WARN  c.a.nacos.common.notify.NotifyCenter - [NotifyCenter] Destruction of the end
2026-04-10 00:35:50.885 [Thread-1] WARN  c.a.n.c.executor.ThreadPoolManager - [ThreadPoolManager] Destruction of the end
2026-04-10 00:36:07.911 [background-preinit] INFO  o.h.validator.internal.util.Version - HV000001: Hibernate Validator 8.0.1.Final
2026-04-10 00:36:07.969 [main] INFO  c.z.e.EasyApplyResumeApplication - Starting EasyApplyResumeApplication using Java 21.0.9 with PID 41744 (C:\Users\shini\IdeaProjects\EasyApplyResume\target\classes started by shini in C:\Users\shini\IdeaProjects\EasyApplyResume)
2026-04-10 00:36:07.970 [main] DEBUG c.z.e.EasyApplyResumeApplication - Running with Spring Boot v3.3.5, Spring v6.1.14
2026-04-10 00:36:07.971 [main] INFO  c.z.e.EasyApplyResumeApplication - The following 1 profile is active: "dev"
2026-04-10 00:36:08.256 [main] WARN  c.a.c.n.c.NacosConfigDataLoader - [Nacos Config] config[dataId=EasyApplyResume-dev.yaml, group=DEFAULT_GROUP] is empty
2026-04-10 00:36:08.257 [main] WARN  c.a.c.n.c.NacosConfigDataLoader - [Nacos Config] config[dataId=EasyApplyResume.yaml, group=DEFAULT_GROUP] is empty
2026-04-10 00:36:10.510 [main] INFO  o.s.d.r.c.RepositoryConfigurationDelegate - Multiple Spring Data modules found, entering strict repository configuration mode
2026-04-10 00:36:10.512 [main] INFO  o.s.d.r.c.RepositoryConfigurationDelegate - Bootstrapping Spring Data Redis repositories in DEFAULT mode.
2026-04-10 00:36:10.580 [main] INFO  o.s.d.r.c.RepositoryConfigurationDelegate - Finished Spring Data repository scanning in 53 ms. Found 0 Redis repository interfaces.
2026-04-10 00:36:10.773 [main] WARN  o.m.s.mapper.ClassPathMapperScanner - Cannot use both: sqlSessionTemplate and sqlSessionFactory together. sqlSessionFactory is ignored.
2026-04-10 00:36:10.773 [main] WARN  o.m.s.mapper.ClassPathMapperScanner - Cannot use both: sqlSessionTemplate and sqlSessionFactory together. sqlSessionFactory is ignored.
2026-04-10 00:36:10.774 [main] WARN  o.m.s.mapper.ClassPathMapperScanner - Cannot use both: sqlSessionTemplate and sqlSessionFactory together. sqlSessionFactory is ignored.
2026-04-10 00:36:10.775 [main] WARN  o.m.s.mapper.ClassPathMapperScanner - Cannot use both: sqlSessionTemplate and sqlSessionFactory together. sqlSessionFactory is ignored.
2026-04-10 00:36:10.775 [main] WARN  o.m.s.mapper.ClassPathMapperScanner - Cannot use both: sqlSessionTemplate and sqlSessionFactory together. sqlSessionFactory is ignored.
2026-04-10 00:36:10.776 [main] WARN  o.m.s.mapper.ClassPathMapperScanner - Cannot use both: sqlSessionTemplate and sqlSessionFactory together. sqlSessionFactory is ignored.
2026-04-10 00:36:10.776 [main] WARN  o.m.s.mapper.ClassPathMapperScanner - Cannot use both: sqlSessionTemplate and sqlSessionFactory together. sqlSessionFactory is ignored.
2026-04-10 00:36:10.777 [main] WARN  o.m.s.mapper.ClassPathMapperScanner - Cannot use both: sqlSessionTemplate and sqlSessionFactory together. sqlSessionFactory is ignored.
2026-04-10 00:36:10.777 [main] WARN  o.m.s.mapper.ClassPathMapperScanner - Cannot use both: sqlSessionTemplate and sqlSessionFactory together. sqlSessionFactory is ignored.
2026-04-10 00:36:10.779 [main] WARN  o.m.s.mapper.ClassPathMapperScanner - Cannot use both: sqlSessionTemplate and sqlSessionFactory together. sqlSessionFactory is ignored.
2026-04-10 00:36:10.780 [main] WARN  o.m.s.mapper.ClassPathMapperScanner - Cannot use both: sqlSessionTemplate and sqlSessionFactory together. sqlSessionFactory is ignored.
2026-04-10 00:36:10.781 [main] WARN  o.m.s.mapper.ClassPathMapperScanner - Cannot use both: sqlSessionTemplate and sqlSessionFactory together. sqlSessionFactory is ignored.
2026-04-10 00:36:10.782 [main] WARN  o.m.s.mapper.ClassPathMapperScanner - Cannot use both: sqlSessionTemplate and sqlSessionFactory together. sqlSessionFactory is ignored.
2026-04-10 00:36:10.783 [main] WARN  o.m.s.mapper.ClassPathMapperScanner - Cannot use both: sqlSessionTemplate and sqlSessionFactory together. sqlSessionFactory is ignored.
2026-04-10 00:36:10.783 [main] WARN  o.m.s.mapper.ClassPathMapperScanner - Cannot use both: sqlSessionTemplate and sqlSessionFactory together. sqlSessionFactory is ignored.
2026-04-10 00:36:10.784 [main] WARN  o.m.s.mapper.ClassPathMapperScanner - Cannot use both: sqlSessionTemplate and sqlSessionFactory together. sqlSessionFactory is ignored.
2026-04-10 00:36:10.784 [main] WARN  o.m.s.mapper.ClassPathMapperScanner - Cannot use both: sqlSessionTemplate and sqlSessionFactory together. sqlSessionFactory is ignored.
2026-04-10 00:36:10.784 [main] WARN  o.m.s.mapper.ClassPathMapperScanner - Cannot use both: sqlSessionTemplate and sqlSessionFactory together. sqlSessionFactory is ignored.
2026-04-10 00:36:10.785 [main] WARN  o.m.s.mapper.ClassPathMapperScanner - Cannot use both: sqlSessionTemplate and sqlSessionFactory together. sqlSessionFactory is ignored.
2026-04-10 00:36:10.786 [main] WARN  o.m.s.mapper.ClassPathMapperScanner - Cannot use both: sqlSessionTemplate and sqlSessionFactory together. sqlSessionFactory is ignored.
2026-04-10 00:36:10.786 [main] WARN  o.m.s.mapper.ClassPathMapperScanner - Cannot use both: sqlSessionTemplate and sqlSessionFactory together. sqlSessionFactory is ignored.
2026-04-10 00:36:10.787 [main] WARN  o.m.s.mapper.ClassPathMapperScanner - Cannot use both: sqlSessionTemplate and sqlSessionFactory together. sqlSessionFactory is ignored.
2026-04-10 00:36:10.787 [main] WARN  o.m.s.mapper.ClassPathMapperScanner - Cannot use both: sqlSessionTemplate and sqlSessionFactory together. sqlSessionFactory is ignored.
2026-04-10 00:36:10.788 [main] WARN  o.m.s.mapper.ClassPathMapperScanner - Cannot use both: sqlSessionTemplate and sqlSessionFactory together. sqlSessionFactory is ignored.
2026-04-10 00:36:10.788 [main] WARN  o.m.s.mapper.ClassPathMapperScanner - Cannot use both: sqlSessionTemplate and sqlSessionFactory together. sqlSessionFactory is ignored.
2026-04-10 00:36:10.789 [main] WARN  o.m.s.mapper.ClassPathMapperScanner - Cannot use both: sqlSessionTemplate and sqlSessionFactory together. sqlSessionFactory is ignored.
2026-04-10 00:36:10.789 [main] WARN  o.m.s.mapper.ClassPathMapperScanner - Cannot use both: sqlSessionTemplate and sqlSessionFactory together. sqlSessionFactory is ignored.
2026-04-10 00:36:10.790 [main] WARN  o.m.s.mapper.ClassPathMapperScanner - Cannot use both: sqlSessionTemplate and sqlSessionFactory together. sqlSessionFactory is ignored.
2026-04-10 00:36:10.790 [main] WARN  o.m.s.mapper.ClassPathMapperScanner - Cannot use both: sqlSessionTemplate and sqlSessionFactory together. sqlSessionFactory is ignored.
2026-04-10 00:36:10.790 [main] WARN  o.m.s.mapper.ClassPathMapperScanner - Cannot use both: sqlSessionTemplate and sqlSessionFactory together. sqlSessionFactory is ignored.
2026-04-10 00:36:10.791 [main] WARN  o.m.s.mapper.ClassPathMapperScanner - Cannot use both: sqlSessionTemplate and sqlSessionFactory together. sqlSessionFactory is ignored.
2026-04-10 00:36:10.791 [main] WARN  o.m.s.mapper.ClassPathMapperScanner - Cannot use both: sqlSessionTemplate and sqlSessionFactory together. sqlSessionFactory is ignored.
2026-04-10 00:36:10.791 [main] WARN  o.m.s.mapper.ClassPathMapperScanner - Cannot use both: sqlSessionTemplate and sqlSessionFactory together. sqlSessionFactory is ignored.
2026-04-10 00:36:10.791 [main] WARN  o.m.s.mapper.ClassPathMapperScanner - Cannot use both: sqlSessionTemplate and sqlSessionFactory together. sqlSessionFactory is ignored.
2026-04-10 00:36:10.792 [main] WARN  o.m.s.mapper.ClassPathMapperScanner - Cannot use both: sqlSessionTemplate and sqlSessionFactory together. sqlSessionFactory is ignored.
2026-04-10 00:36:10.792 [main] WARN  o.m.s.mapper.ClassPathMapperScanner - Cannot use both: sqlSessionTemplate and sqlSessionFactory together. sqlSessionFactory is ignored.
2026-04-10 00:36:10.792 [main] WARN  o.m.s.mapper.ClassPathMapperScanner - Cannot use both: sqlSessionTemplate and sqlSessionFactory together. sqlSessionFactory is ignored.
2026-04-10 00:36:10.793 [main] WARN  o.m.s.mapper.ClassPathMapperScanner - Cannot use both: sqlSessionTemplate and sqlSessionFactory together. sqlSessionFactory is ignored.
2026-04-10 00:36:10.793 [main] WARN  o.m.s.mapper.ClassPathMapperScanner - Cannot use both: sqlSessionTemplate and sqlSessionFactory together. sqlSessionFactory is ignored.
2026-04-10 00:36:10.793 [main] WARN  o.m.s.mapper.ClassPathMapperScanner - Cannot use both: sqlSessionTemplate and sqlSessionFactory together. sqlSessionFactory is ignored.
2026-04-10 00:36:10.793 [main] WARN  o.m.s.mapper.ClassPathMapperScanner - Cannot use both: sqlSessionTemplate and sqlSessionFactory together. sqlSessionFactory is ignored.
2026-04-10 00:36:10.794 [main] WARN  o.m.s.mapper.ClassPathMapperScanner - Cannot use both: sqlSessionTemplate and sqlSessionFactory together. sqlSessionFactory is ignored.
2026-04-10 00:36:10.794 [main] WARN  o.m.s.mapper.ClassPathMapperScanner - Cannot use both: sqlSessionTemplate and sqlSessionFactory together. sqlSessionFactory is ignored.
2026-04-10 00:36:10.794 [main] WARN  o.m.s.mapper.ClassPathMapperScanner - Cannot use both: sqlSessionTemplate and sqlSessionFactory together. sqlSessionFactory is ignored.
2026-04-10 00:36:10.795 [main] WARN  o.m.s.mapper.ClassPathMapperScanner - Cannot use both: sqlSessionTemplate and sqlSessionFactory together. sqlSessionFactory is ignored.
2026-04-10 00:36:10.796 [main] WARN  o.m.s.mapper.ClassPathMapperScanner - Cannot use both: sqlSessionTemplate and sqlSessionFactory together. sqlSessionFactory is ignored.
2026-04-10 00:36:10.797 [main] WARN  o.m.s.mapper.ClassPathMapperScanner - Cannot use both: sqlSessionTemplate and sqlSessionFactory together. sqlSessionFactory is ignored.
2026-04-10 00:36:10.798 [main] WARN  o.m.s.mapper.ClassPathMapperScanner - Cannot use both: sqlSessionTemplate and sqlSessionFactory together. sqlSessionFactory is ignored.
2026-04-10 00:36:10.799 [main] WARN  o.m.s.mapper.ClassPathMapperScanner - Cannot use both: sqlSessionTemplate and sqlSessionFactory together. sqlSessionFactory is ignored.
2026-04-10 00:36:10.802 [main] WARN  o.m.s.mapper.ClassPathMapperScanner - No MyBatis mapper was found in '[com.zyh.easyapplyresume.mapper.pgvector]' package. Please check your configuration.
2026-04-10 00:36:11.015 [main] INFO  o.s.cloud.context.scope.GenericScope - BeanFactory id=846e82bc-f2be-38e4-9604-4ee885b9bb10
2026-04-10 00:36:12.099 [main] INFO  o.s.b.w.e.tomcat.TomcatWebServer - Tomcat initialized with port 8080 (http)
2026-04-10 00:36:12.120 [main] INFO  o.a.coyote.http11.Http11NioProtocol - Initializing ProtocolHandler ["http-nio-8080"]
2026-04-10 00:36:12.125 [main] INFO  o.a.catalina.core.StandardService - Starting service [Tomcat]
2026-04-10 00:36:12.125 [main] INFO  o.a.catalina.core.StandardEngine - Starting Servlet engine: [Apache Tomcat/10.1.31]
2026-04-10 00:36:12.257 [main] INFO  o.a.c.c.C.[Tomcat].[localhost].[/] - Initializing Spring embedded WebApplicationContext
2026-04-10 00:36:12.257 [main] INFO  o.s.b.w.s.c.ServletWebServerApplicationContext - Root WebApplicationContext: initialization completed in 3998 ms
2026-04-10 00:36:12.627 [main] ERROR o.s.b.w.e.tomcat.TomcatStarter - Error starting Tomcat context. Exception: org.springframework.beans.factory.UnsatisfiedDependencyException. Message: Error creating bean with name 'adminJwtAuthFilter': Unsatisfied dependency expressed through field 'stringRedisTemplate': Error creating bean with name 'redisConfig': Injection of autowired dependencies failed
2026-04-10 00:36:12.683 [main] INFO  o.a.catalina.core.StandardService - Stopping service [Tomcat]
2026-04-10 00:36:12.699 [main] WARN  o.s.b.w.s.c.AnnotationConfigServletWebServerApplicationContext - Exception encountered during context initialization - cancelling refresh attempt: org.springframework.context.ApplicationContextException: Unable to start web server
2026-04-10 00:36:12.717 [main] INFO  o.s.b.a.l.ConditionEvaluationReportLogger - 

Error starting ApplicationContext. To display the condition evaluation report re-run your application with 'debug' enabled.
2026-04-10 00:36:12.741 [main] ERROR o.s.boot.SpringApplication - Application run failed
org.springframework.context.ApplicationContextException: Unable to start web server
	at org.springframework.boot.web.servlet.context.ServletWebServerApplicationContext.onRefresh(ServletWebServerApplicationContext.java:165)
	at org.springframework.context.support.AbstractApplicationContext.refresh(AbstractApplicationContext.java:619)
	at org.springframework.boot.web.servlet.context.ServletWebServerApplicationContext.refresh(ServletWebServerApplicationContext.java:146)
	at org.springframework.boot.SpringApplication.refresh(SpringApplication.java:754)
	at org.springframework.boot.SpringApplication.refreshContext(SpringApplication.java:456)
	at org.springframework.boot.SpringApplication.run(SpringApplication.java:335)
	at org.springframework.boot.SpringApplication.run(SpringApplication.java:1363)
	at org.springframework.boot.SpringApplication.run(SpringApplication.java:1352)
	at com.zyh.easyapplyresume.EasyApplyResumeApplication.main(EasyApplyResumeApplication.java:23)
Caused by: org.springframework.boot.web.server.WebServerException: Unable to start embedded Tomcat
	at org.springframework.boot.web.embedded.tomcat.TomcatWebServer.initialize(TomcatWebServer.java:147)
	at org.springframework.boot.web.embedded.tomcat.TomcatWebServer.<init>(TomcatWebServer.java:107)
	at org.springframework.boot.web.embedded.tomcat.TomcatServletWebServerFactory.getTomcatWebServer(TomcatServletWebServerFactory.java:516)
	at org.springframework.boot.web.embedded.tomcat.TomcatServletWebServerFactory.getWebServer(TomcatServletWebServerFactory.java:222)
	at org.springframework.boot.web.servlet.context.ServletWebServerApplicationContext.createWebServer(ServletWebServerApplicationContext.java:188)
	at org.springframework.boot.web.servlet.context.ServletWebServerApplicationContext.onRefresh(ServletWebServerApplicationContext.java:162)
	... 8 common frames omitted
Caused by: org.springframework.beans.factory.UnsatisfiedDependencyException: Error creating bean with name 'adminJwtAuthFilter': Unsatisfied dependency expressed through field 'stringRedisTemplate': Error creating bean with name 'redisConfig': Injection of autowired dependencies failed
	at org.springframework.beans.factory.annotation.AutowiredAnnotationBeanPostProcessor$AutowiredFieldElement.resolveFieldValue(AutowiredAnnotationBeanPostProcessor.java:788)
	at org.springframework.beans.factory.annotation.AutowiredAnnotationBeanPostProcessor$AutowiredFieldElement.inject(AutowiredAnnotationBeanPostProcessor.java:768)
	at org.springframework.beans.factory.annotation.InjectionMetadata.inject(InjectionMetadata.java:145)
	at org.springframework.beans.factory.annotation.AutowiredAnnotationBeanPostProcessor.postProcessProperties(AutowiredAnnotationBeanPostProcessor.java:509)
	at org.springframework.beans.factory.support.AbstractAutowireCapableBeanFactory.populateBean(AbstractAutowireCapableBeanFactory.java:1439)
	at org.springframework.beans.factory.support.AbstractAutowireCapableBeanFactory.doCreateBean(AbstractAutowireCapableBeanFactory.java:599)
	at org.springframework.beans.factory.support.AbstractAutowireCapableBeanFactory.createBean(AbstractAutowireCapableBeanFactory.java:522)
	at org.springframework.beans.factory.support.AbstractBeanFactory.lambda$doGetBean$0(AbstractBeanFactory.java:337)
	at org.springframework.beans.factory.support.DefaultSingletonBeanRegistry.getSingleton(DefaultSingletonBeanRegistry.java:234)
	at org.springframework.beans.factory.support.AbstractBeanFactory.doGetBean(AbstractBeanFactory.java:335)
	at org.springframework.beans.factory.support.AbstractBeanFactory.getBean(AbstractBeanFactory.java:205)
	at org.springframework.boot.web.servlet.ServletContextInitializerBeans.getOrderedBeansOfType(ServletContextInitializerBeans.java:211)
	at org.springframework.boot.web.servlet.ServletContextInitializerBeans.addAsRegistrationBean(ServletContextInitializerBeans.java:174)
	at org.springframework.boot.web.servlet.ServletContextInitializerBeans.addAsRegistrationBean(ServletContextInitializerBeans.java:169)
	at org.springframework.boot.web.servlet.ServletContextInitializerBeans.addAdaptableBeans(ServletContextInitializerBeans.java:154)
	at org.springframework.boot.web.servlet.ServletContextInitializerBeans.<init>(ServletContextInitializerBeans.java:87)
	at org.springframework.boot.web.servlet.context.ServletWebServerApplicationContext.getServletContextInitializerBeans(ServletWebServerApplicationContext.java:266)
	at org.springframework.boot.web.servlet.context.ServletWebServerApplicationContext.selfInitialize(ServletWebServerApplicationContext.java:240)
	at org.springframework.boot.web.embedded.tomcat.TomcatStarter.onStartup(TomcatStarter.java:52)
	at org.apache.catalina.core.StandardContext.startInternal(StandardContext.java:4412)
	at org.apache.catalina.util.LifecycleBase.start(LifecycleBase.java:164)
	at org.apache.catalina.core.ContainerBase$StartChild.call(ContainerBase.java:1203)
	at org.apache.catalina.core.ContainerBase$StartChild.call(ContainerBase.java:1193)
	at java.base/java.util.concurrent.FutureTask.run$$$capture(FutureTask.java:317)
	at java.base/java.util.concurrent.FutureTask.run(FutureTask.java)
	at org.apache.tomcat.util.threads.InlineExecutorService.execute(InlineExecutorService.java:75)
	at java.base/java.util.concurrent.AbstractExecutorService.submit(AbstractExecutorService.java:145)
	at org.apache.catalina.core.ContainerBase.startInternal(ContainerBase.java:749)
	at org.apache.catalina.core.StandardHost.startInternal(StandardHost.java:772)
	at org.apache.catalina.util.LifecycleBase.start(LifecycleBase.java:164)
	at org.apache.catalina.core.ContainerBase$StartChild.call(ContainerBase.java:1203)
	at org.apache.catalina.core.ContainerBase$StartChild.call(ContainerBase.java:1193)
	at java.base/java.util.concurrent.FutureTask.run$$$capture(FutureTask.java:317)
	at java.base/java.util.concurrent.FutureTask.run(FutureTask.java)
	at org.apache.tomcat.util.threads.InlineExecutorService.execute(InlineExecutorService.java:75)
	at java.base/java.util.concurrent.AbstractExecutorService.submit(AbstractExecutorService.java:145)
	at org.apache.catalina.core.ContainerBase.startInternal(ContainerBase.java:749)
	at org.apache.catalina.core.StandardEngine.startInternal(StandardEngine.java:203)
	at org.apache.catalina.util.LifecycleBase.start(LifecycleBase.java:164)
	at org.apache.catalina.core.StandardService.startInternal(StandardService.java:415)
	at org.apache.catalina.util.LifecycleBase.start(LifecycleBase.java:164)
	at org.apache.catalina.core.StandardServer.startInternal(StandardServer.java:870)
	at org.apache.catalina.util.LifecycleBase.start(LifecycleBase.java:164)
	at org.apache.catalina.startup.Tomcat.start(Tomcat.java:437)
	at org.springframework.boot.web.embedded.tomcat.TomcatWebServer.initialize(TomcatWebServer.java:128)
	... 13 common frames omitted
Caused by: org.springframework.beans.factory.BeanCreationException: Error creating bean with name 'redisConfig': Injection of autowired dependencies failed
	at org.springframework.beans.factory.annotation.AutowiredAnnotationBeanPostProcessor.postProcessProperties(AutowiredAnnotationBeanPostProcessor.java:515)
	at org.springframework.beans.factory.support.AbstractAutowireCapableBeanFactory.populateBean(AbstractAutowireCapableBeanFactory.java:1439)
	at org.springframework.beans.factory.support.AbstractAutowireCapableBeanFactory.doCreateBean(AbstractAutowireCapableBeanFactory.java:599)
	at org.springframework.beans.factory.support.AbstractAutowireCapableBeanFactory.createBean(AbstractAutowireCapableBeanFactory.java:522)
	at org.springframework.beans.factory.support.AbstractBeanFactory.lambda$doGetBean$0(AbstractBeanFactory.java:337)
	at org.springframework.beans.factory.support.DefaultSingletonBeanRegistry.getSingleton(DefaultSingletonBeanRegistry.java:234)
	at org.springframework.beans.factory.support.AbstractBeanFactory.doGetBean(AbstractBeanFactory.java:335)
	at org.springframework.beans.factory.support.AbstractBeanFactory.getBean(AbstractBeanFactory.java:200)
	at org.springframework.beans.factory.support.ConstructorResolver.instantiateUsingFactoryMethod(ConstructorResolver.java:409)
	at org.springframework.beans.factory.support.AbstractAutowireCapableBeanFactory.instantiateUsingFactoryMethod(AbstractAutowireCapableBeanFactory.java:1355)
	at org.springframework.beans.factory.support.AbstractAutowireCapableBeanFactory.createBeanInstance(AbstractAutowireCapableBeanFactory.java:1185)
	at org.springframework.beans.factory.support.AbstractAutowireCapableBeanFactory.doCreateBean(AbstractAutowireCapableBeanFactory.java:562)
	at org.springframework.beans.factory.support.AbstractAutowireCapableBeanFactory.createBean(AbstractAutowireCapableBeanFactory.java:522)
	at org.springframework.beans.factory.support.AbstractBeanFactory.lambda$doGetBean$0(AbstractBeanFactory.java:337)
	at org.springframework.beans.factory.support.DefaultSingletonBeanRegistry.getSingleton(DefaultSingletonBeanRegistry.java:234)
	at org.springframework.beans.factory.support.AbstractBeanFactory.doGetBean(AbstractBeanFactory.java:335)
	at org.springframework.beans.factory.support.AbstractBeanFactory.getBean(AbstractBeanFactory.java:200)
	at org.springframework.beans.factory.config.DependencyDescriptor.resolveCandidate(DependencyDescriptor.java:254)
	at org.springframework.beans.factory.support.DefaultListableBeanFactory.doResolveDependency(DefaultListableBeanFactory.java:1443)
	at org.springframework.beans.factory.support.DefaultListableBeanFactory.resolveDependency(DefaultListableBeanFactory.java:1353)
	at org.springframework.beans.factory.annotation.AutowiredAnnotationBeanPostProcessor$AutowiredFieldElement.resolveFieldValue(AutowiredAnnotationBeanPostProcessor.java:785)
	... 57 common frames omitted
Caused by: java.lang.IllegalArgumentException: Could not resolve placeholder 'spring.data.redis.host' in value "${spring.data.redis.host}"
	at org.springframework.util.PropertyPlaceholderHelper.parseStringValue(PropertyPlaceholderHelper.java:180)
	at org.springframework.util.PropertyPlaceholderHelper.replacePlaceholders(PropertyPlaceholderHelper.java:126)
	at org.springframework.core.env.AbstractPropertyResolver.doResolvePlaceholders(AbstractPropertyResolver.java:239)
	at org.springframework.core.env.AbstractPropertyResolver.resolveRequiredPlaceholders(AbstractPropertyResolver.java:210)
	at org.springframework.context.support.PropertySourcesPlaceholderConfigurer.lambda$processProperties$0(PropertySourcesPlaceholderConfigurer.java:200)
	at org.springframework.beans.factory.support.AbstractBeanFactory.resolveEmbeddedValue(AbstractBeanFactory.java:964)
	at org.springframework.beans.factory.support.DefaultListableBeanFactory.doResolveDependency(DefaultListableBeanFactory.java:1374)
	at org.springframework.beans.factory.support.DefaultListableBeanFactory.resolveDependency(DefaultListableBeanFactory.java:1353)
	at org.springframework.beans.factory.annotation.AutowiredAnnotationBeanPostProcessor$AutowiredFieldElement.resolveFieldValue(AutowiredAnnotationBeanPostProcessor.java:785)
	at org.springframework.beans.factory.annotation.AutowiredAnnotationBeanPostProcessor$AutowiredFieldElement.inject(AutowiredAnnotationBeanPostProcessor.java:768)
	at org.springframework.beans.factory.annotation.InjectionMetadata.inject(InjectionMetadata.java:145)
	at org.springframework.beans.factory.annotation.AutowiredAnnotationBeanPostProcessor.postProcessProperties(AutowiredAnnotationBeanPostProcessor.java:509)
	... 77 common frames omitted
2026-04-10 00:49:38.141 [Thread-8] WARN  c.a.nacos.common.notify.NotifyCenter - [NotifyCenter] Start destroying Publisher
2026-04-10 00:49:38.140 [Thread-1] WARN  c.a.n.c.executor.ThreadPoolManager - [ThreadPoolManager] Start destroying ThreadPool
2026-04-10 00:49:38.141 [Thread-6] WARN  c.a.n.c.http.HttpClientBeanHolder - [HttpClientBeanHolder] Start destroying common HttpClient
2026-04-10 00:49:38.142 [Thread-8] WARN  c.a.nacos.common.notify.NotifyCenter - [NotifyCenter] Destruction of the end
2026-04-10 00:49:38.144 [Thread-1] WARN  c.a.n.c.executor.ThreadPoolManager - [ThreadPoolManager] Destruction of the end
2026-04-10 00:49:56.442 [background-preinit] INFO  o.h.validator.internal.util.Version - HV000001: Hibernate Validator 8.0.1.Final
2026-04-10 00:49:56.509 [main] INFO  c.z.e.EasyApplyResumeApplication - Starting EasyApplyResumeApplication using Java 21.0.9 with PID 31368 (C:\Users\shini\IdeaProjects\EasyApplyResume\target\classes started by shini in C:\Users\shini\IdeaProjects\EasyApplyResume)
2026-04-10 00:49:56.511 [main] DEBUG c.z.e.EasyApplyResumeApplication - Running with Spring Boot v3.3.5, Spring v6.1.14
2026-04-10 00:49:56.511 [main] INFO  c.z.e.EasyApplyResumeApplication - The following 1 profile is active: "dev"
2026-04-10 00:49:56.782 [main] WARN  c.a.c.n.c.NacosConfigDataLoader - [Nacos Config] config[dataId=EasyApplyResume-dev.yaml, group=DEFAULT_GROUP] is empty
2026-04-10 00:49:56.783 [main] WARN  c.a.c.n.c.NacosConfigDataLoader - [Nacos Config] config[dataId=EasyApplyResume.yaml, group=DEFAULT_GROUP] is empty
2026-04-10 00:49:59.208 [main] INFO  o.s.d.r.c.RepositoryConfigurationDelegate - Multiple Spring Data modules found, entering strict repository configuration mode
2026-04-10 00:49:59.211 [main] INFO  o.s.d.r.c.RepositoryConfigurationDelegate - Bootstrapping Spring Data Redis repositories in DEFAULT mode.
2026-04-10 00:49:59.283 [main] INFO  o.s.d.r.c.RepositoryConfigurationDelegate - Finished Spring Data repository scanning in 57 ms. Found 0 Redis repository interfaces.
2026-04-10 00:49:59.450 [main] WARN  o.m.s.mapper.ClassPathMapperScanner - Cannot use both: sqlSessionTemplate and sqlSessionFactory together. sqlSessionFactory is ignored.
2026-04-10 00:49:59.451 [main] WARN  o.m.s.mapper.ClassPathMapperScanner - Cannot use both: sqlSessionTemplate and sqlSessionFactory together. sqlSessionFactory is ignored.
2026-04-10 00:49:59.451 [main] WARN  o.m.s.mapper.ClassPathMapperScanner - Cannot use both: sqlSessionTemplate and sqlSessionFactory together. sqlSessionFactory is ignored.
2026-04-10 00:49:59.453 [main] WARN  o.m.s.mapper.ClassPathMapperScanner - Cannot use both: sqlSessionTemplate and sqlSessionFactory together. sqlSessionFactory is ignored.
2026-04-10 00:49:59.454 [main] WARN  o.m.s.mapper.ClassPathMapperScanner - Cannot use both: sqlSessionTemplate and sqlSessionFactory together. sqlSessionFactory is ignored.
2026-04-10 00:49:59.455 [main] WARN  o.m.s.mapper.ClassPathMapperScanner - Cannot use both: sqlSessionTemplate and sqlSessionFactory together. sqlSessionFactory is ignored.
2026-04-10 00:49:59.455 [main] WARN  o.m.s.mapper.ClassPathMapperScanner - Cannot use both: sqlSessionTemplate and sqlSessionFactory together. sqlSessionFactory is ignored.
2026-04-10 00:49:59.455 [main] WARN  o.m.s.mapper.ClassPathMapperScanner - Cannot use both: sqlSessionTemplate and sqlSessionFactory together. sqlSessionFactory is ignored.
2026-04-10 00:49:59.456 [main] WARN  o.m.s.mapper.ClassPathMapperScanner - Cannot use both: sqlSessionTemplate and sqlSessionFactory together. sqlSessionFactory is ignored.
2026-04-10 00:49:59.456 [main] WARN  o.m.s.mapper.ClassPathMapperScanner - Cannot use both: sqlSessionTemplate and sqlSessionFactory together. sqlSessionFactory is ignored.
2026-04-10 00:49:59.457 [main] WARN  o.m.s.mapper.ClassPathMapperScanner - Cannot use both: sqlSessionTemplate and sqlSessionFactory together. sqlSessionFactory is ignored.
2026-04-10 00:49:59.458 [main] WARN  o.m.s.mapper.ClassPathMapperScanner - Cannot use both: sqlSessionTemplate and sqlSessionFactory together. sqlSessionFactory is ignored.
2026-04-10 00:49:59.458 [main] WARN  o.m.s.mapper.ClassPathMapperScanner - Cannot use both: sqlSessionTemplate and sqlSessionFactory together. sqlSessionFactory is ignored.
2026-04-10 00:49:59.459 [main] WARN  o.m.s.mapper.ClassPathMapperScanner - Cannot use both: sqlSessionTemplate and sqlSessionFactory together. sqlSessionFactory is ignored.
2026-04-10 00:49:59.459 [main] WARN  o.m.s.mapper.ClassPathMapperScanner - Cannot use both: sqlSessionTemplate and sqlSessionFactory together. sqlSessionFactory is ignored.
2026-04-10 00:49:59.459 [main] WARN  o.m.s.mapper.ClassPathMapperScanner - Cannot use both: sqlSessionTemplate and sqlSessionFactory together. sqlSessionFactory is ignored.
2026-04-10 00:49:59.459 [main] WARN  o.m.s.mapper.ClassPathMapperScanner - Cannot use both: sqlSessionTemplate and sqlSessionFactory together. sqlSessionFactory is ignored.
2026-04-10 00:49:59.460 [main] WARN  o.m.s.mapper.ClassPathMapperScanner - Cannot use both: sqlSessionTemplate and sqlSessionFactory together. sqlSessionFactory is ignored.
2026-04-10 00:49:59.460 [main] WARN  o.m.s.mapper.ClassPathMapperScanner - Cannot use both: sqlSessionTemplate and sqlSessionFactory together. sqlSessionFactory is ignored.
2026-04-10 00:49:59.460 [main] WARN  o.m.s.mapper.ClassPathMapperScanner - Cannot use both: sqlSessionTemplate and sqlSessionFactory together. sqlSessionFactory is ignored.
2026-04-10 00:49:59.460 [main] WARN  o.m.s.mapper.ClassPathMapperScanner - Cannot use both: sqlSessionTemplate and sqlSessionFactory together. sqlSessionFactory is ignored.
2026-04-10 00:49:59.461 [main] WARN  o.m.s.mapper.ClassPathMapperScanner - Cannot use both: sqlSessionTemplate and sqlSessionFactory together. sqlSessionFactory is ignored.
2026-04-10 00:49:59.461 [main] WARN  o.m.s.mapper.ClassPathMapperScanner - Cannot use both: sqlSessionTemplate and sqlSessionFactory together. sqlSessionFactory is ignored.
2026-04-10 00:49:59.461 [main] WARN  o.m.s.mapper.ClassPathMapperScanner - Cannot use both: sqlSessionTemplate and sqlSessionFactory together. sqlSessionFactory is ignored.
2026-04-10 00:49:59.461 [main] WARN  o.m.s.mapper.ClassPathMapperScanner - Cannot use both: sqlSessionTemplate and sqlSessionFactory together. sqlSessionFactory is ignored.
2026-04-10 00:49:59.462 [main] WARN  o.m.s.mapper.ClassPathMapperScanner - Cannot use both: sqlSessionTemplate and sqlSessionFactory together. sqlSessionFactory is ignored.
2026-04-10 00:49:59.462 [main] WARN  o.m.s.mapper.ClassPathMapperScanner - Cannot use both: sqlSessionTemplate and sqlSessionFactory together. sqlSessionFactory is ignored.
2026-04-10 00:49:59.463 [main] WARN  o.m.s.mapper.ClassPathMapperScanner - Cannot use both: sqlSessionTemplate and sqlSessionFactory together. sqlSessionFactory is ignored.
2026-04-10 00:49:59.463 [main] WARN  o.m.s.mapper.ClassPathMapperScanner - Cannot use both: sqlSessionTemplate and sqlSessionFactory together. sqlSessionFactory is ignored.
2026-04-10 00:49:59.463 [main] WARN  o.m.s.mapper.ClassPathMapperScanner - Cannot use both: sqlSessionTemplate and sqlSessionFactory together. sqlSessionFactory is ignored.
2026-04-10 00:49:59.464 [main] WARN  o.m.s.mapper.ClassPathMapperScanner - Cannot use both: sqlSessionTemplate and sqlSessionFactory together. sqlSessionFactory is ignored.
2026-04-10 00:49:59.464 [main] WARN  o.m.s.mapper.ClassPathMapperScanner - Cannot use both: sqlSessionTemplate and sqlSessionFactory together. sqlSessionFactory is ignored.
2026-04-10 00:49:59.464 [main] WARN  o.m.s.mapper.ClassPathMapperScanner - Cannot use both: sqlSessionTemplate and sqlSessionFactory together. sqlSessionFactory is ignored.
2026-04-10 00:49:59.464 [main] WARN  o.m.s.mapper.ClassPathMapperScanner - Cannot use both: sqlSessionTemplate and sqlSessionFactory together. sqlSessionFactory is ignored.
2026-04-10 00:49:59.465 [main] WARN  o.m.s.mapper.ClassPathMapperScanner - Cannot use both: sqlSessionTemplate and sqlSessionFactory together. sqlSessionFactory is ignored.
2026-04-10 00:49:59.465 [main] WARN  o.m.s.mapper.ClassPathMapperScanner - Cannot use both: sqlSessionTemplate and sqlSessionFactory together. sqlSessionFactory is ignored.
2026-04-10 00:49:59.466 [main] WARN  o.m.s.mapper.ClassPathMapperScanner - Cannot use both: sqlSessionTemplate and sqlSessionFactory together. sqlSessionFactory is ignored.
2026-04-10 00:49:59.466 [main] WARN  o.m.s.mapper.ClassPathMapperScanner - Cannot use both: sqlSessionTemplate and sqlSessionFactory together. sqlSessionFactory is ignored.
2026-04-10 00:49:59.467 [main] WARN  o.m.s.mapper.ClassPathMapperScanner - Cannot use both: sqlSessionTemplate and sqlSessionFactory together. sqlSessionFactory is ignored.
2026-04-10 00:49:59.467 [main] WARN  o.m.s.mapper.ClassPathMapperScanner - Cannot use both: sqlSessionTemplate and sqlSessionFactory together. sqlSessionFactory is ignored.
2026-04-10 00:49:59.468 [main] WARN  o.m.s.mapper.ClassPathMapperScanner - Cannot use both: sqlSessionTemplate and sqlSessionFactory together. sqlSessionFactory is ignored.
2026-04-10 00:49:59.469 [main] WARN  o.m.s.mapper.ClassPathMapperScanner - Cannot use both: sqlSessionTemplate and sqlSessionFactory together. sqlSessionFactory is ignored.
2026-04-10 00:49:59.469 [main] WARN  o.m.s.mapper.ClassPathMapperScanner - Cannot use both: sqlSessionTemplate and sqlSessionFactory together. sqlSessionFactory is ignored.
2026-04-10 00:49:59.470 [main] WARN  o.m.s.mapper.ClassPathMapperScanner - Cannot use both: sqlSessionTemplate and sqlSessionFactory together. sqlSessionFactory is ignored.
2026-04-10 00:49:59.471 [main] WARN  o.m.s.mapper.ClassPathMapperScanner - Cannot use both: sqlSessionTemplate and sqlSessionFactory together. sqlSessionFactory is ignored.
2026-04-10 00:49:59.472 [main] WARN  o.m.s.mapper.ClassPathMapperScanner - Cannot use both: sqlSessionTemplate and sqlSessionFactory together. sqlSessionFactory is ignored.
2026-04-10 00:49:59.472 [main] WARN  o.m.s.mapper.ClassPathMapperScanner - Cannot use both: sqlSessionTemplate and sqlSessionFactory together. sqlSessionFactory is ignored.
2026-04-10 00:49:59.473 [main] WARN  o.m.s.mapper.ClassPathMapperScanner - Cannot use both: sqlSessionTemplate and sqlSessionFactory together. sqlSessionFactory is ignored.
2026-04-10 00:49:59.473 [main] WARN  o.m.s.mapper.ClassPathMapperScanner - Cannot use both: sqlSessionTemplate and sqlSessionFactory together. sqlSessionFactory is ignored.
2026-04-10 00:49:59.476 [main] WARN  o.m.s.mapper.ClassPathMapperScanner - No MyBatis mapper was found in '[com.zyh.easyapplyresume.mapper.pgvector]' package. Please check your configuration.
2026-04-10 00:49:59.717 [main] INFO  o.s.cloud.context.scope.GenericScope - BeanFactory id=846e82bc-f2be-38e4-9604-4ee885b9bb10
2026-04-10 00:50:00.840 [main] INFO  o.s.b.w.e.tomcat.TomcatWebServer - Tomcat initialized with port 8080 (http)
2026-04-10 00:50:00.864 [main] INFO  o.a.coyote.http11.Http11NioProtocol - Initializing ProtocolHandler ["http-nio-8080"]
2026-04-10 00:50:00.871 [main] INFO  o.a.catalina.core.StandardService - Starting service [Tomcat]
2026-04-10 00:50:00.871 [main] INFO  o.a.catalina.core.StandardEngine - Starting Servlet engine: [Apache Tomcat/10.1.31]
2026-04-10 00:50:01.085 [main] INFO  o.a.c.c.C.[Tomcat].[localhost].[/] - Initializing Spring embedded WebApplicationContext
2026-04-10 00:50:01.085 [main] INFO  o.s.b.w.s.c.ServletWebServerApplicationContext - Root WebApplicationContext: initialization completed in 4300 ms
2026-04-10 00:50:01.488 [main] ERROR o.s.b.w.e.tomcat.TomcatStarter - Error starting Tomcat context. Exception: org.springframework.beans.factory.UnsatisfiedDependencyException. Message: Error creating bean with name 'adminJwtAuthFilter': Unsatisfied dependency expressed through field 'stringRedisTemplate': Error creating bean with name 'redisConfig': Injection of autowired dependencies failed
2026-04-10 00:50:01.537 [main] INFO  o.a.catalina.core.StandardService - Stopping service [Tomcat]
2026-04-10 00:50:01.563 [main] WARN  o.s.b.w.s.c.AnnotationConfigServletWebServerApplicationContext - Exception encountered during context initialization - cancelling refresh attempt: org.springframework.context.ApplicationContextException: Unable to start web server
2026-04-10 00:50:01.589 [main] INFO  o.s.b.a.l.ConditionEvaluationReportLogger - 

Error starting ApplicationContext. To display the condition evaluation report re-run your application with 'debug' enabled.
2026-04-10 00:50:01.632 [main] ERROR o.s.boot.SpringApplication - Application run failed
org.springframework.context.ApplicationContextException: Unable to start web server
	at org.springframework.boot.web.servlet.context.ServletWebServerApplicationContext.onRefresh(ServletWebServerApplicationContext.java:165)
	at org.springframework.context.support.AbstractApplicationContext.refresh(AbstractApplicationContext.java:619)
	at org.springframework.boot.web.servlet.context.ServletWebServerApplicationContext.refresh(ServletWebServerApplicationContext.java:146)
	at org.springframework.boot.SpringApplication.refresh(SpringApplication.java:754)
	at org.springframework.boot.SpringApplication.refreshContext(SpringApplication.java:456)
	at org.springframework.boot.SpringApplication.run(SpringApplication.java:335)
	at org.springframework.boot.SpringApplication.run(SpringApplication.java:1363)
	at org.springframework.boot.SpringApplication.run(SpringApplication.java:1352)
	at com.zyh.easyapplyresume.EasyApplyResumeApplication.main(EasyApplyResumeApplication.java:23)
Caused by: org.springframework.boot.web.server.WebServerException: Unable to start embedded Tomcat
	at org.springframework.boot.web.embedded.tomcat.TomcatWebServer.initialize(TomcatWebServer.java:147)
	at org.springframework.boot.web.embedded.tomcat.TomcatWebServer.<init>(TomcatWebServer.java:107)
	at org.springframework.boot.web.embedded.tomcat.TomcatServletWebServerFactory.getTomcatWebServer(TomcatServletWebServerFactory.java:516)
	at org.springframework.boot.web.embedded.tomcat.TomcatServletWebServerFactory.getWebServer(TomcatServletWebServerFactory.java:222)
	at org.springframework.boot.web.servlet.context.ServletWebServerApplicationContext.createWebServer(ServletWebServerApplicationContext.java:188)
	at org.springframework.boot.web.servlet.context.ServletWebServerApplicationContext.onRefresh(ServletWebServerApplicationContext.java:162)
	... 8 common frames omitted
Caused by: org.springframework.beans.factory.UnsatisfiedDependencyException: Error creating bean with name 'adminJwtAuthFilter': Unsatisfied dependency expressed through field 'stringRedisTemplate': Error creating bean with name 'redisConfig': Injection of autowired dependencies failed
	at org.springframework.beans.factory.annotation.AutowiredAnnotationBeanPostProcessor$AutowiredFieldElement.resolveFieldValue(AutowiredAnnotationBeanPostProcessor.java:788)
	at org.springframework.beans.factory.annotation.AutowiredAnnotationBeanPostProcessor$AutowiredFieldElement.inject(AutowiredAnnotationBeanPostProcessor.java:768)
	at org.springframework.beans.factory.annotation.InjectionMetadata.inject(InjectionMetadata.java:145)
	at org.springframework.beans.factory.annotation.AutowiredAnnotationBeanPostProcessor.postProcessProperties(AutowiredAnnotationBeanPostProcessor.java:509)
	at org.springframework.beans.factory.support.AbstractAutowireCapableBeanFactory.populateBean(AbstractAutowireCapableBeanFactory.java:1439)
	at org.springframework.beans.factory.support.AbstractAutowireCapableBeanFactory.doCreateBean(AbstractAutowireCapableBeanFactory.java:599)
	at org.springframework.beans.factory.support.AbstractAutowireCapableBeanFactory.createBean(AbstractAutowireCapableBeanFactory.java:522)
	at org.springframework.beans.factory.support.AbstractBeanFactory.lambda$doGetBean$0(AbstractBeanFactory.java:337)
	at org.springframework.beans.factory.support.DefaultSingletonBeanRegistry.getSingleton(DefaultSingletonBeanRegistry.java:234)
	at org.springframework.beans.factory.support.AbstractBeanFactory.doGetBean(AbstractBeanFactory.java:335)
	at org.springframework.beans.factory.support.AbstractBeanFactory.getBean(AbstractBeanFactory.java:205)
	at org.springframework.boot.web.servlet.ServletContextInitializerBeans.getOrderedBeansOfType(ServletContextInitializerBeans.java:211)
	at org.springframework.boot.web.servlet.ServletContextInitializerBeans.addAsRegistrationBean(ServletContextInitializerBeans.java:174)
	at org.springframework.boot.web.servlet.ServletContextInitializerBeans.addAsRegistrationBean(ServletContextInitializerBeans.java:169)
	at org.springframework.boot.web.servlet.ServletContextInitializerBeans.addAdaptableBeans(ServletContextInitializerBeans.java:154)
	at org.springframework.boot.web.servlet.ServletContextInitializerBeans.<init>(ServletContextInitializerBeans.java:87)
	at org.springframework.boot.web.servlet.context.ServletWebServerApplicationContext.getServletContextInitializerBeans(ServletWebServerApplicationContext.java:266)
	at org.springframework.boot.web.servlet.context.ServletWebServerApplicationContext.selfInitialize(ServletWebServerApplicationContext.java:240)
	at org.springframework.boot.web.embedded.tomcat.TomcatStarter.onStartup(TomcatStarter.java:52)
	at org.apache.catalina.core.StandardContext.startInternal(StandardContext.java:4412)
	at org.apache.catalina.util.LifecycleBase.start(LifecycleBase.java:164)
	at org.apache.catalina.core.ContainerBase$StartChild.call(ContainerBase.java:1203)
	at org.apache.catalina.core.ContainerBase$StartChild.call(ContainerBase.java:1193)
	at java.base/java.util.concurrent.FutureTask.run$$$capture(FutureTask.java:317)
	at java.base/java.util.concurrent.FutureTask.run(FutureTask.java)
	at org.apache.tomcat.util.threads.InlineExecutorService.execute(InlineExecutorService.java:75)
	at java.base/java.util.concurrent.AbstractExecutorService.submit(AbstractExecutorService.java:145)
	at org.apache.catalina.core.ContainerBase.startInternal(ContainerBase.java:749)
	at org.apache.catalina.core.StandardHost.startInternal(StandardHost.java:772)
	at org.apache.catalina.util.LifecycleBase.start(LifecycleBase.java:164)
	at org.apache.catalina.core.ContainerBase$StartChild.call(ContainerBase.java:1203)
	at org.apache.catalina.core.ContainerBase$StartChild.call(ContainerBase.java:1193)
	at java.base/java.util.concurrent.FutureTask.run$$$capture(FutureTask.java:317)
	at java.base/java.util.concurrent.FutureTask.run(FutureTask.java)
	at org.apache.tomcat.util.threads.InlineExecutorService.execute(InlineExecutorService.java:75)
	at java.base/java.util.concurrent.AbstractExecutorService.submit(AbstractExecutorService.java:145)
	at org.apache.catalina.core.ContainerBase.startInternal(ContainerBase.java:749)
	at org.apache.catalina.core.StandardEngine.startInternal(StandardEngine.java:203)
	at org.apache.catalina.util.LifecycleBase.start(LifecycleBase.java:164)
	at org.apache.catalina.core.StandardService.startInternal(StandardService.java:415)
	at org.apache.catalina.util.LifecycleBase.start(LifecycleBase.java:164)
	at org.apache.catalina.core.StandardServer.startInternal(StandardServer.java:870)
	at org.apache.catalina.util.LifecycleBase.start(LifecycleBase.java:164)
	at org.apache.catalina.startup.Tomcat.start(Tomcat.java:437)
	at org.springframework.boot.web.embedded.tomcat.TomcatWebServer.initialize(TomcatWebServer.java:128)
	... 13 common frames omitted
Caused by: org.springframework.beans.factory.BeanCreationException: Error creating bean with name 'redisConfig': Injection of autowired dependencies failed
	at org.springframework.beans.factory.annotation.AutowiredAnnotationBeanPostProcessor.postProcessProperties(AutowiredAnnotationBeanPostProcessor.java:515)
	at org.springframework.beans.factory.support.AbstractAutowireCapableBeanFactory.populateBean(AbstractAutowireCapableBeanFactory.java:1439)
	at org.springframework.beans.factory.support.AbstractAutowireCapableBeanFactory.doCreateBean(AbstractAutowireCapableBeanFactory.java:599)
	at org.springframework.beans.factory.support.AbstractAutowireCapableBeanFactory.createBean(AbstractAutowireCapableBeanFactory.java:522)
	at org.springframework.beans.factory.support.AbstractBeanFactory.lambda$doGetBean$0(AbstractBeanFactory.java:337)
	at org.springframework.beans.factory.support.DefaultSingletonBeanRegistry.getSingleton(DefaultSingletonBeanRegistry.java:234)
	at org.springframework.beans.factory.support.AbstractBeanFactory.doGetBean(AbstractBeanFactory.java:335)
	at org.springframework.beans.factory.support.AbstractBeanFactory.getBean(AbstractBeanFactory.java:200)
	at org.springframework.beans.factory.support.ConstructorResolver.instantiateUsingFactoryMethod(ConstructorResolver.java:409)
	at org.springframework.beans.factory.support.AbstractAutowireCapableBeanFactory.instantiateUsingFactoryMethod(AbstractAutowireCapableBeanFactory.java:1355)
	at org.springframework.beans.factory.support.AbstractAutowireCapableBeanFactory.createBeanInstance(AbstractAutowireCapableBeanFactory.java:1185)
	at org.springframework.beans.factory.support.AbstractAutowireCapableBeanFactory.doCreateBean(AbstractAutowireCapableBeanFactory.java:562)
	at org.springframework.beans.factory.support.AbstractAutowireCapableBeanFactory.createBean(AbstractAutowireCapableBeanFactory.java:522)
	at org.springframework.beans.factory.support.AbstractBeanFactory.lambda$doGetBean$0(AbstractBeanFactory.java:337)
	at org.springframework.beans.factory.support.DefaultSingletonBeanRegistry.getSingleton(DefaultSingletonBeanRegistry.java:234)
	at org.springframework.beans.factory.support.AbstractBeanFactory.doGetBean(AbstractBeanFactory.java:335)
	at org.springframework.beans.factory.support.AbstractBeanFactory.getBean(AbstractBeanFactory.java:200)
	at org.springframework.beans.factory.config.DependencyDescriptor.resolveCandidate(DependencyDescriptor.java:254)
	at org.springframework.beans.factory.support.DefaultListableBeanFactory.doResolveDependency(DefaultListableBeanFactory.java:1443)
	at org.springframework.beans.factory.support.DefaultListableBeanFactory.resolveDependency(DefaultListableBeanFactory.java:1353)
	at org.springframework.beans.factory.annotation.AutowiredAnnotationBeanPostProcessor$AutowiredFieldElement.resolveFieldValue(AutowiredAnnotationBeanPostProcessor.java:785)
	... 57 common frames omitted
Caused by: java.lang.IllegalArgumentException: Could not resolve placeholder 'spring.data.redis.host' in value "${spring.data.redis.host}"
	at org.springframework.util.PropertyPlaceholderHelper.parseStringValue(PropertyPlaceholderHelper.java:180)
	at org.springframework.util.PropertyPlaceholderHelper.replacePlaceholders(PropertyPlaceholderHelper.java:126)
	at org.springframework.core.env.AbstractPropertyResolver.doResolvePlaceholders(AbstractPropertyResolver.java:239)
	at org.springframework.core.env.AbstractPropertyResolver.resolveRequiredPlaceholders(AbstractPropertyResolver.java:210)
	at org.springframework.context.support.PropertySourcesPlaceholderConfigurer.lambda$processProperties$0(PropertySourcesPlaceholderConfigurer.java:200)
	at org.springframework.beans.factory.support.AbstractBeanFactory.resolveEmbeddedValue(AbstractBeanFactory.java:964)
	at org.springframework.beans.factory.support.DefaultListableBeanFactory.doResolveDependency(DefaultListableBeanFactory.java:1374)
	at org.springframework.beans.factory.support.DefaultListableBeanFactory.resolveDependency(DefaultListableBeanFactory.java:1353)
	at org.springframework.beans.factory.annotation.AutowiredAnnotationBeanPostProcessor$AutowiredFieldElement.resolveFieldValue(AutowiredAnnotationBeanPostProcessor.java:785)
	at org.springframework.beans.factory.annotation.AutowiredAnnotationBeanPostProcessor$AutowiredFieldElement.inject(AutowiredAnnotationBeanPostProcessor.java:768)
	at org.springframework.beans.factory.annotation.InjectionMetadata.inject(InjectionMetadata.java:145)
	at org.springframework.beans.factory.annotation.AutowiredAnnotationBeanPostProcessor.postProcessProperties(AutowiredAnnotationBeanPostProcessor.java:509)
	... 77 common frames omitted
2026-04-10 00:57:28.847 [Thread-1] WARN  c.a.n.c.executor.ThreadPoolManager - [ThreadPoolManager] Start destroying ThreadPool
2026-04-10 00:57:28.847 [Thread-8] WARN  c.a.nacos.common.notify.NotifyCenter - [NotifyCenter] Start destroying Publisher
2026-04-10 00:57:28.847 [Thread-6] WARN  c.a.n.c.http.HttpClientBeanHolder - [HttpClientBeanHolder] Start destroying common HttpClient
2026-04-10 00:57:28.847 [Thread-8] WARN  c.a.nacos.common.notify.NotifyCenter - [NotifyCenter] Destruction of the end
2026-04-10 00:57:28.848 [Thread-1] WARN  c.a.n.c.executor.ThreadPoolManager - [ThreadPoolManager] Destruction of the end
2026-04-10 00:57:42.128 [main] INFO  c.a.n.client.logging.NacosLogging - Nacos Logging Adapter Builder: com.alibaba.nacos.logger.adapter.logback12.LogbackNacosLoggingAdapterBuilder
2026-04-10 00:57:42.131 [main] INFO  c.a.n.client.logging.NacosLogging - Nacos Logging Adapter Builder: com.alibaba.nacos.logger.adapter.logback14.LogbackNacosLoggingAdapterBuilder
2026-04-10 00:57:42.131 [main] INFO  c.a.n.client.logging.NacosLogging - Nacos Logging Adapter: com.alibaba.nacos.logger.adapter.logback14.LogbackNacosLoggingAdapter match ch.qos.logback.classic.Logger success.
2026-04-10 00:57:42.139 [main] INFO  c.a.n.client.logging.NacosLogging - Nacos Logging Adapter Builder: com.alibaba.nacos.logger.adapter.log4j2.Log4j2NacosLoggingAdapterBuilder
2026-04-10 00:57:42.144 [background-preinit] INFO  o.h.validator.internal.util.Version - HV000001: Hibernate Validator 8.0.1.Final
2026-04-10 00:57:43.007 [main] INFO  c.z.e.EasyApplyResumeApplication - The following 1 profile is active: "dev"
2026-04-10 00:57:44.878 [main] INFO  o.s.d.r.c.RepositoryConfigurationDelegate - Multiple Spring Data modules found, entering strict repository configuration mode
2026-04-10 00:57:44.882 [main] INFO  o.s.d.r.c.RepositoryConfigurationDelegate - Bootstrapping Spring Data Redis repositories in DEFAULT mode.
2026-04-10 00:57:44.941 [main] INFO  o.s.d.r.c.RepositoryConfigurationDelegate - Finished Spring Data repository scanning in 42 ms. Found 0 Redis repository interfaces.
2026-04-10 00:57:45.099 [main] WARN  o.m.s.mapper.ClassPathMapperScanner - Cannot use both: sqlSessionTemplate and sqlSessionFactory together. sqlSessionFactory is ignored.
2026-04-10 00:57:45.101 [main] WARN  o.m.s.mapper.ClassPathMapperScanner - Cannot use both: sqlSessionTemplate and sqlSessionFactory together. sqlSessionFactory is ignored.
2026-04-10 00:57:45.101 [main] WARN  o.m.s.mapper.ClassPathMapperScanner - Cannot use both: sqlSessionTemplate and sqlSessionFactory together. sqlSessionFactory is ignored.
2026-04-10 00:57:45.101 [main] WARN  o.m.s.mapper.ClassPathMapperScanner - Cannot use both: sqlSessionTemplate and sqlSessionFactory together. sqlSessionFactory is ignored.
2026-04-10 00:57:45.102 [main] WARN  o.m.s.mapper.ClassPathMapperScanner - Cannot use both: sqlSessionTemplate and sqlSessionFactory together. sqlSessionFactory is ignored.
2026-04-10 00:57:45.102 [main] WARN  o.m.s.mapper.ClassPathMapperScanner - Cannot use both: sqlSessionTemplate and sqlSessionFactory together. sqlSessionFactory is ignored.
2026-04-10 00:57:45.102 [main] WARN  o.m.s.mapper.ClassPathMapperScanner - Cannot use both: sqlSessionTemplate and sqlSessionFactory together. sqlSessionFactory is ignored.
2026-04-10 00:57:45.102 [main] WARN  o.m.s.mapper.ClassPathMapperScanner - Cannot use both: sqlSessionTemplate and sqlSessionFactory together. sqlSessionFactory is ignored.
2026-04-10 00:57:45.102 [main] WARN  o.m.s.mapper.ClassPathMapperScanner - Cannot use both: sqlSessionTemplate and sqlSessionFactory together. sqlSessionFactory is ignored.
2026-04-10 00:57:45.102 [main] WARN  o.m.s.mapper.ClassPathMapperScanner - Cannot use both: sqlSessionTemplate and sqlSessionFactory together. sqlSessionFactory is ignored.
2026-04-10 00:57:45.104 [main] WARN  o.m.s.mapper.ClassPathMapperScanner - Cannot use both: sqlSessionTemplate and sqlSessionFactory together. sqlSessionFactory is ignored.
2026-04-10 00:57:45.104 [main] WARN  o.m.s.mapper.ClassPathMapperScanner - Cannot use both: sqlSessionTemplate and sqlSessionFactory together. sqlSessionFactory is ignored.
2026-04-10 00:57:45.104 [main] WARN  o.m.s.mapper.ClassPathMapperScanner - Cannot use both: sqlSessionTemplate and sqlSessionFactory together. sqlSessionFactory is ignored.
2026-04-10 00:57:45.105 [main] WARN  o.m.s.mapper.ClassPathMapperScanner - Cannot use both: sqlSessionTemplate and sqlSessionFactory together. sqlSessionFactory is ignored.
2026-04-10 00:57:45.105 [main] WARN  o.m.s.mapper.ClassPathMapperScanner - Cannot use both: sqlSessionTemplate and sqlSessionFactory together. sqlSessionFactory is ignored.
2026-04-10 00:57:45.105 [main] WARN  o.m.s.mapper.ClassPathMapperScanner - Cannot use both: sqlSessionTemplate and sqlSessionFactory together. sqlSessionFactory is ignored.
2026-04-10 00:57:45.106 [main] WARN  o.m.s.mapper.ClassPathMapperScanner - Cannot use both: sqlSessionTemplate and sqlSessionFactory together. sqlSessionFactory is ignored.
2026-04-10 00:57:45.106 [main] WARN  o.m.s.mapper.ClassPathMapperScanner - Cannot use both: sqlSessionTemplate and sqlSessionFactory together. sqlSessionFactory is ignored.
2026-04-10 00:57:45.106 [main] WARN  o.m.s.mapper.ClassPathMapperScanner - Cannot use both: sqlSessionTemplate and sqlSessionFactory together. sqlSessionFactory is ignored.
2026-04-10 00:57:45.107 [main] WARN  o.m.s.mapper.ClassPathMapperScanner - Cannot use both: sqlSessionTemplate and sqlSessionFactory together. sqlSessionFactory is ignored.
2026-04-10 00:57:45.108 [main] WARN  o.m.s.mapper.ClassPathMapperScanner - Cannot use both: sqlSessionTemplate and sqlSessionFactory together. sqlSessionFactory is ignored.
2026-04-10 00:57:45.108 [main] WARN  o.m.s.mapper.ClassPathMapperScanner - Cannot use both: sqlSessionTemplate and sqlSessionFactory together. sqlSessionFactory is ignored.
2026-04-10 00:57:45.108 [main] WARN  o.m.s.mapper.ClassPathMapperScanner - Cannot use both: sqlSessionTemplate and sqlSessionFactory together. sqlSessionFactory is ignored.
2026-04-10 00:57:45.109 [main] WARN  o.m.s.mapper.ClassPathMapperScanner - Cannot use both: sqlSessionTemplate and sqlSessionFactory together. sqlSessionFactory is ignored.
2026-04-10 00:57:45.109 [main] WARN  o.m.s.mapper.ClassPathMapperScanner - Cannot use both: sqlSessionTemplate and sqlSessionFactory together. sqlSessionFactory is ignored.
2026-04-10 00:57:45.109 [main] WARN  o.m.s.mapper.ClassPathMapperScanner - Cannot use both: sqlSessionTemplate and sqlSessionFactory together. sqlSessionFactory is ignored.
2026-04-10 00:57:45.110 [main] WARN  o.m.s.mapper.ClassPathMapperScanner - Cannot use both: sqlSessionTemplate and sqlSessionFactory together. sqlSessionFactory is ignored.
2026-04-10 00:57:45.110 [main] WARN  o.m.s.mapper.ClassPathMapperScanner - Cannot use both: sqlSessionTemplate and sqlSessionFactory together. sqlSessionFactory is ignored.
2026-04-10 00:57:45.111 [main] WARN  o.m.s.mapper.ClassPathMapperScanner - Cannot use both: sqlSessionTemplate and sqlSessionFactory together. sqlSessionFactory is ignored.
2026-04-10 00:57:45.111 [main] WARN  o.m.s.mapper.ClassPathMapperScanner - Cannot use both: sqlSessionTemplate and sqlSessionFactory together. sqlSessionFactory is ignored.
2026-04-10 00:57:45.112 [main] WARN  o.m.s.mapper.ClassPathMapperScanner - Cannot use both: sqlSessionTemplate and sqlSessionFactory together. sqlSessionFactory is ignored.
2026-04-10 00:57:45.112 [main] WARN  o.m.s.mapper.ClassPathMapperScanner - Cannot use both: sqlSessionTemplate and sqlSessionFactory together. sqlSessionFactory is ignored.
2026-04-10 00:57:45.113 [main] WARN  o.m.s.mapper.ClassPathMapperScanner - Cannot use both: sqlSessionTemplate and sqlSessionFactory together. sqlSessionFactory is ignored.
2026-04-10 00:57:45.114 [main] WARN  o.m.s.mapper.ClassPathMapperScanner - Cannot use both: sqlSessionTemplate and sqlSessionFactory together. sqlSessionFactory is ignored.
2026-04-10 00:57:45.114 [main] WARN  o.m.s.mapper.ClassPathMapperScanner - Cannot use both: sqlSessionTemplate and sqlSessionFactory together. sqlSessionFactory is ignored.
2026-04-10 00:57:45.114 [main] WARN  o.m.s.mapper.ClassPathMapperScanner - Cannot use both: sqlSessionTemplate and sqlSessionFactory together. sqlSessionFactory is ignored.
2026-04-10 00:57:45.115 [main] WARN  o.m.s.mapper.ClassPathMapperScanner - Cannot use both: sqlSessionTemplate and sqlSessionFactory together. sqlSessionFactory is ignored.
2026-04-10 00:57:45.115 [main] WARN  o.m.s.mapper.ClassPathMapperScanner - Cannot use both: sqlSessionTemplate and sqlSessionFactory together. sqlSessionFactory is ignored.
2026-04-10 00:57:45.115 [main] WARN  o.m.s.mapper.ClassPathMapperScanner - Cannot use both: sqlSessionTemplate and sqlSessionFactory together. sqlSessionFactory is ignored.
2026-04-10 00:57:45.116 [main] WARN  o.m.s.mapper.ClassPathMapperScanner - Cannot use both: sqlSessionTemplate and sqlSessionFactory together. sqlSessionFactory is ignored.
2026-04-10 00:57:45.117 [main] WARN  o.m.s.mapper.ClassPathMapperScanner - Cannot use both: sqlSessionTemplate and sqlSessionFactory together. sqlSessionFactory is ignored.
2026-04-10 00:57:45.117 [main] WARN  o.m.s.mapper.ClassPathMapperScanner - Cannot use both: sqlSessionTemplate and sqlSessionFactory together. sqlSessionFactory is ignored.
2026-04-10 00:57:45.118 [main] WARN  o.m.s.mapper.ClassPathMapperScanner - Cannot use both: sqlSessionTemplate and sqlSessionFactory together. sqlSessionFactory is ignored.
2026-04-10 00:57:45.118 [main] WARN  o.m.s.mapper.ClassPathMapperScanner - Cannot use both: sqlSessionTemplate and sqlSessionFactory together. sqlSessionFactory is ignored.
2026-04-10 00:57:45.119 [main] WARN  o.m.s.mapper.ClassPathMapperScanner - Cannot use both: sqlSessionTemplate and sqlSessionFactory together. sqlSessionFactory is ignored.
2026-04-10 00:57:45.119 [main] WARN  o.m.s.mapper.ClassPathMapperScanner - Cannot use both: sqlSessionTemplate and sqlSessionFactory together. sqlSessionFactory is ignored.
2026-04-10 00:57:45.120 [main] WARN  o.m.s.mapper.ClassPathMapperScanner - Cannot use both: sqlSessionTemplate and sqlSessionFactory together. sqlSessionFactory is ignored.
2026-04-10 00:57:45.120 [main] WARN  o.m.s.mapper.ClassPathMapperScanner - Cannot use both: sqlSessionTemplate and sqlSessionFactory together. sqlSessionFactory is ignored.
2026-04-10 00:57:45.122 [main] WARN  o.m.s.mapper.ClassPathMapperScanner - Cannot use both: sqlSessionTemplate and sqlSessionFactory together. sqlSessionFactory is ignored.
2026-04-10 00:57:45.124 [main] WARN  o.m.s.mapper.ClassPathMapperScanner - No MyBatis mapper was found in '[com.zyh.easyapplyresume.mapper.pgvector]' package. Please check your configuration.
2026-04-10 00:57:45.303 [main] INFO  o.s.cloud.context.scope.GenericScope - BeanFactory id=4ab98e80-6faa-36c1-8261-3b27a89d9cf9
2026-04-10 00:57:46.363 [main] INFO  o.s.b.w.e.tomcat.TomcatWebServer - Tomcat initialized with port 8080 (http)
2026-04-10 00:57:46.380 [main] INFO  o.a.coyote.http11.Http11NioProtocol - Initializing ProtocolHandler ["http-nio-8080"]
2026-04-10 00:57:46.385 [main] INFO  o.a.catalina.core.StandardService - Starting service [Tomcat]
2026-04-10 00:57:46.385 [main] INFO  o.a.catalina.core.StandardEngine - Starting Servlet engine: [Apache Tomcat/10.1.31]
2026-04-10 00:57:46.511 [main] INFO  o.a.c.c.C.[Tomcat].[localhost].[/] - Initializing Spring embedded WebApplicationContext
2026-04-10 00:57:46.511 [main] INFO  o.s.b.w.s.c.ServletWebServerApplicationContext - Root WebApplicationContext: initialization completed in 3481 ms
2026-04-10 00:57:46.878 [main] ERROR o.s.b.w.e.tomcat.TomcatStarter - Error starting Tomcat context. Exception: org.springframework.beans.factory.UnsatisfiedDependencyException. Message: Error creating bean with name 'adminJwtAuthFilter': Unsatisfied dependency expressed through field 'stringRedisTemplate': Error creating bean with name 'redisConfig': Injection of autowired dependencies failed
2026-04-10 00:57:46.912 [main] INFO  o.a.catalina.core.StandardService - Stopping service [Tomcat]
2026-04-10 00:57:46.928 [main] WARN  o.s.b.w.s.c.AnnotationConfigServletWebServerApplicationContext - Exception encountered during context initialization - cancelling refresh attempt: org.springframework.context.ApplicationContextException: Unable to start web server
2026-04-10 00:57:46.949 [main] INFO  o.s.b.a.l.ConditionEvaluationReportLogger - 

Error starting ApplicationContext. To display the condition evaluation report re-run your application with 'debug' enabled.
2026-04-10 00:57:46.985 [main] ERROR o.s.boot.SpringApplication - Application run failed
org.springframework.context.ApplicationContextException: Unable to start web server
	at org.springframework.boot.web.servlet.context.ServletWebServerApplicationContext.onRefresh(ServletWebServerApplicationContext.java:165)
	at org.springframework.context.support.AbstractApplicationContext.refresh(AbstractApplicationContext.java:619)
	at org.springframework.boot.web.servlet.context.ServletWebServerApplicationContext.refresh(ServletWebServerApplicationContext.java:146)
	at org.springframework.boot.SpringApplication.refresh(SpringApplication.java:754)
	at org.springframework.boot.SpringApplication.refreshContext(SpringApplication.java:456)
	at org.springframework.boot.SpringApplication.run(SpringApplication.java:335)
	at org.springframework.boot.SpringApplication.run(SpringApplication.java:1363)
	at org.springframework.boot.SpringApplication.run(SpringApplication.java:1352)
	at com.zyh.easyapplyresume.EasyApplyResumeApplication.main(EasyApplyResumeApplication.java:23)
Caused by: org.springframework.boot.web.server.WebServerException: Unable to start embedded Tomcat
	at org.springframework.boot.web.embedded.tomcat.TomcatWebServer.initialize(TomcatWebServer.java:147)
	at org.springframework.boot.web.embedded.tomcat.TomcatWebServer.<init>(TomcatWebServer.java:107)
	at org.springframework.boot.web.embedded.tomcat.TomcatServletWebServerFactory.getTomcatWebServer(TomcatServletWebServerFactory.java:516)
	at org.springframework.boot.web.embedded.tomcat.TomcatServletWebServerFactory.getWebServer(TomcatServletWebServerFactory.java:222)
	at org.springframework.boot.web.servlet.context.ServletWebServerApplicationContext.createWebServer(ServletWebServerApplicationContext.java:188)
	at org.springframework.boot.web.servlet.context.ServletWebServerApplicationContext.onRefresh(ServletWebServerApplicationContext.java:162)
	... 8 common frames omitted
Caused by: org.springframework.beans.factory.UnsatisfiedDependencyException: Error creating bean with name 'adminJwtAuthFilter': Unsatisfied dependency expressed through field 'stringRedisTemplate': Error creating bean with name 'redisConfig': Injection of autowired dependencies failed
	at org.springframework.beans.factory.annotation.AutowiredAnnotationBeanPostProcessor$AutowiredFieldElement.resolveFieldValue(AutowiredAnnotationBeanPostProcessor.java:788)
	at org.springframework.beans.factory.annotation.AutowiredAnnotationBeanPostProcessor$AutowiredFieldElement.inject(AutowiredAnnotationBeanPostProcessor.java:768)
	at org.springframework.beans.factory.annotation.InjectionMetadata.inject(InjectionMetadata.java:145)
	at org.springframework.beans.factory.annotation.AutowiredAnnotationBeanPostProcessor.postProcessProperties(AutowiredAnnotationBeanPostProcessor.java:509)
	at org.springframework.beans.factory.support.AbstractAutowireCapableBeanFactory.populateBean(AbstractAutowireCapableBeanFactory.java:1439)
	at org.springframework.beans.factory.support.AbstractAutowireCapableBeanFactory.doCreateBean(AbstractAutowireCapableBeanFactory.java:599)
	at org.springframework.beans.factory.support.AbstractAutowireCapableBeanFactory.createBean(AbstractAutowireCapableBeanFactory.java:522)
	at org.springframework.beans.factory.support.AbstractBeanFactory.lambda$doGetBean$0(AbstractBeanFactory.java:337)
	at org.springframework.beans.factory.support.DefaultSingletonBeanRegistry.getSingleton(DefaultSingletonBeanRegistry.java:234)
	at org.springframework.beans.factory.support.AbstractBeanFactory.doGetBean(AbstractBeanFactory.java:335)
	at org.springframework.beans.factory.support.AbstractBeanFactory.getBean(AbstractBeanFactory.java:205)
	at org.springframework.boot.web.servlet.ServletContextInitializerBeans.getOrderedBeansOfType(ServletContextInitializerBeans.java:211)
	at org.springframework.boot.web.servlet.ServletContextInitializerBeans.addAsRegistrationBean(ServletContextInitializerBeans.java:174)
	at org.springframework.boot.web.servlet.ServletContextInitializerBeans.addAsRegistrationBean(ServletContextInitializerBeans.java:169)
	at org.springframework.boot.web.servlet.ServletContextInitializerBeans.addAdaptableBeans(ServletContextInitializerBeans.java:154)
	at org.springframework.boot.web.servlet.ServletContextInitializerBeans.<init>(ServletContextInitializerBeans.java:87)
	at org.springframework.boot.web.servlet.context.ServletWebServerApplicationContext.getServletContextInitializerBeans(ServletWebServerApplicationContext.java:266)
	at org.springframework.boot.web.servlet.context.ServletWebServerApplicationContext.selfInitialize(ServletWebServerApplicationContext.java:240)
	at org.springframework.boot.web.embedded.tomcat.TomcatStarter.onStartup(TomcatStarter.java:52)
	at org.apache.catalina.core.StandardContext.startInternal(StandardContext.java:4412)
	at org.apache.catalina.util.LifecycleBase.start(LifecycleBase.java:164)
	at org.apache.catalina.core.ContainerBase$StartChild.call(ContainerBase.java:1203)
	at org.apache.catalina.core.ContainerBase$StartChild.call(ContainerBase.java:1193)
	at java.base/java.util.concurrent.FutureTask.run$$$capture(FutureTask.java:317)
	at java.base/java.util.concurrent.FutureTask.run(FutureTask.java)
	at org.apache.tomcat.util.threads.InlineExecutorService.execute(InlineExecutorService.java:75)
	at java.base/java.util.concurrent.AbstractExecutorService.submit(AbstractExecutorService.java:145)
	at org.apache.catalina.core.ContainerBase.startInternal(ContainerBase.java:749)
	at org.apache.catalina.core.StandardHost.startInternal(StandardHost.java:772)
	at org.apache.catalina.util.LifecycleBase.start(LifecycleBase.java:164)
	at org.apache.catalina.core.ContainerBase$StartChild.call(ContainerBase.java:1203)
	at org.apache.catalina.core.ContainerBase$StartChild.call(ContainerBase.java:1193)
	at java.base/java.util.concurrent.FutureTask.run$$$capture(FutureTask.java:317)
	at java.base/java.util.concurrent.FutureTask.run(FutureTask.java)
	at org.apache.tomcat.util.threads.InlineExecutorService.execute(InlineExecutorService.java:75)
	at java.base/java.util.concurrent.AbstractExecutorService.submit(AbstractExecutorService.java:145)
	at org.apache.catalina.core.ContainerBase.startInternal(ContainerBase.java:749)
	at org.apache.catalina.core.StandardEngine.startInternal(StandardEngine.java:203)
	at org.apache.catalina.util.LifecycleBase.start(LifecycleBase.java:164)
	at org.apache.catalina.core.StandardService.startInternal(StandardService.java:415)
	at org.apache.catalina.util.LifecycleBase.start(LifecycleBase.java:164)
	at org.apache.catalina.core.StandardServer.startInternal(StandardServer.java:870)
	at org.apache.catalina.util.LifecycleBase.start(LifecycleBase.java:164)
	at org.apache.catalina.startup.Tomcat.start(Tomcat.java:437)
	at org.springframework.boot.web.embedded.tomcat.TomcatWebServer.initialize(TomcatWebServer.java:128)
	... 13 common frames omitted
Caused by: org.springframework.beans.factory.BeanCreationException: Error creating bean with name 'redisConfig': Injection of autowired dependencies failed
	at org.springframework.beans.factory.annotation.AutowiredAnnotationBeanPostProcessor.postProcessProperties(AutowiredAnnotationBeanPostProcessor.java:515)
	at org.springframework.beans.factory.support.AbstractAutowireCapableBeanFactory.populateBean(AbstractAutowireCapableBeanFactory.java:1439)
	at org.springframework.beans.factory.support.AbstractAutowireCapableBeanFactory.doCreateBean(AbstractAutowireCapableBeanFactory.java:599)
	at org.springframework.beans.factory.support.AbstractAutowireCapableBeanFactory.createBean(AbstractAutowireCapableBeanFactory.java:522)
	at org.springframework.beans.factory.support.AbstractBeanFactory.lambda$doGetBean$0(AbstractBeanFactory.java:337)
	at org.springframework.beans.factory.support.DefaultSingletonBeanRegistry.getSingleton(DefaultSingletonBeanRegistry.java:234)
	at org.springframework.beans.factory.support.AbstractBeanFactory.doGetBean(AbstractBeanFactory.java:335)
	at org.springframework.beans.factory.support.AbstractBeanFactory.getBean(AbstractBeanFactory.java:200)
	at org.springframework.beans.factory.support.ConstructorResolver.instantiateUsingFactoryMethod(ConstructorResolver.java:409)
	at org.springframework.beans.factory.support.AbstractAutowireCapableBeanFactory.instantiateUsingFactoryMethod(AbstractAutowireCapableBeanFactory.java:1355)
	at org.springframework.beans.factory.support.AbstractAutowireCapableBeanFactory.createBeanInstance(AbstractAutowireCapableBeanFactory.java:1185)
	at org.springframework.beans.factory.support.AbstractAutowireCapableBeanFactory.doCreateBean(AbstractAutowireCapableBeanFactory.java:562)
	at org.springframework.beans.factory.support.AbstractAutowireCapableBeanFactory.createBean(AbstractAutowireCapableBeanFactory.java:522)
	at org.springframework.beans.factory.support.AbstractBeanFactory.lambda$doGetBean$0(AbstractBeanFactory.java:337)
	at org.springframework.beans.factory.support.DefaultSingletonBeanRegistry.getSingleton(DefaultSingletonBeanRegistry.java:234)
	at org.springframework.beans.factory.support.AbstractBeanFactory.doGetBean(AbstractBeanFactory.java:335)
	at org.springframework.beans.factory.support.AbstractBeanFactory.getBean(AbstractBeanFactory.java:200)
	at org.springframework.beans.factory.config.DependencyDescriptor.resolveCandidate(DependencyDescriptor.java:254)
	at org.springframework.beans.factory.support.DefaultListableBeanFactory.doResolveDependency(DefaultListableBeanFactory.java:1443)
	at org.springframework.beans.factory.support.DefaultListableBeanFactory.resolveDependency(DefaultListableBeanFactory.java:1353)
	at org.springframework.beans.factory.annotation.AutowiredAnnotationBeanPostProcessor$AutowiredFieldElement.resolveFieldValue(AutowiredAnnotationBeanPostProcessor.java:785)
	... 57 common frames omitted
Caused by: java.lang.IllegalArgumentException: Could not resolve placeholder 'spring.data.redis.host' in value "${spring.data.redis.host}"
	at org.springframework.util.PropertyPlaceholderHelper.parseStringValue(PropertyPlaceholderHelper.java:180)
	at org.springframework.util.PropertyPlaceholderHelper.replacePlaceholders(PropertyPlaceholderHelper.java:126)
	at org.springframework.core.env.AbstractPropertyResolver.doResolvePlaceholders(AbstractPropertyResolver.java:239)
	at org.springframework.core.env.AbstractPropertyResolver.resolveRequiredPlaceholders(AbstractPropertyResolver.java:210)
	at org.springframework.context.support.PropertySourcesPlaceholderConfigurer.lambda$processProperties$0(PropertySourcesPlaceholderConfigurer.java:200)
	at org.springframework.beans.factory.support.AbstractBeanFactory.resolveEmbeddedValue(AbstractBeanFactory.java:964)
	at org.springframework.beans.factory.support.DefaultListableBeanFactory.doResolveDependency(DefaultListableBeanFactory.java:1374)
	at org.springframework.beans.factory.support.DefaultListableBeanFactory.resolveDependency(DefaultListableBeanFactory.java:1353)
	at org.springframework.beans.factory.annotation.AutowiredAnnotationBeanPostProcessor$AutowiredFieldElement.resolveFieldValue(AutowiredAnnotationBeanPostProcessor.java:785)
	at org.springframework.beans.factory.annotation.AutowiredAnnotationBeanPostProcessor$AutowiredFieldElement.inject(AutowiredAnnotationBeanPostProcessor.java:768)
	at org.springframework.beans.factory.annotation.InjectionMetadata.inject(InjectionMetadata.java:145)
	at org.springframework.beans.factory.annotation.AutowiredAnnotationBeanPostProcessor.postProcessProperties(AutowiredAnnotationBeanPostProcessor.java:509)
	... 77 common frames omitted
2026-04-10 00:57:46.991 [Thread-2] WARN  c.a.n.c.executor.ThreadPoolManager - [ThreadPoolManager] Start destroying ThreadPool
2026-04-10 00:57:46.992 [Thread-2] WARN  c.a.n.c.executor.ThreadPoolManager - [ThreadPoolManager] Destruction of the end
2026-04-10 13:33:24.175 [main] INFO  c.a.n.client.logging.NacosLogging - Nacos Logging Adapter Builder: com.alibaba.nacos.logger.adapter.logback12.LogbackNacosLoggingAdapterBuilder
2026-04-10 13:33:24.178 [main] INFO  c.a.n.client.logging.NacosLogging - Nacos Logging Adapter Builder: com.alibaba.nacos.logger.adapter.logback14.LogbackNacosLoggingAdapterBuilder
2026-04-10 13:33:24.179 [main] INFO  c.a.n.client.logging.NacosLogging - Nacos Logging Adapter: com.alibaba.nacos.logger.adapter.logback14.LogbackNacosLoggingAdapter match ch.qos.logback.classic.Logger success.
2026-04-10 13:33:24.186 [main] INFO  c.a.n.client.logging.NacosLogging - Nacos Logging Adapter Builder: com.alibaba.nacos.logger.adapter.log4j2.Log4j2NacosLoggingAdapterBuilder
2026-04-10 13:33:24.193 [background-preinit] INFO  o.h.validator.internal.util.Version - HV000001: Hibernate Validator 8.0.1.Final
2026-04-10 13:33:25.156 [main] INFO  c.z.e.EasyApplyResumeApplication - The following 1 profile is active: "dev"
2026-04-10 13:33:27.392 [main] INFO  o.s.d.r.c.RepositoryConfigurationDelegate - Multiple Spring Data modules found, entering strict repository configuration mode
2026-04-10 13:33:27.397 [main] INFO  o.s.d.r.c.RepositoryConfigurationDelegate - Bootstrapping Spring Data Redis repositories in DEFAULT mode.
2026-04-10 13:33:27.484 [main] INFO  o.s.d.r.c.RepositoryConfigurationDelegate - Finished Spring Data repository scanning in 53 ms. Found 0 Redis repository interfaces.
2026-04-10 13:33:27.672 [main] WARN  o.m.s.mapper.ClassPathMapperScanner - Cannot use both: sqlSessionTemplate and sqlSessionFactory together. sqlSessionFactory is ignored.
2026-04-10 13:33:27.674 [main] WARN  o.m.s.mapper.ClassPathMapperScanner - Cannot use both: sqlSessionTemplate and sqlSessionFactory together. sqlSessionFactory is ignored.
2026-04-10 13:33:27.674 [main] WARN  o.m.s.mapper.ClassPathMapperScanner - Cannot use both: sqlSessionTemplate and sqlSessionFactory together. sqlSessionFactory is ignored.
2026-04-10 13:33:27.675 [main] WARN  o.m.s.mapper.ClassPathMapperScanner - Cannot use both: sqlSessionTemplate and sqlSessionFactory together. sqlSessionFactory is ignored.
2026-04-10 13:33:27.676 [main] WARN  o.m.s.mapper.ClassPathMapperScanner - Cannot use both: sqlSessionTemplate and sqlSessionFactory together. sqlSessionFactory is ignored.
2026-04-10 13:33:27.676 [main] WARN  o.m.s.mapper.ClassPathMapperScanner - Cannot use both: sqlSessionTemplate and sqlSessionFactory together. sqlSessionFactory is ignored.
2026-04-10 13:33:27.677 [main] WARN  o.m.s.mapper.ClassPathMapperScanner - Cannot use both: sqlSessionTemplate and sqlSessionFactory together. sqlSessionFactory is ignored.
2026-04-10 13:33:27.677 [main] WARN  o.m.s.mapper.ClassPathMapperScanner - Cannot use both: sqlSessionTemplate and sqlSessionFactory together. sqlSessionFactory is ignored.
2026-04-10 13:33:27.678 [main] WARN  o.m.s.mapper.ClassPathMapperScanner - Cannot use both: sqlSessionTemplate and sqlSessionFactory together. sqlSessionFactory is ignored.
2026-04-10 13:33:27.679 [main] WARN  o.m.s.mapper.ClassPathMapperScanner - Cannot use both: sqlSessionTemplate and sqlSessionFactory together. sqlSessionFactory is ignored.
2026-04-10 13:33:27.680 [main] WARN  o.m.s.mapper.ClassPathMapperScanner - Cannot use both: sqlSessionTemplate and sqlSessionFactory together. sqlSessionFactory is ignored.
2026-04-10 13:33:27.680 [main] WARN  o.m.s.mapper.ClassPathMapperScanner - Cannot use both: sqlSessionTemplate and sqlSessionFactory together. sqlSessionFactory is ignored.
2026-04-10 13:33:27.681 [main] WARN  o.m.s.mapper.ClassPathMapperScanner - Cannot use both: sqlSessionTemplate and sqlSessionFactory together. sqlSessionFactory is ignored.
2026-04-10 13:33:27.681 [main] WARN  o.m.s.mapper.ClassPathMapperScanner - Cannot use both: sqlSessionTemplate and sqlSessionFactory together. sqlSessionFactory is ignored.
2026-04-10 13:33:27.681 [main] WARN  o.m.s.mapper.ClassPathMapperScanner - Cannot use both: sqlSessionTemplate and sqlSessionFactory together. sqlSessionFactory is ignored.
2026-04-10 13:33:27.681 [main] WARN  o.m.s.mapper.ClassPathMapperScanner - Cannot use both: sqlSessionTemplate and sqlSessionFactory together. sqlSessionFactory is ignored.
2026-04-10 13:33:27.682 [main] WARN  o.m.s.mapper.ClassPathMapperScanner - Cannot use both: sqlSessionTemplate and sqlSessionFactory together. sqlSessionFactory is ignored.
2026-04-10 13:33:27.682 [main] WARN  o.m.s.mapper.ClassPathMapperScanner - Cannot use both: sqlSessionTemplate and sqlSessionFactory together. sqlSessionFactory is ignored.
2026-04-10 13:33:27.682 [main] WARN  o.m.s.mapper.ClassPathMapperScanner - Cannot use both: sqlSessionTemplate and sqlSessionFactory together. sqlSessionFactory is ignored.
2026-04-10 13:33:27.683 [main] WARN  o.m.s.mapper.ClassPathMapperScanner - Cannot use both: sqlSessionTemplate and sqlSessionFactory together. sqlSessionFactory is ignored.
2026-04-10 13:33:27.684 [main] WARN  o.m.s.mapper.ClassPathMapperScanner - Cannot use both: sqlSessionTemplate and sqlSessionFactory together. sqlSessionFactory is ignored.
2026-04-10 13:33:27.684 [main] WARN  o.m.s.mapper.ClassPathMapperScanner - Cannot use both: sqlSessionTemplate and sqlSessionFactory together. sqlSessionFactory is ignored.
2026-04-10 13:33:27.684 [main] WARN  o.m.s.mapper.ClassPathMapperScanner - Cannot use both: sqlSessionTemplate and sqlSessionFactory together. sqlSessionFactory is ignored.
2026-04-10 13:33:27.685 [main] WARN  o.m.s.mapper.ClassPathMapperScanner - Cannot use both: sqlSessionTemplate and sqlSessionFactory together. sqlSessionFactory is ignored.
2026-04-10 13:33:27.686 [main] WARN  o.m.s.mapper.ClassPathMapperScanner - Cannot use both: sqlSessionTemplate and sqlSessionFactory together. sqlSessionFactory is ignored.
2026-04-10 13:33:27.686 [main] WARN  o.m.s.mapper.ClassPathMapperScanner - Cannot use both: sqlSessionTemplate and sqlSessionFactory together. sqlSessionFactory is ignored.
2026-04-10 13:33:27.687 [main] WARN  o.m.s.mapper.ClassPathMapperScanner - Cannot use both: sqlSessionTemplate and sqlSessionFactory together. sqlSessionFactory is ignored.
2026-04-10 13:33:27.687 [main] WARN  o.m.s.mapper.ClassPathMapperScanner - Cannot use both: sqlSessionTemplate and sqlSessionFactory together. sqlSessionFactory is ignored.
2026-04-10 13:33:27.688 [main] WARN  o.m.s.mapper.ClassPathMapperScanner - Cannot use both: sqlSessionTemplate and sqlSessionFactory together. sqlSessionFactory is ignored.
2026-04-10 13:33:27.688 [main] WARN  o.m.s.mapper.ClassPathMapperScanner - Cannot use both: sqlSessionTemplate and sqlSessionFactory together. sqlSessionFactory is ignored.
2026-04-10 13:33:27.689 [main] WARN  o.m.s.mapper.ClassPathMapperScanner - Cannot use both: sqlSessionTemplate and sqlSessionFactory together. sqlSessionFactory is ignored.
2026-04-10 13:33:27.689 [main] WARN  o.m.s.mapper.ClassPathMapperScanner - Cannot use both: sqlSessionTemplate and sqlSessionFactory together. sqlSessionFactory is ignored.
2026-04-10 13:33:27.689 [main] WARN  o.m.s.mapper.ClassPathMapperScanner - Cannot use both: sqlSessionTemplate and sqlSessionFactory together. sqlSessionFactory is ignored.
2026-04-10 13:33:27.689 [main] WARN  o.m.s.mapper.ClassPathMapperScanner - Cannot use both: sqlSessionTemplate and sqlSessionFactory together. sqlSessionFactory is ignored.
2026-04-10 13:33:27.689 [main] WARN  o.m.s.mapper.ClassPathMapperScanner - Cannot use both: sqlSessionTemplate and sqlSessionFactory together. sqlSessionFactory is ignored.
2026-04-10 13:33:27.691 [main] WARN  o.m.s.mapper.ClassPathMapperScanner - Cannot use both: sqlSessionTemplate and sqlSessionFactory together. sqlSessionFactory is ignored.
2026-04-10 13:33:27.691 [main] WARN  o.m.s.mapper.ClassPathMapperScanner - Cannot use both: sqlSessionTemplate and sqlSessionFactory together. sqlSessionFactory is ignored.
2026-04-10 13:33:27.692 [main] WARN  o.m.s.mapper.ClassPathMapperScanner - Cannot use both: sqlSessionTemplate and sqlSessionFactory together. sqlSessionFactory is ignored.
2026-04-10 13:33:27.692 [main] WARN  o.m.s.mapper.ClassPathMapperScanner - Cannot use both: sqlSessionTemplate and sqlSessionFactory together. sqlSessionFactory is ignored.
2026-04-10 13:33:27.692 [main] WARN  o.m.s.mapper.ClassPathMapperScanner - Cannot use both: sqlSessionTemplate and sqlSessionFactory together. sqlSessionFactory is ignored.
2026-04-10 13:33:27.693 [main] WARN  o.m.s.mapper.ClassPathMapperScanner - Cannot use both: sqlSessionTemplate and sqlSessionFactory together. sqlSessionFactory is ignored.
2026-04-10 13:33:27.693 [main] WARN  o.m.s.mapper.ClassPathMapperScanner - Cannot use both: sqlSessionTemplate and sqlSessionFactory together. sqlSessionFactory is ignored.
2026-04-10 13:33:27.693 [main] WARN  o.m.s.mapper.ClassPathMapperScanner - Cannot use both: sqlSessionTemplate and sqlSessionFactory together. sqlSessionFactory is ignored.
2026-04-10 13:33:27.694 [main] WARN  o.m.s.mapper.ClassPathMapperScanner - Cannot use both: sqlSessionTemplate and sqlSessionFactory together. sqlSessionFactory is ignored.
2026-04-10 13:33:27.694 [main] WARN  o.m.s.mapper.ClassPathMapperScanner - Cannot use both: sqlSessionTemplate and sqlSessionFactory together. sqlSessionFactory is ignored.
2026-04-10 13:33:27.694 [main] WARN  o.m.s.mapper.ClassPathMapperScanner - Cannot use both: sqlSessionTemplate and sqlSessionFactory together. sqlSessionFactory is ignored.
2026-04-10 13:33:27.695 [main] WARN  o.m.s.mapper.ClassPathMapperScanner - Cannot use both: sqlSessionTemplate and sqlSessionFactory together. sqlSessionFactory is ignored.
2026-04-10 13:33:27.695 [main] WARN  o.m.s.mapper.ClassPathMapperScanner - Cannot use both: sqlSessionTemplate and sqlSessionFactory together. sqlSessionFactory is ignored.
2026-04-10 13:33:27.695 [main] WARN  o.m.s.mapper.ClassPathMapperScanner - Cannot use both: sqlSessionTemplate and sqlSessionFactory together. sqlSessionFactory is ignored.
2026-04-10 13:33:27.698 [main] WARN  o.m.s.mapper.ClassPathMapperScanner - No MyBatis mapper was found in '[com.zyh.easyapplyresume.mapper.pgvector]' package. Please check your configuration.
2026-04-10 13:33:27.931 [main] INFO  o.s.cloud.context.scope.GenericScope - BeanFactory id=4ab98e80-6faa-36c1-8261-3b27a89d9cf9
2026-04-10 13:33:29.354 [main] INFO  o.s.b.w.e.tomcat.TomcatWebServer - Tomcat initialized with port 8080 (http)
2026-04-10 13:33:29.380 [main] INFO  o.a.coyote.http11.Http11NioProtocol - Initializing ProtocolHandler ["http-nio-8080"]
2026-04-10 13:33:29.387 [main] INFO  o.a.catalina.core.StandardService - Starting service [Tomcat]
2026-04-10 13:33:29.387 [main] INFO  o.a.catalina.core.StandardEngine - Starting Servlet engine: [Apache Tomcat/10.1.31]
2026-04-10 13:33:29.584 [main] INFO  o.a.c.c.C.[Tomcat].[localhost].[/] - Initializing Spring embedded WebApplicationContext
2026-04-10 13:33:29.584 [main] INFO  o.s.b.w.s.c.ServletWebServerApplicationContext - Root WebApplicationContext: initialization completed in 4403 ms
2026-04-10 13:33:29.947 [main] ERROR o.s.b.w.e.tomcat.TomcatStarter - Error starting Tomcat context. Exception: org.springframework.beans.factory.UnsatisfiedDependencyException. Message: Error creating bean with name 'adminJwtAuthFilter': Unsatisfied dependency expressed through field 'stringRedisTemplate': Error creating bean with name 'redisConfig': Injection of autowired dependencies failed
2026-04-10 13:33:29.992 [main] INFO  o.a.catalina.core.StandardService - Stopping service [Tomcat]
2026-04-10 13:33:30.010 [main] WARN  o.s.b.w.s.c.AnnotationConfigServletWebServerApplicationContext - Exception encountered during context initialization - cancelling refresh attempt: org.springframework.context.ApplicationContextException: Unable to start web server
2026-04-10 13:33:30.027 [main] INFO  o.s.b.a.l.ConditionEvaluationReportLogger - 

Error starting ApplicationContext. To display the condition evaluation report re-run your application with 'debug' enabled.
2026-04-10 13:33:30.055 [main] ERROR o.s.boot.SpringApplication - Application run failed
org.springframework.context.ApplicationContextException: Unable to start web server
	at org.springframework.boot.web.servlet.context.ServletWebServerApplicationContext.onRefresh(ServletWebServerApplicationContext.java:165)
	at org.springframework.context.support.AbstractApplicationContext.refresh(AbstractApplicationContext.java:619)
	at org.springframework.boot.web.servlet.context.ServletWebServerApplicationContext.refresh(ServletWebServerApplicationContext.java:146)
	at org.springframework.boot.SpringApplication.refresh(SpringApplication.java:754)
	at org.springframework.boot.SpringApplication.refreshContext(SpringApplication.java:456)
	at org.springframework.boot.SpringApplication.run(SpringApplication.java:335)
	at org.springframework.boot.SpringApplication.run(SpringApplication.java:1363)
	at org.springframework.boot.SpringApplication.run(SpringApplication.java:1352)
	at com.zyh.easyapplyresume.EasyApplyResumeApplication.main(EasyApplyResumeApplication.java:23)
Caused by: org.springframework.boot.web.server.WebServerException: Unable to start embedded Tomcat
	at org.springframework.boot.web.embedded.tomcat.TomcatWebServer.initialize(TomcatWebServer.java:147)
	at org.springframework.boot.web.embedded.tomcat.TomcatWebServer.<init>(TomcatWebServer.java:107)
	at org.springframework.boot.web.embedded.tomcat.TomcatServletWebServerFactory.getTomcatWebServer(TomcatServletWebServerFactory.java:516)
	at org.springframework.boot.web.embedded.tomcat.TomcatServletWebServerFactory.getWebServer(TomcatServletWebServerFactory.java:222)
	at org.springframework.boot.web.servlet.context.ServletWebServerApplicationContext.createWebServer(ServletWebServerApplicationContext.java:188)
	at org.springframework.boot.web.servlet.context.ServletWebServerApplicationContext.onRefresh(ServletWebServerApplicationContext.java:162)
	... 8 common frames omitted
Caused by: org.springframework.beans.factory.UnsatisfiedDependencyException: Error creating bean with name 'adminJwtAuthFilter': Unsatisfied dependency expressed through field 'stringRedisTemplate': Error creating bean with name 'redisConfig': Injection of autowired dependencies failed
	at org.springframework.beans.factory.annotation.AutowiredAnnotationBeanPostProcessor$AutowiredFieldElement.resolveFieldValue(AutowiredAnnotationBeanPostProcessor.java:788)
	at org.springframework.beans.factory.annotation.AutowiredAnnotationBeanPostProcessor$AutowiredFieldElement.inject(AutowiredAnnotationBeanPostProcessor.java:768)
	at org.springframework.beans.factory.annotation.InjectionMetadata.inject(InjectionMetadata.java:145)
	at org.springframework.beans.factory.annotation.AutowiredAnnotationBeanPostProcessor.postProcessProperties(AutowiredAnnotationBeanPostProcessor.java:509)
	at org.springframework.beans.factory.support.AbstractAutowireCapableBeanFactory.populateBean(AbstractAutowireCapableBeanFactory.java:1439)
	at org.springframework.beans.factory.support.AbstractAutowireCapableBeanFactory.doCreateBean(AbstractAutowireCapableBeanFactory.java:599)
	at org.springframework.beans.factory.support.AbstractAutowireCapableBeanFactory.createBean(AbstractAutowireCapableBeanFactory.java:522)
	at org.springframework.beans.factory.support.AbstractBeanFactory.lambda$doGetBean$0(AbstractBeanFactory.java:337)
	at org.springframework.beans.factory.support.DefaultSingletonBeanRegistry.getSingleton(DefaultSingletonBeanRegistry.java:234)
	at org.springframework.beans.factory.support.AbstractBeanFactory.doGetBean(AbstractBeanFactory.java:335)
	at org.springframework.beans.factory.support.AbstractBeanFactory.getBean(AbstractBeanFactory.java:205)
	at org.springframework.boot.web.servlet.ServletContextInitializerBeans.getOrderedBeansOfType(ServletContextInitializerBeans.java:211)
	at org.springframework.boot.web.servlet.ServletContextInitializerBeans.addAsRegistrationBean(ServletContextInitializerBeans.java:174)
	at org.springframework.boot.web.servlet.ServletContextInitializerBeans.addAsRegistrationBean(ServletContextInitializerBeans.java:169)
	at org.springframework.boot.web.servlet.ServletContextInitializerBeans.addAdaptableBeans(ServletContextInitializerBeans.java:154)
	at org.springframework.boot.web.servlet.ServletContextInitializerBeans.<init>(ServletContextInitializerBeans.java:87)
	at org.springframework.boot.web.servlet.context.ServletWebServerApplicationContext.getServletContextInitializerBeans(ServletWebServerApplicationContext.java:266)
	at org.springframework.boot.web.servlet.context.ServletWebServerApplicationContext.selfInitialize(ServletWebServerApplicationContext.java:240)
	at org.springframework.boot.web.embedded.tomcat.TomcatStarter.onStartup(TomcatStarter.java:52)
	at org.apache.catalina.core.StandardContext.startInternal(StandardContext.java:4412)
	at org.apache.catalina.util.LifecycleBase.start(LifecycleBase.java:164)
	at org.apache.catalina.core.ContainerBase$StartChild.call(ContainerBase.java:1203)
	at org.apache.catalina.core.ContainerBase$StartChild.call(ContainerBase.java:1193)
	at java.base/java.util.concurrent.FutureTask.run$$$capture(FutureTask.java:317)
	at java.base/java.util.concurrent.FutureTask.run(FutureTask.java)
	at org.apache.tomcat.util.threads.InlineExecutorService.execute(InlineExecutorService.java:75)
	at java.base/java.util.concurrent.AbstractExecutorService.submit(AbstractExecutorService.java:145)
	at org.apache.catalina.core.ContainerBase.startInternal(ContainerBase.java:749)
	at org.apache.catalina.core.StandardHost.startInternal(StandardHost.java:772)
	at org.apache.catalina.util.LifecycleBase.start(LifecycleBase.java:164)
	at org.apache.catalina.core.ContainerBase$StartChild.call(ContainerBase.java:1203)
	at org.apache.catalina.core.ContainerBase$StartChild.call(ContainerBase.java:1193)
	at java.base/java.util.concurrent.FutureTask.run$$$capture(FutureTask.java:317)
	at java.base/java.util.concurrent.FutureTask.run(FutureTask.java)
	at org.apache.tomcat.util.threads.InlineExecutorService.execute(InlineExecutorService.java:75)
	at java.base/java.util.concurrent.AbstractExecutorService.submit(AbstractExecutorService.java:145)
	at org.apache.catalina.core.ContainerBase.startInternal(ContainerBase.java:749)
	at org.apache.catalina.core.StandardEngine.startInternal(StandardEngine.java:203)
	at org.apache.catalina.util.LifecycleBase.start(LifecycleBase.java:164)
	at org.apache.catalina.core.StandardService.startInternal(StandardService.java:415)
	at org.apache.catalina.util.LifecycleBase.start(LifecycleBase.java:164)
	at org.apache.catalina.core.StandardServer.startInternal(StandardServer.java:870)
	at org.apache.catalina.util.LifecycleBase.start(LifecycleBase.java:164)
	at org.apache.catalina.startup.Tomcat.start(Tomcat.java:437)
	at org.springframework.boot.web.embedded.tomcat.TomcatWebServer.initialize(TomcatWebServer.java:128)
	... 13 common frames omitted
Caused by: org.springframework.beans.factory.BeanCreationException: Error creating bean with name 'redisConfig': Injection of autowired dependencies failed
	at org.springframework.beans.factory.annotation.AutowiredAnnotationBeanPostProcessor.postProcessProperties(AutowiredAnnotationBeanPostProcessor.java:515)
	at org.springframework.beans.factory.support.AbstractAutowireCapableBeanFactory.populateBean(AbstractAutowireCapableBeanFactory.java:1439)
	at org.springframework.beans.factory.support.AbstractAutowireCapableBeanFactory.doCreateBean(AbstractAutowireCapableBeanFactory.java:599)
	at org.springframework.beans.factory.support.AbstractAutowireCapableBeanFactory.createBean(AbstractAutowireCapableBeanFactory.java:522)
	at org.springframework.beans.factory.support.AbstractBeanFactory.lambda$doGetBean$0(AbstractBeanFactory.java:337)
	at org.springframework.beans.factory.support.DefaultSingletonBeanRegistry.getSingleton(DefaultSingletonBeanRegistry.java:234)
	at org.springframework.beans.factory.support.AbstractBeanFactory.doGetBean(AbstractBeanFactory.java:335)
	at org.springframework.beans.factory.support.AbstractBeanFactory.getBean(AbstractBeanFactory.java:200)
	at org.springframework.beans.factory.support.ConstructorResolver.instantiateUsingFactoryMethod(ConstructorResolver.java:409)
	at org.springframework.beans.factory.support.AbstractAutowireCapableBeanFactory.instantiateUsingFactoryMethod(AbstractAutowireCapableBeanFactory.java:1355)
	at org.springframework.beans.factory.support.AbstractAutowireCapableBeanFactory.createBeanInstance(AbstractAutowireCapableBeanFactory.java:1185)
	at org.springframework.beans.factory.support.AbstractAutowireCapableBeanFactory.doCreateBean(AbstractAutowireCapableBeanFactory.java:562)
	at org.springframework.beans.factory.support.AbstractAutowireCapableBeanFactory.createBean(AbstractAutowireCapableBeanFactory.java:522)
	at org.springframework.beans.factory.support.AbstractBeanFactory.lambda$doGetBean$0(AbstractBeanFactory.java:337)
	at org.springframework.beans.factory.support.DefaultSingletonBeanRegistry.getSingleton(DefaultSingletonBeanRegistry.java:234)
	at org.springframework.beans.factory.support.AbstractBeanFactory.doGetBean(AbstractBeanFactory.java:335)
	at org.springframework.beans.factory.support.AbstractBeanFactory.getBean(AbstractBeanFactory.java:200)
	at org.springframework.beans.factory.config.DependencyDescriptor.resolveCandidate(DependencyDescriptor.java:254)
	at org.springframework.beans.factory.support.DefaultListableBeanFactory.doResolveDependency(DefaultListableBeanFactory.java:1443)
	at org.springframework.beans.factory.support.DefaultListableBeanFactory.resolveDependency(DefaultListableBeanFactory.java:1353)
	at org.springframework.beans.factory.annotation.AutowiredAnnotationBeanPostProcessor$AutowiredFieldElement.resolveFieldValue(AutowiredAnnotationBeanPostProcessor.java:785)
	... 57 common frames omitted
Caused by: java.lang.IllegalArgumentException: Could not resolve placeholder 'spring.data.redis.host' in value "${spring.data.redis.host}"
	at org.springframework.util.PropertyPlaceholderHelper.parseStringValue(PropertyPlaceholderHelper.java:180)
	at org.springframework.util.PropertyPlaceholderHelper.replacePlaceholders(PropertyPlaceholderHelper.java:126)
	at org.springframework.core.env.AbstractPropertyResolver.doResolvePlaceholders(AbstractPropertyResolver.java:239)
	at org.springframework.core.env.AbstractPropertyResolver.resolveRequiredPlaceholders(AbstractPropertyResolver.java:210)
	at org.springframework.context.support.PropertySourcesPlaceholderConfigurer.lambda$processProperties$0(PropertySourcesPlaceholderConfigurer.java:200)
	at org.springframework.beans.factory.support.AbstractBeanFactory.resolveEmbeddedValue(AbstractBeanFactory.java:964)
	at org.springframework.beans.factory.support.DefaultListableBeanFactory.doResolveDependency(DefaultListableBeanFactory.java:1374)
	at org.springframework.beans.factory.support.DefaultListableBeanFactory.resolveDependency(DefaultListableBeanFactory.java:1353)
	at org.springframework.beans.factory.annotation.AutowiredAnnotationBeanPostProcessor$AutowiredFieldElement.resolveFieldValue(AutowiredAnnotationBeanPostProcessor.java:785)
	at org.springframework.beans.factory.annotation.AutowiredAnnotationBeanPostProcessor$AutowiredFieldElement.inject(AutowiredAnnotationBeanPostProcessor.java:768)
	at org.springframework.beans.factory.annotation.InjectionMetadata.inject(InjectionMetadata.java:145)
	at org.springframework.beans.factory.annotation.AutowiredAnnotationBeanPostProcessor.postProcessProperties(AutowiredAnnotationBeanPostProcessor.java:509)
	... 77 common frames omitted
2026-04-10 13:33:30.063 [Thread-2] WARN  c.a.n.c.executor.ThreadPoolManager - [ThreadPoolManager] Start destroying ThreadPool
2026-04-10 13:33:30.065 [Thread-2] WARN  c.a.n.c.executor.ThreadPoolManager - [ThreadPoolManager] Destruction of the end
2026-04-10 13:34:57.107 [main] INFO  c.a.n.client.logging.NacosLogging - Nacos Logging Adapter Builder: com.alibaba.nacos.logger.adapter.logback12.LogbackNacosLoggingAdapterBuilder
2026-04-10 13:34:57.110 [main] INFO  c.a.n.client.logging.NacosLogging - Nacos Logging Adapter Builder: com.alibaba.nacos.logger.adapter.logback14.LogbackNacosLoggingAdapterBuilder
2026-04-10 13:34:57.111 [main] INFO  c.a.n.client.logging.NacosLogging - Nacos Logging Adapter: com.alibaba.nacos.logger.adapter.logback14.LogbackNacosLoggingAdapter match ch.qos.logback.classic.Logger success.
2026-04-10 13:34:57.120 [main] INFO  c.a.n.client.logging.NacosLogging - Nacos Logging Adapter Builder: com.alibaba.nacos.logger.adapter.log4j2.Log4j2NacosLoggingAdapterBuilder
2026-04-10 13:34:57.127 [background-preinit] INFO  o.h.validator.internal.util.Version - HV000001: Hibernate Validator 8.0.1.Final
2026-04-10 13:34:58.028 [main] INFO  c.z.e.EasyApplyResumeApplication - The following 1 profile is active: "dev"
2026-04-10 13:34:59.828 [main] INFO  o.s.d.r.c.RepositoryConfigurationDelegate - Multiple Spring Data modules found, entering strict repository configuration mode
2026-04-10 13:34:59.833 [main] INFO  o.s.d.r.c.RepositoryConfigurationDelegate - Bootstrapping Spring Data Redis repositories in DEFAULT mode.
2026-04-10 13:34:59.896 [main] INFO  o.s.d.r.c.RepositoryConfigurationDelegate - Finished Spring Data repository scanning in 40 ms. Found 0 Redis repository interfaces.
2026-04-10 13:35:00.073 [main] WARN  o.m.s.mapper.ClassPathMapperScanner - Cannot use both: sqlSessionTemplate and sqlSessionFactory together. sqlSessionFactory is ignored.
2026-04-10 13:35:00.074 [main] WARN  o.m.s.mapper.ClassPathMapperScanner - Cannot use both: sqlSessionTemplate and sqlSessionFactory together. sqlSessionFactory is ignored.
2026-04-10 13:35:00.074 [main] WARN  o.m.s.mapper.ClassPathMapperScanner - Cannot use both: sqlSessionTemplate and sqlSessionFactory together. sqlSessionFactory is ignored.
2026-04-10 13:35:00.074 [main] WARN  o.m.s.mapper.ClassPathMapperScanner - Cannot use both: sqlSessionTemplate and sqlSessionFactory together. sqlSessionFactory is ignored.
2026-04-10 13:35:00.075 [main] WARN  o.m.s.mapper.ClassPathMapperScanner - Cannot use both: sqlSessionTemplate and sqlSessionFactory together. sqlSessionFactory is ignored.
2026-04-10 13:35:00.075 [main] WARN  o.m.s.mapper.ClassPathMapperScanner - Cannot use both: sqlSessionTemplate and sqlSessionFactory together. sqlSessionFactory is ignored.
2026-04-10 13:35:00.076 [main] WARN  o.m.s.mapper.ClassPathMapperScanner - Cannot use both: sqlSessionTemplate and sqlSessionFactory together. sqlSessionFactory is ignored.
2026-04-10 13:35:00.076 [main] WARN  o.m.s.mapper.ClassPathMapperScanner - Cannot use both: sqlSessionTemplate and sqlSessionFactory together. sqlSessionFactory is ignored.
2026-04-10 13:35:00.076 [main] WARN  o.m.s.mapper.ClassPathMapperScanner - Cannot use both: sqlSessionTemplate and sqlSessionFactory together. sqlSessionFactory is ignored.
2026-04-10 13:35:00.076 [main] WARN  o.m.s.mapper.ClassPathMapperScanner - Cannot use both: sqlSessionTemplate and sqlSessionFactory together. sqlSessionFactory is ignored.
2026-04-10 13:35:00.077 [main] WARN  o.m.s.mapper.ClassPathMapperScanner - Cannot use both: sqlSessionTemplate and sqlSessionFactory together. sqlSessionFactory is ignored.
2026-04-10 13:35:00.077 [main] WARN  o.m.s.mapper.ClassPathMapperScanner - Cannot use both: sqlSessionTemplate and sqlSessionFactory together. sqlSessionFactory is ignored.
2026-04-10 13:35:00.077 [main] WARN  o.m.s.mapper.ClassPathMapperScanner - Cannot use both: sqlSessionTemplate and sqlSessionFactory together. sqlSessionFactory is ignored.
2026-04-10 13:35:00.078 [main] WARN  o.m.s.mapper.ClassPathMapperScanner - Cannot use both: sqlSessionTemplate and sqlSessionFactory together. sqlSessionFactory is ignored.
2026-04-10 13:35:00.078 [main] WARN  o.m.s.mapper.ClassPathMapperScanner - Cannot use both: sqlSessionTemplate and sqlSessionFactory together. sqlSessionFactory is ignored.
2026-04-10 13:35:00.078 [main] WARN  o.m.s.mapper.ClassPathMapperScanner - Cannot use both: sqlSessionTemplate and sqlSessionFactory together. sqlSessionFactory is ignored.
2026-04-10 13:35:00.078 [main] WARN  o.m.s.mapper.ClassPathMapperScanner - Cannot use both: sqlSessionTemplate and sqlSessionFactory together. sqlSessionFactory is ignored.
2026-04-10 13:35:00.078 [main] WARN  o.m.s.mapper.ClassPathMapperScanner - Cannot use both: sqlSessionTemplate and sqlSessionFactory together. sqlSessionFactory is ignored.
2026-04-10 13:35:00.079 [main] WARN  o.m.s.mapper.ClassPathMapperScanner - Cannot use both: sqlSessionTemplate and sqlSessionFactory together. sqlSessionFactory is ignored.
2026-04-10 13:35:00.079 [main] WARN  o.m.s.mapper.ClassPathMapperScanner - Cannot use both: sqlSessionTemplate and sqlSessionFactory together. sqlSessionFactory is ignored.
2026-04-10 13:35:00.079 [main] WARN  o.m.s.mapper.ClassPathMapperScanner - Cannot use both: sqlSessionTemplate and sqlSessionFactory together. sqlSessionFactory is ignored.
2026-04-10 13:35:00.079 [main] WARN  o.m.s.mapper.ClassPathMapperScanner - Cannot use both: sqlSessionTemplate and sqlSessionFactory together. sqlSessionFactory is ignored.
2026-04-10 13:35:00.080 [main] WARN  o.m.s.mapper.ClassPathMapperScanner - Cannot use both: sqlSessionTemplate and sqlSessionFactory together. sqlSessionFactory is ignored.
2026-04-10 13:35:00.080 [main] WARN  o.m.s.mapper.ClassPathMapperScanner - Cannot use both: sqlSessionTemplate and sqlSessionFactory together. sqlSessionFactory is ignored.
2026-04-10 13:35:00.080 [main] WARN  o.m.s.mapper.ClassPathMapperScanner - Cannot use both: sqlSessionTemplate and sqlSessionFactory together. sqlSessionFactory is ignored.
2026-04-10 13:35:00.080 [main] WARN  o.m.s.mapper.ClassPathMapperScanner - Cannot use both: sqlSessionTemplate and sqlSessionFactory together. sqlSessionFactory is ignored.
2026-04-10 13:35:00.081 [main] WARN  o.m.s.mapper.ClassPathMapperScanner - Cannot use both: sqlSessionTemplate and sqlSessionFactory together. sqlSessionFactory is ignored.
2026-04-10 13:35:00.081 [main] WARN  o.m.s.mapper.ClassPathMapperScanner - Cannot use both: sqlSessionTemplate and sqlSessionFactory together. sqlSessionFactory is ignored.
2026-04-10 13:35:00.081 [main] WARN  o.m.s.mapper.ClassPathMapperScanner - Cannot use both: sqlSessionTemplate and sqlSessionFactory together. sqlSessionFactory is ignored.
2026-04-10 13:35:00.081 [main] WARN  o.m.s.mapper.ClassPathMapperScanner - Cannot use both: sqlSessionTemplate and sqlSessionFactory together. sqlSessionFactory is ignored.
2026-04-10 13:35:00.082 [main] WARN  o.m.s.mapper.ClassPathMapperScanner - Cannot use both: sqlSessionTemplate and sqlSessionFactory together. sqlSessionFactory is ignored.
2026-04-10 13:35:00.083 [main] WARN  o.m.s.mapper.ClassPathMapperScanner - Cannot use both: sqlSessionTemplate and sqlSessionFactory together. sqlSessionFactory is ignored.
2026-04-10 13:35:00.083 [main] WARN  o.m.s.mapper.ClassPathMapperScanner - Cannot use both: sqlSessionTemplate and sqlSessionFactory together. sqlSessionFactory is ignored.
2026-04-10 13:35:00.084 [main] WARN  o.m.s.mapper.ClassPathMapperScanner - Cannot use both: sqlSessionTemplate and sqlSessionFactory together. sqlSessionFactory is ignored.
2026-04-10 13:35:00.084 [main] WARN  o.m.s.mapper.ClassPathMapperScanner - Cannot use both: sqlSessionTemplate and sqlSessionFactory together. sqlSessionFactory is ignored.
2026-04-10 13:35:00.085 [main] WARN  o.m.s.mapper.ClassPathMapperScanner - Cannot use both: sqlSessionTemplate and sqlSessionFactory together. sqlSessionFactory is ignored.
2026-04-10 13:35:00.085 [main] WARN  o.m.s.mapper.ClassPathMapperScanner - Cannot use both: sqlSessionTemplate and sqlSessionFactory together. sqlSessionFactory is ignored.
2026-04-10 13:35:00.085 [main] WARN  o.m.s.mapper.ClassPathMapperScanner - Cannot use both: sqlSessionTemplate and sqlSessionFactory together. sqlSessionFactory is ignored.
2026-04-10 13:35:00.086 [main] WARN  o.m.s.mapper.ClassPathMapperScanner - Cannot use both: sqlSessionTemplate and sqlSessionFactory together. sqlSessionFactory is ignored.
2026-04-10 13:35:00.086 [main] WARN  o.m.s.mapper.ClassPathMapperScanner - Cannot use both: sqlSessionTemplate and sqlSessionFactory together. sqlSessionFactory is ignored.
2026-04-10 13:35:00.086 [main] WARN  o.m.s.mapper.ClassPathMapperScanner - Cannot use both: sqlSessionTemplate and sqlSessionFactory together. sqlSessionFactory is ignored.
2026-04-10 13:35:00.086 [main] WARN  o.m.s.mapper.ClassPathMapperScanner - Cannot use both: sqlSessionTemplate and sqlSessionFactory together. sqlSessionFactory is ignored.
2026-04-10 13:35:00.087 [main] WARN  o.m.s.mapper.ClassPathMapperScanner - Cannot use both: sqlSessionTemplate and sqlSessionFactory together. sqlSessionFactory is ignored.
2026-04-10 13:35:00.087 [main] WARN  o.m.s.mapper.ClassPathMapperScanner - Cannot use both: sqlSessionTemplate and sqlSessionFactory together. sqlSessionFactory is ignored.
2026-04-10 13:35:00.087 [main] WARN  o.m.s.mapper.ClassPathMapperScanner - Cannot use both: sqlSessionTemplate and sqlSessionFactory together. sqlSessionFactory is ignored.
2026-04-10 13:35:00.087 [main] WARN  o.m.s.mapper.ClassPathMapperScanner - Cannot use both: sqlSessionTemplate and sqlSessionFactory together. sqlSessionFactory is ignored.
2026-04-10 13:35:00.088 [main] WARN  o.m.s.mapper.ClassPathMapperScanner - Cannot use both: sqlSessionTemplate and sqlSessionFactory together. sqlSessionFactory is ignored.
2026-04-10 13:35:00.088 [main] WARN  o.m.s.mapper.ClassPathMapperScanner - Cannot use both: sqlSessionTemplate and sqlSessionFactory together. sqlSessionFactory is ignored.
2026-04-10 13:35:00.088 [main] WARN  o.m.s.mapper.ClassPathMapperScanner - Cannot use both: sqlSessionTemplate and sqlSessionFactory together. sqlSessionFactory is ignored.
2026-04-10 13:35:00.090 [main] WARN  o.m.s.mapper.ClassPathMapperScanner - No MyBatis mapper was found in '[com.zyh.easyapplyresume.mapper.pgvector]' package. Please check your configuration.
2026-04-10 13:35:00.266 [main] INFO  o.s.cloud.context.scope.GenericScope - BeanFactory id=4ab98e80-6faa-36c1-8261-3b27a89d9cf9
2026-04-10 13:35:01.387 [main] INFO  o.s.b.w.e.tomcat.TomcatWebServer - Tomcat initialized with port 8080 (http)
2026-04-10 13:35:01.402 [main] INFO  o.a.coyote.http11.Http11NioProtocol - Initializing ProtocolHandler ["http-nio-8080"]
2026-04-10 13:35:01.408 [main] INFO  o.a.catalina.core.StandardService - Starting service [Tomcat]
2026-04-10 13:35:01.408 [main] INFO  o.a.catalina.core.StandardEngine - Starting Servlet engine: [Apache Tomcat/10.1.31]
2026-04-10 13:35:01.523 [main] INFO  o.a.c.c.C.[Tomcat].[localhost].[/] - Initializing Spring embedded WebApplicationContext
2026-04-10 13:35:01.523 [main] INFO  o.s.b.w.s.c.ServletWebServerApplicationContext - Root WebApplicationContext: initialization completed in 3468 ms
2026-04-10 13:35:01.910 [main] ERROR o.s.b.w.e.tomcat.TomcatStarter - Error starting Tomcat context. Exception: org.springframework.beans.factory.UnsatisfiedDependencyException. Message: Error creating bean with name 'adminJwtAuthFilter': Unsatisfied dependency expressed through field 'stringRedisTemplate': Error creating bean with name 'redisConfig': Injection of autowired dependencies failed
2026-04-10 13:35:01.949 [main] INFO  o.a.catalina.core.StandardService - Stopping service [Tomcat]
2026-04-10 13:35:01.969 [main] WARN  o.s.b.w.s.c.AnnotationConfigServletWebServerApplicationContext - Exception encountered during context initialization - cancelling refresh attempt: org.springframework.context.ApplicationContextException: Unable to start web server
2026-04-10 13:35:01.984 [main] INFO  o.s.b.a.l.ConditionEvaluationReportLogger - 

Error starting ApplicationContext. To display the condition evaluation report re-run your application with 'debug' enabled.
2026-04-10 13:35:02.010 [main] ERROR o.s.boot.SpringApplication - Application run failed
org.springframework.context.ApplicationContextException: Unable to start web server
	at org.springframework.boot.web.servlet.context.ServletWebServerApplicationContext.onRefresh(ServletWebServerApplicationContext.java:165)
	at org.springframework.context.support.AbstractApplicationContext.refresh(AbstractApplicationContext.java:619)
	at org.springframework.boot.web.servlet.context.ServletWebServerApplicationContext.refresh(ServletWebServerApplicationContext.java:146)
	at org.springframework.boot.SpringApplication.refresh(SpringApplication.java:754)
	at org.springframework.boot.SpringApplication.refreshContext(SpringApplication.java:456)
	at org.springframework.boot.SpringApplication.run(SpringApplication.java:335)
	at org.springframework.boot.SpringApplication.run(SpringApplication.java:1363)
	at org.springframework.boot.SpringApplication.run(SpringApplication.java:1352)
	at com.zyh.easyapplyresume.EasyApplyResumeApplication.main(EasyApplyResumeApplication.java:23)
Caused by: org.springframework.boot.web.server.WebServerException: Unable to start embedded Tomcat
	at org.springframework.boot.web.embedded.tomcat.TomcatWebServer.initialize(TomcatWebServer.java:147)
	at org.springframework.boot.web.embedded.tomcat.TomcatWebServer.<init>(TomcatWebServer.java:107)
	at org.springframework.boot.web.embedded.tomcat.TomcatServletWebServerFactory.getTomcatWebServer(TomcatServletWebServerFactory.java:516)
	at org.springframework.boot.web.embedded.tomcat.TomcatServletWebServerFactory.getWebServer(TomcatServletWebServerFactory.java:222)
	at org.springframework.boot.web.servlet.context.ServletWebServerApplicationContext.createWebServer(ServletWebServerApplicationContext.java:188)
	at org.springframework.boot.web.servlet.context.ServletWebServerApplicationContext.onRefresh(ServletWebServerApplicationContext.java:162)
	... 8 common frames omitted
Caused by: org.springframework.beans.factory.UnsatisfiedDependencyException: Error creating bean with name 'adminJwtAuthFilter': Unsatisfied dependency expressed through field 'stringRedisTemplate': Error creating bean with name 'redisConfig': Injection of autowired dependencies failed
	at org.springframework.beans.factory.annotation.AutowiredAnnotationBeanPostProcessor$AutowiredFieldElement.resolveFieldValue(AutowiredAnnotationBeanPostProcessor.java:788)
	at org.springframework.beans.factory.annotation.AutowiredAnnotationBeanPostProcessor$AutowiredFieldElement.inject(AutowiredAnnotationBeanPostProcessor.java:768)
	at org.springframework.beans.factory.annotation.InjectionMetadata.inject(InjectionMetadata.java:145)
	at org.springframework.beans.factory.annotation.AutowiredAnnotationBeanPostProcessor.postProcessProperties(AutowiredAnnotationBeanPostProcessor.java:509)
	at org.springframework.beans.factory.support.AbstractAutowireCapableBeanFactory.populateBean(AbstractAutowireCapableBeanFactory.java:1439)
	at org.springframework.beans.factory.support.AbstractAutowireCapableBeanFactory.doCreateBean(AbstractAutowireCapableBeanFactory.java:599)
	at org.springframework.beans.factory.support.AbstractAutowireCapableBeanFactory.createBean(AbstractAutowireCapableBeanFactory.java:522)
	at org.springframework.beans.factory.support.AbstractBeanFactory.lambda$doGetBean$0(AbstractBeanFactory.java:337)
	at org.springframework.beans.factory.support.DefaultSingletonBeanRegistry.getSingleton(DefaultSingletonBeanRegistry.java:234)
	at org.springframework.beans.factory.support.AbstractBeanFactory.doGetBean(AbstractBeanFactory.java:335)
	at org.springframework.beans.factory.support.AbstractBeanFactory.getBean(AbstractBeanFactory.java:205)
	at org.springframework.boot.web.servlet.ServletContextInitializerBeans.getOrderedBeansOfType(ServletContextInitializerBeans.java:211)
	at org.springframework.boot.web.servlet.ServletContextInitializerBeans.addAsRegistrationBean(ServletContextInitializerBeans.java:174)
	at org.springframework.boot.web.servlet.ServletContextInitializerBeans.addAsRegistrationBean(ServletContextInitializerBeans.java:169)
	at org.springframework.boot.web.servlet.ServletContextInitializerBeans.addAdaptableBeans(ServletContextInitializerBeans.java:154)
	at org.springframework.boot.web.servlet.ServletContextInitializerBeans.<init>(ServletContextInitializerBeans.java:87)
	at org.springframework.boot.web.servlet.context.ServletWebServerApplicationContext.getServletContextInitializerBeans(ServletWebServerApplicationContext.java:266)
	at org.springframework.boot.web.servlet.context.ServletWebServerApplicationContext.selfInitialize(ServletWebServerApplicationContext.java:240)
	at org.springframework.boot.web.embedded.tomcat.TomcatStarter.onStartup(TomcatStarter.java:52)
	at org.apache.catalina.core.StandardContext.startInternal(StandardContext.java:4412)
	at org.apache.catalina.util.LifecycleBase.start(LifecycleBase.java:164)
	at org.apache.catalina.core.ContainerBase$StartChild.call(ContainerBase.java:1203)
	at org.apache.catalina.core.ContainerBase$StartChild.call(ContainerBase.java:1193)
	at java.base/java.util.concurrent.FutureTask.run$$$capture(FutureTask.java:317)
	at java.base/java.util.concurrent.FutureTask.run(FutureTask.java)
	at org.apache.tomcat.util.threads.InlineExecutorService.execute(InlineExecutorService.java:75)
	at java.base/java.util.concurrent.AbstractExecutorService.submit(AbstractExecutorService.java:145)
	at org.apache.catalina.core.ContainerBase.startInternal(ContainerBase.java:749)
	at org.apache.catalina.core.StandardHost.startInternal(StandardHost.java:772)
	at org.apache.catalina.util.LifecycleBase.start(LifecycleBase.java:164)
	at org.apache.catalina.core.ContainerBase$StartChild.call(ContainerBase.java:1203)
	at org.apache.catalina.core.ContainerBase$StartChild.call(ContainerBase.java:1193)
	at java.base/java.util.concurrent.FutureTask.run$$$capture(FutureTask.java:317)
	at java.base/java.util.concurrent.FutureTask.run(FutureTask.java)
	at org.apache.tomcat.util.threads.InlineExecutorService.execute(InlineExecutorService.java:75)
	at java.base/java.util.concurrent.AbstractExecutorService.submit(AbstractExecutorService.java:145)
	at org.apache.catalina.core.ContainerBase.startInternal(ContainerBase.java:749)
	at org.apache.catalina.core.StandardEngine.startInternal(StandardEngine.java:203)
	at org.apache.catalina.util.LifecycleBase.start(LifecycleBase.java:164)
	at org.apache.catalina.core.StandardService.startInternal(StandardService.java:415)
	at org.apache.catalina.util.LifecycleBase.start(LifecycleBase.java:164)
	at org.apache.catalina.core.StandardServer.startInternal(StandardServer.java:870)
	at org.apache.catalina.util.LifecycleBase.start(LifecycleBase.java:164)
	at org.apache.catalina.startup.Tomcat.start(Tomcat.java:437)
	at org.springframework.boot.web.embedded.tomcat.TomcatWebServer.initialize(TomcatWebServer.java:128)
	... 13 common frames omitted
Caused by: org.springframework.beans.factory.BeanCreationException: Error creating bean with name 'redisConfig': Injection of autowired dependencies failed
	at org.springframework.beans.factory.annotation.AutowiredAnnotationBeanPostProcessor.postProcessProperties(AutowiredAnnotationBeanPostProcessor.java:515)
	at org.springframework.beans.factory.support.AbstractAutowireCapableBeanFactory.populateBean(AbstractAutowireCapableBeanFactory.java:1439)
	at org.springframework.beans.factory.support.AbstractAutowireCapableBeanFactory.doCreateBean(AbstractAutowireCapableBeanFactory.java:599)
	at org.springframework.beans.factory.support.AbstractAutowireCapableBeanFactory.createBean(AbstractAutowireCapableBeanFactory.java:522)
	at org.springframework.beans.factory.support.AbstractBeanFactory.lambda$doGetBean$0(AbstractBeanFactory.java:337)
	at org.springframework.beans.factory.support.DefaultSingletonBeanRegistry.getSingleton(DefaultSingletonBeanRegistry.java:234)
	at org.springframework.beans.factory.support.AbstractBeanFactory.doGetBean(AbstractBeanFactory.java:335)
	at org.springframework.beans.factory.support.AbstractBeanFactory.getBean(AbstractBeanFactory.java:200)
	at org.springframework.beans.factory.support.ConstructorResolver.instantiateUsingFactoryMethod(ConstructorResolver.java:409)
	at org.springframework.beans.factory.support.AbstractAutowireCapableBeanFactory.instantiateUsingFactoryMethod(AbstractAutowireCapableBeanFactory.java:1355)
	at org.springframework.beans.factory.support.AbstractAutowireCapableBeanFactory.createBeanInstance(AbstractAutowireCapableBeanFactory.java:1185)
	at org.springframework.beans.factory.support.AbstractAutowireCapableBeanFactory.doCreateBean(AbstractAutowireCapableBeanFactory.java:562)
	at org.springframework.beans.factory.support.AbstractAutowireCapableBeanFactory.createBean(AbstractAutowireCapableBeanFactory.java:522)
	at org.springframework.beans.factory.support.AbstractBeanFactory.lambda$doGetBean$0(AbstractBeanFactory.java:337)
	at org.springframework.beans.factory.support.DefaultSingletonBeanRegistry.getSingleton(DefaultSingletonBeanRegistry.java:234)
	at org.springframework.beans.factory.support.AbstractBeanFactory.doGetBean(AbstractBeanFactory.java:335)
	at org.springframework.beans.factory.support.AbstractBeanFactory.getBean(AbstractBeanFactory.java:200)
	at org.springframework.beans.factory.config.DependencyDescriptor.resolveCandidate(DependencyDescriptor.java:254)
	at org.springframework.beans.factory.support.DefaultListableBeanFactory.doResolveDependency(DefaultListableBeanFactory.java:1443)
	at org.springframework.beans.factory.support.DefaultListableBeanFactory.resolveDependency(DefaultListableBeanFactory.java:1353)
	at org.springframework.beans.factory.annotation.AutowiredAnnotationBeanPostProcessor$AutowiredFieldElement.resolveFieldValue(AutowiredAnnotationBeanPostProcessor.java:785)
	... 57 common frames omitted
Caused by: java.lang.IllegalArgumentException: Could not resolve placeholder 'spring.data.redis.host' in value "${spring.data.redis.host}"
	at org.springframework.util.PropertyPlaceholderHelper.parseStringValue(PropertyPlaceholderHelper.java:180)
	at org.springframework.util.PropertyPlaceholderHelper.replacePlaceholders(PropertyPlaceholderHelper.java:126)
	at org.springframework.core.env.AbstractPropertyResolver.doResolvePlaceholders(AbstractPropertyResolver.java:239)
	at org.springframework.core.env.AbstractPropertyResolver.resolveRequiredPlaceholders(AbstractPropertyResolver.java:210)
	at org.springframework.context.support.PropertySourcesPlaceholderConfigurer.lambda$processProperties$0(PropertySourcesPlaceholderConfigurer.java:200)
	at org.springframework.beans.factory.support.AbstractBeanFactory.resolveEmbeddedValue(AbstractBeanFactory.java:964)
	at org.springframework.beans.factory.support.DefaultListableBeanFactory.doResolveDependency(DefaultListableBeanFactory.java:1374)
	at org.springframework.beans.factory.support.DefaultListableBeanFactory.resolveDependency(DefaultListableBeanFactory.java:1353)
	at org.springframework.beans.factory.annotation.AutowiredAnnotationBeanPostProcessor$AutowiredFieldElement.resolveFieldValue(AutowiredAnnotationBeanPostProcessor.java:785)
	at org.springframework.beans.factory.annotation.AutowiredAnnotationBeanPostProcessor$AutowiredFieldElement.inject(AutowiredAnnotationBeanPostProcessor.java:768)
	at org.springframework.beans.factory.annotation.InjectionMetadata.inject(InjectionMetadata.java:145)
	at org.springframework.beans.factory.annotation.AutowiredAnnotationBeanPostProcessor.postProcessProperties(AutowiredAnnotationBeanPostProcessor.java:509)
	... 77 common frames omitted
2026-04-10 13:35:02.016 [Thread-2] WARN  c.a.n.c.executor.ThreadPoolManager - [ThreadPoolManager] Start destroying ThreadPool
2026-04-10 13:35:02.017 [Thread-2] WARN  c.a.n.c.executor.ThreadPoolManager - [ThreadPoolManager] Destruction of the end
