2025-12-13 14:19:29.824 [main] INFO  c.a.n.client.logging.NacosLogging - Nacos Logging Adapter Builder: com.alibaba.nacos.logger.adapter.logback12.LogbackNacosLoggingAdapterBuilder
2025-12-13 14:19:30.138 [main] INFO  c.a.n.client.logging.NacosLogging - Nacos Logging Adapter Builder: com.alibaba.nacos.logger.adapter.logback14.LogbackNacosLoggingAdapterBuilder
2025-12-13 14:19:30.151 [main] INFO  c.a.n.client.logging.NacosLogging - Nacos Logging Adapter: com.alibaba.nacos.logger.adapter.logback14.LogbackNacosLoggingAdapter match ch.qos.logback.classic.Logger success.
2025-12-13 14:19:30.263 [main] INFO  c.a.n.client.logging.NacosLogging - Nacos Logging Adapter Builder: com.alibaba.nacos.logger.adapter.log4j2.Log4j2NacosLoggingAdapterBuilder
2025-12-13 14:19:30.325 [background-preinit] INFO  o.h.validator.internal.util.Version - HV000001: Hibernate Validator 8.0.1.Final
2025-12-13 14:19:31.599 [main] INFO  c.z.e.EasyApplyResumeApplication - Starting EasyApplyResumeApplication using Java 21.0.9 with PID 29420 (C:\Users\shini\IdeaProjects\EasyApplyResume\target\classes started by shini in C:\Users\shini\IdeaProjects\EasyApplyResume)
2025-12-13 14:19:31.612 [main] DEBUG c.z.e.EasyApplyResumeApplication - Running with Spring Boot v3.3.5, Spring v6.1.14
2025-12-13 14:19:31.620 [main] INFO  c.z.e.EasyApplyResumeApplication - The following 1 profile is active: "dev"
2025-12-13 14:19:44.188 [main] INFO  o.s.d.r.c.RepositoryConfigurationDelegate - Multiple Spring Data modules found, entering strict repository configuration mode
2025-12-13 14:19:44.208 [main] INFO  o.s.d.r.c.RepositoryConfigurationDelegate - Bootstrapping Spring Data Redis repositories in DEFAULT mode.
2025-12-13 14:19:44.562 [main] INFO  o.s.d.r.c.RepositoryConfigurationDelegate - Finished Spring Data repository scanning in 224 ms. Found 0 Redis repository interfaces.
2025-12-13 14:19:45.575 [main] WARN  o.m.s.mapper.ClassPathMapperScanner - Cannot use both: sqlSessionTemplate and sqlSessionFactory together. sqlSessionFactory is ignored.
2025-12-13 14:19:45.577 [main] WARN  o.m.s.mapper.ClassPathMapperScanner - Cannot use both: sqlSessionTemplate and sqlSessionFactory together. sqlSessionFactory is ignored.
2025-12-13 14:19:45.583 [main] WARN  o.m.s.mapper.ClassPathMapperScanner - Cannot use both: sqlSessionTemplate and sqlSessionFactory together. sqlSessionFactory is ignored.
2025-12-13 14:19:45.590 [main] WARN  o.m.s.mapper.ClassPathMapperScanner - Cannot use both: sqlSessionTemplate and sqlSessionFactory together. sqlSessionFactory is ignored.
2025-12-13 14:19:45.592 [main] WARN  o.m.s.mapper.ClassPathMapperScanner - Cannot use both: sqlSessionTemplate and sqlSessionFactory together. sqlSessionFactory is ignored.
2025-12-13 14:19:45.595 [main] WARN  o.m.s.mapper.ClassPathMapperScanner - Cannot use both: sqlSessionTemplate and sqlSessionFactory together. sqlSessionFactory is ignored.
2025-12-13 14:19:45.596 [main] WARN  o.m.s.mapper.ClassPathMapperScanner - Cannot use both: sqlSessionTemplate and sqlSessionFactory together. sqlSessionFactory is ignored.
2025-12-13 14:19:45.597 [main] WARN  o.m.s.mapper.ClassPathMapperScanner - Cannot use both: sqlSessionTemplate and sqlSessionFactory together. sqlSessionFactory is ignored.
2025-12-13 14:19:45.599 [main] WARN  o.m.s.mapper.ClassPathMapperScanner - Cannot use both: sqlSessionTemplate and sqlSessionFactory together. sqlSessionFactory is ignored.
2025-12-13 14:19:45.600 [main] WARN  o.m.s.mapper.ClassPathMapperScanner - Cannot use both: sqlSessionTemplate and sqlSessionFactory together. sqlSessionFactory is ignored.
2025-12-13 14:19:45.635 [main] WARN  o.m.s.mapper.ClassPathMapperScanner - Cannot use both: sqlSessionTemplate and sqlSessionFactory together. sqlSessionFactory is ignored.
2025-12-13 14:19:45.644 [main] WARN  o.m.s.mapper.ClassPathMapperScanner - Cannot use both: sqlSessionTemplate and sqlSessionFactory together. sqlSessionFactory is ignored.
2025-12-13 14:19:45.651 [main] WARN  o.m.s.mapper.ClassPathMapperScanner - Cannot use both: sqlSessionTemplate and sqlSessionFactory together. sqlSessionFactory is ignored.
2025-12-13 14:19:45.656 [main] WARN  o.m.s.mapper.ClassPathMapperScanner - Cannot use both: sqlSessionTemplate and sqlSessionFactory together. sqlSessionFactory is ignored.
2025-12-13 14:19:45.658 [main] WARN  o.m.s.mapper.ClassPathMapperScanner - Cannot use both: sqlSessionTemplate and sqlSessionFactory together. sqlSessionFactory is ignored.
2025-12-13 14:19:45.665 [main] WARN  o.m.s.mapper.ClassPathMapperScanner - Cannot use both: sqlSessionTemplate and sqlSessionFactory together. sqlSessionFactory is ignored.
2025-12-13 14:19:45.676 [main] WARN  o.m.s.mapper.ClassPathMapperScanner - Cannot use both: sqlSessionTemplate and sqlSessionFactory together. sqlSessionFactory is ignored.
2025-12-13 14:19:45.678 [main] WARN  o.m.s.mapper.ClassPathMapperScanner - Cannot use both: sqlSessionTemplate and sqlSessionFactory together. sqlSessionFactory is ignored.
2025-12-13 14:19:45.688 [main] WARN  o.m.s.mapper.ClassPathMapperScanner - Cannot use both: sqlSessionTemplate and sqlSessionFactory together. sqlSessionFactory is ignored.
2025-12-13 14:19:45.690 [main] WARN  o.m.s.mapper.ClassPathMapperScanner - Cannot use both: sqlSessionTemplate and sqlSessionFactory together. sqlSessionFactory is ignored.
2025-12-13 14:19:45.699 [main] WARN  o.m.s.mapper.ClassPathMapperScanner - Cannot use both: sqlSessionTemplate and sqlSessionFactory together. sqlSessionFactory is ignored.
2025-12-13 14:19:45.700 [main] WARN  o.m.s.mapper.ClassPathMapperScanner - Cannot use both: sqlSessionTemplate and sqlSessionFactory together. sqlSessionFactory is ignored.
2025-12-13 14:19:45.704 [main] WARN  o.m.s.mapper.ClassPathMapperScanner - Cannot use both: sqlSessionTemplate and sqlSessionFactory together. sqlSessionFactory is ignored.
2025-12-13 14:19:45.707 [main] WARN  o.m.s.mapper.ClassPathMapperScanner - Cannot use both: sqlSessionTemplate and sqlSessionFactory together. sqlSessionFactory is ignored.
2025-12-13 14:19:45.708 [main] WARN  o.m.s.mapper.ClassPathMapperScanner - Cannot use both: sqlSessionTemplate and sqlSessionFactory together. sqlSessionFactory is ignored.
2025-12-13 14:19:45.713 [main] WARN  o.m.s.mapper.ClassPathMapperScanner - Cannot use both: sqlSessionTemplate and sqlSessionFactory together. sqlSessionFactory is ignored.
2025-12-13 14:19:45.724 [main] WARN  o.m.s.mapper.ClassPathMapperScanner - No MyBatis mapper was found in '[com.zyh.easyapplyresume.mapper.pgvector]' package. Please check your configuration.
2025-12-13 14:19:48.341 [main] WARN  o.s.c.s.PostProcessorRegistrationDelegate$BeanPostProcessorChecker - Bean 'com.alibaba.cloud.nacos.NacosConfigAutoConfiguration' of type [com.alibaba.cloud.nacos.NacosConfigAutoConfiguration] is not eligible for getting processed by all BeanPostProcessors (for example: not eligible for auto-proxying). The currently created BeanPostProcessor [nacosAnnotationProcessor] is declared through a non-static factory method on that class; consider declaring it as static instead.
2025-12-13 14:19:48.429 [main] WARN  o.s.c.s.PostProcessorRegistrationDelegate$BeanPostProcessorChecker - Bean 'nacosConfigProperties' of type [com.alibaba.cloud.nacos.NacosConfigProperties] is not eligible for getting processed by all BeanPostProcessors (for example: not eligible for auto-proxying). Is this bean getting eagerly injected/applied to a currently created BeanPostProcessor [nacosAnnotationProcessor]? Check the corresponding BeanPostProcessor declaration and its dependencies/advisors. If this bean does not have to be post-processed, declare it with ROLE_INFRASTRUCTURE.
2025-12-13 14:19:50.124 [main] INFO  c.a.n.p.a.s.c.ClientAuthPluginManager - [ClientAuthPluginManager] Load ClientAuthService com.alibaba.nacos.client.auth.impl.NacosClientAuthServiceImpl success.
2025-12-13 14:19:50.130 [main] INFO  c.a.n.p.a.s.c.ClientAuthPluginManager - [ClientAuthPluginManager] Load ClientAuthService com.alibaba.nacos.client.auth.ram.RamClientAuthServiceImpl success.
2025-12-13 14:19:50.156 [main] WARN  o.s.c.s.PostProcessorRegistrationDelegate$BeanPostProcessorChecker - Bean 'nacosConfigManager' of type [com.alibaba.cloud.nacos.NacosConfigManager] is not eligible for getting processed by all BeanPostProcessors (for example: not eligible for auto-proxying). Is this bean getting eagerly injected/applied to a currently created BeanPostProcessor [nacosAnnotationProcessor]? Check the corresponding BeanPostProcessor declaration and its dependencies/advisors. If this bean does not have to be post-processed, declare it with ROLE_INFRASTRUCTURE.
2025-12-13 14:19:57.552 [main] INFO  o.s.b.w.e.tomcat.TomcatWebServer - Tomcat initialized with port 8080 (http)
2025-12-13 14:19:57.614 [main] INFO  o.a.coyote.http11.Http11NioProtocol - Initializing ProtocolHandler ["http-nio-8080"]
2025-12-13 14:19:57.630 [main] INFO  o.a.catalina.core.StandardService - Starting service [Tomcat]
2025-12-13 14:19:57.631 [main] INFO  o.a.catalina.core.StandardEngine - Starting Servlet engine: [Apache Tomcat/10.1.31]
2025-12-13 14:19:58.638 [main] INFO  o.a.c.c.C.[.[localhost].[/api] - Initializing Spring embedded WebApplicationContext
2025-12-13 14:19:58.646 [main] INFO  o.s.b.w.s.c.ServletWebServerApplicationContext - Root WebApplicationContext: initialization completed in 26419 ms
2025-12-13 14:20:07.371 [main] DEBUG c.z.e.filter.UserJwtAuthFilter - Filter 'userJwtAuthFilter' configured for use
2025-12-13 14:20:07.374 [main] DEBUG c.z.e.filter.AdminJwtAuthFilter - Filter 'adminJwtAuthFilter' configured for use
2025-12-13 14:20:29.505 [main] INFO  c.z.e.s.i.admin.AdminSmsServiceImpl - 开始初始化阿里云短信客户端...
2025-12-13 14:20:32.790 [main] INFO  c.z.e.s.i.admin.AdminSmsServiceImpl - 阿里云短信客户端初始化完成
2025-12-13 14:20:39.287 [main] INFO  c.z.e.d.a.SensitiveWordsAdvisor - 敏感词初始化完成，共加载 137 个敏感词
2025-12-13 14:20:51.371 [main] INFO  c.z.i.ImageSearchMcpApplication - Starting ImageSearchMcpApplication v0.0.1-SNAPSHOT using Java 21.0.9 with PID 18836 (C:\Users\shini\IdeaProjects\EasyApplyResume\Image-Search-Mcp\target\Image-Search-Mcp-0.0.1-SNAPSHOT.jar started by shini in C:\Users\shini\IdeaProjects\EasyApplyResume)
2025-12-13 14:20:51.388 [main] INFO  c.z.i.ImageSearchMcpApplication - The following 1 profile is active: "stdio"
2025-12-13 14:21:00.517 [pool-1-thread-1] INFO  i.m.server.McpAsyncServer - Client initialize request - Protocol: 2024-11-05, Capabilities: ClientCapabilities[experimental=null, roots=null, sampling=null], Info: Implementation[name=spring-ai-mcp-client, version=1.0.0]
2025-12-13 14:21:01.269 [pool-4-thread-1] INFO  i.m.client.McpAsyncClient - Server response with Protocol: 2024-11-05, Capabilities: ServerCapabilities[experimental=null, logging=LoggingCapabilities[], prompts=null, resources=null, tools=ToolCapabilities[listChanged=true]], Info: Implementation[name=image-search-mcp-server, version=0.0.1] and Instructions null
2025-12-13 14:21:01.332 [main] INFO  c.z.i.ImageSearchMcpApplication - Started ImageSearchMcpApplication in 12.836 seconds (process running for 17.882)
2025-12-13 14:21:11.372 [pool-9-thread-1] INFO  i.m.c.transport.StdioClientTransport - STDERR Message received: Amap Maps MCP Server running on stdio
2025-12-13 14:21:11.433 [pool-7-thread-1] INFO  i.m.client.McpAsyncClient - Server response with Protocol: 2024-11-05, Capabilities: ServerCapabilities[experimental=null, logging=null, prompts=null, resources=null, tools=ToolCapabilities[listChanged=null]], Info: Implementation[name=mcp-server/amap-maps, version=0.1.0] and Instructions null
2025-12-13 14:21:13.819 [main] INFO  o.s.a.t.splitter.TextSplitter - Splitting up document into 2 chunks.
2025-12-13 14:21:13.867 [main] INFO  o.s.a.t.splitter.TextSplitter - Splitting up document into 2 chunks.
2025-12-13 14:21:13.885 [main] INFO  o.s.a.t.splitter.TextSplitter - Splitting up document into 2 chunks.
2025-12-13 14:21:19.549 [main] INFO  o.s.ai.vectorstore.SimpleVectorStore - Calling EmbeddingModel for document id = b8289ebd-2077-448d-8f48-f944e8573656
2025-12-13 14:21:19.887 [main] INFO  o.s.ai.vectorstore.SimpleVectorStore - Calling EmbeddingModel for document id = 6c54e8b4-186d-4648-a7fa-6209c728ff22
2025-12-13 14:21:20.089 [main] INFO  o.s.ai.vectorstore.SimpleVectorStore - Calling EmbeddingModel for document id = 791a2b20-3526-4aff-9af5-d331a3a310d7
2025-12-13 14:21:20.450 [main] INFO  c.z.e.s.impl.user.UserSmsServiceImpl - 开始初始化阿里云短信客户端...
2025-12-13 14:21:20.549 [main] INFO  c.z.e.s.impl.user.UserSmsServiceImpl - 阿里云短信客户端初始化完成
2025-12-13 14:21:20.658 [main] WARN  c.b.m.core.metadata.TableInfoHelper - Can not find table primary key in Class: "com.zyh.easyapplyresume.model.pojo.user.UserCollections".
2025-12-13 14:21:20.660 [main] WARN  c.b.m.c.injector.DefaultSqlInjector - class com.zyh.easyapplyresume.model.pojo.user.UserCollections ,Not found @TableId annotation, Cannot use Mybatis-Plus 'xxById' Method.
2025-12-13 14:21:22.876 [main] WARN  c.b.m.e.s.MybatisSqlSessionFactoryBean - Property 'mapperLocations' was specified but matching resources are not found.
2025-12-13 14:21:23.239 [main] INFO  o.s.a.v.pgvector.PgVectorStore - Using the vector table name: vector_store. Is empty: false
2025-12-13 14:21:23.252 [main] INFO  o.s.a.v.pgvector.PgVectorStore - Initializing PGVectorStore schema for table: vector_store in schema: public
2025-12-13 14:21:23.252 [main] INFO  o.s.a.v.pgvector.PgVectorStore - vectorTableValidationsEnabled false
2025-12-13 14:21:23.291 [main] INFO  com.zaxxer.hikari.HikariDataSource - HikariPool-1 - Starting...
2025-12-13 14:21:24.428 [main] INFO  com.zaxxer.hikari.pool.HikariPool - HikariPool-1 - Added connection org.postgresql.jdbc.PgConnection@785b0f22
2025-12-13 14:21:24.435 [main] INFO  com.zaxxer.hikari.HikariDataSource - HikariPool-1 - Start completed.
2025-12-13 14:21:27.137 [main] WARN  o.s.b.a.s.s.UserDetailsServiceAutoConfiguration - 

Using generated security password: f20c642f-ea61-43e1-b796-24acee6dc679

This generated password is for development use only. Your security configuration must be updated before running your application in production.

2025-12-13 14:21:27.180 [main] INFO  o.s.s.c.a.a.c.InitializeUserDetailsBeanManagerConfigurer$InitializeUserDetailsManagerConfigurer - Global AuthenticationManager configured with UserDetailsService bean with name inMemoryUserDetailsManager
2025-12-13 14:21:34.186 [main] INFO  o.a.coyote.http11.Http11NioProtocol - Starting ProtocolHandler ["http-nio-8080"]
2025-12-13 14:21:34.254 [main] INFO  o.s.b.w.e.tomcat.TomcatWebServer - Tomcat started on port 8080 (http) with context path '/api'
2025-12-13 14:21:34.342 [main] INFO  c.z.e.EasyApplyResumeApplication - Started EasyApplyResumeApplication in 128.023 seconds (process running for 140.823)
2025-12-13 15:06:18.788 [HikariPool-1 housekeeper] WARN  com.zaxxer.hikari.pool.HikariPool - HikariPool-1 - Thread starvation or clock leap detected (housekeeper delta=20m23s529ms378µs500ns).
2025-12-13 15:08:03.198 [Thread-1] WARN  c.a.n.c.executor.ThreadPoolManager - [ThreadPoolManager] Start destroying ThreadPool
2025-12-13 15:08:03.198 [Thread-15] WARN  c.a.n.c.http.HttpClientBeanHolder - [HttpClientBeanHolder] Start destroying common HttpClient
2025-12-13 15:08:03.198 [Thread-1] WARN  c.a.n.c.executor.ThreadPoolManager - [ThreadPoolManager] Destruction of the end
2025-12-13 15:08:03.198 [Thread-15] WARN  c.a.n.c.http.HttpClientBeanHolder - [HttpClientBeanHolder] Destruction of the end
2025-12-13 15:08:03.258 [SpringApplicationShutdownHook] INFO  com.zaxxer.hikari.HikariDataSource - HikariPool-1 - Shutdown initiated...
2025-12-13 15:08:03.264 [SpringApplicationShutdownHook] INFO  com.zaxxer.hikari.HikariDataSource - HikariPool-1 - Shutdown completed.
2025-12-13 15:08:03.265 [SpringApplicationShutdownHook] INFO  c.z.e.s.impl.user.UserSmsServiceImpl - 关闭阿里云短信客户端...
2025-12-13 15:08:03.274 [SpringApplicationShutdownHook] INFO  c.z.e.s.impl.user.UserSmsServiceImpl - 阿里云短信客户端已关闭
2025-12-13 15:08:03.274 [SpringApplicationShutdownHook] INFO  c.z.e.s.i.admin.AdminSmsServiceImpl - 关闭阿里云短信客户端...
2025-12-13 15:08:03.276 [SpringApplicationShutdownHook] INFO  c.z.e.s.i.admin.AdminSmsServiceImpl - 阿里云短信客户端已关闭
2025-12-13 18:03:21.343 [main] INFO  c.a.n.client.logging.NacosLogging - Nacos Logging Adapter Builder: com.alibaba.nacos.logger.adapter.logback12.LogbackNacosLoggingAdapterBuilder
2025-12-13 18:03:21.354 [main] INFO  c.a.n.client.logging.NacosLogging - Nacos Logging Adapter Builder: com.alibaba.nacos.logger.adapter.logback14.LogbackNacosLoggingAdapterBuilder
2025-12-13 18:03:21.356 [main] INFO  c.a.n.client.logging.NacosLogging - Nacos Logging Adapter: com.alibaba.nacos.logger.adapter.logback14.LogbackNacosLoggingAdapter match ch.qos.logback.classic.Logger success.
2025-12-13 18:03:21.395 [main] INFO  c.a.n.client.logging.NacosLogging - Nacos Logging Adapter Builder: com.alibaba.nacos.logger.adapter.log4j2.Log4j2NacosLoggingAdapterBuilder
2025-12-13 18:03:21.498 [background-preinit] INFO  o.h.validator.internal.util.Version - HV000001: Hibernate Validator 8.0.1.Final
2025-12-13 18:03:22.659 [main] INFO  c.z.e.EasyApplyResumeApplication - Starting EasyApplyResumeApplication using Java 21.0.9 with PID 29096 (C:\Users\shini\IdeaProjects\EasyApplyResume\target\classes started by shini in C:\Users\shini\IdeaProjects\EasyApplyResume)
2025-12-13 18:03:22.664 [main] DEBUG c.z.e.EasyApplyResumeApplication - Running with Spring Boot v3.3.5, Spring v6.1.14
2025-12-13 18:03:22.670 [main] INFO  c.z.e.EasyApplyResumeApplication - The following 1 profile is active: "dev"
2025-12-13 18:03:35.758 [main] INFO  o.s.d.r.c.RepositoryConfigurationDelegate - Multiple Spring Data modules found, entering strict repository configuration mode
2025-12-13 18:03:35.805 [main] INFO  o.s.d.r.c.RepositoryConfigurationDelegate - Bootstrapping Spring Data Redis repositories in DEFAULT mode.
2025-12-13 18:03:36.223 [main] INFO  o.s.d.r.c.RepositoryConfigurationDelegate - Finished Spring Data repository scanning in 292 ms. Found 0 Redis repository interfaces.
2025-12-13 18:03:37.127 [main] WARN  o.m.s.mapper.ClassPathMapperScanner - Cannot use both: sqlSessionTemplate and sqlSessionFactory together. sqlSessionFactory is ignored.
2025-12-13 18:03:37.132 [main] WARN  o.m.s.mapper.ClassPathMapperScanner - Cannot use both: sqlSessionTemplate and sqlSessionFactory together. sqlSessionFactory is ignored.
2025-12-13 18:03:37.137 [main] WARN  o.m.s.mapper.ClassPathMapperScanner - Cannot use both: sqlSessionTemplate and sqlSessionFactory together. sqlSessionFactory is ignored.
2025-12-13 18:03:37.140 [main] WARN  o.m.s.mapper.ClassPathMapperScanner - Cannot use both: sqlSessionTemplate and sqlSessionFactory together. sqlSessionFactory is ignored.
2025-12-13 18:03:37.142 [main] WARN  o.m.s.mapper.ClassPathMapperScanner - Cannot use both: sqlSessionTemplate and sqlSessionFactory together. sqlSessionFactory is ignored.
2025-12-13 18:03:37.144 [main] WARN  o.m.s.mapper.ClassPathMapperScanner - Cannot use both: sqlSessionTemplate and sqlSessionFactory together. sqlSessionFactory is ignored.
2025-12-13 18:03:37.148 [main] WARN  o.m.s.mapper.ClassPathMapperScanner - Cannot use both: sqlSessionTemplate and sqlSessionFactory together. sqlSessionFactory is ignored.
2025-12-13 18:03:37.151 [main] WARN  o.m.s.mapper.ClassPathMapperScanner - Cannot use both: sqlSessionTemplate and sqlSessionFactory together. sqlSessionFactory is ignored.
2025-12-13 18:03:37.153 [main] WARN  o.m.s.mapper.ClassPathMapperScanner - Cannot use both: sqlSessionTemplate and sqlSessionFactory together. sqlSessionFactory is ignored.
2025-12-13 18:03:37.154 [main] WARN  o.m.s.mapper.ClassPathMapperScanner - Cannot use both: sqlSessionTemplate and sqlSessionFactory together. sqlSessionFactory is ignored.
2025-12-13 18:03:37.156 [main] WARN  o.m.s.mapper.ClassPathMapperScanner - Cannot use both: sqlSessionTemplate and sqlSessionFactory together. sqlSessionFactory is ignored.
2025-12-13 18:03:37.161 [main] WARN  o.m.s.mapper.ClassPathMapperScanner - Cannot use both: sqlSessionTemplate and sqlSessionFactory together. sqlSessionFactory is ignored.
2025-12-13 18:03:37.163 [main] WARN  o.m.s.mapper.ClassPathMapperScanner - Cannot use both: sqlSessionTemplate and sqlSessionFactory together. sqlSessionFactory is ignored.
2025-12-13 18:03:38.678 [main] WARN  o.m.s.mapper.ClassPathMapperScanner - Cannot use both: sqlSessionTemplate and sqlSessionFactory together. sqlSessionFactory is ignored.
2025-12-13 18:03:38.680 [main] WARN  o.m.s.mapper.ClassPathMapperScanner - Cannot use both: sqlSessionTemplate and sqlSessionFactory together. sqlSessionFactory is ignored.
2025-12-13 18:03:38.683 [main] WARN  o.m.s.mapper.ClassPathMapperScanner - Cannot use both: sqlSessionTemplate and sqlSessionFactory together. sqlSessionFactory is ignored.
2025-12-13 18:03:38.685 [main] WARN  o.m.s.mapper.ClassPathMapperScanner - Cannot use both: sqlSessionTemplate and sqlSessionFactory together. sqlSessionFactory is ignored.
2025-12-13 18:03:38.686 [main] WARN  o.m.s.mapper.ClassPathMapperScanner - Cannot use both: sqlSessionTemplate and sqlSessionFactory together. sqlSessionFactory is ignored.
2025-12-13 18:03:38.688 [main] WARN  o.m.s.mapper.ClassPathMapperScanner - Cannot use both: sqlSessionTemplate and sqlSessionFactory together. sqlSessionFactory is ignored.
2025-12-13 18:03:38.692 [main] WARN  o.m.s.mapper.ClassPathMapperScanner - Cannot use both: sqlSessionTemplate and sqlSessionFactory together. sqlSessionFactory is ignored.
2025-12-13 18:03:38.695 [main] WARN  o.m.s.mapper.ClassPathMapperScanner - Cannot use both: sqlSessionTemplate and sqlSessionFactory together. sqlSessionFactory is ignored.
2025-12-13 18:03:38.697 [main] WARN  o.m.s.mapper.ClassPathMapperScanner - Cannot use both: sqlSessionTemplate and sqlSessionFactory together. sqlSessionFactory is ignored.
2025-12-13 18:03:38.698 [main] WARN  o.m.s.mapper.ClassPathMapperScanner - Cannot use both: sqlSessionTemplate and sqlSessionFactory together. sqlSessionFactory is ignored.
2025-12-13 18:03:38.700 [main] WARN  o.m.s.mapper.ClassPathMapperScanner - Cannot use both: sqlSessionTemplate and sqlSessionFactory together. sqlSessionFactory is ignored.
2025-12-13 18:03:38.703 [main] WARN  o.m.s.mapper.ClassPathMapperScanner - Cannot use both: sqlSessionTemplate and sqlSessionFactory together. sqlSessionFactory is ignored.
2025-12-13 18:03:38.705 [main] WARN  o.m.s.mapper.ClassPathMapperScanner - Cannot use both: sqlSessionTemplate and sqlSessionFactory together. sqlSessionFactory is ignored.
2025-12-13 18:03:38.716 [main] WARN  o.m.s.mapper.ClassPathMapperScanner - No MyBatis mapper was found in '[com.zyh.easyapplyresume.mapper.pgvector]' package. Please check your configuration.
2025-12-13 18:03:41.184 [main] WARN  o.s.c.s.PostProcessorRegistrationDelegate$BeanPostProcessorChecker - Bean 'com.alibaba.cloud.nacos.NacosConfigAutoConfiguration' of type [com.alibaba.cloud.nacos.NacosConfigAutoConfiguration] is not eligible for getting processed by all BeanPostProcessors (for example: not eligible for auto-proxying). The currently created BeanPostProcessor [nacosAnnotationProcessor] is declared through a non-static factory method on that class; consider declaring it as static instead.
2025-12-13 18:03:41.240 [main] WARN  o.s.c.s.PostProcessorRegistrationDelegate$BeanPostProcessorChecker - Bean 'nacosConfigProperties' of type [com.alibaba.cloud.nacos.NacosConfigProperties] is not eligible for getting processed by all BeanPostProcessors (for example: not eligible for auto-proxying). Is this bean getting eagerly injected/applied to a currently created BeanPostProcessor [nacosAnnotationProcessor]? Check the corresponding BeanPostProcessor declaration and its dependencies/advisors. If this bean does not have to be post-processed, declare it with ROLE_INFRASTRUCTURE.
2025-12-13 18:03:42.949 [main] INFO  c.a.n.p.a.s.c.ClientAuthPluginManager - [ClientAuthPluginManager] Load ClientAuthService com.alibaba.nacos.client.auth.impl.NacosClientAuthServiceImpl success.
2025-12-13 18:03:42.950 [main] INFO  c.a.n.p.a.s.c.ClientAuthPluginManager - [ClientAuthPluginManager] Load ClientAuthService com.alibaba.nacos.client.auth.ram.RamClientAuthServiceImpl success.
2025-12-13 18:03:42.965 [main] WARN  o.s.c.s.PostProcessorRegistrationDelegate$BeanPostProcessorChecker - Bean 'nacosConfigManager' of type [com.alibaba.cloud.nacos.NacosConfigManager] is not eligible for getting processed by all BeanPostProcessors (for example: not eligible for auto-proxying). Is this bean getting eagerly injected/applied to a currently created BeanPostProcessor [nacosAnnotationProcessor]? Check the corresponding BeanPostProcessor declaration and its dependencies/advisors. If this bean does not have to be post-processed, declare it with ROLE_INFRASTRUCTURE.
2025-12-13 18:03:50.556 [main] INFO  o.s.b.w.e.tomcat.TomcatWebServer - Tomcat initialized with port 8080 (http)
2025-12-13 18:03:50.619 [main] INFO  o.a.coyote.http11.Http11NioProtocol - Initializing ProtocolHandler ["http-nio-8080"]
2025-12-13 18:03:50.634 [main] INFO  o.a.catalina.core.StandardService - Starting service [Tomcat]
2025-12-13 18:03:50.636 [main] INFO  o.a.catalina.core.StandardEngine - Starting Servlet engine: [Apache Tomcat/10.1.31]
2025-12-13 18:03:52.032 [main] INFO  o.a.c.c.C.[.[localhost].[/api] - Initializing Spring embedded WebApplicationContext
2025-12-13 18:03:52.033 [main] INFO  o.s.b.w.s.c.ServletWebServerApplicationContext - Root WebApplicationContext: initialization completed in 28891 ms
2025-12-13 18:04:01.909 [main] DEBUG c.z.e.filter.UserJwtAuthFilter - Filter 'userJwtAuthFilter' configured for use
2025-12-13 18:04:01.917 [main] DEBUG c.z.e.filter.AdminJwtAuthFilter - Filter 'adminJwtAuthFilter' configured for use
2025-12-13 18:04:37.702 [main] INFO  c.z.e.s.i.admin.AdminSmsServiceImpl - 开始初始化阿里云短信客户端...
2025-12-13 18:04:39.301 [main] INFO  c.z.e.s.i.admin.AdminSmsServiceImpl - 阿里云短信客户端初始化完成
2025-12-13 18:04:45.154 [main] INFO  c.z.e.d.a.SensitiveWordsAdvisor - 敏感词初始化完成，共加载 137 个敏感词
2025-12-13 18:04:57.443 [main] INFO  c.z.i.ImageSearchMcpApplication - Starting ImageSearchMcpApplication v0.0.1-SNAPSHOT using Java 21.0.9 with PID 3116 (C:\Users\shini\IdeaProjects\EasyApplyResume\Image-Search-Mcp\target\Image-Search-Mcp-0.0.1-SNAPSHOT.jar started by shini in C:\Users\shini\IdeaProjects\EasyApplyResume)
2025-12-13 18:04:57.457 [main] INFO  c.z.i.ImageSearchMcpApplication - The following 1 profile is active: "stdio"
2025-12-13 18:05:05.214 [pool-1-thread-1] INFO  i.m.server.McpAsyncServer - Client initialize request - Protocol: 2024-11-05, Capabilities: ClientCapabilities[experimental=null, roots=null, sampling=null], Info: Implementation[name=spring-ai-mcp-client, version=1.0.0]
2025-12-13 18:05:05.731 [pool-4-thread-1] INFO  i.m.client.McpAsyncClient - Server response with Protocol: 2024-11-05, Capabilities: ServerCapabilities[experimental=null, logging=LoggingCapabilities[], prompts=null, resources=null, tools=ToolCapabilities[listChanged=true]], Info: Implementation[name=image-search-mcp-server, version=0.0.1] and Instructions null
2025-12-13 18:05:05.884 [main] INFO  c.z.i.ImageSearchMcpApplication - Started ImageSearchMcpApplication in 11.145 seconds (process running for 15.667)
2025-12-13 18:05:16.772 [pool-9-thread-1] INFO  i.m.c.transport.StdioClientTransport - STDERR Message received: Amap Maps MCP Server running on stdio
2025-12-13 18:05:16.828 [pool-7-thread-1] INFO  i.m.client.McpAsyncClient - Server response with Protocol: 2024-11-05, Capabilities: ServerCapabilities[experimental=null, logging=null, prompts=null, resources=null, tools=ToolCapabilities[listChanged=null]], Info: Implementation[name=mcp-server/amap-maps, version=0.1.0] and Instructions null
2025-12-13 18:05:19.230 [main] INFO  o.s.a.t.splitter.TextSplitter - Splitting up document into 2 chunks.
2025-12-13 18:05:19.262 [main] INFO  o.s.a.t.splitter.TextSplitter - Splitting up document into 2 chunks.
2025-12-13 18:05:19.277 [main] INFO  o.s.a.t.splitter.TextSplitter - Splitting up document into 2 chunks.
2025-12-13 18:05:25.988 [main] INFO  o.s.ai.vectorstore.SimpleVectorStore - Calling EmbeddingModel for document id = fd0d56a0-1041-47d2-9882-7392cf8a48a4
2025-12-13 18:05:26.244 [main] INFO  o.s.ai.vectorstore.SimpleVectorStore - Calling EmbeddingModel for document id = 5b80d9f6-312c-40c0-89d6-7b96508489fc
2025-12-13 18:05:26.498 [main] INFO  o.s.ai.vectorstore.SimpleVectorStore - Calling EmbeddingModel for document id = a6b42d7f-203e-4dd0-8fd1-fe3d1eec05eb
2025-12-13 18:05:26.875 [main] INFO  c.z.e.s.impl.user.UserSmsServiceImpl - 开始初始化阿里云短信客户端...
2025-12-13 18:05:26.957 [main] INFO  c.z.e.s.impl.user.UserSmsServiceImpl - 阿里云短信客户端初始化完成
2025-12-13 18:05:27.067 [main] WARN  c.b.m.core.metadata.TableInfoHelper - Can not find table primary key in Class: "com.zyh.easyapplyresume.model.pojo.user.UserCollections".
2025-12-13 18:05:27.068 [main] WARN  c.b.m.c.injector.DefaultSqlInjector - class com.zyh.easyapplyresume.model.pojo.user.UserCollections ,Not found @TableId annotation, Cannot use Mybatis-Plus 'xxById' Method.
2025-12-13 18:05:31.249 [main] WARN  c.b.m.e.s.MybatisSqlSessionFactoryBean - Property 'mapperLocations' was specified but matching resources are not found.
2025-12-13 18:05:31.790 [main] INFO  o.s.a.v.pgvector.PgVectorStore - Using the vector table name: vector_store. Is empty: false
2025-12-13 18:05:31.803 [main] INFO  o.s.a.v.pgvector.PgVectorStore - Initializing PGVectorStore schema for table: vector_store in schema: public
2025-12-13 18:05:31.803 [main] INFO  o.s.a.v.pgvector.PgVectorStore - vectorTableValidationsEnabled false
2025-12-13 18:05:31.822 [main] INFO  com.zaxxer.hikari.HikariDataSource - HikariPool-1 - Starting...
2025-12-13 18:05:33.388 [main] INFO  com.zaxxer.hikari.pool.HikariPool - HikariPool-1 - Added connection org.postgresql.jdbc.PgConnection@ab72818
2025-12-13 18:05:33.422 [main] INFO  com.zaxxer.hikari.HikariDataSource - HikariPool-1 - Start completed.
2025-12-13 18:05:36.440 [main] WARN  o.s.b.a.s.s.UserDetailsServiceAutoConfiguration - 

Using generated security password: 228abbae-16b8-4504-971e-42939d28d5ab

This generated password is for development use only. Your security configuration must be updated before running your application in production.

2025-12-13 18:05:36.502 [main] INFO  o.s.s.c.a.a.c.InitializeUserDetailsBeanManagerConfigurer$InitializeUserDetailsManagerConfigurer - Global AuthenticationManager configured with UserDetailsService bean with name inMemoryUserDetailsManager
2025-12-13 18:05:48.596 [main] INFO  o.a.coyote.http11.Http11NioProtocol - Starting ProtocolHandler ["http-nio-8080"]
2025-12-13 18:05:48.718 [main] INFO  o.s.b.w.e.tomcat.TomcatWebServer - Tomcat started on port 8080 (http) with context path '/api'
2025-12-13 18:05:48.799 [main] INFO  c.z.e.EasyApplyResumeApplication - Started EasyApplyResumeApplication in 151.051 seconds (process running for 177.249)
2025-12-13 18:46:28.914 [HikariPool-1 housekeeper] WARN  com.zaxxer.hikari.pool.HikariPool - HikariPool-1 - Thread starvation or clock leap detected (housekeeper delta=30m55s198ms722µs800ns).
2025-12-13 18:57:52.716 [Thread-1] WARN  c.a.n.c.executor.ThreadPoolManager - [ThreadPoolManager] Start destroying ThreadPool
2025-12-13 18:57:52.717 [Thread-15] WARN  c.a.n.c.http.HttpClientBeanHolder - [HttpClientBeanHolder] Start destroying common HttpClient
2025-12-13 18:57:52.717 [Thread-1] WARN  c.a.n.c.executor.ThreadPoolManager - [ThreadPoolManager] Destruction of the end
2025-12-13 18:57:52.717 [Thread-15] WARN  c.a.n.c.http.HttpClientBeanHolder - [HttpClientBeanHolder] Destruction of the end
2025-12-13 18:57:52.775 [SpringApplicationShutdownHook] INFO  com.zaxxer.hikari.HikariDataSource - HikariPool-1 - Shutdown initiated...
2025-12-13 18:57:52.892 [ForkJoinPool.commonPool-worker-1] WARN  i.m.c.transport.StdioClientTransport - Process terminated with code 1
2025-12-13 18:57:52.892 [ForkJoinPool.commonPool-worker-2] WARN  i.m.c.transport.StdioClientTransport - Process terminated with code 1
2025-12-13 18:57:52.989 [SpringApplicationShutdownHook] INFO  com.zaxxer.hikari.HikariDataSource - HikariPool-1 - Shutdown completed.
2025-12-13 18:57:52.991 [SpringApplicationShutdownHook] INFO  c.z.e.s.impl.user.UserSmsServiceImpl - 关闭阿里云短信客户端...
2025-12-13 18:57:52.998 [SpringApplicationShutdownHook] INFO  c.z.e.s.impl.user.UserSmsServiceImpl - 阿里云短信客户端已关闭
2025-12-13 18:57:52.999 [SpringApplicationShutdownHook] INFO  c.z.e.s.i.admin.AdminSmsServiceImpl - 关闭阿里云短信客户端...
2025-12-13 18:57:53.000 [SpringApplicationShutdownHook] INFO  c.z.e.s.i.admin.AdminSmsServiceImpl - 阿里云短信客户端已关闭
2025-12-13 19:08:37.914 [main] INFO  c.a.n.client.logging.NacosLogging - Nacos Logging Adapter Builder: com.alibaba.nacos.logger.adapter.logback12.LogbackNacosLoggingAdapterBuilder
2025-12-13 19:08:37.920 [main] INFO  c.a.n.client.logging.NacosLogging - Nacos Logging Adapter Builder: com.alibaba.nacos.logger.adapter.logback14.LogbackNacosLoggingAdapterBuilder
2025-12-13 19:08:37.920 [main] INFO  c.a.n.client.logging.NacosLogging - Nacos Logging Adapter: com.alibaba.nacos.logger.adapter.logback14.LogbackNacosLoggingAdapter match ch.qos.logback.classic.Logger success.
2025-12-13 19:08:37.931 [main] INFO  c.a.n.client.logging.NacosLogging - Nacos Logging Adapter Builder: com.alibaba.nacos.logger.adapter.log4j2.Log4j2NacosLoggingAdapterBuilder
2025-12-13 19:08:37.955 [background-preinit] INFO  o.h.validator.internal.util.Version - HV000001: Hibernate Validator 8.0.1.Final
2025-12-13 19:08:38.177 [main] INFO  c.z.e.EasyApplyResumeApplication - Starting EasyApplyResumeApplication using Java 21.0.9 with PID 1128 (C:\Users\shini\IdeaProjects\EasyApplyResume\target\classes started by shini in C:\Users\shini\IdeaProjects\EasyApplyResume)
2025-12-13 19:08:38.177 [main] DEBUG c.z.e.EasyApplyResumeApplication - Running with Spring Boot v3.3.5, Spring v6.1.14
2025-12-13 19:08:38.178 [main] INFO  c.z.e.EasyApplyResumeApplication - The following 1 profile is active: "dev"
2025-12-13 19:08:41.060 [main] INFO  o.s.d.r.c.RepositoryConfigurationDelegate - Multiple Spring Data modules found, entering strict repository configuration mode
2025-12-13 19:08:41.067 [main] INFO  o.s.d.r.c.RepositoryConfigurationDelegate - Bootstrapping Spring Data Redis repositories in DEFAULT mode.
2025-12-13 19:08:41.165 [main] INFO  o.s.d.r.c.RepositoryConfigurationDelegate - Finished Spring Data repository scanning in 67 ms. Found 0 Redis repository interfaces.
2025-12-13 19:08:41.451 [main] WARN  o.m.s.mapper.ClassPathMapperScanner - Cannot use both: sqlSessionTemplate and sqlSessionFactory together. sqlSessionFactory is ignored.
2025-12-13 19:08:41.452 [main] WARN  o.m.s.mapper.ClassPathMapperScanner - Cannot use both: sqlSessionTemplate and sqlSessionFactory together. sqlSessionFactory is ignored.
2025-12-13 19:08:41.453 [main] WARN  o.m.s.mapper.ClassPathMapperScanner - Cannot use both: sqlSessionTemplate and sqlSessionFactory together. sqlSessionFactory is ignored.
2025-12-13 19:08:41.455 [main] WARN  o.m.s.mapper.ClassPathMapperScanner - Cannot use both: sqlSessionTemplate and sqlSessionFactory together. sqlSessionFactory is ignored.
2025-12-13 19:08:41.456 [main] WARN  o.m.s.mapper.ClassPathMapperScanner - Cannot use both: sqlSessionTemplate and sqlSessionFactory together. sqlSessionFactory is ignored.
2025-12-13 19:08:41.457 [main] WARN  o.m.s.mapper.ClassPathMapperScanner - Cannot use both: sqlSessionTemplate and sqlSessionFactory together. sqlSessionFactory is ignored.
2025-12-13 19:08:41.457 [main] WARN  o.m.s.mapper.ClassPathMapperScanner - Cannot use both: sqlSessionTemplate and sqlSessionFactory together. sqlSessionFactory is ignored.
2025-12-13 19:08:41.458 [main] WARN  o.m.s.mapper.ClassPathMapperScanner - Cannot use both: sqlSessionTemplate and sqlSessionFactory together. sqlSessionFactory is ignored.
2025-12-13 19:08:41.458 [main] WARN  o.m.s.mapper.ClassPathMapperScanner - Cannot use both: sqlSessionTemplate and sqlSessionFactory together. sqlSessionFactory is ignored.
2025-12-13 19:08:41.458 [main] WARN  o.m.s.mapper.ClassPathMapperScanner - Cannot use both: sqlSessionTemplate and sqlSessionFactory together. sqlSessionFactory is ignored.
2025-12-13 19:08:41.459 [main] WARN  o.m.s.mapper.ClassPathMapperScanner - Cannot use both: sqlSessionTemplate and sqlSessionFactory together. sqlSessionFactory is ignored.
2025-12-13 19:08:41.460 [main] WARN  o.m.s.mapper.ClassPathMapperScanner - Cannot use both: sqlSessionTemplate and sqlSessionFactory together. sqlSessionFactory is ignored.
2025-12-13 19:08:41.460 [main] WARN  o.m.s.mapper.ClassPathMapperScanner - Cannot use both: sqlSessionTemplate and sqlSessionFactory together. sqlSessionFactory is ignored.
2025-12-13 19:08:41.461 [main] WARN  o.m.s.mapper.ClassPathMapperScanner - Cannot use both: sqlSessionTemplate and sqlSessionFactory together. sqlSessionFactory is ignored.
2025-12-13 19:08:41.461 [main] WARN  o.m.s.mapper.ClassPathMapperScanner - Cannot use both: sqlSessionTemplate and sqlSessionFactory together. sqlSessionFactory is ignored.
2025-12-13 19:08:41.463 [main] WARN  o.m.s.mapper.ClassPathMapperScanner - Cannot use both: sqlSessionTemplate and sqlSessionFactory together. sqlSessionFactory is ignored.
2025-12-13 19:08:41.465 [main] WARN  o.m.s.mapper.ClassPathMapperScanner - Cannot use both: sqlSessionTemplate and sqlSessionFactory together. sqlSessionFactory is ignored.
2025-12-13 19:08:41.465 [main] WARN  o.m.s.mapper.ClassPathMapperScanner - Cannot use both: sqlSessionTemplate and sqlSessionFactory together. sqlSessionFactory is ignored.
2025-12-13 19:08:41.466 [main] WARN  o.m.s.mapper.ClassPathMapperScanner - Cannot use both: sqlSessionTemplate and sqlSessionFactory together. sqlSessionFactory is ignored.
2025-12-13 19:08:41.467 [main] WARN  o.m.s.mapper.ClassPathMapperScanner - Cannot use both: sqlSessionTemplate and sqlSessionFactory together. sqlSessionFactory is ignored.
2025-12-13 19:08:41.468 [main] WARN  o.m.s.mapper.ClassPathMapperScanner - Cannot use both: sqlSessionTemplate and sqlSessionFactory together. sqlSessionFactory is ignored.
2025-12-13 19:08:41.469 [main] WARN  o.m.s.mapper.ClassPathMapperScanner - Cannot use both: sqlSessionTemplate and sqlSessionFactory together. sqlSessionFactory is ignored.
2025-12-13 19:08:41.469 [main] WARN  o.m.s.mapper.ClassPathMapperScanner - Cannot use both: sqlSessionTemplate and sqlSessionFactory together. sqlSessionFactory is ignored.
2025-12-13 19:08:41.469 [main] WARN  o.m.s.mapper.ClassPathMapperScanner - Cannot use both: sqlSessionTemplate and sqlSessionFactory together. sqlSessionFactory is ignored.
2025-12-13 19:08:41.471 [main] WARN  o.m.s.mapper.ClassPathMapperScanner - Cannot use both: sqlSessionTemplate and sqlSessionFactory together. sqlSessionFactory is ignored.
2025-12-13 19:08:41.472 [main] WARN  o.m.s.mapper.ClassPathMapperScanner - Cannot use both: sqlSessionTemplate and sqlSessionFactory together. sqlSessionFactory is ignored.
2025-12-13 19:08:41.476 [main] WARN  o.m.s.mapper.ClassPathMapperScanner - No MyBatis mapper was found in '[com.zyh.easyapplyresume.mapper.pgvector]' package. Please check your configuration.
2025-12-13 19:08:42.018 [main] WARN  o.s.c.s.PostProcessorRegistrationDelegate$BeanPostProcessorChecker - Bean 'com.alibaba.cloud.nacos.NacosConfigAutoConfiguration' of type [com.alibaba.cloud.nacos.NacosConfigAutoConfiguration] is not eligible for getting processed by all BeanPostProcessors (for example: not eligible for auto-proxying). The currently created BeanPostProcessor [nacosAnnotationProcessor] is declared through a non-static factory method on that class; consider declaring it as static instead.
2025-12-13 19:08:42.039 [main] WARN  o.s.c.s.PostProcessorRegistrationDelegate$BeanPostProcessorChecker - Bean 'nacosConfigProperties' of type [com.alibaba.cloud.nacos.NacosConfigProperties] is not eligible for getting processed by all BeanPostProcessors (for example: not eligible for auto-proxying). Is this bean getting eagerly injected/applied to a currently created BeanPostProcessor [nacosAnnotationProcessor]? Check the corresponding BeanPostProcessor declaration and its dependencies/advisors. If this bean does not have to be post-processed, declare it with ROLE_INFRASTRUCTURE.
2025-12-13 19:08:42.289 [main] INFO  c.a.n.p.a.s.c.ClientAuthPluginManager - [ClientAuthPluginManager] Load ClientAuthService com.alibaba.nacos.client.auth.impl.NacosClientAuthServiceImpl success.
2025-12-13 19:08:42.289 [main] INFO  c.a.n.p.a.s.c.ClientAuthPluginManager - [ClientAuthPluginManager] Load ClientAuthService com.alibaba.nacos.client.auth.ram.RamClientAuthServiceImpl success.
2025-12-13 19:08:42.293 [main] WARN  o.s.c.s.PostProcessorRegistrationDelegate$BeanPostProcessorChecker - Bean 'nacosConfigManager' of type [com.alibaba.cloud.nacos.NacosConfigManager] is not eligible for getting processed by all BeanPostProcessors (for example: not eligible for auto-proxying). Is this bean getting eagerly injected/applied to a currently created BeanPostProcessor [nacosAnnotationProcessor]? Check the corresponding BeanPostProcessor declaration and its dependencies/advisors. If this bean does not have to be post-processed, declare it with ROLE_INFRASTRUCTURE.
2025-12-13 19:08:43.197 [main] INFO  o.s.b.w.e.tomcat.TomcatWebServer - Tomcat initialized with port 8080 (http)
2025-12-13 19:08:43.224 [main] INFO  o.a.coyote.http11.Http11NioProtocol - Initializing ProtocolHandler ["http-nio-8080"]
2025-12-13 19:08:43.232 [main] INFO  o.a.catalina.core.StandardService - Starting service [Tomcat]
2025-12-13 19:08:43.233 [main] INFO  o.a.catalina.core.StandardEngine - Starting Servlet engine: [Apache Tomcat/10.1.31]
2025-12-13 19:08:43.434 [main] INFO  o.a.c.c.C.[.[localhost].[/api] - Initializing Spring embedded WebApplicationContext
2025-12-13 19:08:43.435 [main] INFO  o.s.b.w.s.c.ServletWebServerApplicationContext - Root WebApplicationContext: initialization completed in 5147 ms
2025-12-13 19:08:44.978 [main] DEBUG c.z.e.filter.UserJwtAuthFilter - Filter 'userJwtAuthFilter' configured for use
2025-12-13 19:08:44.978 [main] DEBUG c.z.e.filter.AdminJwtAuthFilter - Filter 'adminJwtAuthFilter' configured for use
2025-12-13 19:08:45.231 [main] INFO  c.z.e.s.i.admin.AdminSmsServiceImpl - 开始初始化阿里云短信客户端...
2025-12-13 19:08:45.799 [main] INFO  c.z.e.s.i.admin.AdminSmsServiceImpl - 阿里云短信客户端初始化完成
2025-12-13 19:08:47.069 [main] INFO  c.z.e.d.a.SensitiveWordsAdvisor - 敏感词初始化完成，共加载 137 个敏感词
2025-12-13 19:08:50.130 [main] INFO  c.z.i.ImageSearchMcpApplication - Starting ImageSearchMcpApplication v0.0.1-SNAPSHOT using Java 21.0.9 with PID 22444 (C:\Users\shini\IdeaProjects\EasyApplyResume\Image-Search-Mcp\target\Image-Search-Mcp-0.0.1-SNAPSHOT.jar started by shini in C:\Users\shini\IdeaProjects\EasyApplyResume)
2025-12-13 19:08:50.133 [main] INFO  c.z.i.ImageSearchMcpApplication - The following 1 profile is active: "stdio"
2025-12-13 19:08:52.070 [pool-1-thread-1] INFO  i.m.server.McpAsyncServer - Client initialize request - Protocol: 2024-11-05, Capabilities: ClientCapabilities[experimental=null, roots=null, sampling=null], Info: Implementation[name=spring-ai-mcp-client, version=1.0.0]
2025-12-13 19:08:52.175 [pool-4-thread-1] INFO  i.m.client.McpAsyncClient - Server response with Protocol: 2024-11-05, Capabilities: ServerCapabilities[experimental=null, logging=LoggingCapabilities[], prompts=null, resources=null, tools=ToolCapabilities[listChanged=true]], Info: Implementation[name=image-search-mcp-server, version=0.0.1] and Instructions null
2025-12-13 19:08:52.218 [main] INFO  c.z.i.ImageSearchMcpApplication - Started ImageSearchMcpApplication in 3.01 seconds (process running for 4.382)
2025-12-13 19:08:57.519 [pool-9-thread-1] INFO  i.m.c.transport.StdioClientTransport - STDERR Message received: Amap Maps MCP Server running on stdio
2025-12-13 19:08:57.547 [pool-7-thread-1] INFO  i.m.client.McpAsyncClient - Server response with Protocol: 2024-11-05, Capabilities: ServerCapabilities[experimental=null, logging=null, prompts=null, resources=null, tools=ToolCapabilities[listChanged=null]], Info: Implementation[name=mcp-server/amap-maps, version=0.1.0] and Instructions null
2025-12-13 19:08:58.131 [main] INFO  o.s.a.t.splitter.TextSplitter - Splitting up document into 2 chunks.
2025-12-13 19:08:58.138 [main] INFO  o.s.a.t.splitter.TextSplitter - Splitting up document into 2 chunks.
2025-12-13 19:08:58.149 [main] INFO  o.s.a.t.splitter.TextSplitter - Splitting up document into 2 chunks.
2025-12-13 19:09:03.310 [main] INFO  o.s.ai.vectorstore.SimpleVectorStore - Calling EmbeddingModel for document id = ff182623-d479-47cf-968b-d9eb9caedf8f
2025-12-13 19:09:03.687 [main] INFO  o.s.ai.vectorstore.SimpleVectorStore - Calling EmbeddingModel for document id = d56869a6-5be6-4047-a7e6-86043c60c22c
2025-12-13 19:09:03.935 [main] INFO  o.s.ai.vectorstore.SimpleVectorStore - Calling EmbeddingModel for document id = be65ff50-30ed-40eb-a87f-65dda0bdf839
2025-12-13 19:09:04.312 [main] INFO  c.z.e.s.impl.user.UserSmsServiceImpl - 开始初始化阿里云短信客户端...
2025-12-13 19:09:04.336 [main] INFO  c.z.e.s.impl.user.UserSmsServiceImpl - 阿里云短信客户端初始化完成
2025-12-13 19:09:04.373 [main] WARN  c.b.m.core.metadata.TableInfoHelper - Can not find table primary key in Class: "com.zyh.easyapplyresume.model.pojo.user.UserCollections".
2025-12-13 19:09:04.373 [main] WARN  c.b.m.c.injector.DefaultSqlInjector - class com.zyh.easyapplyresume.model.pojo.user.UserCollections ,Not found @TableId annotation, Cannot use Mybatis-Plus 'xxById' Method.
2025-12-13 19:09:04.755 [main] WARN  c.b.m.e.s.MybatisSqlSessionFactoryBean - Property 'mapperLocations' was specified but matching resources are not found.
2025-12-13 19:09:04.895 [main] INFO  o.s.a.v.pgvector.PgVectorStore - Using the vector table name: vector_store. Is empty: false
2025-12-13 19:09:04.901 [main] INFO  o.s.a.v.pgvector.PgVectorStore - Initializing PGVectorStore schema for table: vector_store in schema: public
2025-12-13 19:09:04.901 [main] INFO  o.s.a.v.pgvector.PgVectorStore - vectorTableValidationsEnabled false
2025-12-13 19:09:04.910 [main] INFO  com.zaxxer.hikari.HikariDataSource - HikariPool-1 - Starting...
2025-12-13 19:09:05.822 [main] INFO  com.zaxxer.hikari.pool.HikariPool - HikariPool-1 - Added connection org.postgresql.jdbc.PgConnection@43a68f3
2025-12-13 19:09:05.824 [main] INFO  com.zaxxer.hikari.HikariDataSource - HikariPool-1 - Start completed.
2025-12-13 19:09:06.462 [main] WARN  o.s.b.a.s.s.UserDetailsServiceAutoConfiguration - 

Using generated security password: 28132084-b822-4c42-87b1-3cdb21256592

This generated password is for development use only. Your security configuration must be updated before running your application in production.

2025-12-13 19:09:06.478 [main] INFO  o.s.s.c.a.a.c.InitializeUserDetailsBeanManagerConfigurer$InitializeUserDetailsManagerConfigurer - Global AuthenticationManager configured with UserDetailsService bean with name inMemoryUserDetailsManager
2025-12-13 19:09:07.877 [main] INFO  o.a.coyote.http11.Http11NioProtocol - Starting ProtocolHandler ["http-nio-8080"]
2025-12-13 19:09:07.907 [main] INFO  o.s.b.w.e.tomcat.TomcatWebServer - Tomcat started on port 8080 (http) with context path '/api'
2025-12-13 19:09:07.936 [main] INFO  c.z.e.EasyApplyResumeApplication - Started EasyApplyResumeApplication in 31.102 seconds (process running for 32.639)
2025-12-13 19:14:25.148 [HikariPool-1 housekeeper] WARN  com.zaxxer.hikari.pool.HikariPool - HikariPool-1 - Thread starvation or clock leap detected (housekeeper delta=49s121ms630µs100ns).
2025-12-13 19:14:25.246 [http-nio-8080-exec-3] INFO  o.a.c.c.C.[.[localhost].[/api] - Initializing Spring DispatcherServlet 'dispatcherServlet'
2025-12-13 19:14:25.246 [http-nio-8080-exec-3] INFO  o.s.web.servlet.DispatcherServlet - Initializing Servlet 'dispatcherServlet'
2025-12-13 19:14:25.266 [http-nio-8080-exec-3] INFO  o.s.web.servlet.DispatcherServlet - Completed initialization in 19 ms
2025-12-13 19:14:26.117 [http-nio-8080-exec-3] INFO  com.zaxxer.hikari.HikariDataSource - HikariPool-2 - Starting...
2025-12-13 19:14:28.025 [http-nio-8080-exec-3] INFO  com.zaxxer.hikari.pool.HikariPool - HikariPool-2 - Added connection com.mysql.cj.jdbc.ConnectionImpl@61d83ce4
2025-12-13 19:14:28.025 [http-nio-8080-exec-3] INFO  com.zaxxer.hikari.HikariDataSource - HikariPool-2 - Start completed.
2025-12-13 19:14:28.352 [http-nio-8080-exec-3] DEBUG c.z.e.m.m.a.A.findByAccountOrPhoneOrEmail - ==>  Preparing: select * from admin_admin where admin_account = ? or admin_phone = ? or admin_email = ?
2025-12-13 19:14:28.655 [http-nio-8080-exec-3] DEBUG c.z.e.m.m.a.A.findByAccountOrPhoneOrEmail - ==> Parameters: 18242991090(String), 18242991090(String), 18242991090(String)
2025-12-13 19:14:29.080 [http-nio-8080-exec-3] DEBUG c.z.e.m.m.a.A.findByAccountOrPhoneOrEmail - <==      Total: 1
2025-12-13 19:14:29.448 [http-nio-8080-exec-3] DEBUG c.z.e.m.m.a.AdminMapper.updateById - ==>  Preparing: UPDATE admin_admin SET admin_account=?, admin_username=?, admin_email=?, admin_phone=?, admin_password=?, admin_image=?, admin_introduce=?, admin_state=?, admin_login_time=? WHERE admin_id=? AND deleted=0
2025-12-13 19:14:29.453 [http-nio-8080-exec-3] DEBUG c.z.e.m.m.a.AdminMapper.updateById - ==> Parameters: 1812463057(String), 超级管理员(String), 1812463057@qq.com(String), 18242991090(String), $2a$10$K5wVc3GF6ns1.D8gMP3OmeoDEc/F2Ykr7qqzWShoxxmr8uQeJdo.u(String), https://ts1.tc.mm.bing.net/th/id/R-C.928ef8908b5eb3666b2a27a1f6cfbe17?rik=h2FXLv1HNaxbTg&riu=http%3a%2f%2fp0.so.qhmsg.com%2ft018b5eb3666b2a27a1.jpg&ehk=QnGPPvZKq3cPW6%2bdkG%2b3zIRvAGXRsgYVTirfbvOBTaU%3d&risl=&pid=ImgRaw&r=0(String), 至高无上的超级管理员(String), 1(Integer), 2025-12-13 19:14:29.374(Timestamp), 1(Integer)
2025-12-13 19:14:29.553 [http-nio-8080-exec-3] DEBUG c.z.e.m.m.a.AdminMapper.updateById - <==    Updates: 1
2025-12-13 19:14:30.925 [http-nio-8080-exec-4] DEBUG c.z.e.m.m.a.AdminMapper.selectById - ==>  Preparing: SELECT admin_id,admin_account,admin_username,admin_email,admin_phone,admin_password,admin_image,admin_introduce,admin_state,admin_login_time,deleted FROM admin_admin WHERE admin_id=? AND deleted=0
2025-12-13 19:14:30.928 [http-nio-8080-exec-4] DEBUG c.z.e.m.m.a.AdminMapper.selectById - ==> Parameters: 1(Integer)
2025-12-13 19:14:30.992 [http-nio-8080-exec-4] DEBUG c.z.e.m.m.a.AdminMapper.selectById - <==      Total: 1
2025-12-13 19:14:31.000 [http-nio-8080-exec-4] DEBUG c.z.e.m.m.a.A.findAdminInfoById - ==>  Preparing: select * from admin_admin left join admin_admin_role on admin_admin.admin_id = admin_admin_role.adminId left join admin_role on admin_admin_role.roleId = admin_role.role_id left join admin_role_permission on admin_role.role_id = admin_role.role_id left join admin_permission on admin_role_permission.permissionId = admin_permission.permission_id where admin_admin.admin_id = ? and admin_admin.deleted = 0
2025-12-13 19:14:31.007 [http-nio-8080-exec-4] DEBUG c.z.e.m.m.a.A.findAdminInfoById - ==> Parameters: 1(Integer)
2025-12-13 19:14:31.106 [http-nio-8080-exec-4] DEBUG c.z.e.m.m.a.A.findAdminInfoById - <==      Total: 1
2025-12-13 19:14:43.704 [http-nio-8080-exec-5] DEBUG c.z.e.m.m.a.AdminMapper.selectById - ==>  Preparing: SELECT admin_id,admin_account,admin_username,admin_email,admin_phone,admin_password,admin_image,admin_introduce,admin_state,admin_login_time,deleted FROM admin_admin WHERE admin_id=? AND deleted=0
2025-12-13 19:14:43.706 [http-nio-8080-exec-5] DEBUG c.z.e.m.m.a.AdminMapper.selectById - ==> Parameters: 1(Integer)
2025-12-13 19:14:43.745 [http-nio-8080-exec-5] DEBUG c.z.e.m.m.a.AdminMapper.selectById - <==      Total: 1
2025-12-13 19:14:43.746 [http-nio-8080-exec-5] DEBUG c.z.e.m.m.a.A.findAdminInfoById - ==>  Preparing: select * from admin_admin left join admin_admin_role on admin_admin.admin_id = admin_admin_role.adminId left join admin_role on admin_admin_role.roleId = admin_role.role_id left join admin_role_permission on admin_role.role_id = admin_role.role_id left join admin_permission on admin_role_permission.permissionId = admin_permission.permission_id where admin_admin.admin_id = ? and admin_admin.deleted = 0
2025-12-13 19:14:43.747 [http-nio-8080-exec-5] DEBUG c.z.e.m.m.a.A.findAdminInfoById - ==> Parameters: 1(Integer)
2025-12-13 19:14:43.789 [http-nio-8080-exec-5] DEBUG c.z.e.m.m.a.A.findAdminInfoById - <==      Total: 1
2025-12-13 19:14:43.997 [http-nio-8080-exec-5] DEBUG c.z.e.m.m.a.R.queryRecruitPositionPage - ==>  Preparing: SELECT rp.recruitPosition_id AS recruitPositionId, rp.recruitPosition_name AS recruitPositionName, rp.recruitPosition_industryCode AS recruitPositionIndustryCode, -- 连表字段：行业名称（从行业映射表查询） gim.industryMap_industryName AS industryMapIndustryName, rp.recruitPosition_minMonthSalary AS recruitPositionMinMonthSalary, rp.recruitPosition_maxMonthSalary AS recruitPositionMaxMonthSalary, rp.recruitPosition_weekWorkDayNum AS recruitPositionWeekWorkDayNum, rp.recruitPosition_goodWelfare AS recruitPositionGoodWelfare, rp.recruitPosition_createdTime AS recruitPositionCreatedTime, rp.recruitPosition_updatedTime AS recruitPositionUpdatedTime FROM general_recruitPosition rp -- 招聘岗位表别名rp -- 连表：通用行业映射表（别名gim），LEFT JOIN避免行业编码无效时丢失岗位数据 LEFT JOIN general_industryMap gim ON rp.recruitPosition_industryCode = gim.industryMap_industryCode ORDER BY rp.recruitPosition_updatedTime DESC
2025-12-13 19:14:44.006 [http-nio-8080-exec-5] DEBUG c.z.e.m.m.a.R.queryRecruitPositionPage - ==> Parameters: 
2025-12-13 19:14:44.045 [http-nio-8080-exec-5] DEBUG c.z.e.m.m.a.R.queryRecruitPositionPage - <==      Total: 0
2025-12-13 19:14:45.274 [http-nio-8080-exec-6] DEBUG c.z.e.m.m.a.AdminMapper.selectById - ==>  Preparing: SELECT admin_id,admin_account,admin_username,admin_email,admin_phone,admin_password,admin_image,admin_introduce,admin_state,admin_login_time,deleted FROM admin_admin WHERE admin_id=? AND deleted=0
2025-12-13 19:14:45.275 [http-nio-8080-exec-6] DEBUG c.z.e.m.m.a.AdminMapper.selectById - ==> Parameters: 1(Integer)
2025-12-13 19:14:45.315 [http-nio-8080-exec-6] DEBUG c.z.e.m.m.a.AdminMapper.selectById - <==      Total: 1
2025-12-13 19:14:45.316 [http-nio-8080-exec-6] DEBUG c.z.e.m.m.a.A.findAdminInfoById - ==>  Preparing: select * from admin_admin left join admin_admin_role on admin_admin.admin_id = admin_admin_role.adminId left join admin_role on admin_admin_role.roleId = admin_role.role_id left join admin_role_permission on admin_role.role_id = admin_role.role_id left join admin_permission on admin_role_permission.permissionId = admin_permission.permission_id where admin_admin.admin_id = ? and admin_admin.deleted = 0
2025-12-13 19:14:45.317 [http-nio-8080-exec-6] DEBUG c.z.e.m.m.a.A.findAdminInfoById - ==> Parameters: 1(Integer)
2025-12-13 19:14:45.362 [http-nio-8080-exec-6] DEBUG c.z.e.m.m.a.A.findAdminInfoById - <==      Total: 1
2025-12-13 19:14:45.652 [http-nio-8080-exec-6] DEBUG c.z.e.m.m.a.J.selectList - ==>  Preparing: SELECT jobAdviceArticle_id,jobAdviceArticle_title,jobAdviceArticle_content,jobAdviceArticle_category,jobAdviceArticle_tags,jobAdviceArticle_authorName,jobAdviceArticle_publishedStatus,jobAdviceArticle_publishedTime,jobAdviceArticle_updatedTime,deleted FROM general_jobAdviceArticle WHERE deleted=0 AND (deleted = ?)
2025-12-13 19:14:45.656 [http-nio-8080-exec-6] DEBUG c.z.e.m.m.a.J.selectList - ==> Parameters: 0(Integer)
2025-12-13 19:14:45.716 [http-nio-8080-exec-6] DEBUG c.z.e.m.m.a.J.selectList - <==      Total: 1
2025-12-13 19:14:51.121 [http-nio-8080-exec-7] DEBUG c.z.e.m.m.a.AdminMapper.selectById - ==>  Preparing: SELECT admin_id,admin_account,admin_username,admin_email,admin_phone,admin_password,admin_image,admin_introduce,admin_state,admin_login_time,deleted FROM admin_admin WHERE admin_id=? AND deleted=0
2025-12-13 19:14:51.123 [http-nio-8080-exec-7] DEBUG c.z.e.m.m.a.AdminMapper.selectById - ==> Parameters: 1(Integer)
2025-12-13 19:14:51.177 [http-nio-8080-exec-7] DEBUG c.z.e.m.m.a.AdminMapper.selectById - <==      Total: 1
2025-12-13 19:14:51.178 [http-nio-8080-exec-7] DEBUG c.z.e.m.m.a.A.findAdminInfoById - ==>  Preparing: select * from admin_admin left join admin_admin_role on admin_admin.admin_id = admin_admin_role.adminId left join admin_role on admin_admin_role.roleId = admin_role.role_id left join admin_role_permission on admin_role.role_id = admin_role.role_id left join admin_permission on admin_role_permission.permissionId = admin_permission.permission_id where admin_admin.admin_id = ? and admin_admin.deleted = 0
2025-12-13 19:14:51.178 [http-nio-8080-exec-7] DEBUG c.z.e.m.m.a.A.findAdminInfoById - ==> Parameters: 1(Integer)
2025-12-13 19:14:51.264 [http-nio-8080-exec-7] DEBUG c.z.e.m.m.a.A.findAdminInfoById - <==      Total: 1
2025-12-13 19:14:51.366 [http-nio-8080-exec-7] DEBUG c.z.e.m.m.a.R.queryRecruitPositionPage - ==>  Preparing: SELECT rp.recruitPosition_id AS recruitPositionId, rp.recruitPosition_name AS recruitPositionName, rp.recruitPosition_industryCode AS recruitPositionIndustryCode, -- 连表字段：行业名称（从行业映射表查询） gim.industryMap_industryName AS industryMapIndustryName, rp.recruitPosition_minMonthSalary AS recruitPositionMinMonthSalary, rp.recruitPosition_maxMonthSalary AS recruitPositionMaxMonthSalary, rp.recruitPosition_weekWorkDayNum AS recruitPositionWeekWorkDayNum, rp.recruitPosition_goodWelfare AS recruitPositionGoodWelfare, rp.recruitPosition_createdTime AS recruitPositionCreatedTime, rp.recruitPosition_updatedTime AS recruitPositionUpdatedTime FROM general_recruitPosition rp -- 招聘岗位表别名rp -- 连表：通用行业映射表（别名gim），LEFT JOIN避免行业编码无效时丢失岗位数据 LEFT JOIN general_industryMap gim ON rp.recruitPosition_industryCode = gim.industryMap_industryCode ORDER BY rp.recruitPosition_updatedTime DESC
2025-12-13 19:14:51.368 [http-nio-8080-exec-7] DEBUG c.z.e.m.m.a.R.queryRecruitPositionPage - ==> Parameters: 
2025-12-13 19:14:51.405 [http-nio-8080-exec-7] DEBUG c.z.e.m.m.a.R.queryRecruitPositionPage - <==      Total: 0
2025-12-13 19:14:55.760 [http-nio-8080-exec-8] DEBUG c.z.e.m.m.a.AdminMapper.selectById - ==>  Preparing: SELECT admin_id,admin_account,admin_username,admin_email,admin_phone,admin_password,admin_image,admin_introduce,admin_state,admin_login_time,deleted FROM admin_admin WHERE admin_id=? AND deleted=0
2025-12-13 19:14:55.762 [http-nio-8080-exec-8] DEBUG c.z.e.m.m.a.AdminMapper.selectById - ==> Parameters: 1(Integer)
2025-12-13 19:14:55.881 [http-nio-8080-exec-8] DEBUG c.z.e.m.m.a.AdminMapper.selectById - <==      Total: 1
2025-12-13 19:14:55.881 [http-nio-8080-exec-8] DEBUG c.z.e.m.m.a.A.findAdminInfoById - ==>  Preparing: select * from admin_admin left join admin_admin_role on admin_admin.admin_id = admin_admin_role.adminId left join admin_role on admin_admin_role.roleId = admin_role.role_id left join admin_role_permission on admin_role.role_id = admin_role.role_id left join admin_permission on admin_role_permission.permissionId = admin_permission.permission_id where admin_admin.admin_id = ? and admin_admin.deleted = 0
2025-12-13 19:14:55.882 [http-nio-8080-exec-8] DEBUG c.z.e.m.m.a.A.findAdminInfoById - ==> Parameters: 1(Integer)
2025-12-13 19:14:55.974 [http-nio-8080-exec-8] DEBUG c.z.e.m.m.a.A.findAdminInfoById - <==      Total: 1
2025-12-13 19:14:56.018 [http-nio-8080-exec-8] DEBUG c.z.e.m.m.a.I.selectList - ==>  Preparing: SELECT industryMap_industryCode,industryMap_industryName,industryMap_createdTime AS createdTime,industryMap_updatedTime AS updatedTime FROM general_industryMap
2025-12-13 19:14:56.019 [http-nio-8080-exec-8] DEBUG c.z.e.m.m.a.I.selectList - ==> Parameters: 
2025-12-13 19:14:56.079 [http-nio-8080-exec-8] DEBUG c.z.e.m.m.a.I.selectList - <==      Total: 0
2025-12-13 19:14:58.082 [http-nio-8080-exec-9] DEBUG c.z.e.m.m.a.AdminMapper.selectById - ==>  Preparing: SELECT admin_id,admin_account,admin_username,admin_email,admin_phone,admin_password,admin_image,admin_introduce,admin_state,admin_login_time,deleted FROM admin_admin WHERE admin_id=? AND deleted=0
2025-12-13 19:14:58.083 [http-nio-8080-exec-9] DEBUG c.z.e.m.m.a.AdminMapper.selectById - ==> Parameters: 1(Integer)
2025-12-13 19:14:58.226 [http-nio-8080-exec-9] DEBUG c.z.e.m.m.a.AdminMapper.selectById - <==      Total: 1
2025-12-13 19:14:58.227 [http-nio-8080-exec-9] DEBUG c.z.e.m.m.a.A.findAdminInfoById - ==>  Preparing: select * from admin_admin left join admin_admin_role on admin_admin.admin_id = admin_admin_role.adminId left join admin_role on admin_admin_role.roleId = admin_role.role_id left join admin_role_permission on admin_role.role_id = admin_role.role_id left join admin_permission on admin_role_permission.permissionId = admin_permission.permission_id where admin_admin.admin_id = ? and admin_admin.deleted = 0
2025-12-13 19:14:58.228 [http-nio-8080-exec-9] DEBUG c.z.e.m.m.a.A.findAdminInfoById - ==> Parameters: 1(Integer)
2025-12-13 19:14:58.330 [http-nio-8080-exec-9] DEBUG c.z.e.m.m.a.A.findAdminInfoById - <==      Total: 1
2025-12-13 19:14:58.446 [http-nio-8080-exec-9] DEBUG c.z.e.m.m.a.P.selectList - ==>  Preparing: SELECT provinceMap_pid,provinceMap_pname FROM general_provinceMap
2025-12-13 19:14:58.447 [http-nio-8080-exec-9] DEBUG c.z.e.m.m.a.P.selectList - ==> Parameters: 
2025-12-13 19:14:58.516 [http-nio-8080-exec-9] DEBUG c.z.e.m.m.a.P.selectList - <==      Total: 34
2025-12-13 19:14:58.745 [http-nio-8080-exec-10] DEBUG c.z.e.m.m.a.AdminMapper.selectById - ==>  Preparing: SELECT admin_id,admin_account,admin_username,admin_email,admin_phone,admin_password,admin_image,admin_introduce,admin_state,admin_login_time,deleted FROM admin_admin WHERE admin_id=? AND deleted=0
2025-12-13 19:14:58.746 [http-nio-8080-exec-10] DEBUG c.z.e.m.m.a.AdminMapper.selectById - ==> Parameters: 1(Integer)
2025-12-13 19:14:58.805 [http-nio-8080-exec-10] DEBUG c.z.e.m.m.a.AdminMapper.selectById - <==      Total: 1
2025-12-13 19:14:58.807 [http-nio-8080-exec-10] DEBUG c.z.e.m.m.a.A.findAdminInfoById - ==>  Preparing: select * from admin_admin left join admin_admin_role on admin_admin.admin_id = admin_admin_role.adminId left join admin_role on admin_admin_role.roleId = admin_role.role_id left join admin_role_permission on admin_role.role_id = admin_role.role_id left join admin_permission on admin_role_permission.permissionId = admin_permission.permission_id where admin_admin.admin_id = ? and admin_admin.deleted = 0
2025-12-13 19:14:58.807 [http-nio-8080-exec-10] DEBUG c.z.e.m.m.a.A.findAdminInfoById - ==> Parameters: 1(Integer)
2025-12-13 19:14:58.946 [http-nio-8080-exec-10] DEBUG c.z.e.m.m.a.A.findAdminInfoById - <==      Total: 1
2025-12-13 19:14:59.122 [http-nio-8080-exec-10] DEBUG c.z.e.m.m.a.R.selectList - ==>  Preparing: SELECT recruitPosition_id AS recruitPositionId,recruitPosition_name,recruitPosition_createdTime AS createdTime,recruitPosition_updatedTime AS updatedTime,recruitPosition_industryCode,recruitPosition_minMonthSalary AS minMonthSalary,recruitPosition_maxMonthSalary AS maxMonthSalary,recruitPosition_weekWorkDayNum AS weekWorkDayNum,recruitPosition_goodWelfare AS goodWelfare FROM general_recruitPosition
2025-12-13 19:14:59.123 [http-nio-8080-exec-10] DEBUG c.z.e.m.m.a.R.selectList - ==> Parameters: 
2025-12-13 19:14:59.180 [http-nio-8080-exec-10] DEBUG c.z.e.m.m.a.R.selectList - <==      Total: 0
2025-12-13 19:14:59.757 [http-nio-8080-exec-1] DEBUG c.z.e.m.m.a.AdminMapper.selectById - ==>  Preparing: SELECT admin_id,admin_account,admin_username,admin_email,admin_phone,admin_password,admin_image,admin_introduce,admin_state,admin_login_time,deleted FROM admin_admin WHERE admin_id=? AND deleted=0
2025-12-13 19:14:59.758 [http-nio-8080-exec-1] DEBUG c.z.e.m.m.a.AdminMapper.selectById - ==> Parameters: 1(Integer)
2025-12-13 19:14:59.820 [http-nio-8080-exec-1] DEBUG c.z.e.m.m.a.AdminMapper.selectById - <==      Total: 1
2025-12-13 19:14:59.821 [http-nio-8080-exec-1] DEBUG c.z.e.m.m.a.A.findAdminInfoById - ==>  Preparing: select * from admin_admin left join admin_admin_role on admin_admin.admin_id = admin_admin_role.adminId left join admin_role on admin_admin_role.roleId = admin_role.role_id left join admin_role_permission on admin_role.role_id = admin_role.role_id left join admin_permission on admin_role_permission.permissionId = admin_permission.permission_id where admin_admin.admin_id = ? and admin_admin.deleted = 0
2025-12-13 19:14:59.822 [http-nio-8080-exec-1] DEBUG c.z.e.m.m.a.A.findAdminInfoById - ==> Parameters: 1(Integer)
2025-12-13 19:14:59.883 [http-nio-8080-exec-1] DEBUG c.z.e.m.m.a.A.findAdminInfoById - <==      Total: 1
2025-12-13 19:15:00.173 [http-nio-8080-exec-1] DEBUG c.z.e.m.m.a.E.selectList - ==>  Preparing: SELECT employmentInformation_id,employmentInformation_code,employmentInformation_companyName,employmentInformation_industryCategories,employmentInformation_companyType,employmentInformation_batch,employmentInformation_recruitPosition,employmentInformation_recruitObject,employmentInformation_recruitLocationFirst,employmentInformation_recruitLocationSecond,employmentInformation_recruitLocationDetail,employmentInformation_startTime,employmentInformation_stopTime,employmentInformation_updatedTime,employmentInformation_onlineApplicationStatus,employmentInformation_officialAnnouncement,employmentInformation_submissionWay,employmentInformation_employeeReferralCode,deleted FROM general_employmentInformation WHERE deleted=0 AND (deleted = ?)
2025-12-13 19:15:00.181 [http-nio-8080-exec-1] DEBUG c.z.e.m.m.a.E.selectList - ==> Parameters: 0(Integer)
2025-12-13 19:15:00.274 [http-nio-8080-exec-1] DEBUG c.z.e.m.m.a.E.selectList - <==      Total: 0
2025-12-13 19:15:05.452 [http-nio-8080-exec-2] DEBUG c.z.e.m.m.a.AdminMapper.selectById - ==>  Preparing: SELECT admin_id,admin_account,admin_username,admin_email,admin_phone,admin_password,admin_image,admin_introduce,admin_state,admin_login_time,deleted FROM admin_admin WHERE admin_id=? AND deleted=0
2025-12-13 19:15:05.453 [http-nio-8080-exec-2] DEBUG c.z.e.m.m.a.AdminMapper.selectById - ==> Parameters: 1(Integer)
2025-12-13 19:15:05.491 [http-nio-8080-exec-2] DEBUG c.z.e.m.m.a.AdminMapper.selectById - <==      Total: 1
2025-12-13 19:15:05.492 [http-nio-8080-exec-2] DEBUG c.z.e.m.m.a.A.findAdminInfoById - ==>  Preparing: select * from admin_admin left join admin_admin_role on admin_admin.admin_id = admin_admin_role.adminId left join admin_role on admin_admin_role.roleId = admin_role.role_id left join admin_role_permission on admin_role.role_id = admin_role.role_id left join admin_permission on admin_role_permission.permissionId = admin_permission.permission_id where admin_admin.admin_id = ? and admin_admin.deleted = 0
2025-12-13 19:15:05.493 [http-nio-8080-exec-2] DEBUG c.z.e.m.m.a.A.findAdminInfoById - ==> Parameters: 1(Integer)
2025-12-13 19:15:05.602 [http-nio-8080-exec-2] DEBUG c.z.e.m.m.a.A.findAdminInfoById - <==      Total: 1
2025-12-13 19:15:05.803 [http-nio-8080-exec-2] DEBUG c.z.e.m.m.a.R.queryRecruitPositionPage - ==>  Preparing: SELECT rp.recruitPosition_id AS recruitPositionId, rp.recruitPosition_name AS recruitPositionName, rp.recruitPosition_industryCode AS recruitPositionIndustryCode, -- 连表字段：行业名称（从行业映射表查询） gim.industryMap_industryName AS industryMapIndustryName, rp.recruitPosition_minMonthSalary AS recruitPositionMinMonthSalary, rp.recruitPosition_maxMonthSalary AS recruitPositionMaxMonthSalary, rp.recruitPosition_weekWorkDayNum AS recruitPositionWeekWorkDayNum, rp.recruitPosition_goodWelfare AS recruitPositionGoodWelfare, rp.recruitPosition_createdTime AS recruitPositionCreatedTime, rp.recruitPosition_updatedTime AS recruitPositionUpdatedTime FROM general_recruitPosition rp -- 招聘岗位表别名rp -- 连表：通用行业映射表（别名gim），LEFT JOIN避免行业编码无效时丢失岗位数据 LEFT JOIN general_industryMap gim ON rp.recruitPosition_industryCode = gim.industryMap_industryCode ORDER BY rp.recruitPosition_updatedTime DESC
2025-12-13 19:15:05.804 [http-nio-8080-exec-2] DEBUG c.z.e.m.m.a.R.queryRecruitPositionPage - ==> Parameters: 
2025-12-13 19:15:05.904 [http-nio-8080-exec-2] DEBUG c.z.e.m.m.a.R.queryRecruitPositionPage - <==      Total: 0
2025-12-13 19:18:06.161 [http-nio-8080-exec-4] DEBUG c.z.e.m.m.a.AdminMapper.selectById - ==>  Preparing: SELECT admin_id,admin_account,admin_username,admin_email,admin_phone,admin_password,admin_image,admin_introduce,admin_state,admin_login_time,deleted FROM admin_admin WHERE admin_id=? AND deleted=0
2025-12-13 19:18:06.162 [http-nio-8080-exec-4] DEBUG c.z.e.m.m.a.AdminMapper.selectById - ==> Parameters: 1(Integer)
2025-12-13 19:18:06.171 [http-nio-8080-exec-3] DEBUG c.z.e.m.m.a.AdminMapper.selectById - ==>  Preparing: SELECT admin_id,admin_account,admin_username,admin_email,admin_phone,admin_password,admin_image,admin_introduce,admin_state,admin_login_time,deleted FROM admin_admin WHERE admin_id=? AND deleted=0
2025-12-13 19:18:06.172 [http-nio-8080-exec-3] DEBUG c.z.e.m.m.a.AdminMapper.selectById - ==> Parameters: 1(Integer)
2025-12-13 19:18:06.230 [http-nio-8080-exec-3] DEBUG c.z.e.m.m.a.AdminMapper.selectById - <==      Total: 1
2025-12-13 19:18:06.231 [http-nio-8080-exec-3] DEBUG c.z.e.m.m.a.A.findAdminInfoById - ==>  Preparing: select * from admin_admin left join admin_admin_role on admin_admin.admin_id = admin_admin_role.adminId left join admin_role on admin_admin_role.roleId = admin_role.role_id left join admin_role_permission on admin_role.role_id = admin_role.role_id left join admin_permission on admin_role_permission.permissionId = admin_permission.permission_id where admin_admin.admin_id = ? and admin_admin.deleted = 0
2025-12-13 19:18:06.230 [http-nio-8080-exec-4] DEBUG c.z.e.m.m.a.AdminMapper.selectById - <==      Total: 1
2025-12-13 19:18:06.232 [http-nio-8080-exec-3] DEBUG c.z.e.m.m.a.A.findAdminInfoById - ==> Parameters: 1(Integer)
2025-12-13 19:18:06.232 [http-nio-8080-exec-4] DEBUG c.z.e.m.m.a.A.findAdminInfoById - ==>  Preparing: select * from admin_admin left join admin_admin_role on admin_admin.admin_id = admin_admin_role.adminId left join admin_role on admin_admin_role.roleId = admin_role.role_id left join admin_role_permission on admin_role.role_id = admin_role.role_id left join admin_permission on admin_role_permission.permissionId = admin_permission.permission_id where admin_admin.admin_id = ? and admin_admin.deleted = 0
2025-12-13 19:18:06.233 [http-nio-8080-exec-4] DEBUG c.z.e.m.m.a.A.findAdminInfoById - ==> Parameters: 1(Integer)
2025-12-13 19:18:06.335 [http-nio-8080-exec-4] DEBUG c.z.e.m.m.a.A.findAdminInfoById - <==      Total: 1
2025-12-13 19:18:06.339 [http-nio-8080-exec-3] DEBUG c.z.e.m.m.a.A.findAdminInfoById - <==      Total: 1
2025-12-13 19:18:06.434 [http-nio-8080-exec-4] DEBUG c.z.e.m.m.a.I.selectList - ==>  Preparing: SELECT industryMap_industryCode,industryMap_industryName,industryMap_createdTime AS createdTime,industryMap_updatedTime AS updatedTime FROM general_industryMap
2025-12-13 19:18:06.435 [http-nio-8080-exec-4] DEBUG c.z.e.m.m.a.I.selectList - ==> Parameters: 
2025-12-13 19:18:06.535 [http-nio-8080-exec-4] DEBUG c.z.e.m.m.a.I.selectList - <==      Total: 0
2025-12-13 19:18:06.953 [http-nio-8080-exec-3] DEBUG c.z.e.m.m.a.I.selectList - ==>  Preparing: SELECT industryMap_industryCode,industryMap_industryName,industryMap_createdTime AS createdTime,industryMap_updatedTime AS updatedTime FROM general_industryMap
2025-12-13 19:18:06.964 [http-nio-8080-exec-3] DEBUG c.z.e.m.m.a.I.selectList - ==> Parameters: 
2025-12-13 19:18:07.047 [http-nio-8080-exec-3] DEBUG c.z.e.m.m.a.I.selectList - <==      Total: 0
2025-12-13 19:18:22.509 [http-nio-8080-exec-5] DEBUG c.z.e.m.m.a.AdminMapper.selectById - ==>  Preparing: SELECT admin_id,admin_account,admin_username,admin_email,admin_phone,admin_password,admin_image,admin_introduce,admin_state,admin_login_time,deleted FROM admin_admin WHERE admin_id=? AND deleted=0
2025-12-13 19:18:22.510 [http-nio-8080-exec-5] DEBUG c.z.e.m.m.a.AdminMapper.selectById - ==> Parameters: 1(Integer)
2025-12-13 19:18:22.610 [http-nio-8080-exec-5] DEBUG c.z.e.m.m.a.AdminMapper.selectById - <==      Total: 1
2025-12-13 19:18:22.612 [http-nio-8080-exec-5] DEBUG c.z.e.m.m.a.A.findAdminInfoById - ==>  Preparing: select * from admin_admin left join admin_admin_role on admin_admin.admin_id = admin_admin_role.adminId left join admin_role on admin_admin_role.roleId = admin_role.role_id left join admin_role_permission on admin_role.role_id = admin_role.role_id left join admin_permission on admin_role_permission.permissionId = admin_permission.permission_id where admin_admin.admin_id = ? and admin_admin.deleted = 0
2025-12-13 19:18:22.613 [http-nio-8080-exec-5] DEBUG c.z.e.m.m.a.A.findAdminInfoById - ==> Parameters: 1(Integer)
2025-12-13 19:18:22.651 [http-nio-8080-exec-5] DEBUG c.z.e.m.m.a.A.findAdminInfoById - <==      Total: 1
2025-12-13 19:18:28.746 [http-nio-8080-exec-5] DEBUG c.z.e.m.m.a.R.queryRecruitPositionPage - ==>  Preparing: SELECT rp.recruitPosition_id AS recruitPositionId, rp.recruitPosition_name AS recruitPositionName, rp.recruitPosition_industryCode AS recruitPositionIndustryCode, -- 连表字段：行业名称（从行业映射表查询） gim.industryMap_industryName AS industryMapIndustryName, rp.recruitPosition_minMonthSalary AS recruitPositionMinMonthSalary, rp.recruitPosition_maxMonthSalary AS recruitPositionMaxMonthSalary, rp.recruitPosition_weekWorkDayNum AS recruitPositionWeekWorkDayNum, rp.recruitPosition_goodWelfare AS recruitPositionGoodWelfare, rp.recruitPosition_createdTime AS recruitPositionCreatedTime, rp.recruitPosition_updatedTime AS recruitPositionUpdatedTime FROM general_recruitPosition rp -- 招聘岗位表别名rp -- 连表：通用行业映射表（别名gim），LEFT JOIN避免行业编码无效时丢失岗位数据 LEFT JOIN general_industryMap gim ON rp.recruitPosition_industryCode = gim.industryMap_industryCode ORDER BY rp.recruitPosition_updatedTime DESC
2025-12-13 19:18:28.748 [http-nio-8080-exec-5] DEBUG c.z.e.m.m.a.R.queryRecruitPositionPage - ==> Parameters: 
2025-12-13 19:18:28.797 [http-nio-8080-exec-5] DEBUG c.z.e.m.m.a.R.queryRecruitPositionPage - <==      Total: 0
2025-12-13 19:19:02.498 [http-nio-8080-exec-6] DEBUG c.z.e.m.m.a.AdminMapper.selectById - ==>  Preparing: SELECT admin_id,admin_account,admin_username,admin_email,admin_phone,admin_password,admin_image,admin_introduce,admin_state,admin_login_time,deleted FROM admin_admin WHERE admin_id=? AND deleted=0
2025-12-13 19:19:02.499 [http-nio-8080-exec-6] DEBUG c.z.e.m.m.a.AdminMapper.selectById - ==> Parameters: 1(Integer)
2025-12-13 19:19:02.537 [http-nio-8080-exec-6] DEBUG c.z.e.m.m.a.AdminMapper.selectById - <==      Total: 1
2025-12-13 19:19:02.542 [http-nio-8080-exec-6] DEBUG c.z.e.m.m.a.A.findAdminInfoById - ==>  Preparing: select * from admin_admin left join admin_admin_role on admin_admin.admin_id = admin_admin_role.adminId left join admin_role on admin_admin_role.roleId = admin_role.role_id left join admin_role_permission on admin_role.role_id = admin_role.role_id left join admin_permission on admin_role_permission.permissionId = admin_permission.permission_id where admin_admin.admin_id = ? and admin_admin.deleted = 0
2025-12-13 19:19:02.616 [http-nio-8080-exec-6] DEBUG c.z.e.m.m.a.A.findAdminInfoById - ==> Parameters: 1(Integer)
2025-12-13 19:19:02.800 [http-nio-8080-exec-6] DEBUG c.z.e.m.m.a.A.findAdminInfoById - <==      Total: 1
2025-12-13 19:19:03.368 [http-nio-8080-exec-6] DEBUG c.z.e.m.m.a.R.queryRecruitPositionPage - ==>  Preparing: SELECT rp.recruitPosition_id AS recruitPositionId, rp.recruitPosition_name AS recruitPositionName, rp.recruitPosition_industryCode AS recruitPositionIndustryCode, -- 连表字段：行业名称（从行业映射表查询） gim.industryMap_industryName AS industryMapIndustryName, rp.recruitPosition_minMonthSalary AS recruitPositionMinMonthSalary, rp.recruitPosition_maxMonthSalary AS recruitPositionMaxMonthSalary, rp.recruitPosition_weekWorkDayNum AS recruitPositionWeekWorkDayNum, rp.recruitPosition_goodWelfare AS recruitPositionGoodWelfare, rp.recruitPosition_createdTime AS recruitPositionCreatedTime, rp.recruitPosition_updatedTime AS recruitPositionUpdatedTime FROM general_recruitPosition rp -- 招聘岗位表别名rp -- 连表：通用行业映射表（别名gim），LEFT JOIN避免行业编码无效时丢失岗位数据 LEFT JOIN general_industryMap gim ON rp.recruitPosition_industryCode = gim.industryMap_industryCode ORDER BY rp.recruitPosition_updatedTime DESC
2025-12-13 19:19:03.373 [http-nio-8080-exec-6] DEBUG c.z.e.m.m.a.R.queryRecruitPositionPage - ==> Parameters: 
2025-12-13 19:19:03.471 [http-nio-8080-exec-6] DEBUG c.z.e.m.m.a.R.queryRecruitPositionPage - <==      Total: 0
2025-12-13 19:19:05.169 [http-nio-8080-exec-7] DEBUG c.z.e.m.m.a.AdminMapper.selectById - ==>  Preparing: SELECT admin_id,admin_account,admin_username,admin_email,admin_phone,admin_password,admin_image,admin_introduce,admin_state,admin_login_time,deleted FROM admin_admin WHERE admin_id=? AND deleted=0
2025-12-13 19:19:05.171 [http-nio-8080-exec-7] DEBUG c.z.e.m.m.a.AdminMapper.selectById - ==> Parameters: 1(Integer)
2025-12-13 19:19:05.283 [http-nio-8080-exec-7] DEBUG c.z.e.m.m.a.AdminMapper.selectById - <==      Total: 1
2025-12-13 19:19:05.339 [http-nio-8080-exec-7] DEBUG c.z.e.m.m.a.A.findAdminInfoById - ==>  Preparing: select * from admin_admin left join admin_admin_role on admin_admin.admin_id = admin_admin_role.adminId left join admin_role on admin_admin_role.roleId = admin_role.role_id left join admin_role_permission on admin_role.role_id = admin_role.role_id left join admin_permission on admin_role_permission.permissionId = admin_permission.permission_id where admin_admin.admin_id = ? and admin_admin.deleted = 0
2025-12-13 19:19:05.341 [http-nio-8080-exec-7] DEBUG c.z.e.m.m.a.A.findAdminInfoById - ==> Parameters: 1(Integer)
2025-12-13 19:19:05.424 [http-nio-8080-exec-7] DEBUG c.z.e.m.m.a.A.findAdminInfoById - <==      Total: 1
2025-12-13 19:19:05.827 [http-nio-8080-exec-7] DEBUG c.z.e.m.m.a.J.selectList - ==>  Preparing: SELECT jobAdviceArticle_id,jobAdviceArticle_title,jobAdviceArticle_content,jobAdviceArticle_category,jobAdviceArticle_tags,jobAdviceArticle_authorName,jobAdviceArticle_publishedStatus,jobAdviceArticle_publishedTime,jobAdviceArticle_updatedTime,deleted FROM general_jobAdviceArticle WHERE deleted=0 AND (deleted = ?)
2025-12-13 19:19:06.167 [http-nio-8080-exec-7] DEBUG c.z.e.m.m.a.J.selectList - ==> Parameters: 0(Integer)
2025-12-13 19:19:06.234 [http-nio-8080-exec-7] DEBUG c.z.e.m.m.a.J.selectList - <==      Total: 1
2025-12-13 19:19:33.158 [http-nio-8080-exec-8] DEBUG c.z.e.m.m.a.AdminMapper.selectById - ==>  Preparing: SELECT admin_id,admin_account,admin_username,admin_email,admin_phone,admin_password,admin_image,admin_introduce,admin_state,admin_login_time,deleted FROM admin_admin WHERE admin_id=? AND deleted=0
2025-12-13 19:19:33.163 [http-nio-8080-exec-8] DEBUG c.z.e.m.m.a.AdminMapper.selectById - ==> Parameters: 1(Integer)
2025-12-13 19:19:33.285 [http-nio-8080-exec-8] DEBUG c.z.e.m.m.a.AdminMapper.selectById - <==      Total: 1
2025-12-13 19:19:33.287 [http-nio-8080-exec-8] DEBUG c.z.e.m.m.a.A.findAdminInfoById - ==>  Preparing: select * from admin_admin left join admin_admin_role on admin_admin.admin_id = admin_admin_role.adminId left join admin_role on admin_admin_role.roleId = admin_role.role_id left join admin_role_permission on admin_role.role_id = admin_role.role_id left join admin_permission on admin_role_permission.permissionId = admin_permission.permission_id where admin_admin.admin_id = ? and admin_admin.deleted = 0
2025-12-13 19:19:33.289 [http-nio-8080-exec-8] DEBUG c.z.e.m.m.a.A.findAdminInfoById - ==> Parameters: 1(Integer)
2025-12-13 19:19:33.344 [http-nio-8080-exec-8] DEBUG c.z.e.m.m.a.A.findAdminInfoById - <==      Total: 1
2025-12-13 19:19:33.475 [http-nio-8080-exec-8] DEBUG c.z.e.m.m.a.R.queryRecruitPositionPage - ==>  Preparing: SELECT rp.recruitPosition_id AS recruitPositionId, rp.recruitPosition_name AS recruitPositionName, rp.recruitPosition_industryCode AS recruitPositionIndustryCode, -- 连表字段：行业名称（从行业映射表查询） gim.industryMap_industryName AS industryMapIndustryName, rp.recruitPosition_minMonthSalary AS recruitPositionMinMonthSalary, rp.recruitPosition_maxMonthSalary AS recruitPositionMaxMonthSalary, rp.recruitPosition_weekWorkDayNum AS recruitPositionWeekWorkDayNum, rp.recruitPosition_goodWelfare AS recruitPositionGoodWelfare, rp.recruitPosition_createdTime AS recruitPositionCreatedTime, rp.recruitPosition_updatedTime AS recruitPositionUpdatedTime FROM general_recruitPosition rp -- 招聘岗位表别名rp -- 连表：通用行业映射表（别名gim），LEFT JOIN避免行业编码无效时丢失岗位数据 LEFT JOIN general_industryMap gim ON rp.recruitPosition_industryCode = gim.industryMap_industryCode ORDER BY rp.recruitPosition_updatedTime DESC
2025-12-13 19:19:33.478 [http-nio-8080-exec-8] DEBUG c.z.e.m.m.a.R.queryRecruitPositionPage - ==> Parameters: 
2025-12-13 19:19:33.515 [http-nio-8080-exec-8] DEBUG c.z.e.m.m.a.R.queryRecruitPositionPage - <==      Total: 0
2025-12-13 19:19:41.166 [http-nio-8080-exec-9] DEBUG c.z.e.m.m.a.AdminMapper.selectById - ==>  Preparing: SELECT admin_id,admin_account,admin_username,admin_email,admin_phone,admin_password,admin_image,admin_introduce,admin_state,admin_login_time,deleted FROM admin_admin WHERE admin_id=? AND deleted=0
2025-12-13 19:19:41.167 [http-nio-8080-exec-9] DEBUG c.z.e.m.m.a.AdminMapper.selectById - ==> Parameters: 1(Integer)
2025-12-13 19:19:41.205 [http-nio-8080-exec-9] DEBUG c.z.e.m.m.a.AdminMapper.selectById - <==      Total: 1
2025-12-13 19:19:41.207 [http-nio-8080-exec-9] DEBUG c.z.e.m.m.a.A.findAdminInfoById - ==>  Preparing: select * from admin_admin left join admin_admin_role on admin_admin.admin_id = admin_admin_role.adminId left join admin_role on admin_admin_role.roleId = admin_role.role_id left join admin_role_permission on admin_role.role_id = admin_role.role_id left join admin_permission on admin_role_permission.permissionId = admin_permission.permission_id where admin_admin.admin_id = ? and admin_admin.deleted = 0
2025-12-13 19:19:41.207 [http-nio-8080-exec-9] DEBUG c.z.e.m.m.a.A.findAdminInfoById - ==> Parameters: 1(Integer)
2025-12-13 19:19:41.245 [http-nio-8080-exec-9] DEBUG c.z.e.m.m.a.A.findAdminInfoById - <==      Total: 1
2025-12-13 19:19:41.293 [http-nio-8080-exec-9] DEBUG c.z.e.m.m.a.R.queryRecruitPositionPage - ==>  Preparing: SELECT rp.recruitPosition_id AS recruitPositionId, rp.recruitPosition_name AS recruitPositionName, rp.recruitPosition_industryCode AS recruitPositionIndustryCode, -- 连表字段：行业名称（从行业映射表查询） gim.industryMap_industryName AS industryMapIndustryName, rp.recruitPosition_minMonthSalary AS recruitPositionMinMonthSalary, rp.recruitPosition_maxMonthSalary AS recruitPositionMaxMonthSalary, rp.recruitPosition_weekWorkDayNum AS recruitPositionWeekWorkDayNum, rp.recruitPosition_goodWelfare AS recruitPositionGoodWelfare, rp.recruitPosition_createdTime AS recruitPositionCreatedTime, rp.recruitPosition_updatedTime AS recruitPositionUpdatedTime FROM general_recruitPosition rp -- 招聘岗位表别名rp -- 连表：通用行业映射表（别名gim），LEFT JOIN避免行业编码无效时丢失岗位数据 LEFT JOIN general_industryMap gim ON rp.recruitPosition_industryCode = gim.industryMap_industryCode ORDER BY rp.recruitPosition_updatedTime DESC
2025-12-13 19:19:41.294 [http-nio-8080-exec-9] DEBUG c.z.e.m.m.a.R.queryRecruitPositionPage - ==> Parameters: 
2025-12-13 19:19:41.336 [http-nio-8080-exec-9] DEBUG c.z.e.m.m.a.R.queryRecruitPositionPage - <==      Total: 0
2025-12-13 19:19:41.817 [http-nio-8080-exec-10] DEBUG c.z.e.m.m.a.AdminMapper.selectById - ==>  Preparing: SELECT admin_id,admin_account,admin_username,admin_email,admin_phone,admin_password,admin_image,admin_introduce,admin_state,admin_login_time,deleted FROM admin_admin WHERE admin_id=? AND deleted=0
2025-12-13 19:19:41.819 [http-nio-8080-exec-10] DEBUG c.z.e.m.m.a.AdminMapper.selectById - ==> Parameters: 1(Integer)
2025-12-13 19:19:41.858 [http-nio-8080-exec-10] DEBUG c.z.e.m.m.a.AdminMapper.selectById - <==      Total: 1
2025-12-13 19:19:41.860 [http-nio-8080-exec-10] DEBUG c.z.e.m.m.a.A.findAdminInfoById - ==>  Preparing: select * from admin_admin left join admin_admin_role on admin_admin.admin_id = admin_admin_role.adminId left join admin_role on admin_admin_role.roleId = admin_role.role_id left join admin_role_permission on admin_role.role_id = admin_role.role_id left join admin_permission on admin_role_permission.permissionId = admin_permission.permission_id where admin_admin.admin_id = ? and admin_admin.deleted = 0
2025-12-13 19:19:41.869 [http-nio-8080-exec-10] DEBUG c.z.e.m.m.a.A.findAdminInfoById - ==> Parameters: 1(Integer)
2025-12-13 19:19:41.908 [http-nio-8080-exec-10] DEBUG c.z.e.m.m.a.A.findAdminInfoById - <==      Total: 1
2025-12-13 19:19:42.002 [http-nio-8080-exec-10] DEBUG c.z.e.m.m.a.AdminMapper.selectList - ==>  Preparing: SELECT admin_id,admin_account,admin_username,admin_email,admin_phone,admin_password,admin_image,admin_introduce,admin_state,admin_login_time,deleted FROM admin_admin WHERE deleted=0 AND (deleted = ?)
2025-12-13 19:19:42.003 [http-nio-8080-exec-10] DEBUG c.z.e.m.m.a.AdminMapper.selectList - ==> Parameters: 0(Integer)
2025-12-13 19:19:42.042 [http-nio-8080-exec-10] DEBUG c.z.e.m.m.a.AdminMapper.selectList - <==      Total: 1
2025-12-13 19:19:46.445 [http-nio-8080-exec-2] DEBUG c.z.e.m.m.a.AdminMapper.selectById - ==>  Preparing: SELECT admin_id,admin_account,admin_username,admin_email,admin_phone,admin_password,admin_image,admin_introduce,admin_state,admin_login_time,deleted FROM admin_admin WHERE admin_id=? AND deleted=0
2025-12-13 19:19:46.445 [http-nio-8080-exec-1] DEBUG c.z.e.m.m.a.AdminMapper.selectById - ==>  Preparing: SELECT admin_id,admin_account,admin_username,admin_email,admin_phone,admin_password,admin_image,admin_introduce,admin_state,admin_login_time,deleted FROM admin_admin WHERE admin_id=? AND deleted=0
2025-12-13 19:19:46.447 [http-nio-8080-exec-1] DEBUG c.z.e.m.m.a.AdminMapper.selectById - ==> Parameters: 1(Integer)
2025-12-13 19:19:46.447 [http-nio-8080-exec-2] DEBUG c.z.e.m.m.a.AdminMapper.selectById - ==> Parameters: 1(Integer)
2025-12-13 19:19:46.485 [http-nio-8080-exec-2] DEBUG c.z.e.m.m.a.AdminMapper.selectById - <==      Total: 1
2025-12-13 19:19:46.485 [http-nio-8080-exec-1] DEBUG c.z.e.m.m.a.AdminMapper.selectById - <==      Total: 1
2025-12-13 19:19:46.487 [http-nio-8080-exec-1] DEBUG c.z.e.m.m.a.A.findAdminInfoById - ==>  Preparing: select * from admin_admin left join admin_admin_role on admin_admin.admin_id = admin_admin_role.adminId left join admin_role on admin_admin_role.roleId = admin_role.role_id left join admin_role_permission on admin_role.role_id = admin_role.role_id left join admin_permission on admin_role_permission.permissionId = admin_permission.permission_id where admin_admin.admin_id = ? and admin_admin.deleted = 0
2025-12-13 19:19:46.487 [http-nio-8080-exec-2] DEBUG c.z.e.m.m.a.A.findAdminInfoById - ==>  Preparing: select * from admin_admin left join admin_admin_role on admin_admin.admin_id = admin_admin_role.adminId left join admin_role on admin_admin_role.roleId = admin_role.role_id left join admin_role_permission on admin_role.role_id = admin_role.role_id left join admin_permission on admin_role_permission.permissionId = admin_permission.permission_id where admin_admin.admin_id = ? and admin_admin.deleted = 0
2025-12-13 19:19:46.488 [http-nio-8080-exec-2] DEBUG c.z.e.m.m.a.A.findAdminInfoById - ==> Parameters: 1(Integer)
2025-12-13 19:19:46.488 [http-nio-8080-exec-1] DEBUG c.z.e.m.m.a.A.findAdminInfoById - ==> Parameters: 1(Integer)
2025-12-13 19:19:46.579 [http-nio-8080-exec-2] DEBUG c.z.e.m.m.a.A.findAdminInfoById - <==      Total: 1
2025-12-13 19:19:46.580 [http-nio-8080-exec-1] DEBUG c.z.e.m.m.a.A.findAdminInfoById - <==      Total: 1
2025-12-13 19:19:46.628 [http-nio-8080-exec-2] DEBUG c.z.e.m.m.a.P.selectList - ==>  Preparing: SELECT permission_id,permission_name,permission_url,permission_introduce,deleted FROM admin_permission WHERE deleted=0
2025-12-13 19:19:46.628 [http-nio-8080-exec-2] DEBUG c.z.e.m.m.a.P.selectList - ==> Parameters: 
2025-12-13 19:19:46.681 [http-nio-8080-exec-1] DEBUG c.z.e.m.m.a.RoleMapper.selectList - ==>  Preparing: SELECT role_id,role_name,role_introduce,deleted FROM admin_role WHERE deleted=0 AND (deleted = ?)
2025-12-13 19:19:46.680 [http-nio-8080-exec-2] DEBUG c.z.e.m.m.a.P.selectList - <==      Total: 1
2025-12-13 19:19:46.683 [http-nio-8080-exec-1] DEBUG c.z.e.m.m.a.RoleMapper.selectList - ==> Parameters: 0(Integer)
2025-12-13 19:19:46.732 [http-nio-8080-exec-1] DEBUG c.z.e.m.m.a.RoleMapper.selectList - <==      Total: 1
2025-12-13 19:19:48.928 [http-nio-8080-exec-4] DEBUG c.z.e.m.m.a.AdminMapper.selectById - ==>  Preparing: SELECT admin_id,admin_account,admin_username,admin_email,admin_phone,admin_password,admin_image,admin_introduce,admin_state,admin_login_time,deleted FROM admin_admin WHERE admin_id=? AND deleted=0
2025-12-13 19:19:48.928 [http-nio-8080-exec-4] DEBUG c.z.e.m.m.a.AdminMapper.selectById - ==> Parameters: 1(Integer)
2025-12-13 19:19:48.966 [http-nio-8080-exec-4] DEBUG c.z.e.m.m.a.AdminMapper.selectById - <==      Total: 1
2025-12-13 19:19:48.967 [http-nio-8080-exec-4] DEBUG c.z.e.m.m.a.A.findAdminInfoById - ==>  Preparing: select * from admin_admin left join admin_admin_role on admin_admin.admin_id = admin_admin_role.adminId left join admin_role on admin_admin_role.roleId = admin_role.role_id left join admin_role_permission on admin_role.role_id = admin_role.role_id left join admin_permission on admin_role_permission.permissionId = admin_permission.permission_id where admin_admin.admin_id = ? and admin_admin.deleted = 0
2025-12-13 19:19:48.968 [http-nio-8080-exec-4] DEBUG c.z.e.m.m.a.A.findAdminInfoById - ==> Parameters: 1(Integer)
2025-12-13 19:19:49.008 [http-nio-8080-exec-4] DEBUG c.z.e.m.m.a.A.findAdminInfoById - <==      Total: 1
2025-12-13 19:19:49.080 [http-nio-8080-exec-4] DEBUG c.z.e.m.m.a.P.selectList - ==>  Preparing: SELECT permission_id,permission_name,permission_url,permission_introduce,deleted FROM admin_permission WHERE deleted=0 AND (deleted = ?)
2025-12-13 19:19:49.080 [http-nio-8080-exec-4] DEBUG c.z.e.m.m.a.P.selectList - ==> Parameters: 0(Integer)
2025-12-13 19:19:49.121 [http-nio-8080-exec-4] DEBUG c.z.e.m.m.a.P.selectList - <==      Total: 1
2025-12-13 19:19:50.068 [http-nio-8080-exec-3] DEBUG c.z.e.m.m.a.AdminMapper.selectById - ==>  Preparing: SELECT admin_id,admin_account,admin_username,admin_email,admin_phone,admin_password,admin_image,admin_introduce,admin_state,admin_login_time,deleted FROM admin_admin WHERE admin_id=? AND deleted=0
2025-12-13 19:19:50.069 [http-nio-8080-exec-3] DEBUG c.z.e.m.m.a.AdminMapper.selectById - ==> Parameters: 1(Integer)
2025-12-13 19:19:50.163 [http-nio-8080-exec-3] DEBUG c.z.e.m.m.a.AdminMapper.selectById - <==      Total: 1
2025-12-13 19:19:50.164 [http-nio-8080-exec-3] DEBUG c.z.e.m.m.a.A.findAdminInfoById - ==>  Preparing: select * from admin_admin left join admin_admin_role on admin_admin.admin_id = admin_admin_role.adminId left join admin_role on admin_admin_role.roleId = admin_role.role_id left join admin_role_permission on admin_role.role_id = admin_role.role_id left join admin_permission on admin_role_permission.permissionId = admin_permission.permission_id where admin_admin.admin_id = ? and admin_admin.deleted = 0
2025-12-13 19:19:50.164 [http-nio-8080-exec-3] DEBUG c.z.e.m.m.a.A.findAdminInfoById - ==> Parameters: 1(Integer)
2025-12-13 19:19:50.238 [http-nio-8080-exec-3] DEBUG c.z.e.m.m.a.A.findAdminInfoById - <==      Total: 1
2025-12-13 19:19:50.285 [http-nio-8080-exec-3] DEBUG c.z.e.m.m.a.RoleMapper.selectList - ==>  Preparing: SELECT role_id,role_name,role_introduce,deleted FROM admin_role WHERE deleted=0 AND (deleted = ?)
2025-12-13 19:19:50.286 [http-nio-8080-exec-3] DEBUG c.z.e.m.m.a.RoleMapper.selectList - ==> Parameters: 0(Integer)
2025-12-13 19:19:50.302 [http-nio-8080-exec-5] DEBUG c.z.e.m.m.a.AdminMapper.selectById - ==>  Preparing: SELECT admin_id,admin_account,admin_username,admin_email,admin_phone,admin_password,admin_image,admin_introduce,admin_state,admin_login_time,deleted FROM admin_admin WHERE admin_id=? AND deleted=0
2025-12-13 19:19:50.302 [http-nio-8080-exec-5] DEBUG c.z.e.m.m.a.AdminMapper.selectById - ==> Parameters: 1(Integer)
2025-12-13 19:19:50.323 [http-nio-8080-exec-3] DEBUG c.z.e.m.m.a.RoleMapper.selectList - <==      Total: 1
2025-12-13 19:19:50.340 [http-nio-8080-exec-5] DEBUG c.z.e.m.m.a.AdminMapper.selectById - <==      Total: 1
2025-12-13 19:19:50.341 [http-nio-8080-exec-5] DEBUG c.z.e.m.m.a.A.findAdminInfoById - ==>  Preparing: select * from admin_admin left join admin_admin_role on admin_admin.admin_id = admin_admin_role.adminId left join admin_role on admin_admin_role.roleId = admin_role.role_id left join admin_role_permission on admin_role.role_id = admin_role.role_id left join admin_permission on admin_role_permission.permissionId = admin_permission.permission_id where admin_admin.admin_id = ? and admin_admin.deleted = 0
2025-12-13 19:19:50.342 [http-nio-8080-exec-5] DEBUG c.z.e.m.m.a.A.findAdminInfoById - ==> Parameters: 1(Integer)
2025-12-13 19:19:50.470 [http-nio-8080-exec-5] DEBUG c.z.e.m.m.a.A.findAdminInfoById - <==      Total: 1
2025-12-13 19:19:50.525 [http-nio-8080-exec-5] DEBUG c.z.e.m.m.a.P.selectList - ==>  Preparing: SELECT permission_id,permission_name,permission_url,permission_introduce,deleted FROM admin_permission WHERE deleted=0
2025-12-13 19:19:50.526 [http-nio-8080-exec-5] DEBUG c.z.e.m.m.a.P.selectList - ==> Parameters: 
2025-12-13 19:19:50.574 [http-nio-8080-exec-5] DEBUG c.z.e.m.m.a.P.selectList - <==      Total: 1
2025-12-13 19:19:51.174 [http-nio-8080-exec-6] DEBUG c.z.e.m.m.a.AdminMapper.selectById - ==>  Preparing: SELECT admin_id,admin_account,admin_username,admin_email,admin_phone,admin_password,admin_image,admin_introduce,admin_state,admin_login_time,deleted FROM admin_admin WHERE admin_id=? AND deleted=0
2025-12-13 19:19:51.175 [http-nio-8080-exec-6] DEBUG c.z.e.m.m.a.AdminMapper.selectById - ==> Parameters: 1(Integer)
2025-12-13 19:19:51.212 [http-nio-8080-exec-6] DEBUG c.z.e.m.m.a.AdminMapper.selectById - <==      Total: 1
2025-12-13 19:19:51.213 [http-nio-8080-exec-6] DEBUG c.z.e.m.m.a.A.findAdminInfoById - ==>  Preparing: select * from admin_admin left join admin_admin_role on admin_admin.admin_id = admin_admin_role.adminId left join admin_role on admin_admin_role.roleId = admin_role.role_id left join admin_role_permission on admin_role.role_id = admin_role.role_id left join admin_permission on admin_role_permission.permissionId = admin_permission.permission_id where admin_admin.admin_id = ? and admin_admin.deleted = 0
2025-12-13 19:19:51.213 [http-nio-8080-exec-6] DEBUG c.z.e.m.m.a.A.findAdminInfoById - ==> Parameters: 1(Integer)
2025-12-13 19:19:51.252 [http-nio-8080-exec-6] DEBUG c.z.e.m.m.a.A.findAdminInfoById - <==      Total: 1
2025-12-13 19:19:51.298 [http-nio-8080-exec-6] DEBUG c.z.e.m.m.a.P.selectList - ==>  Preparing: SELECT permission_id,permission_name,permission_url,permission_introduce,deleted FROM admin_permission WHERE deleted=0 AND (deleted = ?)
2025-12-13 19:19:51.299 [http-nio-8080-exec-6] DEBUG c.z.e.m.m.a.P.selectList - ==> Parameters: 0(Integer)
2025-12-13 19:19:51.336 [http-nio-8080-exec-6] DEBUG c.z.e.m.m.a.P.selectList - <==      Total: 1
2025-12-13 19:20:00.759 [http-nio-8080-exec-8] DEBUG c.z.e.m.m.a.AdminMapper.selectById - ==>  Preparing: SELECT admin_id,admin_account,admin_username,admin_email,admin_phone,admin_password,admin_image,admin_introduce,admin_state,admin_login_time,deleted FROM admin_admin WHERE admin_id=? AND deleted=0
2025-12-13 19:20:00.759 [http-nio-8080-exec-7] DEBUG c.z.e.m.m.a.AdminMapper.selectById - ==>  Preparing: SELECT admin_id,admin_account,admin_username,admin_email,admin_phone,admin_password,admin_image,admin_introduce,admin_state,admin_login_time,deleted FROM admin_admin WHERE admin_id=? AND deleted=0
2025-12-13 19:20:00.760 [http-nio-8080-exec-8] DEBUG c.z.e.m.m.a.AdminMapper.selectById - ==> Parameters: 1(Integer)
2025-12-13 19:20:00.760 [http-nio-8080-exec-7] DEBUG c.z.e.m.m.a.AdminMapper.selectById - ==> Parameters: 1(Integer)
2025-12-13 19:20:00.814 [http-nio-8080-exec-8] DEBUG c.z.e.m.m.a.AdminMapper.selectById - <==      Total: 1
2025-12-13 19:20:00.814 [http-nio-8080-exec-8] DEBUG c.z.e.m.m.a.A.findAdminInfoById - ==>  Preparing: select * from admin_admin left join admin_admin_role on admin_admin.admin_id = admin_admin_role.adminId left join admin_role on admin_admin_role.roleId = admin_role.role_id left join admin_role_permission on admin_role.role_id = admin_role.role_id left join admin_permission on admin_role_permission.permissionId = admin_permission.permission_id where admin_admin.admin_id = ? and admin_admin.deleted = 0
2025-12-13 19:20:00.814 [http-nio-8080-exec-7] DEBUG c.z.e.m.m.a.AdminMapper.selectById - <==      Total: 1
2025-12-13 19:20:00.815 [http-nio-8080-exec-8] DEBUG c.z.e.m.m.a.A.findAdminInfoById - ==> Parameters: 1(Integer)
2025-12-13 19:20:00.816 [http-nio-8080-exec-7] DEBUG c.z.e.m.m.a.A.findAdminInfoById - ==>  Preparing: select * from admin_admin left join admin_admin_role on admin_admin.admin_id = admin_admin_role.adminId left join admin_role on admin_admin_role.roleId = admin_role.role_id left join admin_role_permission on admin_role.role_id = admin_role.role_id left join admin_permission on admin_role_permission.permissionId = admin_permission.permission_id where admin_admin.admin_id = ? and admin_admin.deleted = 0
2025-12-13 19:20:00.816 [http-nio-8080-exec-7] DEBUG c.z.e.m.m.a.A.findAdminInfoById - ==> Parameters: 1(Integer)
2025-12-13 19:20:00.858 [http-nio-8080-exec-8] DEBUG c.z.e.m.m.a.A.findAdminInfoById - <==      Total: 1
2025-12-13 19:20:00.858 [http-nio-8080-exec-7] DEBUG c.z.e.m.m.a.A.findAdminInfoById - <==      Total: 1
2025-12-13 19:20:00.901 [http-nio-8080-exec-8] DEBUG c.z.e.m.m.a.I.selectList - ==>  Preparing: SELECT industryMap_industryCode,industryMap_industryName,industryMap_createdTime AS createdTime,industryMap_updatedTime AS updatedTime FROM general_industryMap
2025-12-13 19:20:00.901 [http-nio-8080-exec-8] DEBUG c.z.e.m.m.a.I.selectList - ==> Parameters: 
2025-12-13 19:20:00.901 [http-nio-8080-exec-7] DEBUG c.z.e.m.m.a.I.selectList - ==>  Preparing: SELECT industryMap_industryCode,industryMap_industryName,industryMap_createdTime AS createdTime,industryMap_updatedTime AS updatedTime FROM general_industryMap
2025-12-13 19:20:00.901 [http-nio-8080-exec-7] DEBUG c.z.e.m.m.a.I.selectList - ==> Parameters: 
2025-12-13 19:20:01.015 [http-nio-8080-exec-8] DEBUG c.z.e.m.m.a.I.selectList - <==      Total: 0
2025-12-13 19:20:01.015 [http-nio-8080-exec-7] DEBUG c.z.e.m.m.a.I.selectList - <==      Total: 0
2025-12-13 19:22:10.501 [http-nio-8080-exec-9] DEBUG c.z.e.m.m.a.AdminMapper.selectById - ==>  Preparing: SELECT admin_id,admin_account,admin_username,admin_email,admin_phone,admin_password,admin_image,admin_introduce,admin_state,admin_login_time,deleted FROM admin_admin WHERE admin_id=? AND deleted=0
2025-12-13 19:22:10.502 [http-nio-8080-exec-9] DEBUG c.z.e.m.m.a.AdminMapper.selectById - ==> Parameters: 1(Integer)
2025-12-13 19:22:10.549 [http-nio-8080-exec-9] DEBUG c.z.e.m.m.a.AdminMapper.selectById - <==      Total: 1
2025-12-13 19:22:10.549 [http-nio-8080-exec-9] DEBUG c.z.e.m.m.a.A.findAdminInfoById - ==>  Preparing: select * from admin_admin left join admin_admin_role on admin_admin.admin_id = admin_admin_role.adminId left join admin_role on admin_admin_role.roleId = admin_role.role_id left join admin_role_permission on admin_role.role_id = admin_role.role_id left join admin_permission on admin_role_permission.permissionId = admin_permission.permission_id where admin_admin.admin_id = ? and admin_admin.deleted = 0
2025-12-13 19:22:10.550 [http-nio-8080-exec-9] DEBUG c.z.e.m.m.a.A.findAdminInfoById - ==> Parameters: 1(Integer)
2025-12-13 19:22:10.652 [http-nio-8080-exec-9] DEBUG c.z.e.m.m.a.A.findAdminInfoById - <==      Total: 1
2025-12-13 19:22:10.699 [http-nio-8080-exec-9] DEBUG c.z.e.m.m.a.R.queryRecruitPositionPage - ==>  Preparing: SELECT rp.recruitPosition_id AS recruitPositionId, rp.recruitPosition_name AS recruitPositionName, rp.recruitPosition_industryCode AS recruitPositionIndustryCode, -- 连表字段：行业名称（从行业映射表查询） gim.industryMap_industryName AS industryMapIndustryName, rp.recruitPosition_minMonthSalary AS recruitPositionMinMonthSalary, rp.recruitPosition_maxMonthSalary AS recruitPositionMaxMonthSalary, rp.recruitPosition_weekWorkDayNum AS recruitPositionWeekWorkDayNum, rp.recruitPosition_goodWelfare AS recruitPositionGoodWelfare, rp.recruitPosition_createdTime AS recruitPositionCreatedTime, rp.recruitPosition_updatedTime AS recruitPositionUpdatedTime FROM general_recruitPosition rp -- 招聘岗位表别名rp -- 连表：通用行业映射表（别名gim），LEFT JOIN避免行业编码无效时丢失岗位数据 LEFT JOIN general_industryMap gim ON rp.recruitPosition_industryCode = gim.industryMap_industryCode ORDER BY rp.recruitPosition_updatedTime DESC
2025-12-13 19:22:10.700 [http-nio-8080-exec-9] DEBUG c.z.e.m.m.a.R.queryRecruitPositionPage - ==> Parameters: 
2025-12-13 19:22:10.736 [http-nio-8080-exec-9] DEBUG c.z.e.m.m.a.R.queryRecruitPositionPage - <==      Total: 0
2025-12-13 19:22:11.824 [http-nio-8080-exec-10] DEBUG c.z.e.m.m.a.AdminMapper.selectById - ==>  Preparing: SELECT admin_id,admin_account,admin_username,admin_email,admin_phone,admin_password,admin_image,admin_introduce,admin_state,admin_login_time,deleted FROM admin_admin WHERE admin_id=? AND deleted=0
2025-12-13 19:22:11.824 [http-nio-8080-exec-1] DEBUG c.z.e.m.m.a.AdminMapper.selectById - ==>  Preparing: SELECT admin_id,admin_account,admin_username,admin_email,admin_phone,admin_password,admin_image,admin_introduce,admin_state,admin_login_time,deleted FROM admin_admin WHERE admin_id=? AND deleted=0
2025-12-13 19:22:11.824 [http-nio-8080-exec-10] DEBUG c.z.e.m.m.a.AdminMapper.selectById - ==> Parameters: 1(Integer)
2025-12-13 19:22:11.824 [http-nio-8080-exec-1] DEBUG c.z.e.m.m.a.AdminMapper.selectById - ==> Parameters: 1(Integer)
2025-12-13 19:22:11.864 [http-nio-8080-exec-1] DEBUG c.z.e.m.m.a.AdminMapper.selectById - <==      Total: 1
2025-12-13 19:22:11.864 [http-nio-8080-exec-10] DEBUG c.z.e.m.m.a.AdminMapper.selectById - <==      Total: 1
2025-12-13 19:22:11.867 [http-nio-8080-exec-1] DEBUG c.z.e.m.m.a.A.findAdminInfoById - ==>  Preparing: select * from admin_admin left join admin_admin_role on admin_admin.admin_id = admin_admin_role.adminId left join admin_role on admin_admin_role.roleId = admin_role.role_id left join admin_role_permission on admin_role.role_id = admin_role.role_id left join admin_permission on admin_role_permission.permissionId = admin_permission.permission_id where admin_admin.admin_id = ? and admin_admin.deleted = 0
2025-12-13 19:22:11.868 [http-nio-8080-exec-1] DEBUG c.z.e.m.m.a.A.findAdminInfoById - ==> Parameters: 1(Integer)
2025-12-13 19:22:11.869 [http-nio-8080-exec-10] DEBUG c.z.e.m.m.a.A.findAdminInfoById - ==>  Preparing: select * from admin_admin left join admin_admin_role on admin_admin.admin_id = admin_admin_role.adminId left join admin_role on admin_admin_role.roleId = admin_role.role_id left join admin_role_permission on admin_role.role_id = admin_role.role_id left join admin_permission on admin_role_permission.permissionId = admin_permission.permission_id where admin_admin.admin_id = ? and admin_admin.deleted = 0
2025-12-13 19:22:11.870 [http-nio-8080-exec-10] DEBUG c.z.e.m.m.a.A.findAdminInfoById - ==> Parameters: 1(Integer)
2025-12-13 19:22:11.907 [http-nio-8080-exec-1] DEBUG c.z.e.m.m.a.A.findAdminInfoById - <==      Total: 1
2025-12-13 19:22:11.914 [http-nio-8080-exec-10] DEBUG c.z.e.m.m.a.A.findAdminInfoById - <==      Total: 1
2025-12-13 19:22:11.951 [http-nio-8080-exec-1] DEBUG c.z.e.m.m.a.R.queryRecruitPositionPage - ==>  Preparing: SELECT rp.recruitPosition_id AS recruitPositionId, rp.recruitPosition_name AS recruitPositionName, rp.recruitPosition_industryCode AS recruitPositionIndustryCode, -- 连表字段：行业名称（从行业映射表查询） gim.industryMap_industryName AS industryMapIndustryName, rp.recruitPosition_minMonthSalary AS recruitPositionMinMonthSalary, rp.recruitPosition_maxMonthSalary AS recruitPositionMaxMonthSalary, rp.recruitPosition_weekWorkDayNum AS recruitPositionWeekWorkDayNum, rp.recruitPosition_goodWelfare AS recruitPositionGoodWelfare, rp.recruitPosition_createdTime AS recruitPositionCreatedTime, rp.recruitPosition_updatedTime AS recruitPositionUpdatedTime FROM general_recruitPosition rp -- 招聘岗位表别名rp -- 连表：通用行业映射表（别名gim），LEFT JOIN避免行业编码无效时丢失岗位数据 LEFT JOIN general_industryMap gim ON rp.recruitPosition_industryCode = gim.industryMap_industryCode ORDER BY rp.recruitPosition_updatedTime DESC
2025-12-13 19:22:11.952 [http-nio-8080-exec-1] DEBUG c.z.e.m.m.a.R.queryRecruitPositionPage - ==> Parameters: 
2025-12-13 19:22:11.954 [http-nio-8080-exec-10] DEBUG c.z.e.m.m.a.I.selectList - ==>  Preparing: SELECT industryMap_industryCode,industryMap_industryName,industryMap_createdTime AS createdTime,industryMap_updatedTime AS updatedTime FROM general_industryMap
2025-12-13 19:22:11.955 [http-nio-8080-exec-10] DEBUG c.z.e.m.m.a.I.selectList - ==> Parameters: 
2025-12-13 19:22:11.990 [http-nio-8080-exec-1] DEBUG c.z.e.m.m.a.R.queryRecruitPositionPage - <==      Total: 0
2025-12-13 19:22:11.990 [http-nio-8080-exec-10] DEBUG c.z.e.m.m.a.I.selectList - <==      Total: 0
2025-12-13 19:23:09.538 [http-nio-8080-exec-2] DEBUG c.z.e.m.m.a.AdminMapper.selectById - ==>  Preparing: SELECT admin_id,admin_account,admin_username,admin_email,admin_phone,admin_password,admin_image,admin_introduce,admin_state,admin_login_time,deleted FROM admin_admin WHERE admin_id=? AND deleted=0
2025-12-13 19:23:09.540 [http-nio-8080-exec-2] DEBUG c.z.e.m.m.a.AdminMapper.selectById - ==> Parameters: 1(Integer)
2025-12-13 19:23:09.630 [http-nio-8080-exec-2] DEBUG c.z.e.m.m.a.AdminMapper.selectById - <==      Total: 1
2025-12-13 19:23:09.631 [http-nio-8080-exec-2] DEBUG c.z.e.m.m.a.A.findAdminInfoById - ==>  Preparing: select * from admin_admin left join admin_admin_role on admin_admin.admin_id = admin_admin_role.adminId left join admin_role on admin_admin_role.roleId = admin_role.role_id left join admin_role_permission on admin_role.role_id = admin_role.role_id left join admin_permission on admin_role_permission.permissionId = admin_permission.permission_id where admin_admin.admin_id = ? and admin_admin.deleted = 0
2025-12-13 19:23:09.632 [http-nio-8080-exec-2] DEBUG c.z.e.m.m.a.A.findAdminInfoById - ==> Parameters: 1(Integer)
2025-12-13 19:23:09.692 [http-nio-8080-exec-2] DEBUG c.z.e.m.m.a.A.findAdminInfoById - <==      Total: 1
2025-12-13 19:23:09.761 [http-nio-8080-exec-2] DEBUG c.z.e.m.m.a.I.selectList - ==>  Preparing: SELECT industryMap_industryCode,industryMap_industryName,industryMap_createdTime AS createdTime,industryMap_updatedTime AS updatedTime FROM general_industryMap
2025-12-13 19:23:09.761 [http-nio-8080-exec-2] DEBUG c.z.e.m.m.a.I.selectList - ==> Parameters: 
2025-12-13 19:23:09.763 [http-nio-8080-exec-4] DEBUG c.z.e.m.m.a.AdminMapper.selectById - ==>  Preparing: SELECT admin_id,admin_account,admin_username,admin_email,admin_phone,admin_password,admin_image,admin_introduce,admin_state,admin_login_time,deleted FROM admin_admin WHERE admin_id=? AND deleted=0
2025-12-13 19:23:09.764 [http-nio-8080-exec-4] DEBUG c.z.e.m.m.a.AdminMapper.selectById - ==> Parameters: 1(Integer)
2025-12-13 19:23:09.836 [http-nio-8080-exec-2] DEBUG c.z.e.m.m.a.I.selectList - <==      Total: 0
2025-12-13 19:23:09.836 [http-nio-8080-exec-4] DEBUG c.z.e.m.m.a.AdminMapper.selectById - <==      Total: 1
2025-12-13 19:23:09.837 [http-nio-8080-exec-4] DEBUG c.z.e.m.m.a.A.findAdminInfoById - ==>  Preparing: select * from admin_admin left join admin_admin_role on admin_admin.admin_id = admin_admin_role.adminId left join admin_role on admin_admin_role.roleId = admin_role.role_id left join admin_role_permission on admin_role.role_id = admin_role.role_id left join admin_permission on admin_role_permission.permissionId = admin_permission.permission_id where admin_admin.admin_id = ? and admin_admin.deleted = 0
2025-12-13 19:23:09.838 [http-nio-8080-exec-4] DEBUG c.z.e.m.m.a.A.findAdminInfoById - ==> Parameters: 1(Integer)
2025-12-13 19:23:09.940 [http-nio-8080-exec-4] DEBUG c.z.e.m.m.a.A.findAdminInfoById - <==      Total: 1
2025-12-13 19:23:10.042 [http-nio-8080-exec-4] DEBUG c.z.e.m.m.a.I.selectList - ==>  Preparing: SELECT industryMap_industryCode,industryMap_industryName,industryMap_createdTime AS createdTime,industryMap_updatedTime AS updatedTime FROM general_industryMap
2025-12-13 19:23:10.043 [http-nio-8080-exec-4] DEBUG c.z.e.m.m.a.I.selectList - ==> Parameters: 
2025-12-13 19:23:10.097 [http-nio-8080-exec-4] DEBUG c.z.e.m.m.a.I.selectList - <==      Total: 0
2025-12-13 19:25:29.564 [http-nio-8080-exec-3] DEBUG c.z.e.m.m.a.AdminMapper.selectById - ==>  Preparing: SELECT admin_id,admin_account,admin_username,admin_email,admin_phone,admin_password,admin_image,admin_introduce,admin_state,admin_login_time,deleted FROM admin_admin WHERE admin_id=? AND deleted=0
2025-12-13 19:25:29.565 [http-nio-8080-exec-3] DEBUG c.z.e.m.m.a.AdminMapper.selectById - ==> Parameters: 1(Integer)
2025-12-13 19:25:36.202 [http-nio-8080-exec-3] DEBUG c.z.e.m.m.a.AdminMapper.selectById - <==      Total: 1
2025-12-13 19:25:36.202 [http-nio-8080-exec-3] DEBUG c.z.e.m.m.a.A.findAdminInfoById - ==>  Preparing: select * from admin_admin left join admin_admin_role on admin_admin.admin_id = admin_admin_role.adminId left join admin_role on admin_admin_role.roleId = admin_role.role_id left join admin_role_permission on admin_role.role_id = admin_role.role_id left join admin_permission on admin_role_permission.permissionId = admin_permission.permission_id where admin_admin.admin_id = ? and admin_admin.deleted = 0
2025-12-13 19:25:36.218 [http-nio-8080-exec-3] DEBUG c.z.e.m.m.a.A.findAdminInfoById - ==> Parameters: 1(Integer)
2025-12-13 19:25:36.270 [http-nio-8080-exec-3] DEBUG c.z.e.m.m.a.A.findAdminInfoById - <==      Total: 1
2025-12-13 19:25:36.304 [http-nio-8080-exec-5] DEBUG c.z.e.m.m.a.AdminMapper.selectById - ==>  Preparing: SELECT admin_id,admin_account,admin_username,admin_email,admin_phone,admin_password,admin_image,admin_introduce,admin_state,admin_login_time,deleted FROM admin_admin WHERE admin_id=? AND deleted=0
2025-12-13 19:25:36.305 [http-nio-8080-exec-5] DEBUG c.z.e.m.m.a.AdminMapper.selectById - ==> Parameters: 1(Integer)
2025-12-13 19:25:36.342 [http-nio-8080-exec-5] DEBUG c.z.e.m.m.a.AdminMapper.selectById - <==      Total: 1
2025-12-13 19:25:36.342 [http-nio-8080-exec-3] DEBUG c.z.e.m.m.a.I.selectList - ==>  Preparing: SELECT industryMap_industryCode,industryMap_industryName,industryMap_createdTime AS createdTime,industryMap_updatedTime AS updatedTime FROM general_industryMap
2025-12-13 19:25:36.343 [http-nio-8080-exec-3] DEBUG c.z.e.m.m.a.I.selectList - ==> Parameters: 
2025-12-13 19:25:36.343 [http-nio-8080-exec-5] DEBUG c.z.e.m.m.a.A.findAdminInfoById - ==>  Preparing: select * from admin_admin left join admin_admin_role on admin_admin.admin_id = admin_admin_role.adminId left join admin_role on admin_admin_role.roleId = admin_role.role_id left join admin_role_permission on admin_role.role_id = admin_role.role_id left join admin_permission on admin_role_permission.permissionId = admin_permission.permission_id where admin_admin.admin_id = ? and admin_admin.deleted = 0
2025-12-13 19:25:36.345 [http-nio-8080-exec-5] DEBUG c.z.e.m.m.a.A.findAdminInfoById - ==> Parameters: 1(Integer)
2025-12-13 19:25:36.380 [http-nio-8080-exec-3] DEBUG c.z.e.m.m.a.I.selectList - <==      Total: 0
2025-12-13 19:25:36.382 [http-nio-8080-exec-5] DEBUG c.z.e.m.m.a.A.findAdminInfoById - <==      Total: 1
2025-12-13 19:25:36.442 [http-nio-8080-exec-5] DEBUG c.z.e.m.m.a.I.selectList - ==>  Preparing: SELECT industryMap_industryCode,industryMap_industryName,industryMap_createdTime AS createdTime,industryMap_updatedTime AS updatedTime FROM general_industryMap
2025-12-13 19:25:36.445 [http-nio-8080-exec-5] DEBUG c.z.e.m.m.a.I.selectList - ==> Parameters: 
2025-12-13 19:25:36.483 [http-nio-8080-exec-5] DEBUG c.z.e.m.m.a.I.selectList - <==      Total: 0
2025-12-13 19:25:36.997 [http-nio-8080-exec-6] DEBUG c.z.e.m.m.a.AdminMapper.selectById - ==>  Preparing: SELECT admin_id,admin_account,admin_username,admin_email,admin_phone,admin_password,admin_image,admin_introduce,admin_state,admin_login_time,deleted FROM admin_admin WHERE admin_id=? AND deleted=0
2025-12-13 19:25:37.000 [http-nio-8080-exec-6] DEBUG c.z.e.m.m.a.AdminMapper.selectById - ==> Parameters: 1(Integer)
2025-12-13 19:25:37.087 [http-nio-8080-exec-6] DEBUG c.z.e.m.m.a.AdminMapper.selectById - <==      Total: 1
2025-12-13 19:25:37.088 [http-nio-8080-exec-6] DEBUG c.z.e.m.m.a.A.findAdminInfoById - ==>  Preparing: select * from admin_admin left join admin_admin_role on admin_admin.admin_id = admin_admin_role.adminId left join admin_role on admin_admin_role.roleId = admin_role.role_id left join admin_role_permission on admin_role.role_id = admin_role.role_id left join admin_permission on admin_role_permission.permissionId = admin_permission.permission_id where admin_admin.admin_id = ? and admin_admin.deleted = 0
2025-12-13 19:25:37.126 [http-nio-8080-exec-6] DEBUG c.z.e.m.m.a.A.findAdminInfoById - ==> Parameters: 1(Integer)
2025-12-13 19:25:37.165 [http-nio-8080-exec-8] DEBUG c.z.e.m.m.a.AdminMapper.selectById - ==>  Preparing: SELECT admin_id,admin_account,admin_username,admin_email,admin_phone,admin_password,admin_image,admin_introduce,admin_state,admin_login_time,deleted FROM admin_admin WHERE admin_id=? AND deleted=0
2025-12-13 19:25:37.165 [http-nio-8080-exec-8] DEBUG c.z.e.m.m.a.AdminMapper.selectById - ==> Parameters: 1(Integer)
2025-12-13 19:25:37.292 [http-nio-8080-exec-8] DEBUG c.z.e.m.m.a.AdminMapper.selectById - <==      Total: 1
2025-12-13 19:25:37.293 [http-nio-8080-exec-8] DEBUG c.z.e.m.m.a.A.findAdminInfoById - ==>  Preparing: select * from admin_admin left join admin_admin_role on admin_admin.admin_id = admin_admin_role.adminId left join admin_role on admin_admin_role.roleId = admin_role.role_id left join admin_role_permission on admin_role.role_id = admin_role.role_id left join admin_permission on admin_role_permission.permissionId = admin_permission.permission_id where admin_admin.admin_id = ? and admin_admin.deleted = 0
2025-12-13 19:25:37.294 [http-nio-8080-exec-6] DEBUG c.z.e.m.m.a.A.findAdminInfoById - <==      Total: 1
2025-12-13 19:25:37.296 [http-nio-8080-exec-8] DEBUG c.z.e.m.m.a.A.findAdminInfoById - ==> Parameters: 1(Integer)
2025-12-13 19:25:37.409 [http-nio-8080-exec-8] DEBUG c.z.e.m.m.a.A.findAdminInfoById - <==      Total: 1
2025-12-13 19:25:37.455 [http-nio-8080-exec-6] DEBUG c.z.e.m.m.a.R.selectList - ==>  Preparing: SELECT resumeTemplate_id,resumeTemplate_name,resumeTemplate_reactCode,resumeTemplate_industry,resumeTemplate_isActive,resumeTemplate_createdTime,resumeTemplate_updatedTime,deleted FROM general_resumeTemplate WHERE deleted=0 AND (deleted = ?)
2025-12-13 19:25:37.479 [http-nio-8080-exec-6] DEBUG c.z.e.m.m.a.R.selectList - ==> Parameters: 0(Integer)
2025-12-13 19:25:37.507 [http-nio-8080-exec-8] DEBUG c.z.e.m.m.a.R.selectList - ==>  Preparing: SELECT resumeTemplate_id,resumeTemplate_name,resumeTemplate_reactCode,resumeTemplate_industry,resumeTemplate_isActive,resumeTemplate_createdTime,resumeTemplate_updatedTime,deleted FROM general_resumeTemplate WHERE deleted=0 AND (deleted = ?)
2025-12-13 19:25:37.508 [http-nio-8080-exec-8] DEBUG c.z.e.m.m.a.R.selectList - ==> Parameters: 0(Integer)
2025-12-13 19:25:41.816 [http-nio-8080-exec-7] DEBUG c.z.e.m.m.a.AdminMapper.selectById - ==>  Preparing: SELECT admin_id,admin_account,admin_username,admin_email,admin_phone,admin_password,admin_image,admin_introduce,admin_state,admin_login_time,deleted FROM admin_admin WHERE admin_id=? AND deleted=0
2025-12-13 19:25:41.817 [http-nio-8080-exec-7] DEBUG c.z.e.m.m.a.AdminMapper.selectById - ==> Parameters: 1(Integer)
2025-12-13 19:25:41.897 [http-nio-8080-exec-7] DEBUG c.z.e.m.m.a.AdminMapper.selectById - <==      Total: 1
2025-12-13 19:25:41.900 [http-nio-8080-exec-7] DEBUG c.z.e.m.m.a.A.findAdminInfoById - ==>  Preparing: select * from admin_admin left join admin_admin_role on admin_admin.admin_id = admin_admin_role.adminId left join admin_role on admin_admin_role.roleId = admin_role.role_id left join admin_role_permission on admin_role.role_id = admin_role.role_id left join admin_permission on admin_role_permission.permissionId = admin_permission.permission_id where admin_admin.admin_id = ? and admin_admin.deleted = 0
2025-12-13 19:25:41.901 [http-nio-8080-exec-7] DEBUG c.z.e.m.m.a.A.findAdminInfoById - ==> Parameters: 1(Integer)
2025-12-13 19:25:42.003 [http-nio-8080-exec-7] DEBUG c.z.e.m.m.a.A.findAdminInfoById - <==      Total: 1
2025-12-13 19:25:42.048 [http-nio-8080-exec-7] DEBUG c.z.e.m.m.a.I.selectList - ==>  Preparing: SELECT industryMap_industryCode,industryMap_industryName,industryMap_createdTime AS createdTime,industryMap_updatedTime AS updatedTime FROM general_industryMap
2025-12-13 19:25:42.049 [http-nio-8080-exec-7] DEBUG c.z.e.m.m.a.I.selectList - ==> Parameters: 
2025-12-13 19:25:42.109 [http-nio-8080-exec-7] DEBUG c.z.e.m.m.a.I.selectList - <==      Total: 0
2025-12-13 19:25:42.309 [http-nio-8080-exec-9] DEBUG c.z.e.m.m.a.AdminMapper.selectById - ==>  Preparing: SELECT admin_id,admin_account,admin_username,admin_email,admin_phone,admin_password,admin_image,admin_introduce,admin_state,admin_login_time,deleted FROM admin_admin WHERE admin_id=? AND deleted=0
2025-12-13 19:25:42.310 [http-nio-8080-exec-9] DEBUG c.z.e.m.m.a.AdminMapper.selectById - ==> Parameters: 1(Integer)
2025-12-13 19:25:42.370 [http-nio-8080-exec-9] DEBUG c.z.e.m.m.a.AdminMapper.selectById - <==      Total: 1
2025-12-13 19:25:42.371 [http-nio-8080-exec-9] DEBUG c.z.e.m.m.a.A.findAdminInfoById - ==>  Preparing: select * from admin_admin left join admin_admin_role on admin_admin.admin_id = admin_admin_role.adminId left join admin_role on admin_admin_role.roleId = admin_role.role_id left join admin_role_permission on admin_role.role_id = admin_role.role_id left join admin_permission on admin_role_permission.permissionId = admin_permission.permission_id where admin_admin.admin_id = ? and admin_admin.deleted = 0
2025-12-13 19:25:42.371 [http-nio-8080-exec-9] DEBUG c.z.e.m.m.a.A.findAdminInfoById - ==> Parameters: 1(Integer)
2025-12-13 19:25:42.468 [http-nio-8080-exec-9] DEBUG c.z.e.m.m.a.A.findAdminInfoById - <==      Total: 1
2025-12-13 19:25:42.614 [http-nio-8080-exec-9] DEBUG c.z.e.m.m.a.P.selectList - ==>  Preparing: SELECT provinceMap_pid,provinceMap_pname FROM general_provinceMap
2025-12-13 19:25:42.616 [http-nio-8080-exec-9] DEBUG c.z.e.m.m.a.P.selectList - ==> Parameters: 
2025-12-13 19:25:42.763 [http-nio-8080-exec-9] DEBUG c.z.e.m.m.a.P.selectList - <==      Total: 34
2025-12-13 19:25:43.343 [http-nio-8080-exec-1] DEBUG c.z.e.m.m.a.AdminMapper.selectById - ==>  Preparing: SELECT admin_id,admin_account,admin_username,admin_email,admin_phone,admin_password,admin_image,admin_introduce,admin_state,admin_login_time,deleted FROM admin_admin WHERE admin_id=? AND deleted=0
2025-12-13 19:25:43.345 [http-nio-8080-exec-1] DEBUG c.z.e.m.m.a.AdminMapper.selectById - ==> Parameters: 1(Integer)
2025-12-13 19:25:43.399 [http-nio-8080-exec-1] DEBUG c.z.e.m.m.a.AdminMapper.selectById - <==      Total: 1
2025-12-13 19:25:43.400 [http-nio-8080-exec-1] DEBUG c.z.e.m.m.a.A.findAdminInfoById - ==>  Preparing: select * from admin_admin left join admin_admin_role on admin_admin.admin_id = admin_admin_role.adminId left join admin_role on admin_admin_role.roleId = admin_role.role_id left join admin_role_permission on admin_role.role_id = admin_role.role_id left join admin_permission on admin_role_permission.permissionId = admin_permission.permission_id where admin_admin.admin_id = ? and admin_admin.deleted = 0
2025-12-13 19:25:43.401 [http-nio-8080-exec-1] DEBUG c.z.e.m.m.a.A.findAdminInfoById - ==> Parameters: 1(Integer)
2025-12-13 19:25:43.484 [http-nio-8080-exec-1] DEBUG c.z.e.m.m.a.A.findAdminInfoById - <==      Total: 1
2025-12-13 19:25:43.507 [http-nio-8080-exec-10] DEBUG c.z.e.m.m.a.AdminMapper.selectById - ==>  Preparing: SELECT admin_id,admin_account,admin_username,admin_email,admin_phone,admin_password,admin_image,admin_introduce,admin_state,admin_login_time,deleted FROM admin_admin WHERE admin_id=? AND deleted=0
2025-12-13 19:25:43.507 [http-nio-8080-exec-10] DEBUG c.z.e.m.m.a.AdminMapper.selectById - ==> Parameters: 1(Integer)
2025-12-13 19:25:43.566 [http-nio-8080-exec-10] DEBUG c.z.e.m.m.a.AdminMapper.selectById - <==      Total: 1
2025-12-13 19:25:43.570 [http-nio-8080-exec-10] DEBUG c.z.e.m.m.a.A.findAdminInfoById - ==>  Preparing: select * from admin_admin left join admin_admin_role on admin_admin.admin_id = admin_admin_role.adminId left join admin_role on admin_admin_role.roleId = admin_role.role_id left join admin_role_permission on admin_role.role_id = admin_role.role_id left join admin_permission on admin_role_permission.permissionId = admin_permission.permission_id where admin_admin.admin_id = ? and admin_admin.deleted = 0
2025-12-13 19:25:43.571 [http-nio-8080-exec-10] DEBUG c.z.e.m.m.a.A.findAdminInfoById - ==> Parameters: 1(Integer)
2025-12-13 19:25:43.743 [http-nio-8080-exec-10] DEBUG c.z.e.m.m.a.A.findAdminInfoById - <==      Total: 1
2025-12-13 19:25:43.783 [http-nio-8080-exec-10] DEBUG c.z.e.m.m.a.I.selectList - ==>  Preparing: SELECT industryMap_industryCode,industryMap_industryName,industryMap_createdTime AS createdTime,industryMap_updatedTime AS updatedTime FROM general_industryMap
2025-12-13 19:25:43.783 [http-nio-8080-exec-10] DEBUG c.z.e.m.m.a.I.selectList - ==> Parameters: 
2025-12-13 19:25:43.854 [http-nio-8080-exec-2] DEBUG c.z.e.m.m.a.AdminMapper.selectById - ==>  Preparing: SELECT admin_id,admin_account,admin_username,admin_email,admin_phone,admin_password,admin_image,admin_introduce,admin_state,admin_login_time,deleted FROM admin_admin WHERE admin_id=? AND deleted=0
2025-12-13 19:25:43.854 [http-nio-8080-exec-2] DEBUG c.z.e.m.m.a.AdminMapper.selectById - ==> Parameters: 1(Integer)
2025-12-13 19:25:43.854 [http-nio-8080-exec-10] DEBUG c.z.e.m.m.a.I.selectList - <==      Total: 0
2025-12-13 19:25:43.854 [http-nio-8080-exec-1] DEBUG c.z.e.m.m.a.R.queryRecruitPositionPage - ==>  Preparing: SELECT rp.recruitPosition_id AS recruitPositionId, rp.recruitPosition_name AS recruitPositionName, rp.recruitPosition_industryCode AS recruitPositionIndustryCode, -- 连表字段：行业名称（从行业映射表查询） gim.industryMap_industryName AS industryMapIndustryName, rp.recruitPosition_minMonthSalary AS recruitPositionMinMonthSalary, rp.recruitPosition_maxMonthSalary AS recruitPositionMaxMonthSalary, rp.recruitPosition_weekWorkDayNum AS recruitPositionWeekWorkDayNum, rp.recruitPosition_goodWelfare AS recruitPositionGoodWelfare, rp.recruitPosition_createdTime AS recruitPositionCreatedTime, rp.recruitPosition_updatedTime AS recruitPositionUpdatedTime FROM general_recruitPosition rp -- 招聘岗位表别名rp -- 连表：通用行业映射表（别名gim），LEFT JOIN避免行业编码无效时丢失岗位数据 LEFT JOIN general_industryMap gim ON rp.recruitPosition_industryCode = gim.industryMap_industryCode ORDER BY rp.recruitPosition_updatedTime DESC
2025-12-13 19:25:43.857 [http-nio-8080-exec-1] DEBUG c.z.e.m.m.a.R.queryRecruitPositionPage - ==> Parameters: 
2025-12-13 19:25:43.902 [http-nio-8080-exec-1] DEBUG c.z.e.m.m.a.R.queryRecruitPositionPage - <==      Total: 0
2025-12-13 19:25:43.903 [http-nio-8080-exec-2] DEBUG c.z.e.m.m.a.AdminMapper.selectById - <==      Total: 1
2025-12-13 19:25:43.904 [http-nio-8080-exec-2] DEBUG c.z.e.m.m.a.A.findAdminInfoById - ==>  Preparing: select * from admin_admin left join admin_admin_role on admin_admin.admin_id = admin_admin_role.adminId left join admin_role on admin_admin_role.roleId = admin_role.role_id left join admin_role_permission on admin_role.role_id = admin_role.role_id left join admin_permission on admin_role_permission.permissionId = admin_permission.permission_id where admin_admin.admin_id = ? and admin_admin.deleted = 0
2025-12-13 19:25:43.904 [http-nio-8080-exec-2] DEBUG c.z.e.m.m.a.A.findAdminInfoById - ==> Parameters: 1(Integer)
2025-12-13 19:25:43.952 [http-nio-8080-exec-2] DEBUG c.z.e.m.m.a.A.findAdminInfoById - <==      Total: 1
2025-12-13 19:25:44.160 [http-nio-8080-exec-2] DEBUG c.z.e.m.m.a.R.selectList - ==>  Preparing: SELECT recruitPosition_id AS recruitPositionId,recruitPosition_name,recruitPosition_createdTime AS createdTime,recruitPosition_updatedTime AS updatedTime,recruitPosition_industryCode,recruitPosition_minMonthSalary AS minMonthSalary,recruitPosition_maxMonthSalary AS maxMonthSalary,recruitPosition_weekWorkDayNum AS weekWorkDayNum,recruitPosition_goodWelfare AS goodWelfare FROM general_recruitPosition
2025-12-13 19:25:44.160 [http-nio-8080-exec-2] DEBUG c.z.e.m.m.a.R.selectList - ==> Parameters: 
2025-12-13 19:25:44.196 [http-nio-8080-exec-2] DEBUG c.z.e.m.m.a.R.selectList - <==      Total: 0
2025-12-13 19:25:44.834 [http-nio-8080-exec-4] DEBUG c.z.e.m.m.a.AdminMapper.selectById - ==>  Preparing: SELECT admin_id,admin_account,admin_username,admin_email,admin_phone,admin_password,admin_image,admin_introduce,admin_state,admin_login_time,deleted FROM admin_admin WHERE admin_id=? AND deleted=0
2025-12-13 19:25:44.835 [http-nio-8080-exec-4] DEBUG c.z.e.m.m.a.AdminMapper.selectById - ==> Parameters: 1(Integer)
2025-12-13 19:25:44.873 [http-nio-8080-exec-4] DEBUG c.z.e.m.m.a.AdminMapper.selectById - <==      Total: 1
2025-12-13 19:25:44.875 [http-nio-8080-exec-4] DEBUG c.z.e.m.m.a.A.findAdminInfoById - ==>  Preparing: select * from admin_admin left join admin_admin_role on admin_admin.admin_id = admin_admin_role.adminId left join admin_role on admin_admin_role.roleId = admin_role.role_id left join admin_role_permission on admin_role.role_id = admin_role.role_id left join admin_permission on admin_role_permission.permissionId = admin_permission.permission_id where admin_admin.admin_id = ? and admin_admin.deleted = 0
2025-12-13 19:25:44.876 [http-nio-8080-exec-4] DEBUG c.z.e.m.m.a.A.findAdminInfoById - ==> Parameters: 1(Integer)
2025-12-13 19:25:44.913 [http-nio-8080-exec-4] DEBUG c.z.e.m.m.a.A.findAdminInfoById - <==      Total: 1
2025-12-13 19:25:45.025 [http-nio-8080-exec-4] DEBUG c.z.e.m.m.a.E.selectList - ==>  Preparing: SELECT employmentInformation_id,employmentInformation_code,employmentInformation_companyName,employmentInformation_industryCategories,employmentInformation_companyType,employmentInformation_batch,employmentInformation_recruitPosition,employmentInformation_recruitObject,employmentInformation_recruitLocationFirst,employmentInformation_recruitLocationSecond,employmentInformation_recruitLocationDetail,employmentInformation_startTime,employmentInformation_stopTime,employmentInformation_updatedTime,employmentInformation_onlineApplicationStatus,employmentInformation_officialAnnouncement,employmentInformation_submissionWay,employmentInformation_employeeReferralCode,deleted FROM general_employmentInformation WHERE deleted=0 AND (deleted = ?)
2025-12-13 19:25:45.026 [http-nio-8080-exec-4] DEBUG c.z.e.m.m.a.E.selectList - ==> Parameters: 0(Integer)
2025-12-13 19:25:45.066 [http-nio-8080-exec-4] DEBUG c.z.e.m.m.a.E.selectList - <==      Total: 0
2025-12-13 19:25:57.014 [http-nio-8080-exec-3] DEBUG c.z.e.m.m.a.AdminMapper.selectById - ==>  Preparing: SELECT admin_id,admin_account,admin_username,admin_email,admin_phone,admin_password,admin_image,admin_introduce,admin_state,admin_login_time,deleted FROM admin_admin WHERE admin_id=? AND deleted=0
2025-12-13 19:25:57.015 [http-nio-8080-exec-3] DEBUG c.z.e.m.m.a.AdminMapper.selectById - ==> Parameters: 1(Integer)
2025-12-13 19:25:57.165 [http-nio-8080-exec-3] DEBUG c.z.e.m.m.a.AdminMapper.selectById - <==      Total: 1
2025-12-13 19:25:57.166 [http-nio-8080-exec-3] DEBUG c.z.e.m.m.a.A.findAdminInfoById - ==>  Preparing: select * from admin_admin left join admin_admin_role on admin_admin.admin_id = admin_admin_role.adminId left join admin_role on admin_admin_role.roleId = admin_role.role_id left join admin_role_permission on admin_role.role_id = admin_role.role_id left join admin_permission on admin_role_permission.permissionId = admin_permission.permission_id where admin_admin.admin_id = ? and admin_admin.deleted = 0
2025-12-13 19:25:57.167 [http-nio-8080-exec-3] DEBUG c.z.e.m.m.a.A.findAdminInfoById - ==> Parameters: 1(Integer)
2025-12-13 19:25:57.258 [http-nio-8080-exec-3] DEBUG c.z.e.m.m.a.A.findAdminInfoById - <==      Total: 1
2025-12-13 19:25:57.361 [http-nio-8080-exec-3] DEBUG c.z.e.m.m.a.J.selectList - ==>  Preparing: SELECT jobAdviceArticle_id,jobAdviceArticle_title,jobAdviceArticle_content,jobAdviceArticle_category,jobAdviceArticle_tags,jobAdviceArticle_authorName,jobAdviceArticle_publishedStatus,jobAdviceArticle_publishedTime,jobAdviceArticle_updatedTime,deleted FROM general_jobAdviceArticle WHERE deleted=0 AND (deleted = ?)
2025-12-13 19:25:57.363 [http-nio-8080-exec-3] DEBUG c.z.e.m.m.a.J.selectList - ==> Parameters: 0(Integer)
2025-12-13 19:25:57.464 [http-nio-8080-exec-3] DEBUG c.z.e.m.m.a.J.selectList - <==      Total: 1
2025-12-13 19:25:59.053 [http-nio-8080-exec-5] DEBUG c.z.e.m.m.a.AdminMapper.selectById - ==>  Preparing: SELECT admin_id,admin_account,admin_username,admin_email,admin_phone,admin_password,admin_image,admin_introduce,admin_state,admin_login_time,deleted FROM admin_admin WHERE admin_id=? AND deleted=0
2025-12-13 19:25:59.054 [http-nio-8080-exec-5] DEBUG c.z.e.m.m.a.AdminMapper.selectById - ==> Parameters: 1(Integer)
2025-12-13 19:25:59.104 [http-nio-8080-exec-5] DEBUG c.z.e.m.m.a.AdminMapper.selectById - <==      Total: 1
2025-12-13 19:25:59.105 [http-nio-8080-exec-5] DEBUG c.z.e.m.m.a.A.findAdminInfoById - ==>  Preparing: select * from admin_admin left join admin_admin_role on admin_admin.admin_id = admin_admin_role.adminId left join admin_role on admin_admin_role.roleId = admin_role.role_id left join admin_role_permission on admin_role.role_id = admin_role.role_id left join admin_permission on admin_role_permission.permissionId = admin_permission.permission_id where admin_admin.admin_id = ? and admin_admin.deleted = 0
2025-12-13 19:25:59.105 [http-nio-8080-exec-5] DEBUG c.z.e.m.m.a.A.findAdminInfoById - ==> Parameters: 1(Integer)
2025-12-13 19:25:59.151 [http-nio-8080-exec-5] DEBUG c.z.e.m.m.a.A.findAdminInfoById - <==      Total: 1
2025-12-13 19:25:59.347 [http-nio-8080-exec-7] DEBUG c.z.e.m.m.a.AdminMapper.selectById - ==>  Preparing: SELECT admin_id,admin_account,admin_username,admin_email,admin_phone,admin_password,admin_image,admin_introduce,admin_state,admin_login_time,deleted FROM admin_admin WHERE admin_id=? AND deleted=0
2025-12-13 19:25:59.350 [http-nio-8080-exec-7] DEBUG c.z.e.m.m.a.AdminMapper.selectById - ==> Parameters: 1(Integer)
2025-12-13 19:25:59.366 [http-nio-8080-exec-5] DEBUG c.z.e.m.m.a.I.selectList - ==>  Preparing: SELECT industryMap_industryCode,industryMap_industryName,industryMap_createdTime AS createdTime,industryMap_updatedTime AS updatedTime FROM general_industryMap
2025-12-13 19:25:59.410 [http-nio-8080-exec-7] DEBUG c.z.e.m.m.a.AdminMapper.selectById - <==      Total: 1
2025-12-13 19:25:59.412 [http-nio-8080-exec-7] DEBUG c.z.e.m.m.a.A.findAdminInfoById - ==>  Preparing: select * from admin_admin left join admin_admin_role on admin_admin.admin_id = admin_admin_role.adminId left join admin_role on admin_admin_role.roleId = admin_role.role_id left join admin_role_permission on admin_role.role_id = admin_role.role_id left join admin_permission on admin_role_permission.permissionId = admin_permission.permission_id where admin_admin.admin_id = ? and admin_admin.deleted = 0
2025-12-13 19:25:59.414 [http-nio-8080-exec-7] DEBUG c.z.e.m.m.a.A.findAdminInfoById - ==> Parameters: 1(Integer)
2025-12-13 19:25:59.455 [http-nio-8080-exec-5] DEBUG c.z.e.m.m.a.I.selectList - ==> Parameters: 
2025-12-13 19:25:59.511 [http-nio-8080-exec-5] DEBUG c.z.e.m.m.a.I.selectList - <==      Total: 0
2025-12-13 19:25:59.626 [http-nio-8080-exec-7] DEBUG c.z.e.m.m.a.A.findAdminInfoById - <==      Total: 1
2025-12-13 19:25:59.818 [http-nio-8080-exec-7] DEBUG c.z.e.m.m.a.I.selectList - ==>  Preparing: SELECT industryMap_industryCode,industryMap_industryName,industryMap_createdTime AS createdTime,industryMap_updatedTime AS updatedTime FROM general_industryMap
2025-12-13 19:25:59.819 [http-nio-8080-exec-7] DEBUG c.z.e.m.m.a.I.selectList - ==> Parameters: 
2025-12-13 19:25:59.924 [http-nio-8080-exec-7] DEBUG c.z.e.m.m.a.I.selectList - <==      Total: 0
2025-12-13 19:26:10.011 [http-nio-8080-exec-1] DEBUG c.z.e.m.m.a.AdminMapper.selectById - ==>  Preparing: SELECT admin_id,admin_account,admin_username,admin_email,admin_phone,admin_password,admin_image,admin_introduce,admin_state,admin_login_time,deleted FROM admin_admin WHERE admin_id=? AND deleted=0
2025-12-13 19:26:10.011 [http-nio-8080-exec-9] DEBUG c.z.e.m.m.a.AdminMapper.selectById - ==>  Preparing: SELECT admin_id,admin_account,admin_username,admin_email,admin_phone,admin_password,admin_image,admin_introduce,admin_state,admin_login_time,deleted FROM admin_admin WHERE admin_id=? AND deleted=0
2025-12-13 19:26:10.012 [http-nio-8080-exec-9] DEBUG c.z.e.m.m.a.AdminMapper.selectById - ==> Parameters: 1(Integer)
2025-12-13 19:26:10.012 [http-nio-8080-exec-1] DEBUG c.z.e.m.m.a.AdminMapper.selectById - ==> Parameters: 1(Integer)
2025-12-13 19:26:10.057 [http-nio-8080-exec-1] DEBUG c.z.e.m.m.a.AdminMapper.selectById - <==      Total: 1
2025-12-13 19:26:10.058 [http-nio-8080-exec-9] DEBUG c.z.e.m.m.a.AdminMapper.selectById - <==      Total: 1
2025-12-13 19:26:10.061 [http-nio-8080-exec-9] DEBUG c.z.e.m.m.a.A.findAdminInfoById - ==>  Preparing: select * from admin_admin left join admin_admin_role on admin_admin.admin_id = admin_admin_role.adminId left join admin_role on admin_admin_role.roleId = admin_role.role_id left join admin_role_permission on admin_role.role_id = admin_role.role_id left join admin_permission on admin_role_permission.permissionId = admin_permission.permission_id where admin_admin.admin_id = ? and admin_admin.deleted = 0
2025-12-13 19:26:10.062 [http-nio-8080-exec-1] DEBUG c.z.e.m.m.a.A.findAdminInfoById - ==>  Preparing: select * from admin_admin left join admin_admin_role on admin_admin.admin_id = admin_admin_role.adminId left join admin_role on admin_admin_role.roleId = admin_role.role_id left join admin_role_permission on admin_role.role_id = admin_role.role_id left join admin_permission on admin_role_permission.permissionId = admin_permission.permission_id where admin_admin.admin_id = ? and admin_admin.deleted = 0
2025-12-13 19:26:10.063 [http-nio-8080-exec-1] DEBUG c.z.e.m.m.a.A.findAdminInfoById - ==> Parameters: 1(Integer)
2025-12-13 19:26:10.068 [http-nio-8080-exec-9] DEBUG c.z.e.m.m.a.A.findAdminInfoById - ==> Parameters: 1(Integer)
2025-12-13 19:26:10.129 [http-nio-8080-exec-1] DEBUG c.z.e.m.m.a.A.findAdminInfoById - <==      Total: 1
2025-12-13 19:26:10.130 [http-nio-8080-exec-9] DEBUG c.z.e.m.m.a.A.findAdminInfoById - <==      Total: 1
2025-12-13 19:26:10.262 [http-nio-8080-exec-1] DEBUG c.z.e.m.m.a.I.selectList - ==>  Preparing: SELECT industryMap_industryCode,industryMap_industryName,industryMap_createdTime AS createdTime,industryMap_updatedTime AS updatedTime FROM general_industryMap
2025-12-13 19:26:10.262 [http-nio-8080-exec-9] DEBUG c.z.e.m.m.a.I.selectList - ==>  Preparing: SELECT industryMap_industryCode,industryMap_industryName,industryMap_createdTime AS createdTime,industryMap_updatedTime AS updatedTime FROM general_industryMap
2025-12-13 19:26:10.262 [http-nio-8080-exec-1] DEBUG c.z.e.m.m.a.I.selectList - ==> Parameters: 
2025-12-13 19:26:10.262 [http-nio-8080-exec-9] DEBUG c.z.e.m.m.a.I.selectList - ==> Parameters: 
2025-12-13 19:26:10.365 [http-nio-8080-exec-9] DEBUG c.z.e.m.m.a.I.selectList - <==      Total: 0
2025-12-13 19:26:10.365 [http-nio-8080-exec-1] DEBUG c.z.e.m.m.a.I.selectList - <==      Total: 0
2025-12-13 19:27:47.936 [http-nio-8080-exec-10] DEBUG c.z.e.m.m.a.AdminMapper.selectById - ==>  Preparing: SELECT admin_id,admin_account,admin_username,admin_email,admin_phone,admin_password,admin_image,admin_introduce,admin_state,admin_login_time,deleted FROM admin_admin WHERE admin_id=? AND deleted=0
2025-12-13 19:27:47.937 [http-nio-8080-exec-10] DEBUG c.z.e.m.m.a.AdminMapper.selectById - ==> Parameters: 1(Integer)
2025-12-13 19:27:48.053 [http-nio-8080-exec-10] DEBUG c.z.e.m.m.a.AdminMapper.selectById - <==      Total: 1
2025-12-13 19:27:48.054 [http-nio-8080-exec-10] DEBUG c.z.e.m.m.a.A.findAdminInfoById - ==>  Preparing: select * from admin_admin left join admin_admin_role on admin_admin.admin_id = admin_admin_role.adminId left join admin_role on admin_admin_role.roleId = admin_role.role_id left join admin_role_permission on admin_role.role_id = admin_role.role_id left join admin_permission on admin_role_permission.permissionId = admin_permission.permission_id where admin_admin.admin_id = ? and admin_admin.deleted = 0
2025-12-13 19:27:48.054 [http-nio-8080-exec-10] DEBUG c.z.e.m.m.a.A.findAdminInfoById - ==> Parameters: 1(Integer)
2025-12-13 19:27:48.094 [http-nio-8080-exec-10] DEBUG c.z.e.m.m.a.A.findAdminInfoById - <==      Total: 1
2025-12-13 19:27:48.155 [http-nio-8080-exec-10] DEBUG c.z.e.m.m.a.I.selectList - ==>  Preparing: SELECT industryMap_industryCode,industryMap_industryName,industryMap_createdTime AS createdTime,industryMap_updatedTime AS updatedTime FROM general_industryMap
2025-12-13 19:27:48.156 [http-nio-8080-exec-10] DEBUG c.z.e.m.m.a.I.selectList - ==> Parameters: 
2025-12-13 19:27:48.257 [http-nio-8080-exec-10] DEBUG c.z.e.m.m.a.I.selectList - <==      Total: 0
2025-12-13 19:28:28.865 [http-nio-8080-exec-2] DEBUG c.z.e.m.m.a.AdminMapper.selectById - ==>  Preparing: SELECT admin_id,admin_account,admin_username,admin_email,admin_phone,admin_password,admin_image,admin_introduce,admin_state,admin_login_time,deleted FROM admin_admin WHERE admin_id=? AND deleted=0
2025-12-13 19:28:28.866 [http-nio-8080-exec-2] DEBUG c.z.e.m.m.a.AdminMapper.selectById - ==> Parameters: 1(Integer)
2025-12-13 19:28:28.965 [http-nio-8080-exec-2] DEBUG c.z.e.m.m.a.AdminMapper.selectById - <==      Total: 1
2025-12-13 19:28:28.967 [http-nio-8080-exec-2] DEBUG c.z.e.m.m.a.A.findAdminInfoById - ==>  Preparing: select * from admin_admin left join admin_admin_role on admin_admin.admin_id = admin_admin_role.adminId left join admin_role on admin_admin_role.roleId = admin_role.role_id left join admin_role_permission on admin_role.role_id = admin_role.role_id left join admin_permission on admin_role_permission.permissionId = admin_permission.permission_id where admin_admin.admin_id = ? and admin_admin.deleted = 0
2025-12-13 19:28:28.967 [http-nio-8080-exec-2] DEBUG c.z.e.m.m.a.A.findAdminInfoById - ==> Parameters: 1(Integer)
2025-12-13 19:28:29.005 [http-nio-8080-exec-2] DEBUG c.z.e.m.m.a.A.findAdminInfoById - <==      Total: 1
2025-12-13 19:28:29.044 [http-nio-8080-exec-2] DEBUG c.z.e.m.m.a.I.selectList - ==>  Preparing: SELECT industryMap_industryCode,industryMap_industryName,industryMap_createdTime AS createdTime,industryMap_updatedTime AS updatedTime FROM general_industryMap
2025-12-13 19:28:29.044 [http-nio-8080-exec-2] DEBUG c.z.e.m.m.a.I.selectList - ==> Parameters: 
2025-12-13 19:28:29.080 [http-nio-8080-exec-2] DEBUG c.z.e.m.m.a.I.selectList - <==      Total: 0
2025-12-13 19:28:45.643 [http-nio-8080-exec-4] DEBUG c.z.e.m.m.a.AdminMapper.selectById - ==>  Preparing: SELECT admin_id,admin_account,admin_username,admin_email,admin_phone,admin_password,admin_image,admin_introduce,admin_state,admin_login_time,deleted FROM admin_admin WHERE admin_id=? AND deleted=0
2025-12-13 19:28:45.644 [http-nio-8080-exec-4] DEBUG c.z.e.m.m.a.AdminMapper.selectById - ==> Parameters: 1(Integer)
2025-12-13 19:28:45.703 [http-nio-8080-exec-4] DEBUG c.z.e.m.m.a.AdminMapper.selectById - <==      Total: 1
2025-12-13 19:28:45.704 [http-nio-8080-exec-4] DEBUG c.z.e.m.m.a.A.findAdminInfoById - ==>  Preparing: select * from admin_admin left join admin_admin_role on admin_admin.admin_id = admin_admin_role.adminId left join admin_role on admin_admin_role.roleId = admin_role.role_id left join admin_role_permission on admin_role.role_id = admin_role.role_id left join admin_permission on admin_role_permission.permissionId = admin_permission.permission_id where admin_admin.admin_id = ? and admin_admin.deleted = 0
2025-12-13 19:28:45.705 [http-nio-8080-exec-4] DEBUG c.z.e.m.m.a.A.findAdminInfoById - ==> Parameters: 1(Integer)
2025-12-13 19:28:45.805 [http-nio-8080-exec-4] DEBUG c.z.e.m.m.a.A.findAdminInfoById - <==      Total: 1
2025-12-13 19:28:45.910 [http-nio-8080-exec-4] DEBUG c.z.e.m.m.a.IndustryMapMapper.insert - ==>  Preparing: INSERT INTO general_industryMap ( industryMap_industryName, industryMap_createdTime, industryMap_updatedTime ) VALUES ( ?, ?, ? )
2025-12-13 19:28:45.919 [http-nio-8080-exec-4] DEBUG c.z.e.m.m.a.IndustryMapMapper.insert - ==> Parameters: 互联网(String), 2025-12-13 19:28:45.877(Timestamp), 2025-12-13 19:28:45.882(Timestamp)
2025-12-13 19:28:46.005 [http-nio-8080-exec-4] DEBUG c.z.e.m.m.a.IndustryMapMapper.insert - <==    Updates: 1
2025-12-13 19:28:46.384 [http-nio-8080-exec-8] DEBUG c.z.e.m.m.a.AdminMapper.selectById - ==>  Preparing: SELECT admin_id,admin_account,admin_username,admin_email,admin_phone,admin_password,admin_image,admin_introduce,admin_state,admin_login_time,deleted FROM admin_admin WHERE admin_id=? AND deleted=0
2025-12-13 19:28:46.386 [http-nio-8080-exec-8] DEBUG c.z.e.m.m.a.AdminMapper.selectById - ==> Parameters: 1(Integer)
2025-12-13 19:28:46.522 [http-nio-8080-exec-8] DEBUG c.z.e.m.m.a.AdminMapper.selectById - <==      Total: 1
2025-12-13 19:28:46.522 [http-nio-8080-exec-8] DEBUG c.z.e.m.m.a.A.findAdminInfoById - ==>  Preparing: select * from admin_admin left join admin_admin_role on admin_admin.admin_id = admin_admin_role.adminId left join admin_role on admin_admin_role.roleId = admin_role.role_id left join admin_role_permission on admin_role.role_id = admin_role.role_id left join admin_permission on admin_role_permission.permissionId = admin_permission.permission_id where admin_admin.admin_id = ? and admin_admin.deleted = 0
2025-12-13 19:28:46.523 [http-nio-8080-exec-8] DEBUG c.z.e.m.m.a.A.findAdminInfoById - ==> Parameters: 1(Integer)
2025-12-13 19:28:46.625 [http-nio-8080-exec-8] DEBUG c.z.e.m.m.a.A.findAdminInfoById - <==      Total: 1
2025-12-13 19:28:46.725 [http-nio-8080-exec-8] DEBUG c.z.e.m.m.a.I.selectList - ==>  Preparing: SELECT industryMap_industryCode,industryMap_industryName,industryMap_createdTime AS createdTime,industryMap_updatedTime AS updatedTime FROM general_industryMap
2025-12-13 19:28:46.726 [http-nio-8080-exec-8] DEBUG c.z.e.m.m.a.I.selectList - ==> Parameters: 
2025-12-13 19:38:14.104 [http-nio-8080-exec-6] DEBUG c.z.e.m.m.a.AdminMapper.selectById - ==>  Preparing: SELECT admin_id,admin_account,admin_username,admin_email,admin_phone,admin_password,admin_image,admin_introduce,admin_state,admin_login_time,deleted FROM admin_admin WHERE admin_id=? AND deleted=0
2025-12-13 19:38:14.105 [http-nio-8080-exec-6] DEBUG c.z.e.m.m.a.AdminMapper.selectById - ==> Parameters: 1(Integer)
2025-12-13 19:38:14.144 [http-nio-8080-exec-6] DEBUG c.z.e.m.m.a.AdminMapper.selectById - <==      Total: 1
2025-12-13 19:38:14.144 [http-nio-8080-exec-6] DEBUG c.z.e.m.m.a.A.findAdminInfoById - ==>  Preparing: select * from admin_admin left join admin_admin_role on admin_admin.admin_id = admin_admin_role.adminId left join admin_role on admin_admin_role.roleId = admin_role.role_id left join admin_role_permission on admin_role.role_id = admin_role.role_id left join admin_permission on admin_role_permission.permissionId = admin_permission.permission_id where admin_admin.admin_id = ? and admin_admin.deleted = 0
2025-12-13 19:38:14.146 [http-nio-8080-exec-6] DEBUG c.z.e.m.m.a.A.findAdminInfoById - ==> Parameters: 1(Integer)
2025-12-13 19:38:14.187 [http-nio-8080-exec-6] DEBUG c.z.e.m.m.a.A.findAdminInfoById - <==      Total: 1
2025-12-13 19:38:14.226 [http-nio-8080-exec-6] DEBUG c.z.e.m.m.a.I.selectList - ==>  Preparing: SELECT industryMap_industryCode,industryMap_industryName,industryMap_createdTime AS createdTime,industryMap_updatedTime AS updatedTime FROM general_industryMap
2025-12-13 19:38:14.227 [http-nio-8080-exec-6] DEBUG c.z.e.m.m.a.I.selectList - ==> Parameters: 
2025-12-13 19:38:14.359 [http-nio-8080-exec-3] DEBUG c.z.e.m.m.a.AdminMapper.selectById - ==>  Preparing: SELECT admin_id,admin_account,admin_username,admin_email,admin_phone,admin_password,admin_image,admin_introduce,admin_state,admin_login_time,deleted FROM admin_admin WHERE admin_id=? AND deleted=0
2025-12-13 19:38:14.359 [http-nio-8080-exec-3] DEBUG c.z.e.m.m.a.AdminMapper.selectById - ==> Parameters: 1(Integer)
2025-12-13 19:38:14.395 [http-nio-8080-exec-3] DEBUG c.z.e.m.m.a.AdminMapper.selectById - <==      Total: 1
2025-12-13 19:38:14.396 [http-nio-8080-exec-3] DEBUG c.z.e.m.m.a.A.findAdminInfoById - ==>  Preparing: select * from admin_admin left join admin_admin_role on admin_admin.admin_id = admin_admin_role.adminId left join admin_role on admin_admin_role.roleId = admin_role.role_id left join admin_role_permission on admin_role.role_id = admin_role.role_id left join admin_permission on admin_role_permission.permissionId = admin_permission.permission_id where admin_admin.admin_id = ? and admin_admin.deleted = 0
2025-12-13 19:38:14.397 [http-nio-8080-exec-3] DEBUG c.z.e.m.m.a.A.findAdminInfoById - ==> Parameters: 1(Integer)
2025-12-13 19:38:14.436 [http-nio-8080-exec-3] DEBUG c.z.e.m.m.a.A.findAdminInfoById - <==      Total: 1
2025-12-13 19:38:14.477 [http-nio-8080-exec-3] DEBUG c.z.e.m.m.a.I.selectList - ==>  Preparing: SELECT industryMap_industryCode,industryMap_industryName,industryMap_createdTime AS createdTime,industryMap_updatedTime AS updatedTime FROM general_industryMap
2025-12-13 19:38:14.477 [http-nio-8080-exec-3] DEBUG c.z.e.m.m.a.I.selectList - ==> Parameters: 
2025-12-13 19:38:20.760 [http-nio-8080-exec-5] DEBUG c.z.e.m.m.a.AdminMapper.selectById - ==>  Preparing: SELECT admin_id,admin_account,admin_username,admin_email,admin_phone,admin_password,admin_image,admin_introduce,admin_state,admin_login_time,deleted FROM admin_admin WHERE admin_id=? AND deleted=0
2025-12-13 19:38:20.761 [http-nio-8080-exec-5] DEBUG c.z.e.m.m.a.AdminMapper.selectById - ==> Parameters: 1(Integer)
2025-12-13 19:38:20.799 [http-nio-8080-exec-5] DEBUG c.z.e.m.m.a.AdminMapper.selectById - <==      Total: 1
2025-12-13 19:38:20.800 [http-nio-8080-exec-5] DEBUG c.z.e.m.m.a.A.findAdminInfoById - ==>  Preparing: select * from admin_admin left join admin_admin_role on admin_admin.admin_id = admin_admin_role.adminId left join admin_role on admin_admin_role.roleId = admin_role.role_id left join admin_role_permission on admin_role.role_id = admin_role.role_id left join admin_permission on admin_role_permission.permissionId = admin_permission.permission_id where admin_admin.admin_id = ? and admin_admin.deleted = 0
2025-12-13 19:38:20.800 [http-nio-8080-exec-5] DEBUG c.z.e.m.m.a.A.findAdminInfoById - ==> Parameters: 1(Integer)
2025-12-13 19:38:20.839 [http-nio-8080-exec-5] DEBUG c.z.e.m.m.a.A.findAdminInfoById - <==      Total: 1
2025-12-13 19:38:20.884 [http-nio-8080-exec-5] DEBUG c.z.e.m.m.a.I.selectList - ==>  Preparing: SELECT industryMap_industryCode,industryMap_industryName,industryMap_createdTime AS createdTime,industryMap_updatedTime AS updatedTime FROM general_industryMap
2025-12-13 19:38:20.884 [http-nio-8080-exec-5] DEBUG c.z.e.m.m.a.I.selectList - ==> Parameters: 
2025-12-13 19:42:04.794 [http-nio-8080-exec-7] DEBUG c.z.e.m.m.a.AdminMapper.selectById - ==>  Preparing: SELECT admin_id,admin_account,admin_username,admin_email,admin_phone,admin_password,admin_image,admin_introduce,admin_state,admin_login_time,deleted FROM admin_admin WHERE admin_id=? AND deleted=0
2025-12-13 19:42:04.794 [http-nio-8080-exec-7] DEBUG c.z.e.m.m.a.AdminMapper.selectById - ==> Parameters: 1(Integer)
2025-12-13 19:42:04.832 [http-nio-8080-exec-7] DEBUG c.z.e.m.m.a.AdminMapper.selectById - <==      Total: 1
2025-12-13 19:42:04.832 [http-nio-8080-exec-7] DEBUG c.z.e.m.m.a.A.findAdminInfoById - ==>  Preparing: select * from admin_admin left join admin_admin_role on admin_admin.admin_id = admin_admin_role.adminId left join admin_role on admin_admin_role.roleId = admin_role.role_id left join admin_role_permission on admin_role.role_id = admin_role.role_id left join admin_permission on admin_role_permission.permissionId = admin_permission.permission_id where admin_admin.admin_id = ? and admin_admin.deleted = 0
2025-12-13 19:42:04.833 [http-nio-8080-exec-7] DEBUG c.z.e.m.m.a.A.findAdminInfoById - ==> Parameters: 1(Integer)
2025-12-13 19:42:04.871 [http-nio-8080-exec-7] DEBUG c.z.e.m.m.a.A.findAdminInfoById - <==      Total: 1
2025-12-13 19:42:21.363 [http-nio-8080-exec-7] DEBUG c.z.e.m.m.a.I.selectList - ==>  Preparing: SELECT industryMap_industryCode,industryMap_industryName,industryMap_createdTime AS createdTime,industryMap_updatedTime AS updatedTime FROM general_industryMap
2025-12-13 19:42:21.364 [http-nio-8080-exec-7] DEBUG c.z.e.m.m.a.I.selectList - ==> Parameters: 
2025-12-13 19:43:08.728 [http-nio-8080-exec-1] DEBUG c.z.e.m.m.a.AdminMapper.selectById - ==>  Preparing: SELECT admin_id,admin_account,admin_username,admin_email,admin_phone,admin_password,admin_image,admin_introduce,admin_state,admin_login_time,deleted FROM admin_admin WHERE admin_id=? AND deleted=0
2025-12-13 19:43:08.729 [http-nio-8080-exec-1] DEBUG c.z.e.m.m.a.AdminMapper.selectById - ==> Parameters: 1(Integer)
2025-12-13 19:43:08.766 [http-nio-8080-exec-1] DEBUG c.z.e.m.m.a.AdminMapper.selectById - <==      Total: 1
2025-12-13 19:43:08.766 [http-nio-8080-exec-1] DEBUG c.z.e.m.m.a.A.findAdminInfoById - ==>  Preparing: select * from admin_admin left join admin_admin_role on admin_admin.admin_id = admin_admin_role.adminId left join admin_role on admin_admin_role.roleId = admin_role.role_id left join admin_role_permission on admin_role.role_id = admin_role.role_id left join admin_permission on admin_role_permission.permissionId = admin_permission.permission_id where admin_admin.admin_id = ? and admin_admin.deleted = 0
2025-12-13 19:43:08.766 [http-nio-8080-exec-1] DEBUG c.z.e.m.m.a.A.findAdminInfoById - ==> Parameters: 1(Integer)
2025-12-13 19:43:08.803 [http-nio-8080-exec-1] DEBUG c.z.e.m.m.a.A.findAdminInfoById - <==      Total: 1
2025-12-13 19:43:12.357 [http-nio-8080-exec-1] DEBUG c.z.e.m.m.a.I.selectList - ==>  Preparing: SELECT industryMap_industryCode,industryMap_industryName,industryMap_createdTime AS createdTime,industryMap_updatedTime AS updatedTime FROM general_industryMap
2025-12-13 19:43:12.357 [http-nio-8080-exec-1] DEBUG c.z.e.m.m.a.I.selectList - ==> Parameters: 
2025-12-13 19:47:12.159 [http-nio-8080-exec-9] DEBUG c.z.e.m.m.a.AdminMapper.selectById - ==>  Preparing: SELECT admin_id,admin_account,admin_username,admin_email,admin_phone,admin_password,admin_image,admin_introduce,admin_state,admin_login_time,deleted FROM admin_admin WHERE admin_id=? AND deleted=0
2025-12-13 19:47:12.159 [http-nio-8080-exec-9] DEBUG c.z.e.m.m.a.AdminMapper.selectById - ==> Parameters: 1(Integer)
2025-12-13 19:47:12.200 [http-nio-8080-exec-9] DEBUG c.z.e.m.m.a.AdminMapper.selectById - <==      Total: 1
2025-12-13 19:47:12.201 [http-nio-8080-exec-9] DEBUG c.z.e.m.m.a.A.findAdminInfoById - ==>  Preparing: select * from admin_admin left join admin_admin_role on admin_admin.admin_id = admin_admin_role.adminId left join admin_role on admin_admin_role.roleId = admin_role.role_id left join admin_role_permission on admin_role.role_id = admin_role.role_id left join admin_permission on admin_role_permission.permissionId = admin_permission.permission_id where admin_admin.admin_id = ? and admin_admin.deleted = 0
2025-12-13 19:47:12.201 [http-nio-8080-exec-9] DEBUG c.z.e.m.m.a.A.findAdminInfoById - ==> Parameters: 1(Integer)
2025-12-13 19:47:12.238 [http-nio-8080-exec-9] DEBUG c.z.e.m.m.a.A.findAdminInfoById - <==      Total: 1
2025-12-13 19:47:12.299 [http-nio-8080-exec-9] DEBUG c.z.e.m.m.a.AdminMapper.selectList - ==>  Preparing: SELECT admin_id,admin_account,admin_username,admin_email,admin_phone,admin_password,admin_image,admin_introduce,admin_state,admin_login_time,deleted FROM admin_admin WHERE deleted=0 AND (deleted = ?)
2025-12-13 19:47:12.300 [http-nio-8080-exec-9] DEBUG c.z.e.m.m.a.AdminMapper.selectList - ==> Parameters: 0(Integer)
2025-12-13 19:47:12.338 [http-nio-8080-exec-9] DEBUG c.z.e.m.m.a.AdminMapper.selectList - <==      Total: 1
2025-12-13 19:47:13.479 [http-nio-8080-exec-10] DEBUG c.z.e.m.m.a.AdminMapper.selectById - ==>  Preparing: SELECT admin_id,admin_account,admin_username,admin_email,admin_phone,admin_password,admin_image,admin_introduce,admin_state,admin_login_time,deleted FROM admin_admin WHERE admin_id=? AND deleted=0
2025-12-13 19:47:13.479 [http-nio-8080-exec-10] DEBUG c.z.e.m.m.a.AdminMapper.selectById - ==> Parameters: 1(Integer)
2025-12-13 19:47:13.517 [http-nio-8080-exec-10] DEBUG c.z.e.m.m.a.AdminMapper.selectById - <==      Total: 1
2025-12-13 19:47:13.519 [http-nio-8080-exec-10] DEBUG c.z.e.m.m.a.A.findAdminInfoById - ==>  Preparing: select * from admin_admin left join admin_admin_role on admin_admin.admin_id = admin_admin_role.adminId left join admin_role on admin_admin_role.roleId = admin_role.role_id left join admin_role_permission on admin_role.role_id = admin_role.role_id left join admin_permission on admin_role_permission.permissionId = admin_permission.permission_id where admin_admin.admin_id = ? and admin_admin.deleted = 0
2025-12-13 19:47:13.519 [http-nio-8080-exec-10] DEBUG c.z.e.m.m.a.A.findAdminInfoById - ==> Parameters: 1(Integer)
2025-12-13 19:47:13.557 [http-nio-8080-exec-10] DEBUG c.z.e.m.m.a.A.findAdminInfoById - <==      Total: 1
2025-12-13 19:47:13.611 [http-nio-8080-exec-10] DEBUG c.z.e.m.m.a.J.selectList - ==>  Preparing: SELECT jobAdviceArticle_id,jobAdviceArticle_title,jobAdviceArticle_content,jobAdviceArticle_category,jobAdviceArticle_tags,jobAdviceArticle_authorName,jobAdviceArticle_publishedStatus,jobAdviceArticle_publishedTime,jobAdviceArticle_updatedTime,deleted FROM general_jobAdviceArticle WHERE deleted=0 AND (deleted = ?)
2025-12-13 19:47:13.612 [http-nio-8080-exec-10] DEBUG c.z.e.m.m.a.J.selectList - ==> Parameters: 0(Integer)
2025-12-13 19:47:13.649 [http-nio-8080-exec-10] DEBUG c.z.e.m.m.a.J.selectList - <==      Total: 1
2025-12-13 19:47:31.574 [http-nio-8080-exec-2] DEBUG c.z.e.m.m.a.AdminMapper.selectById - ==>  Preparing: SELECT admin_id,admin_account,admin_username,admin_email,admin_phone,admin_password,admin_image,admin_introduce,admin_state,admin_login_time,deleted FROM admin_admin WHERE admin_id=? AND deleted=0
2025-12-13 19:47:31.576 [http-nio-8080-exec-2] DEBUG c.z.e.m.m.a.AdminMapper.selectById - ==> Parameters: 1(Integer)
2025-12-13 19:47:31.613 [http-nio-8080-exec-2] DEBUG c.z.e.m.m.a.AdminMapper.selectById - <==      Total: 1
2025-12-13 19:47:31.613 [http-nio-8080-exec-2] DEBUG c.z.e.m.m.a.A.findAdminInfoById - ==>  Preparing: select * from admin_admin left join admin_admin_role on admin_admin.admin_id = admin_admin_role.adminId left join admin_role on admin_admin_role.roleId = admin_role.role_id left join admin_role_permission on admin_role.role_id = admin_role.role_id left join admin_permission on admin_role_permission.permissionId = admin_permission.permission_id where admin_admin.admin_id = ? and admin_admin.deleted = 0
2025-12-13 19:47:31.615 [http-nio-8080-exec-2] DEBUG c.z.e.m.m.a.A.findAdminInfoById - ==> Parameters: 1(Integer)
2025-12-13 19:47:31.652 [http-nio-8080-exec-2] DEBUG c.z.e.m.m.a.A.findAdminInfoById - <==      Total: 1
2025-12-13 19:47:31.696 [http-nio-8080-exec-2] DEBUG c.z.e.m.m.a.J.selectList - ==>  Preparing: SELECT jobAdviceArticle_id,jobAdviceArticle_title,jobAdviceArticle_content,jobAdviceArticle_category,jobAdviceArticle_tags,jobAdviceArticle_authorName,jobAdviceArticle_publishedStatus,jobAdviceArticle_publishedTime,jobAdviceArticle_updatedTime,deleted FROM general_jobAdviceArticle WHERE deleted=0 AND (deleted = ?)
2025-12-13 19:47:31.696 [http-nio-8080-exec-2] DEBUG c.z.e.m.m.a.J.selectList - ==> Parameters: 0(Integer)
2025-12-13 19:47:31.733 [http-nio-8080-exec-2] DEBUG c.z.e.m.m.a.J.selectList - <==      Total: 1
2025-12-13 19:49:25.193 [http-nio-8080-exec-8] DEBUG c.z.e.m.m.a.AdminMapper.selectById - ==>  Preparing: SELECT admin_id,admin_account,admin_username,admin_email,admin_phone,admin_password,admin_image,admin_introduce,admin_state,admin_login_time,deleted FROM admin_admin WHERE admin_id=? AND deleted=0
2025-12-13 19:49:25.194 [http-nio-8080-exec-8] DEBUG c.z.e.m.m.a.AdminMapper.selectById - ==> Parameters: 1(Integer)
2025-12-13 19:49:25.194 [http-nio-8080-exec-4] DEBUG c.z.e.m.m.a.AdminMapper.selectById - ==>  Preparing: SELECT admin_id,admin_account,admin_username,admin_email,admin_phone,admin_password,admin_image,admin_introduce,admin_state,admin_login_time,deleted FROM admin_admin WHERE admin_id=? AND deleted=0
2025-12-13 19:49:25.195 [http-nio-8080-exec-4] DEBUG c.z.e.m.m.a.AdminMapper.selectById - ==> Parameters: 1(Integer)
2025-12-13 19:49:25.242 [http-nio-8080-exec-8] DEBUG c.z.e.m.m.a.AdminMapper.selectById - <==      Total: 1
2025-12-13 19:49:25.242 [http-nio-8080-exec-4] DEBUG c.z.e.m.m.a.AdminMapper.selectById - <==      Total: 1
2025-12-13 19:49:25.243 [http-nio-8080-exec-8] DEBUG c.z.e.m.m.a.A.findAdminInfoById - ==>  Preparing: select * from admin_admin left join admin_admin_role on admin_admin.admin_id = admin_admin_role.adminId left join admin_role on admin_admin_role.roleId = admin_role.role_id left join admin_role_permission on admin_role.role_id = admin_role.role_id left join admin_permission on admin_role_permission.permissionId = admin_permission.permission_id where admin_admin.admin_id = ? and admin_admin.deleted = 0
2025-12-13 19:49:25.243 [http-nio-8080-exec-4] DEBUG c.z.e.m.m.a.A.findAdminInfoById - ==>  Preparing: select * from admin_admin left join admin_admin_role on admin_admin.admin_id = admin_admin_role.adminId left join admin_role on admin_admin_role.roleId = admin_role.role_id left join admin_role_permission on admin_role.role_id = admin_role.role_id left join admin_permission on admin_role_permission.permissionId = admin_permission.permission_id where admin_admin.admin_id = ? and admin_admin.deleted = 0
2025-12-13 19:49:25.244 [http-nio-8080-exec-8] DEBUG c.z.e.m.m.a.A.findAdminInfoById - ==> Parameters: 1(Integer)
2025-12-13 19:49:25.244 [http-nio-8080-exec-4] DEBUG c.z.e.m.m.a.A.findAdminInfoById - ==> Parameters: 1(Integer)
2025-12-13 19:49:25.282 [http-nio-8080-exec-8] DEBUG c.z.e.m.m.a.A.findAdminInfoById - <==      Total: 1
2025-12-13 19:49:25.282 [http-nio-8080-exec-4] DEBUG c.z.e.m.m.a.A.findAdminInfoById - <==      Total: 1
2025-12-13 19:49:25.318 [http-nio-8080-exec-8] DEBUG c.z.e.m.m.a.I.selectList - ==>  Preparing: SELECT industryMap_industryCode,industryMap_industryName,industryMap_createdTime AS createdTime,industryMap_updatedTime AS updatedTime FROM general_industryMap
2025-12-13 19:49:25.318 [http-nio-8080-exec-8] DEBUG c.z.e.m.m.a.I.selectList - ==> Parameters: 
2025-12-13 19:49:25.324 [http-nio-8080-exec-4] DEBUG c.z.e.m.m.a.R.queryRecruitPositionPage - ==>  Preparing: SELECT rp.recruitPosition_id AS recruitPositionId, rp.recruitPosition_name AS recruitPositionName, rp.recruitPosition_industryCode AS recruitPositionIndustryCode, -- 连表字段：行业名称（从行业映射表查询） gim.industryMap_industryName AS industryMapIndustryName, rp.recruitPosition_minMonthSalary AS recruitPositionMinMonthSalary, rp.recruitPosition_maxMonthSalary AS recruitPositionMaxMonthSalary, rp.recruitPosition_weekWorkDayNum AS recruitPositionWeekWorkDayNum, rp.recruitPosition_goodWelfare AS recruitPositionGoodWelfare, rp.recruitPosition_createdTime AS recruitPositionCreatedTime, rp.recruitPosition_updatedTime AS recruitPositionUpdatedTime FROM general_recruitPosition rp -- 招聘岗位表别名rp -- 连表：通用行业映射表（别名gim），LEFT JOIN避免行业编码无效时丢失岗位数据 LEFT JOIN general_industryMap gim ON rp.recruitPosition_industryCode = gim.industryMap_industryCode ORDER BY rp.recruitPosition_updatedTime DESC
2025-12-13 19:49:25.325 [http-nio-8080-exec-4] DEBUG c.z.e.m.m.a.R.queryRecruitPositionPage - ==> Parameters: 
2025-12-13 19:49:25.363 [http-nio-8080-exec-4] DEBUG c.z.e.m.m.a.R.queryRecruitPositionPage - <==      Total: 0
2025-12-13 19:51:02.814 [Thread-1] WARN  c.a.n.c.executor.ThreadPoolManager - [ThreadPoolManager] Start destroying ThreadPool
2025-12-13 19:51:02.814 [Thread-15] WARN  c.a.n.c.http.HttpClientBeanHolder - [HttpClientBeanHolder] Start destroying common HttpClient
2025-12-13 19:51:02.816 [Thread-1] WARN  c.a.n.c.executor.ThreadPoolManager - [ThreadPoolManager] Destruction of the end
2025-12-13 19:51:02.816 [Thread-15] WARN  c.a.n.c.http.HttpClientBeanHolder - [HttpClientBeanHolder] Destruction of the end
2025-12-13 19:51:02.959 [SpringApplicationShutdownHook] INFO  com.zaxxer.hikari.HikariDataSource - HikariPool-1 - Shutdown initiated...
2025-12-13 19:51:02.972 [SpringApplicationShutdownHook] INFO  com.zaxxer.hikari.HikariDataSource - HikariPool-1 - Shutdown completed.
2025-12-13 19:51:02.976 [SpringApplicationShutdownHook] INFO  c.z.e.s.impl.user.UserSmsServiceImpl - 关闭阿里云短信客户端...
2025-12-13 19:51:02.989 [SpringApplicationShutdownHook] INFO  c.z.e.s.impl.user.UserSmsServiceImpl - 阿里云短信客户端已关闭
2025-12-13 19:51:02.990 [SpringApplicationShutdownHook] INFO  c.z.e.s.i.admin.AdminSmsServiceImpl - 关闭阿里云短信客户端...
2025-12-13 19:51:02.992 [SpringApplicationShutdownHook] INFO  c.z.e.s.i.admin.AdminSmsServiceImpl - 阿里云短信客户端已关闭
2025-12-13 19:51:03.002 [SpringApplicationShutdownHook] INFO  com.zaxxer.hikari.HikariDataSource - HikariPool-2 - Shutdown initiated...
2025-12-13 19:51:03.005 [SpringApplicationShutdownHook] INFO  com.zaxxer.hikari.HikariDataSource - HikariPool-2 - Shutdown completed.
2025-12-13 20:01:24.933 [main] INFO  c.a.n.client.logging.NacosLogging - Nacos Logging Adapter Builder: com.alibaba.nacos.logger.adapter.logback12.LogbackNacosLoggingAdapterBuilder
2025-12-13 20:01:24.938 [main] INFO  c.a.n.client.logging.NacosLogging - Nacos Logging Adapter Builder: com.alibaba.nacos.logger.adapter.logback14.LogbackNacosLoggingAdapterBuilder
2025-12-13 20:01:24.939 [main] INFO  c.a.n.client.logging.NacosLogging - Nacos Logging Adapter: com.alibaba.nacos.logger.adapter.logback14.LogbackNacosLoggingAdapter match ch.qos.logback.classic.Logger success.
2025-12-13 20:01:24.956 [main] INFO  c.a.n.client.logging.NacosLogging - Nacos Logging Adapter Builder: com.alibaba.nacos.logger.adapter.log4j2.Log4j2NacosLoggingAdapterBuilder
2025-12-13 20:01:24.971 [background-preinit] INFO  o.h.validator.internal.util.Version - HV000001: Hibernate Validator 8.0.1.Final
2025-12-13 20:01:25.159 [main] INFO  c.z.e.EasyApplyResumeApplication - Starting EasyApplyResumeApplication using Java 21.0.9 with PID 32560 (C:\Users\shini\IdeaProjects\EasyApplyResume\target\classes started by shini in C:\Users\shini\IdeaProjects\EasyApplyResume)
2025-12-13 20:01:25.159 [main] DEBUG c.z.e.EasyApplyResumeApplication - Running with Spring Boot v3.3.5, Spring v6.1.14
2025-12-13 20:01:25.160 [main] INFO  c.z.e.EasyApplyResumeApplication - The following 1 profile is active: "dev"
2025-12-13 20:01:28.026 [main] INFO  o.s.d.r.c.RepositoryConfigurationDelegate - Multiple Spring Data modules found, entering strict repository configuration mode
2025-12-13 20:01:28.033 [main] INFO  o.s.d.r.c.RepositoryConfigurationDelegate - Bootstrapping Spring Data Redis repositories in DEFAULT mode.
2025-12-13 20:01:28.130 [main] INFO  o.s.d.r.c.RepositoryConfigurationDelegate - Finished Spring Data repository scanning in 64 ms. Found 0 Redis repository interfaces.
2025-12-13 20:01:28.403 [main] WARN  o.m.s.mapper.ClassPathMapperScanner - Cannot use both: sqlSessionTemplate and sqlSessionFactory together. sqlSessionFactory is ignored.
2025-12-13 20:01:28.404 [main] WARN  o.m.s.mapper.ClassPathMapperScanner - Cannot use both: sqlSessionTemplate and sqlSessionFactory together. sqlSessionFactory is ignored.
2025-12-13 20:01:28.405 [main] WARN  o.m.s.mapper.ClassPathMapperScanner - Cannot use both: sqlSessionTemplate and sqlSessionFactory together. sqlSessionFactory is ignored.
2025-12-13 20:01:28.406 [main] WARN  o.m.s.mapper.ClassPathMapperScanner - Cannot use both: sqlSessionTemplate and sqlSessionFactory together. sqlSessionFactory is ignored.
2025-12-13 20:01:28.406 [main] WARN  o.m.s.mapper.ClassPathMapperScanner - Cannot use both: sqlSessionTemplate and sqlSessionFactory together. sqlSessionFactory is ignored.
2025-12-13 20:01:28.407 [main] WARN  o.m.s.mapper.ClassPathMapperScanner - Cannot use both: sqlSessionTemplate and sqlSessionFactory together. sqlSessionFactory is ignored.
2025-12-13 20:01:28.408 [main] WARN  o.m.s.mapper.ClassPathMapperScanner - Cannot use both: sqlSessionTemplate and sqlSessionFactory together. sqlSessionFactory is ignored.
2025-12-13 20:01:28.409 [main] WARN  o.m.s.mapper.ClassPathMapperScanner - Cannot use both: sqlSessionTemplate and sqlSessionFactory together. sqlSessionFactory is ignored.
2025-12-13 20:01:28.409 [main] WARN  o.m.s.mapper.ClassPathMapperScanner - Cannot use both: sqlSessionTemplate and sqlSessionFactory together. sqlSessionFactory is ignored.
2025-12-13 20:01:28.410 [main] WARN  o.m.s.mapper.ClassPathMapperScanner - Cannot use both: sqlSessionTemplate and sqlSessionFactory together. sqlSessionFactory is ignored.
2025-12-13 20:01:28.411 [main] WARN  o.m.s.mapper.ClassPathMapperScanner - Cannot use both: sqlSessionTemplate and sqlSessionFactory together. sqlSessionFactory is ignored.
2025-12-13 20:01:28.413 [main] WARN  o.m.s.mapper.ClassPathMapperScanner - Cannot use both: sqlSessionTemplate and sqlSessionFactory together. sqlSessionFactory is ignored.
2025-12-13 20:01:28.414 [main] WARN  o.m.s.mapper.ClassPathMapperScanner - Cannot use both: sqlSessionTemplate and sqlSessionFactory together. sqlSessionFactory is ignored.
2025-12-13 20:01:28.415 [main] WARN  o.m.s.mapper.ClassPathMapperScanner - Cannot use both: sqlSessionTemplate and sqlSessionFactory together. sqlSessionFactory is ignored.
2025-12-13 20:01:28.416 [main] WARN  o.m.s.mapper.ClassPathMapperScanner - Cannot use both: sqlSessionTemplate and sqlSessionFactory together. sqlSessionFactory is ignored.
2025-12-13 20:01:28.418 [main] WARN  o.m.s.mapper.ClassPathMapperScanner - Cannot use both: sqlSessionTemplate and sqlSessionFactory together. sqlSessionFactory is ignored.
2025-12-13 20:01:28.418 [main] WARN  o.m.s.mapper.ClassPathMapperScanner - Cannot use both: sqlSessionTemplate and sqlSessionFactory together. sqlSessionFactory is ignored.
2025-12-13 20:01:28.418 [main] WARN  o.m.s.mapper.ClassPathMapperScanner - Cannot use both: sqlSessionTemplate and sqlSessionFactory together. sqlSessionFactory is ignored.
2025-12-13 20:01:28.420 [main] WARN  o.m.s.mapper.ClassPathMapperScanner - Cannot use both: sqlSessionTemplate and sqlSessionFactory together. sqlSessionFactory is ignored.
2025-12-13 20:01:28.420 [main] WARN  o.m.s.mapper.ClassPathMapperScanner - Cannot use both: sqlSessionTemplate and sqlSessionFactory together. sqlSessionFactory is ignored.
2025-12-13 20:01:28.421 [main] WARN  o.m.s.mapper.ClassPathMapperScanner - Cannot use both: sqlSessionTemplate and sqlSessionFactory together. sqlSessionFactory is ignored.
2025-12-13 20:01:28.421 [main] WARN  o.m.s.mapper.ClassPathMapperScanner - Cannot use both: sqlSessionTemplate and sqlSessionFactory together. sqlSessionFactory is ignored.
2025-12-13 20:01:28.422 [main] WARN  o.m.s.mapper.ClassPathMapperScanner - Cannot use both: sqlSessionTemplate and sqlSessionFactory together. sqlSessionFactory is ignored.
2025-12-13 20:01:28.422 [main] WARN  o.m.s.mapper.ClassPathMapperScanner - Cannot use both: sqlSessionTemplate and sqlSessionFactory together. sqlSessionFactory is ignored.
2025-12-13 20:01:28.423 [main] WARN  o.m.s.mapper.ClassPathMapperScanner - Cannot use both: sqlSessionTemplate and sqlSessionFactory together. sqlSessionFactory is ignored.
2025-12-13 20:01:28.424 [main] WARN  o.m.s.mapper.ClassPathMapperScanner - Cannot use both: sqlSessionTemplate and sqlSessionFactory together. sqlSessionFactory is ignored.
2025-12-13 20:01:28.427 [main] WARN  o.m.s.mapper.ClassPathMapperScanner - No MyBatis mapper was found in '[com.zyh.easyapplyresume.mapper.pgvector]' package. Please check your configuration.
2025-12-13 20:01:28.959 [main] WARN  o.s.c.s.PostProcessorRegistrationDelegate$BeanPostProcessorChecker - Bean 'com.alibaba.cloud.nacos.NacosConfigAutoConfiguration' of type [com.alibaba.cloud.nacos.NacosConfigAutoConfiguration] is not eligible for getting processed by all BeanPostProcessors (for example: not eligible for auto-proxying). The currently created BeanPostProcessor [nacosAnnotationProcessor] is declared through a non-static factory method on that class; consider declaring it as static instead.
2025-12-13 20:01:28.971 [main] WARN  o.s.c.s.PostProcessorRegistrationDelegate$BeanPostProcessorChecker - Bean 'nacosConfigProperties' of type [com.alibaba.cloud.nacos.NacosConfigProperties] is not eligible for getting processed by all BeanPostProcessors (for example: not eligible for auto-proxying). Is this bean getting eagerly injected/applied to a currently created BeanPostProcessor [nacosAnnotationProcessor]? Check the corresponding BeanPostProcessor declaration and its dependencies/advisors. If this bean does not have to be post-processed, declare it with ROLE_INFRASTRUCTURE.
2025-12-13 20:01:29.163 [main] INFO  c.a.n.p.a.s.c.ClientAuthPluginManager - [ClientAuthPluginManager] Load ClientAuthService com.alibaba.nacos.client.auth.impl.NacosClientAuthServiceImpl success.
2025-12-13 20:01:29.163 [main] INFO  c.a.n.p.a.s.c.ClientAuthPluginManager - [ClientAuthPluginManager] Load ClientAuthService com.alibaba.nacos.client.auth.ram.RamClientAuthServiceImpl success.
2025-12-13 20:01:29.169 [main] WARN  o.s.c.s.PostProcessorRegistrationDelegate$BeanPostProcessorChecker - Bean 'nacosConfigManager' of type [com.alibaba.cloud.nacos.NacosConfigManager] is not eligible for getting processed by all BeanPostProcessors (for example: not eligible for auto-proxying). Is this bean getting eagerly injected/applied to a currently created BeanPostProcessor [nacosAnnotationProcessor]? Check the corresponding BeanPostProcessor declaration and its dependencies/advisors. If this bean does not have to be post-processed, declare it with ROLE_INFRASTRUCTURE.
2025-12-13 20:01:30.093 [main] INFO  o.s.b.w.e.tomcat.TomcatWebServer - Tomcat initialized with port 8080 (http)
2025-12-13 20:01:30.120 [main] INFO  o.a.coyote.http11.Http11NioProtocol - Initializing ProtocolHandler ["http-nio-8080"]
2025-12-13 20:01:30.127 [main] INFO  o.a.catalina.core.StandardService - Starting service [Tomcat]
2025-12-13 20:01:30.128 [main] INFO  o.a.catalina.core.StandardEngine - Starting Servlet engine: [Apache Tomcat/10.1.31]
2025-12-13 20:01:30.297 [main] INFO  o.a.c.c.C.[.[localhost].[/api] - Initializing Spring embedded WebApplicationContext
2025-12-13 20:01:30.297 [main] INFO  o.s.b.w.s.c.ServletWebServerApplicationContext - Root WebApplicationContext: initialization completed in 5019 ms
2025-12-13 20:01:31.898 [main] DEBUG c.z.e.filter.UserJwtAuthFilter - Filter 'userJwtAuthFilter' configured for use
2025-12-13 20:01:31.899 [main] DEBUG c.z.e.filter.AdminJwtAuthFilter - Filter 'adminJwtAuthFilter' configured for use
2025-12-13 20:01:32.197 [main] INFO  c.z.e.s.i.admin.AdminSmsServiceImpl - 开始初始化阿里云短信客户端...
2025-12-13 20:01:32.723 [main] INFO  c.z.e.s.i.admin.AdminSmsServiceImpl - 阿里云短信客户端初始化完成
2025-12-13 20:01:34.202 [main] INFO  c.z.e.d.a.SensitiveWordsAdvisor - 敏感词初始化完成，共加载 137 个敏感词
2025-12-13 20:01:37.219 [main] INFO  c.z.i.ImageSearchMcpApplication - Starting ImageSearchMcpApplication v0.0.1-SNAPSHOT using Java 21.0.9 with PID 30544 (C:\Users\shini\IdeaProjects\EasyApplyResume\Image-Search-Mcp\target\Image-Search-Mcp-0.0.1-SNAPSHOT.jar started by shini in C:\Users\shini\IdeaProjects\EasyApplyResume)
2025-12-13 20:01:37.222 [main] INFO  c.z.i.ImageSearchMcpApplication - The following 1 profile is active: "stdio"
2025-12-13 20:01:39.190 [pool-1-thread-1] INFO  i.m.server.McpAsyncServer - Client initialize request - Protocol: 2024-11-05, Capabilities: ClientCapabilities[experimental=null, roots=null, sampling=null], Info: Implementation[name=spring-ai-mcp-client, version=1.0.0]
2025-12-13 20:01:39.295 [pool-4-thread-1] INFO  i.m.client.McpAsyncClient - Server response with Protocol: 2024-11-05, Capabilities: ServerCapabilities[experimental=null, logging=LoggingCapabilities[], prompts=null, resources=null, tools=ToolCapabilities[listChanged=true]], Info: Implementation[name=image-search-mcp-server, version=0.0.1] and Instructions null
2025-12-13 20:01:39.336 [main] INFO  c.z.i.ImageSearchMcpApplication - Started ImageSearchMcpApplication in 3.004 seconds (process running for 4.336)
2025-12-13 20:01:44.143 [pool-9-thread-1] INFO  i.m.c.transport.StdioClientTransport - STDERR Message received: Amap Maps MCP Server running on stdio
2025-12-13 20:01:44.164 [pool-7-thread-1] INFO  i.m.client.McpAsyncClient - Server response with Protocol: 2024-11-05, Capabilities: ServerCapabilities[experimental=null, logging=null, prompts=null, resources=null, tools=ToolCapabilities[listChanged=null]], Info: Implementation[name=mcp-server/amap-maps, version=0.1.0] and Instructions null
2025-12-13 20:01:44.724 [main] INFO  o.s.a.t.splitter.TextSplitter - Splitting up document into 2 chunks.
2025-12-13 20:01:44.731 [main] INFO  o.s.a.t.splitter.TextSplitter - Splitting up document into 2 chunks.
2025-12-13 20:01:44.738 [main] INFO  o.s.a.t.splitter.TextSplitter - Splitting up document into 2 chunks.
2025-12-13 20:01:50.185 [main] INFO  o.s.ai.vectorstore.SimpleVectorStore - Calling EmbeddingModel for document id = 4bb5be2b-60bd-460d-8ba4-ed48b66c7fb9
2025-12-13 20:01:50.421 [main] INFO  o.s.ai.vectorstore.SimpleVectorStore - Calling EmbeddingModel for document id = 0abfdf33-a082-4ab1-b357-2f4b152cd057
2025-12-13 20:01:50.608 [main] INFO  o.s.ai.vectorstore.SimpleVectorStore - Calling EmbeddingModel for document id = 03151bfb-90fd-4424-9962-56dface724c0
2025-12-13 20:01:50.859 [main] INFO  c.z.e.s.impl.user.UserSmsServiceImpl - 开始初始化阿里云短信客户端...
2025-12-13 20:01:50.893 [main] INFO  c.z.e.s.impl.user.UserSmsServiceImpl - 阿里云短信客户端初始化完成
2025-12-13 20:01:50.930 [main] WARN  c.b.m.core.metadata.TableInfoHelper - Can not find table primary key in Class: "com.zyh.easyapplyresume.model.pojo.user.UserCollections".
2025-12-13 20:01:50.930 [main] WARN  c.b.m.c.injector.DefaultSqlInjector - class com.zyh.easyapplyresume.model.pojo.user.UserCollections ,Not found @TableId annotation, Cannot use Mybatis-Plus 'xxById' Method.
2025-12-13 20:01:51.372 [main] WARN  c.b.m.e.s.MybatisSqlSessionFactoryBean - Property 'mapperLocations' was specified but matching resources are not found.
2025-12-13 20:01:51.529 [main] INFO  o.s.a.v.pgvector.PgVectorStore - Using the vector table name: vector_store. Is empty: false
2025-12-13 20:01:51.533 [main] INFO  o.s.a.v.pgvector.PgVectorStore - Initializing PGVectorStore schema for table: vector_store in schema: public
2025-12-13 20:01:51.534 [main] INFO  o.s.a.v.pgvector.PgVectorStore - vectorTableValidationsEnabled false
2025-12-13 20:01:51.541 [main] INFO  com.zaxxer.hikari.HikariDataSource - HikariPool-1 - Starting...
2025-12-13 20:01:52.103 [main] INFO  com.zaxxer.hikari.pool.HikariPool - HikariPool-1 - Added connection org.postgresql.jdbc.PgConnection@ab72818
2025-12-13 20:01:52.106 [main] INFO  com.zaxxer.hikari.HikariDataSource - HikariPool-1 - Start completed.
2025-12-13 20:01:52.702 [main] WARN  o.s.b.a.s.s.UserDetailsServiceAutoConfiguration - 

Using generated security password: 417b0538-e843-4b07-8b86-d9c8421f6565

This generated password is for development use only. Your security configuration must be updated before running your application in production.

2025-12-13 20:01:52.720 [main] INFO  o.s.s.c.a.a.c.InitializeUserDetailsBeanManagerConfigurer$InitializeUserDetailsManagerConfigurer - Global AuthenticationManager configured with UserDetailsService bean with name inMemoryUserDetailsManager
2025-12-13 20:01:54.369 [main] INFO  o.a.coyote.http11.Http11NioProtocol - Starting ProtocolHandler ["http-nio-8080"]
2025-12-13 20:01:54.395 [main] INFO  o.s.b.w.e.tomcat.TomcatWebServer - Tomcat started on port 8080 (http) with context path '/api'
2025-12-13 20:01:54.425 [main] INFO  c.z.e.EasyApplyResumeApplication - Started EasyApplyResumeApplication in 30.573 seconds (process running for 32.229)
2025-12-13 20:04:53.067 [http-nio-8080-exec-2] INFO  o.a.c.c.C.[.[localhost].[/api] - Initializing Spring DispatcherServlet 'dispatcherServlet'
2025-12-13 20:04:53.067 [http-nio-8080-exec-2] INFO  o.s.web.servlet.DispatcherServlet - Initializing Servlet 'dispatcherServlet'
2025-12-13 20:04:53.077 [http-nio-8080-exec-2] INFO  o.s.web.servlet.DispatcherServlet - Completed initialization in 9 ms
2025-12-13 20:05:00.629 [http-nio-8080-exec-1] INFO  com.zaxxer.hikari.HikariDataSource - HikariPool-2 - Starting...
2025-12-13 20:05:02.583 [http-nio-8080-exec-1] INFO  com.zaxxer.hikari.pool.HikariPool - HikariPool-2 - Added connection com.mysql.cj.jdbc.ConnectionImpl@3e4e2f08
2025-12-13 20:05:02.584 [http-nio-8080-exec-1] INFO  com.zaxxer.hikari.HikariDataSource - HikariPool-2 - Start completed.
2025-12-13 20:05:02.600 [http-nio-8080-exec-1] DEBUG c.z.e.m.m.a.AdminMapper.selectById - ==>  Preparing: SELECT admin_id,admin_account,admin_username,admin_email,admin_phone,admin_password,admin_image,admin_introduce,admin_state,admin_login_time,deleted FROM admin_admin WHERE admin_id=? AND deleted=0
2025-12-13 20:05:02.804 [http-nio-8080-exec-1] DEBUG c.z.e.m.m.a.AdminMapper.selectById - ==> Parameters: 1(Integer)
2025-12-13 20:05:02.893 [http-nio-8080-exec-3] DEBUG c.z.e.m.m.a.AdminMapper.selectById - ==>  Preparing: SELECT admin_id,admin_account,admin_username,admin_email,admin_phone,admin_password,admin_image,admin_introduce,admin_state,admin_login_time,deleted FROM admin_admin WHERE admin_id=? AND deleted=0
2025-12-13 20:05:02.896 [http-nio-8080-exec-3] DEBUG c.z.e.m.m.a.AdminMapper.selectById - ==> Parameters: 1(Integer)
2025-12-13 20:05:03.073 [http-nio-8080-exec-3] DEBUG c.z.e.m.m.a.AdminMapper.selectById - <==      Total: 1
2025-12-13 20:05:03.083 [http-nio-8080-exec-1] DEBUG c.z.e.m.m.a.AdminMapper.selectById - <==      Total: 1
2025-12-13 20:05:03.109 [http-nio-8080-exec-2] DEBUG c.z.e.m.m.a.AdminMapper.selectById - ==>  Preparing: SELECT admin_id,admin_account,admin_username,admin_email,admin_phone,admin_password,admin_image,admin_introduce,admin_state,admin_login_time,deleted FROM admin_admin WHERE admin_id=? AND deleted=0
2025-12-13 20:05:03.109 [http-nio-8080-exec-3] DEBUG c.z.e.m.m.a.A.findAdminInfoById - ==>  Preparing: select * from admin_admin left join admin_admin_role on admin_admin.admin_id = admin_admin_role.adminId left join admin_role on admin_admin_role.roleId = admin_role.role_id left join admin_role_permission on admin_role.role_id = admin_role.role_id left join admin_permission on admin_role_permission.permissionId = admin_permission.permission_id where admin_admin.admin_id = ? and admin_admin.deleted = 0
2025-12-13 20:05:03.110 [http-nio-8080-exec-2] DEBUG c.z.e.m.m.a.AdminMapper.selectById - ==> Parameters: 1(Integer)
2025-12-13 20:05:03.118 [http-nio-8080-exec-3] DEBUG c.z.e.m.m.a.A.findAdminInfoById - ==> Parameters: 1(Integer)
2025-12-13 20:05:03.150 [http-nio-8080-exec-2] DEBUG c.z.e.m.m.a.AdminMapper.selectById - <==      Total: 1
2025-12-13 20:05:03.151 [http-nio-8080-exec-1] DEBUG c.z.e.m.m.a.A.findAdminInfoById - ==>  Preparing: select * from admin_admin left join admin_admin_role on admin_admin.admin_id = admin_admin_role.adminId left join admin_role on admin_admin_role.roleId = admin_role.role_id left join admin_role_permission on admin_role.role_id = admin_role.role_id left join admin_permission on admin_role_permission.permissionId = admin_permission.permission_id where admin_admin.admin_id = ? and admin_admin.deleted = 0
2025-12-13 20:05:03.152 [http-nio-8080-exec-1] DEBUG c.z.e.m.m.a.A.findAdminInfoById - ==> Parameters: 1(Integer)
2025-12-13 20:05:03.173 [http-nio-8080-exec-3] DEBUG c.z.e.m.m.a.A.findAdminInfoById - <==      Total: 1
2025-12-13 20:05:03.174 [http-nio-8080-exec-2] DEBUG c.z.e.m.m.a.A.findAdminInfoById - ==>  Preparing: select * from admin_admin left join admin_admin_role on admin_admin.admin_id = admin_admin_role.adminId left join admin_role on admin_admin_role.roleId = admin_role.role_id left join admin_role_permission on admin_role.role_id = admin_role.role_id left join admin_permission on admin_role_permission.permissionId = admin_permission.permission_id where admin_admin.admin_id = ? and admin_admin.deleted = 0
2025-12-13 20:05:03.176 [http-nio-8080-exec-2] DEBUG c.z.e.m.m.a.A.findAdminInfoById - ==> Parameters: 1(Integer)
2025-12-13 20:05:03.193 [http-nio-8080-exec-1] DEBUG c.z.e.m.m.a.A.findAdminInfoById - <==      Total: 1
2025-12-13 20:05:03.216 [http-nio-8080-exec-2] DEBUG c.z.e.m.m.a.A.findAdminInfoById - <==      Total: 1
2025-12-13 20:05:04.332 [http-nio-8080-exec-2] DEBUG c.z.e.m.m.a.I.selectList - ==>  Preparing: SELECT industryMap_industryCode,industryMap_industryName,industryMap_createdTime AS createdTime,industryMap_updatedTime AS updatedTime FROM general_industryMap
2025-12-13 20:05:04.338 [http-nio-8080-exec-2] DEBUG c.z.e.m.m.a.I.selectList - ==> Parameters: 
2025-12-13 20:05:04.475 [http-nio-8080-exec-1] DEBUG c.z.e.m.m.a.J.selectList - ==>  Preparing: SELECT jobAdviceArticle_id,jobAdviceArticle_title,jobAdviceArticle_content,jobAdviceArticle_category,jobAdviceArticle_tags,jobAdviceArticle_authorName,jobAdviceArticle_publishedStatus,jobAdviceArticle_publishedTime,jobAdviceArticle_updatedTime,deleted FROM general_jobAdviceArticle WHERE deleted=0 AND (deleted = ?)
2025-12-13 20:05:04.477 [http-nio-8080-exec-3] DEBUG c.z.e.m.m.a.R.queryRecruitPositionPage - ==>  Preparing: SELECT rp.recruitPosition_id AS recruitPositionId, rp.recruitPosition_name AS recruitPositionName, rp.recruitPosition_industryCode AS recruitPositionIndustryCode, -- 连表字段：行业名称（从行业映射表查询） gim.industryMap_industryName AS industryMapIndustryName, rp.recruitPosition_minMonthSalary AS recruitPositionMinMonthSalary, rp.recruitPosition_maxMonthSalary AS recruitPositionMaxMonthSalary, rp.recruitPosition_weekWorkDayNum AS recruitPositionWeekWorkDayNum, rp.recruitPosition_goodWelfare AS recruitPositionGoodWelfare, rp.recruitPosition_createdTime AS recruitPositionCreatedTime, rp.recruitPosition_updatedTime AS recruitPositionUpdatedTime FROM general_recruitPosition rp -- 招聘岗位表别名rp -- 连表：通用行业映射表（别名gim），LEFT JOIN避免行业编码无效时丢失岗位数据 LEFT JOIN general_industryMap gim ON rp.recruitPosition_industryCode = gim.industryMap_industryCode ORDER BY rp.recruitPosition_updatedTime DESC
2025-12-13 20:05:04.489 [http-nio-8080-exec-1] DEBUG c.z.e.m.m.a.J.selectList - ==> Parameters: 0(Integer)
2025-12-13 20:05:04.481 [http-nio-8080-exec-3] DEBUG c.z.e.m.m.a.R.queryRecruitPositionPage - ==> Parameters: 
2025-12-13 20:05:04.532 [http-nio-8080-exec-3] DEBUG c.z.e.m.m.a.R.queryRecruitPositionPage - <==      Total: 0
2025-12-13 20:05:04.572 [http-nio-8080-exec-1] DEBUG c.z.e.m.m.a.J.selectList - <==      Total: 1
2025-12-13 20:05:13.184 [http-nio-8080-exec-5] DEBUG c.z.e.m.m.a.AdminMapper.selectById - ==>  Preparing: SELECT admin_id,admin_account,admin_username,admin_email,admin_phone,admin_password,admin_image,admin_introduce,admin_state,admin_login_time,deleted FROM admin_admin WHERE admin_id=? AND deleted=0
2025-12-13 20:05:13.184 [http-nio-8080-exec-5] DEBUG c.z.e.m.m.a.AdminMapper.selectById - ==> Parameters: 1(Integer)
2025-12-13 20:05:13.191 [http-nio-8080-exec-4] DEBUG c.z.e.m.m.a.AdminMapper.selectById - ==>  Preparing: SELECT admin_id,admin_account,admin_username,admin_email,admin_phone,admin_password,admin_image,admin_introduce,admin_state,admin_login_time,deleted FROM admin_admin WHERE admin_id=? AND deleted=0
2025-12-13 20:05:13.191 [http-nio-8080-exec-4] DEBUG c.z.e.m.m.a.AdminMapper.selectById - ==> Parameters: 1(Integer)
2025-12-13 20:05:13.227 [http-nio-8080-exec-4] DEBUG c.z.e.m.m.a.AdminMapper.selectById - <==      Total: 1
2025-12-13 20:05:13.227 [http-nio-8080-exec-5] DEBUG c.z.e.m.m.a.AdminMapper.selectById - <==      Total: 1
2025-12-13 20:05:13.230 [http-nio-8080-exec-4] DEBUG c.z.e.m.m.a.A.findAdminInfoById - ==>  Preparing: select * from admin_admin left join admin_admin_role on admin_admin.admin_id = admin_admin_role.adminId left join admin_role on admin_admin_role.roleId = admin_role.role_id left join admin_role_permission on admin_role.role_id = admin_role.role_id left join admin_permission on admin_role_permission.permissionId = admin_permission.permission_id where admin_admin.admin_id = ? and admin_admin.deleted = 0
2025-12-13 20:05:13.230 [http-nio-8080-exec-5] DEBUG c.z.e.m.m.a.A.findAdminInfoById - ==>  Preparing: select * from admin_admin left join admin_admin_role on admin_admin.admin_id = admin_admin_role.adminId left join admin_role on admin_admin_role.roleId = admin_role.role_id left join admin_role_permission on admin_role.role_id = admin_role.role_id left join admin_permission on admin_role_permission.permissionId = admin_permission.permission_id where admin_admin.admin_id = ? and admin_admin.deleted = 0
2025-12-13 20:05:13.231 [http-nio-8080-exec-4] DEBUG c.z.e.m.m.a.A.findAdminInfoById - ==> Parameters: 1(Integer)
2025-12-13 20:05:13.231 [http-nio-8080-exec-5] DEBUG c.z.e.m.m.a.A.findAdminInfoById - ==> Parameters: 1(Integer)
2025-12-13 20:05:13.271 [http-nio-8080-exec-4] DEBUG c.z.e.m.m.a.A.findAdminInfoById - <==      Total: 1
2025-12-13 20:05:13.282 [http-nio-8080-exec-5] DEBUG c.z.e.m.m.a.A.findAdminInfoById - <==      Total: 1
2025-12-13 20:05:13.315 [http-nio-8080-exec-4] DEBUG c.z.e.m.m.a.P.selectList - ==>  Preparing: SELECT permission_id,permission_name,permission_url,permission_introduce,deleted FROM admin_permission WHERE deleted=0
2025-12-13 20:05:13.316 [http-nio-8080-exec-4] DEBUG c.z.e.m.m.a.P.selectList - ==> Parameters: 
2025-12-13 20:05:13.354 [http-nio-8080-exec-4] DEBUG c.z.e.m.m.a.P.selectList - <==      Total: 1
2025-12-13 20:05:13.409 [http-nio-8080-exec-5] DEBUG c.z.e.m.m.a.RoleMapper.selectList - ==>  Preparing: SELECT role_id,role_name,role_introduce,deleted FROM admin_role WHERE deleted=0 AND (deleted = ?)
2025-12-13 20:05:13.426 [http-nio-8080-exec-5] DEBUG c.z.e.m.m.a.RoleMapper.selectList - ==> Parameters: 0(Integer)
2025-12-13 20:05:13.469 [http-nio-8080-exec-5] DEBUG c.z.e.m.m.a.RoleMapper.selectList - <==      Total: 1
2025-12-13 20:05:17.938 [http-nio-8080-exec-6] DEBUG c.z.e.m.m.a.AdminMapper.selectById - ==>  Preparing: SELECT admin_id,admin_account,admin_username,admin_email,admin_phone,admin_password,admin_image,admin_introduce,admin_state,admin_login_time,deleted FROM admin_admin WHERE admin_id=? AND deleted=0
2025-12-13 20:05:17.939 [http-nio-8080-exec-6] DEBUG c.z.e.m.m.a.AdminMapper.selectById - ==> Parameters: 1(Integer)
2025-12-13 20:05:17.984 [http-nio-8080-exec-6] DEBUG c.z.e.m.m.a.AdminMapper.selectById - <==      Total: 1
2025-12-13 20:05:17.985 [http-nio-8080-exec-6] DEBUG c.z.e.m.m.a.A.findAdminInfoById - ==>  Preparing: select * from admin_admin left join admin_admin_role on admin_admin.admin_id = admin_admin_role.adminId left join admin_role on admin_admin_role.roleId = admin_role.role_id left join admin_role_permission on admin_role.role_id = admin_role.role_id left join admin_permission on admin_role_permission.permissionId = admin_permission.permission_id where admin_admin.admin_id = ? and admin_admin.deleted = 0
2025-12-13 20:05:17.985 [http-nio-8080-exec-6] DEBUG c.z.e.m.m.a.A.findAdminInfoById - ==> Parameters: 1(Integer)
2025-12-13 20:05:18.030 [http-nio-8080-exec-6] DEBUG c.z.e.m.m.a.A.findAdminInfoById - <==      Total: 1
2025-12-13 20:05:18.070 [http-nio-8080-exec-6] DEBUG c.z.e.m.m.a.J.selectList - ==>  Preparing: SELECT jobAdviceArticle_id,jobAdviceArticle_title,jobAdviceArticle_content,jobAdviceArticle_category,jobAdviceArticle_tags,jobAdviceArticle_authorName,jobAdviceArticle_publishedStatus,jobAdviceArticle_publishedTime,jobAdviceArticle_updatedTime,deleted FROM general_jobAdviceArticle WHERE deleted=0 AND (deleted = ?)
2025-12-13 20:05:18.070 [http-nio-8080-exec-6] DEBUG c.z.e.m.m.a.J.selectList - ==> Parameters: 0(Integer)
2025-12-13 20:05:18.108 [http-nio-8080-exec-6] DEBUG c.z.e.m.m.a.J.selectList - <==      Total: 1
2025-12-13 20:05:26.172 [http-nio-8080-exec-8] DEBUG c.z.e.m.m.a.AdminMapper.selectById - ==>  Preparing: SELECT admin_id,admin_account,admin_username,admin_email,admin_phone,admin_password,admin_image,admin_introduce,admin_state,admin_login_time,deleted FROM admin_admin WHERE admin_id=? AND deleted=0
2025-12-13 20:05:26.173 [http-nio-8080-exec-8] DEBUG c.z.e.m.m.a.AdminMapper.selectById - ==> Parameters: 1(Integer)
2025-12-13 20:05:26.185 [http-nio-8080-exec-7] DEBUG c.z.e.m.m.a.AdminMapper.selectById - ==>  Preparing: SELECT admin_id,admin_account,admin_username,admin_email,admin_phone,admin_password,admin_image,admin_introduce,admin_state,admin_login_time,deleted FROM admin_admin WHERE admin_id=? AND deleted=0
2025-12-13 20:05:26.186 [http-nio-8080-exec-7] DEBUG c.z.e.m.m.a.AdminMapper.selectById - ==> Parameters: 1(Integer)
2025-12-13 20:05:26.213 [http-nio-8080-exec-8] DEBUG c.z.e.m.m.a.AdminMapper.selectById - <==      Total: 1
2025-12-13 20:05:26.214 [http-nio-8080-exec-8] DEBUG c.z.e.m.m.a.A.findAdminInfoById - ==>  Preparing: select * from admin_admin left join admin_admin_role on admin_admin.admin_id = admin_admin_role.adminId left join admin_role on admin_admin_role.roleId = admin_role.role_id left join admin_role_permission on admin_role.role_id = admin_role.role_id left join admin_permission on admin_role_permission.permissionId = admin_permission.permission_id where admin_admin.admin_id = ? and admin_admin.deleted = 0
2025-12-13 20:05:26.216 [http-nio-8080-exec-8] DEBUG c.z.e.m.m.a.A.findAdminInfoById - ==> Parameters: 1(Integer)
2025-12-13 20:05:26.225 [http-nio-8080-exec-7] DEBUG c.z.e.m.m.a.AdminMapper.selectById - <==      Total: 1
2025-12-13 20:05:26.227 [http-nio-8080-exec-7] DEBUG c.z.e.m.m.a.A.findAdminInfoById - ==>  Preparing: select * from admin_admin left join admin_admin_role on admin_admin.admin_id = admin_admin_role.adminId left join admin_role on admin_admin_role.roleId = admin_role.role_id left join admin_role_permission on admin_role.role_id = admin_role.role_id left join admin_permission on admin_role_permission.permissionId = admin_permission.permission_id where admin_admin.admin_id = ? and admin_admin.deleted = 0
2025-12-13 20:05:26.235 [http-nio-8080-exec-7] DEBUG c.z.e.m.m.a.A.findAdminInfoById - ==> Parameters: 1(Integer)
2025-12-13 20:05:26.262 [http-nio-8080-exec-8] DEBUG c.z.e.m.m.a.A.findAdminInfoById - <==      Total: 1
2025-12-13 20:05:26.275 [http-nio-8080-exec-7] DEBUG c.z.e.m.m.a.A.findAdminInfoById - <==      Total: 1
2025-12-13 20:05:26.321 [http-nio-8080-exec-7] DEBUG c.z.e.m.m.a.I.selectList - ==>  Preparing: SELECT industryMap_industryCode,industryMap_industryName,industryMap_createdTime AS createdTime,industryMap_updatedTime AS updatedTime FROM general_industryMap
2025-12-13 20:05:26.321 [http-nio-8080-exec-8] DEBUG c.z.e.m.m.a.R.queryRecruitPositionPage - ==>  Preparing: SELECT rp.recruitPosition_id AS recruitPositionId, rp.recruitPosition_name AS recruitPositionName, rp.recruitPosition_industryCode AS recruitPositionIndustryCode, -- 连表字段：行业名称（从行业映射表查询） gim.industryMap_industryName AS industryMapIndustryName, rp.recruitPosition_minMonthSalary AS recruitPositionMinMonthSalary, rp.recruitPosition_maxMonthSalary AS recruitPositionMaxMonthSalary, rp.recruitPosition_weekWorkDayNum AS recruitPositionWeekWorkDayNum, rp.recruitPosition_goodWelfare AS recruitPositionGoodWelfare, rp.recruitPosition_createdTime AS recruitPositionCreatedTime, rp.recruitPosition_updatedTime AS recruitPositionUpdatedTime FROM general_recruitPosition rp -- 招聘岗位表别名rp -- 连表：通用行业映射表（别名gim），LEFT JOIN避免行业编码无效时丢失岗位数据 LEFT JOIN general_industryMap gim ON rp.recruitPosition_industryCode = gim.industryMap_industryCode ORDER BY rp.recruitPosition_updatedTime DESC
2025-12-13 20:05:26.322 [http-nio-8080-exec-7] DEBUG c.z.e.m.m.a.I.selectList - ==> Parameters: 
2025-12-13 20:05:26.323 [http-nio-8080-exec-8] DEBUG c.z.e.m.m.a.R.queryRecruitPositionPage - ==> Parameters: 
2025-12-13 20:05:26.366 [http-nio-8080-exec-8] DEBUG c.z.e.m.m.a.R.queryRecruitPositionPage - <==      Total: 0
2025-12-13 20:07:24.746 [Thread-1] WARN  c.a.n.c.executor.ThreadPoolManager - [ThreadPoolManager] Start destroying ThreadPool
2025-12-13 20:07:24.746 [Thread-15] WARN  c.a.n.c.http.HttpClientBeanHolder - [HttpClientBeanHolder] Start destroying common HttpClient
2025-12-13 20:07:24.746 [Thread-15] WARN  c.a.n.c.http.HttpClientBeanHolder - [HttpClientBeanHolder] Destruction of the end
2025-12-13 20:07:24.746 [Thread-1] WARN  c.a.n.c.executor.ThreadPoolManager - [ThreadPoolManager] Destruction of the end
2025-12-13 20:07:24.818 [SpringApplicationShutdownHook] INFO  com.zaxxer.hikari.HikariDataSource - HikariPool-1 - Shutdown initiated...
2025-12-13 20:07:24.822 [SpringApplicationShutdownHook] INFO  com.zaxxer.hikari.HikariDataSource - HikariPool-1 - Shutdown completed.
2025-12-13 20:07:24.823 [SpringApplicationShutdownHook] INFO  c.z.e.s.impl.user.UserSmsServiceImpl - 关闭阿里云短信客户端...
2025-12-13 20:07:24.828 [SpringApplicationShutdownHook] INFO  c.z.e.s.impl.user.UserSmsServiceImpl - 阿里云短信客户端已关闭
2025-12-13 20:07:24.830 [SpringApplicationShutdownHook] INFO  c.z.e.s.i.admin.AdminSmsServiceImpl - 关闭阿里云短信客户端...
2025-12-13 20:07:24.831 [SpringApplicationShutdownHook] INFO  c.z.e.s.i.admin.AdminSmsServiceImpl - 阿里云短信客户端已关闭
2025-12-13 20:07:24.837 [SpringApplicationShutdownHook] INFO  com.zaxxer.hikari.HikariDataSource - HikariPool-2 - Shutdown initiated...
2025-12-13 20:07:24.849 [SpringApplicationShutdownHook] INFO  com.zaxxer.hikari.HikariDataSource - HikariPool-2 - Shutdown completed.
2025-12-13 20:07:43.332 [main] INFO  c.a.n.client.logging.NacosLogging - Nacos Logging Adapter Builder: com.alibaba.nacos.logger.adapter.logback12.LogbackNacosLoggingAdapterBuilder
2025-12-13 20:07:43.336 [main] INFO  c.a.n.client.logging.NacosLogging - Nacos Logging Adapter Builder: com.alibaba.nacos.logger.adapter.logback14.LogbackNacosLoggingAdapterBuilder
2025-12-13 20:07:43.337 [main] INFO  c.a.n.client.logging.NacosLogging - Nacos Logging Adapter: com.alibaba.nacos.logger.adapter.logback14.LogbackNacosLoggingAdapter match ch.qos.logback.classic.Logger success.
2025-12-13 20:07:43.347 [main] INFO  c.a.n.client.logging.NacosLogging - Nacos Logging Adapter Builder: com.alibaba.nacos.logger.adapter.log4j2.Log4j2NacosLoggingAdapterBuilder
2025-12-13 20:07:43.365 [background-preinit] INFO  o.h.validator.internal.util.Version - HV000001: Hibernate Validator 8.0.1.Final
2025-12-13 20:07:43.520 [main] INFO  c.z.e.EasyApplyResumeApplication - Starting EasyApplyResumeApplication using Java 21.0.9 with PID 21928 (C:\Users\shini\IdeaProjects\EasyApplyResume\target\classes started by shini in C:\Users\shini\IdeaProjects\EasyApplyResume)
2025-12-13 20:07:43.521 [main] DEBUG c.z.e.EasyApplyResumeApplication - Running with Spring Boot v3.3.5, Spring v6.1.14
2025-12-13 20:07:43.522 [main] INFO  c.z.e.EasyApplyResumeApplication - The following 1 profile is active: "dev"
2025-12-13 20:07:45.959 [main] INFO  o.s.d.r.c.RepositoryConfigurationDelegate - Multiple Spring Data modules found, entering strict repository configuration mode
2025-12-13 20:07:45.964 [main] INFO  o.s.d.r.c.RepositoryConfigurationDelegate - Bootstrapping Spring Data Redis repositories in DEFAULT mode.
2025-12-13 20:07:46.069 [main] INFO  o.s.d.r.c.RepositoryConfigurationDelegate - Finished Spring Data repository scanning in 69 ms. Found 0 Redis repository interfaces.
2025-12-13 20:07:46.305 [main] WARN  o.m.s.mapper.ClassPathMapperScanner - Cannot use both: sqlSessionTemplate and sqlSessionFactory together. sqlSessionFactory is ignored.
2025-12-13 20:07:46.306 [main] WARN  o.m.s.mapper.ClassPathMapperScanner - Cannot use both: sqlSessionTemplate and sqlSessionFactory together. sqlSessionFactory is ignored.
2025-12-13 20:07:46.307 [main] WARN  o.m.s.mapper.ClassPathMapperScanner - Cannot use both: sqlSessionTemplate and sqlSessionFactory together. sqlSessionFactory is ignored.
2025-12-13 20:07:46.307 [main] WARN  o.m.s.mapper.ClassPathMapperScanner - Cannot use both: sqlSessionTemplate and sqlSessionFactory together. sqlSessionFactory is ignored.
2025-12-13 20:07:46.309 [main] WARN  o.m.s.mapper.ClassPathMapperScanner - Cannot use both: sqlSessionTemplate and sqlSessionFactory together. sqlSessionFactory is ignored.
2025-12-13 20:07:46.310 [main] WARN  o.m.s.mapper.ClassPathMapperScanner - Cannot use both: sqlSessionTemplate and sqlSessionFactory together. sqlSessionFactory is ignored.
2025-12-13 20:07:46.312 [main] WARN  o.m.s.mapper.ClassPathMapperScanner - Cannot use both: sqlSessionTemplate and sqlSessionFactory together. sqlSessionFactory is ignored.
2025-12-13 20:07:46.312 [main] WARN  o.m.s.mapper.ClassPathMapperScanner - Cannot use both: sqlSessionTemplate and sqlSessionFactory together. sqlSessionFactory is ignored.
2025-12-13 20:07:46.314 [main] WARN  o.m.s.mapper.ClassPathMapperScanner - Cannot use both: sqlSessionTemplate and sqlSessionFactory together. sqlSessionFactory is ignored.
2025-12-13 20:07:46.314 [main] WARN  o.m.s.mapper.ClassPathMapperScanner - Cannot use both: sqlSessionTemplate and sqlSessionFactory together. sqlSessionFactory is ignored.
2025-12-13 20:07:46.315 [main] WARN  o.m.s.mapper.ClassPathMapperScanner - Cannot use both: sqlSessionTemplate and sqlSessionFactory together. sqlSessionFactory is ignored.
2025-12-13 20:07:46.315 [main] WARN  o.m.s.mapper.ClassPathMapperScanner - Cannot use both: sqlSessionTemplate and sqlSessionFactory together. sqlSessionFactory is ignored.
2025-12-13 20:07:46.317 [main] WARN  o.m.s.mapper.ClassPathMapperScanner - Cannot use both: sqlSessionTemplate and sqlSessionFactory together. sqlSessionFactory is ignored.
2025-12-13 20:07:46.318 [main] WARN  o.m.s.mapper.ClassPathMapperScanner - Cannot use both: sqlSessionTemplate and sqlSessionFactory together. sqlSessionFactory is ignored.
2025-12-13 20:07:46.319 [main] WARN  o.m.s.mapper.ClassPathMapperScanner - Cannot use both: sqlSessionTemplate and sqlSessionFactory together. sqlSessionFactory is ignored.
2025-12-13 20:07:46.319 [main] WARN  o.m.s.mapper.ClassPathMapperScanner - Cannot use both: sqlSessionTemplate and sqlSessionFactory together. sqlSessionFactory is ignored.
2025-12-13 20:07:46.320 [main] WARN  o.m.s.mapper.ClassPathMapperScanner - Cannot use both: sqlSessionTemplate and sqlSessionFactory together. sqlSessionFactory is ignored.
2025-12-13 20:07:46.321 [main] WARN  o.m.s.mapper.ClassPathMapperScanner - Cannot use both: sqlSessionTemplate and sqlSessionFactory together. sqlSessionFactory is ignored.
2025-12-13 20:07:46.322 [main] WARN  o.m.s.mapper.ClassPathMapperScanner - Cannot use both: sqlSessionTemplate and sqlSessionFactory together. sqlSessionFactory is ignored.
2025-12-13 20:07:46.323 [main] WARN  o.m.s.mapper.ClassPathMapperScanner - Cannot use both: sqlSessionTemplate and sqlSessionFactory together. sqlSessionFactory is ignored.
2025-12-13 20:07:46.324 [main] WARN  o.m.s.mapper.ClassPathMapperScanner - Cannot use both: sqlSessionTemplate and sqlSessionFactory together. sqlSessionFactory is ignored.
2025-12-13 20:07:46.325 [main] WARN  o.m.s.mapper.ClassPathMapperScanner - Cannot use both: sqlSessionTemplate and sqlSessionFactory together. sqlSessionFactory is ignored.
2025-12-13 20:07:46.326 [main] WARN  o.m.s.mapper.ClassPathMapperScanner - Cannot use both: sqlSessionTemplate and sqlSessionFactory together. sqlSessionFactory is ignored.
2025-12-13 20:07:46.327 [main] WARN  o.m.s.mapper.ClassPathMapperScanner - Cannot use both: sqlSessionTemplate and sqlSessionFactory together. sqlSessionFactory is ignored.
2025-12-13 20:07:46.328 [main] WARN  o.m.s.mapper.ClassPathMapperScanner - Cannot use both: sqlSessionTemplate and sqlSessionFactory together. sqlSessionFactory is ignored.
2025-12-13 20:07:46.328 [main] WARN  o.m.s.mapper.ClassPathMapperScanner - Cannot use both: sqlSessionTemplate and sqlSessionFactory together. sqlSessionFactory is ignored.
2025-12-13 20:07:46.331 [main] WARN  o.m.s.mapper.ClassPathMapperScanner - No MyBatis mapper was found in '[com.zyh.easyapplyresume.mapper.pgvector]' package. Please check your configuration.
2025-12-13 20:07:46.834 [main] WARN  o.s.c.s.PostProcessorRegistrationDelegate$BeanPostProcessorChecker - Bean 'com.alibaba.cloud.nacos.NacosConfigAutoConfiguration' of type [com.alibaba.cloud.nacos.NacosConfigAutoConfiguration] is not eligible for getting processed by all BeanPostProcessors (for example: not eligible for auto-proxying). The currently created BeanPostProcessor [nacosAnnotationProcessor] is declared through a non-static factory method on that class; consider declaring it as static instead.
2025-12-13 20:07:46.850 [main] WARN  o.s.c.s.PostProcessorRegistrationDelegate$BeanPostProcessorChecker - Bean 'nacosConfigProperties' of type [com.alibaba.cloud.nacos.NacosConfigProperties] is not eligible for getting processed by all BeanPostProcessors (for example: not eligible for auto-proxying). Is this bean getting eagerly injected/applied to a currently created BeanPostProcessor [nacosAnnotationProcessor]? Check the corresponding BeanPostProcessor declaration and its dependencies/advisors. If this bean does not have to be post-processed, declare it with ROLE_INFRASTRUCTURE.
2025-12-13 20:07:47.023 [main] INFO  c.a.n.p.a.s.c.ClientAuthPluginManager - [ClientAuthPluginManager] Load ClientAuthService com.alibaba.nacos.client.auth.impl.NacosClientAuthServiceImpl success.
2025-12-13 20:07:47.023 [main] INFO  c.a.n.p.a.s.c.ClientAuthPluginManager - [ClientAuthPluginManager] Load ClientAuthService com.alibaba.nacos.client.auth.ram.RamClientAuthServiceImpl success.
2025-12-13 20:07:47.028 [main] WARN  o.s.c.s.PostProcessorRegistrationDelegate$BeanPostProcessorChecker - Bean 'nacosConfigManager' of type [com.alibaba.cloud.nacos.NacosConfigManager] is not eligible for getting processed by all BeanPostProcessors (for example: not eligible for auto-proxying). Is this bean getting eagerly injected/applied to a currently created BeanPostProcessor [nacosAnnotationProcessor]? Check the corresponding BeanPostProcessor declaration and its dependencies/advisors. If this bean does not have to be post-processed, declare it with ROLE_INFRASTRUCTURE.
2025-12-13 20:07:47.841 [main] INFO  o.s.b.w.e.tomcat.TomcatWebServer - Tomcat initialized with port 8080 (http)
2025-12-13 20:07:47.865 [main] INFO  o.a.coyote.http11.Http11NioProtocol - Initializing ProtocolHandler ["http-nio-8080"]
2025-12-13 20:07:47.873 [main] INFO  o.a.catalina.core.StandardService - Starting service [Tomcat]
2025-12-13 20:07:47.873 [main] INFO  o.a.catalina.core.StandardEngine - Starting Servlet engine: [Apache Tomcat/10.1.31]
2025-12-13 20:07:48.050 [main] INFO  o.a.c.c.C.[.[localhost].[/api] - Initializing Spring embedded WebApplicationContext
2025-12-13 20:07:48.050 [main] INFO  o.s.b.w.s.c.ServletWebServerApplicationContext - Root WebApplicationContext: initialization completed in 4443 ms
2025-12-13 20:07:49.477 [main] DEBUG c.z.e.filter.UserJwtAuthFilter - Filter 'userJwtAuthFilter' configured for use
2025-12-13 20:07:49.479 [main] DEBUG c.z.e.filter.AdminJwtAuthFilter - Filter 'adminJwtAuthFilter' configured for use
2025-12-13 20:07:49.735 [main] INFO  c.z.e.s.i.admin.AdminSmsServiceImpl - 开始初始化阿里云短信客户端...
2025-12-13 20:07:50.099 [main] INFO  c.z.e.s.i.admin.AdminSmsServiceImpl - 阿里云短信客户端初始化完成
2025-12-13 20:07:51.364 [main] INFO  c.z.e.d.a.SensitiveWordsAdvisor - 敏感词初始化完成，共加载 137 个敏感词
2025-12-13 20:07:54.000 [main] INFO  c.z.i.ImageSearchMcpApplication - Starting ImageSearchMcpApplication v0.0.1-SNAPSHOT using Java 21.0.9 with PID 31144 (C:\Users\shini\IdeaProjects\EasyApplyResume\Image-Search-Mcp\target\Image-Search-Mcp-0.0.1-SNAPSHOT.jar started by shini in C:\Users\shini\IdeaProjects\EasyApplyResume)
2025-12-13 20:07:54.002 [main] INFO  c.z.i.ImageSearchMcpApplication - The following 1 profile is active: "stdio"
2025-12-13 20:07:55.788 [pool-1-thread-1] INFO  i.m.server.McpAsyncServer - Client initialize request - Protocol: 2024-11-05, Capabilities: ClientCapabilities[experimental=null, roots=null, sampling=null], Info: Implementation[name=spring-ai-mcp-client, version=1.0.0]
2025-12-13 20:07:55.895 [pool-4-thread-1] INFO  i.m.client.McpAsyncClient - Server response with Protocol: 2024-11-05, Capabilities: ServerCapabilities[experimental=null, logging=LoggingCapabilities[], prompts=null, resources=null, tools=ToolCapabilities[listChanged=true]], Info: Implementation[name=image-search-mcp-server, version=0.0.1] and Instructions null
2025-12-13 20:07:55.949 [main] INFO  c.z.i.ImageSearchMcpApplication - Started ImageSearchMcpApplication in 2.695 seconds (process running for 3.817)
2025-12-13 20:08:00.136 [pool-9-thread-1] INFO  i.m.c.transport.StdioClientTransport - STDERR Message received: Amap Maps MCP Server running on stdio
2025-12-13 20:08:00.157 [pool-7-thread-1] INFO  i.m.client.McpAsyncClient - Server response with Protocol: 2024-11-05, Capabilities: ServerCapabilities[experimental=null, logging=null, prompts=null, resources=null, tools=ToolCapabilities[listChanged=null]], Info: Implementation[name=mcp-server/amap-maps, version=0.1.0] and Instructions null
2025-12-13 20:08:00.663 [main] INFO  o.s.a.t.splitter.TextSplitter - Splitting up document into 2 chunks.
2025-12-13 20:08:00.673 [main] INFO  o.s.a.t.splitter.TextSplitter - Splitting up document into 2 chunks.
2025-12-13 20:08:00.678 [main] INFO  o.s.a.t.splitter.TextSplitter - Splitting up document into 2 chunks.
2025-12-13 20:08:05.989 [main] INFO  o.s.ai.vectorstore.SimpleVectorStore - Calling EmbeddingModel for document id = 14db56e5-4580-4f7c-96b0-636169d473d3
2025-12-13 20:08:06.202 [main] INFO  o.s.ai.vectorstore.SimpleVectorStore - Calling EmbeddingModel for document id = 14a3d4c1-f17d-4177-876f-8f26f7fe86b9
2025-12-13 20:08:06.498 [main] INFO  o.s.ai.vectorstore.SimpleVectorStore - Calling EmbeddingModel for document id = 67eabff7-fcd3-4f96-b0ac-915a18f1e945
2025-12-13 20:08:06.787 [main] INFO  c.z.e.s.impl.user.UserSmsServiceImpl - 开始初始化阿里云短信客户端...
2025-12-13 20:08:06.817 [main] INFO  c.z.e.s.impl.user.UserSmsServiceImpl - 阿里云短信客户端初始化完成
2025-12-13 20:08:06.852 [main] WARN  c.b.m.core.metadata.TableInfoHelper - Can not find table primary key in Class: "com.zyh.easyapplyresume.model.pojo.user.UserCollections".
2025-12-13 20:08:06.852 [main] WARN  c.b.m.c.injector.DefaultSqlInjector - class com.zyh.easyapplyresume.model.pojo.user.UserCollections ,Not found @TableId annotation, Cannot use Mybatis-Plus 'xxById' Method.
2025-12-13 20:08:07.253 [main] WARN  c.b.m.e.s.MybatisSqlSessionFactoryBean - Property 'mapperLocations' was specified but matching resources are not found.
2025-12-13 20:08:07.374 [main] INFO  o.s.a.v.pgvector.PgVectorStore - Using the vector table name: vector_store. Is empty: false
2025-12-13 20:08:07.377 [main] INFO  o.s.a.v.pgvector.PgVectorStore - Initializing PGVectorStore schema for table: vector_store in schema: public
2025-12-13 20:08:07.377 [main] INFO  o.s.a.v.pgvector.PgVectorStore - vectorTableValidationsEnabled false
2025-12-13 20:08:07.385 [main] INFO  com.zaxxer.hikari.HikariDataSource - HikariPool-1 - Starting...
2025-12-13 20:08:08.003 [main] INFO  com.zaxxer.hikari.pool.HikariPool - HikariPool-1 - Added connection org.postgresql.jdbc.PgConnection@43a68f3
2025-12-13 20:08:08.006 [main] INFO  com.zaxxer.hikari.HikariDataSource - HikariPool-1 - Start completed.
2025-12-13 20:08:08.583 [main] WARN  o.s.b.a.s.s.UserDetailsServiceAutoConfiguration - 

Using generated security password: e306dc65-c626-408f-b50b-f9a65739ef2a

This generated password is for development use only. Your security configuration must be updated before running your application in production.

2025-12-13 20:08:08.597 [main] INFO  o.s.s.c.a.a.c.InitializeUserDetailsBeanManagerConfigurer$InitializeUserDetailsManagerConfigurer - Global AuthenticationManager configured with UserDetailsService bean with name inMemoryUserDetailsManager
2025-12-13 20:08:10.035 [main] INFO  o.a.coyote.http11.Http11NioProtocol - Starting ProtocolHandler ["http-nio-8080"]
2025-12-13 20:08:10.053 [main] INFO  o.s.b.w.e.tomcat.TomcatWebServer - Tomcat started on port 8080 (http) with context path '/api'
2025-12-13 20:08:10.078 [main] INFO  c.z.e.EasyApplyResumeApplication - Started EasyApplyResumeApplication in 27.578 seconds (process running for 28.697)
2025-12-13 20:09:54.142 [http-nio-8080-exec-2] INFO  o.a.c.c.C.[.[localhost].[/api] - Initializing Spring DispatcherServlet 'dispatcherServlet'
2025-12-13 20:09:54.143 [http-nio-8080-exec-2] INFO  o.s.web.servlet.DispatcherServlet - Initializing Servlet 'dispatcherServlet'
2025-12-13 20:09:54.163 [http-nio-8080-exec-2] INFO  o.s.web.servlet.DispatcherServlet - Completed initialization in 20 ms
2025-12-13 20:09:55.530 [http-nio-8080-exec-2] INFO  com.zaxxer.hikari.HikariDataSource - HikariPool-2 - Starting...
2025-12-13 20:09:57.685 [http-nio-8080-exec-2] INFO  com.zaxxer.hikari.pool.HikariPool - HikariPool-2 - Added connection com.mysql.cj.jdbc.ConnectionImpl@34b5a47e
2025-12-13 20:09:57.687 [http-nio-8080-exec-2] INFO  com.zaxxer.hikari.HikariDataSource - HikariPool-2 - Start completed.
2025-12-13 20:09:57.698 [http-nio-8080-exec-2] DEBUG c.z.e.m.m.a.AdminMapper.selectById - ==>  Preparing: SELECT admin_id,admin_account,admin_username,admin_email,admin_phone,admin_password,admin_image,admin_introduce,admin_state,admin_login_time,deleted FROM admin_admin WHERE admin_id=? AND deleted=0
2025-12-13 20:09:57.881 [http-nio-8080-exec-2] DEBUG c.z.e.m.m.a.AdminMapper.selectById - ==> Parameters: 1(Integer)
2025-12-13 20:09:58.087 [http-nio-8080-exec-2] DEBUG c.z.e.m.m.a.AdminMapper.selectById - <==      Total: 1
2025-12-13 20:09:58.113 [http-nio-8080-exec-2] DEBUG c.z.e.m.m.a.A.findAdminInfoById - ==>  Preparing: select * from admin_admin left join admin_admin_role on admin_admin.admin_id = admin_admin_role.adminId left join admin_role on admin_admin_role.roleId = admin_role.role_id left join admin_role_permission on admin_role.role_id = admin_role.role_id left join admin_permission on admin_role_permission.permissionId = admin_permission.permission_id where admin_admin.admin_id = ? and admin_admin.deleted = 0
2025-12-13 20:09:58.118 [http-nio-8080-exec-2] DEBUG c.z.e.m.m.a.A.findAdminInfoById - ==> Parameters: 1(Integer)
2025-12-13 20:09:58.166 [http-nio-8080-exec-2] DEBUG c.z.e.m.m.a.A.findAdminInfoById - <==      Total: 1
2025-12-13 20:10:02.060 [http-nio-8080-exec-1] DEBUG c.z.e.m.m.a.AdminMapper.selectById - ==>  Preparing: SELECT admin_id,admin_account,admin_username,admin_email,admin_phone,admin_password,admin_image,admin_introduce,admin_state,admin_login_time,deleted FROM admin_admin WHERE admin_id=? AND deleted=0
2025-12-13 20:10:02.061 [http-nio-8080-exec-1] DEBUG c.z.e.m.m.a.AdminMapper.selectById - ==> Parameters: 1(Integer)
2025-12-13 20:10:02.107 [http-nio-8080-exec-1] DEBUG c.z.e.m.m.a.AdminMapper.selectById - <==      Total: 1
2025-12-13 20:10:02.114 [http-nio-8080-exec-1] DEBUG c.z.e.m.m.a.A.findAdminInfoById - ==>  Preparing: select * from admin_admin left join admin_admin_role on admin_admin.admin_id = admin_admin_role.adminId left join admin_role on admin_admin_role.roleId = admin_role.role_id left join admin_role_permission on admin_role.role_id = admin_role.role_id left join admin_permission on admin_role_permission.permissionId = admin_permission.permission_id where admin_admin.admin_id = ? and admin_admin.deleted = 0
2025-12-13 20:10:02.118 [http-nio-8080-exec-1] DEBUG c.z.e.m.m.a.A.findAdminInfoById - ==> Parameters: 1(Integer)
2025-12-13 20:10:02.157 [http-nio-8080-exec-1] DEBUG c.z.e.m.m.a.A.findAdminInfoById - <==      Total: 1
2025-12-13 20:10:02.489 [http-nio-8080-exec-3] DEBUG c.z.e.m.m.a.AdminMapper.selectById - ==>  Preparing: SELECT admin_id,admin_account,admin_username,admin_email,admin_phone,admin_password,admin_image,admin_introduce,admin_state,admin_login_time,deleted FROM admin_admin WHERE admin_id=? AND deleted=0
2025-12-13 20:10:02.490 [http-nio-8080-exec-3] DEBUG c.z.e.m.m.a.AdminMapper.selectById - ==> Parameters: 1(Integer)
2025-12-13 20:10:02.530 [http-nio-8080-exec-3] DEBUG c.z.e.m.m.a.AdminMapper.selectById - <==      Total: 1
2025-12-13 20:10:02.531 [http-nio-8080-exec-3] DEBUG c.z.e.m.m.a.A.findAdminInfoById - ==>  Preparing: select * from admin_admin left join admin_admin_role on admin_admin.admin_id = admin_admin_role.adminId left join admin_role on admin_admin_role.roleId = admin_role.role_id left join admin_role_permission on admin_role.role_id = admin_role.role_id left join admin_permission on admin_role_permission.permissionId = admin_permission.permission_id where admin_admin.admin_id = ? and admin_admin.deleted = 0
2025-12-13 20:10:02.532 [http-nio-8080-exec-3] DEBUG c.z.e.m.m.a.A.findAdminInfoById - ==> Parameters: 1(Integer)
2025-12-13 20:10:02.572 [http-nio-8080-exec-3] DEBUG c.z.e.m.m.a.A.findAdminInfoById - <==      Total: 1
2025-12-13 20:10:08.943 [http-nio-8080-exec-3] DEBUG c.z.e.m.m.a.I.selectList - ==>  Preparing: SELECT industryMap_industryCode,industryMap_industryName,industryMap_createdTime AS createdTime,industryMap_updatedTime AS updatedTime FROM general_industryMap
2025-12-13 20:10:08.943 [http-nio-8080-exec-1] DEBUG c.z.e.m.m.a.I.selectList - ==>  Preparing: SELECT industryMap_industryCode,industryMap_industryName,industryMap_createdTime AS createdTime,industryMap_updatedTime AS updatedTime FROM general_industryMap
2025-12-13 20:10:08.943 [http-nio-8080-exec-2] DEBUG c.z.e.m.m.a.I.selectList - ==>  Preparing: SELECT industryMap_industryCode,industryMap_industryName,industryMap_createdTime AS createdTime,industryMap_updatedTime AS updatedTime FROM general_industryMap
2025-12-13 20:10:08.944 [http-nio-8080-exec-3] DEBUG c.z.e.m.m.a.I.selectList - ==> Parameters: 
2025-12-13 20:10:08.944 [http-nio-8080-exec-1] DEBUG c.z.e.m.m.a.I.selectList - ==> Parameters: 
2025-12-13 20:10:08.944 [http-nio-8080-exec-2] DEBUG c.z.e.m.m.a.I.selectList - ==> Parameters: 
2025-12-13 20:10:08.983 [http-nio-8080-exec-3] DEBUG c.z.e.m.m.a.I.selectList - <==      Total: 1
2025-12-13 20:10:08.983 [http-nio-8080-exec-2] DEBUG c.z.e.m.m.a.I.selectList - <==      Total: 1
2025-12-13 20:10:08.983 [http-nio-8080-exec-1] DEBUG c.z.e.m.m.a.I.selectList - <==      Total: 1
2025-12-13 20:10:35.404 [http-nio-8080-exec-4] DEBUG c.z.e.m.m.a.AdminMapper.selectById - ==>  Preparing: SELECT admin_id,admin_account,admin_username,admin_email,admin_phone,admin_password,admin_image,admin_introduce,admin_state,admin_login_time,deleted FROM admin_admin WHERE admin_id=? AND deleted=0
2025-12-13 20:10:35.405 [http-nio-8080-exec-4] DEBUG c.z.e.m.m.a.AdminMapper.selectById - ==> Parameters: 1(Integer)
2025-12-13 20:10:35.443 [http-nio-8080-exec-4] DEBUG c.z.e.m.m.a.AdminMapper.selectById - <==      Total: 1
2025-12-13 20:10:35.444 [http-nio-8080-exec-4] DEBUG c.z.e.m.m.a.A.findAdminInfoById - ==>  Preparing: select * from admin_admin left join admin_admin_role on admin_admin.admin_id = admin_admin_role.adminId left join admin_role on admin_admin_role.roleId = admin_role.role_id left join admin_role_permission on admin_role.role_id = admin_role.role_id left join admin_permission on admin_role_permission.permissionId = admin_permission.permission_id where admin_admin.admin_id = ? and admin_admin.deleted = 0
2025-12-13 20:10:35.447 [http-nio-8080-exec-4] DEBUG c.z.e.m.m.a.A.findAdminInfoById - ==> Parameters: 1(Integer)
2025-12-13 20:10:35.486 [http-nio-8080-exec-4] DEBUG c.z.e.m.m.a.A.findAdminInfoById - <==      Total: 1
2025-12-13 20:10:40.006 [http-nio-8080-exec-6] DEBUG c.z.e.m.m.a.AdminMapper.selectById - ==>  Preparing: SELECT admin_id,admin_account,admin_username,admin_email,admin_phone,admin_password,admin_image,admin_introduce,admin_state,admin_login_time,deleted FROM admin_admin WHERE admin_id=? AND deleted=0
2025-12-13 20:10:40.006 [http-nio-8080-exec-6] DEBUG c.z.e.m.m.a.AdminMapper.selectById - ==> Parameters: 1(Integer)
2025-12-13 20:10:40.007 [http-nio-8080-exec-7] DEBUG c.z.e.m.m.a.AdminMapper.selectById - ==>  Preparing: SELECT admin_id,admin_account,admin_username,admin_email,admin_phone,admin_password,admin_image,admin_introduce,admin_state,admin_login_time,deleted FROM admin_admin WHERE admin_id=? AND deleted=0
2025-12-13 20:10:40.008 [http-nio-8080-exec-7] DEBUG c.z.e.m.m.a.AdminMapper.selectById - ==> Parameters: 1(Integer)
2025-12-13 20:10:40.009 [http-nio-8080-exec-5] DEBUG c.z.e.m.m.a.AdminMapper.selectById - ==>  Preparing: SELECT admin_id,admin_account,admin_username,admin_email,admin_phone,admin_password,admin_image,admin_introduce,admin_state,admin_login_time,deleted FROM admin_admin WHERE admin_id=? AND deleted=0
2025-12-13 20:10:40.010 [http-nio-8080-exec-5] DEBUG c.z.e.m.m.a.AdminMapper.selectById - ==> Parameters: 1(Integer)
2025-12-13 20:10:40.043 [http-nio-8080-exec-6] DEBUG c.z.e.m.m.a.AdminMapper.selectById - <==      Total: 1
2025-12-13 20:10:40.044 [http-nio-8080-exec-6] DEBUG c.z.e.m.m.a.A.findAdminInfoById - ==>  Preparing: select * from admin_admin left join admin_admin_role on admin_admin.admin_id = admin_admin_role.adminId left join admin_role on admin_admin_role.roleId = admin_role.role_id left join admin_role_permission on admin_role.role_id = admin_role.role_id left join admin_permission on admin_role_permission.permissionId = admin_permission.permission_id where admin_admin.admin_id = ? and admin_admin.deleted = 0
2025-12-13 20:10:40.045 [http-nio-8080-exec-6] DEBUG c.z.e.m.m.a.A.findAdminInfoById - ==> Parameters: 1(Integer)
2025-12-13 20:10:40.047 [http-nio-8080-exec-7] DEBUG c.z.e.m.m.a.AdminMapper.selectById - <==      Total: 1
2025-12-13 20:10:40.048 [http-nio-8080-exec-7] DEBUG c.z.e.m.m.a.A.findAdminInfoById - ==>  Preparing: select * from admin_admin left join admin_admin_role on admin_admin.admin_id = admin_admin_role.adminId left join admin_role on admin_admin_role.roleId = admin_role.role_id left join admin_role_permission on admin_role.role_id = admin_role.role_id left join admin_permission on admin_role_permission.permissionId = admin_permission.permission_id where admin_admin.admin_id = ? and admin_admin.deleted = 0
2025-12-13 20:10:40.050 [http-nio-8080-exec-7] DEBUG c.z.e.m.m.a.A.findAdminInfoById - ==> Parameters: 1(Integer)
2025-12-13 20:10:40.053 [http-nio-8080-exec-5] DEBUG c.z.e.m.m.a.AdminMapper.selectById - <==      Total: 1
2025-12-13 20:10:40.053 [http-nio-8080-exec-5] DEBUG c.z.e.m.m.a.A.findAdminInfoById - ==>  Preparing: select * from admin_admin left join admin_admin_role on admin_admin.admin_id = admin_admin_role.adminId left join admin_role on admin_admin_role.roleId = admin_role.role_id left join admin_role_permission on admin_role.role_id = admin_role.role_id left join admin_permission on admin_role_permission.permissionId = admin_permission.permission_id where admin_admin.admin_id = ? and admin_admin.deleted = 0
2025-12-13 20:10:40.054 [http-nio-8080-exec-5] DEBUG c.z.e.m.m.a.A.findAdminInfoById - ==> Parameters: 1(Integer)
2025-12-13 20:10:40.083 [http-nio-8080-exec-6] DEBUG c.z.e.m.m.a.A.findAdminInfoById - <==      Total: 1
2025-12-13 20:10:40.088 [http-nio-8080-exec-7] DEBUG c.z.e.m.m.a.A.findAdminInfoById - <==      Total: 1
2025-12-13 20:10:40.093 [http-nio-8080-exec-5] DEBUG c.z.e.m.m.a.A.findAdminInfoById - <==      Total: 1
2025-12-13 20:10:54.691 [http-nio-8080-exec-8] DEBUG c.z.e.m.m.a.AdminMapper.selectById - ==>  Preparing: SELECT admin_id,admin_account,admin_username,admin_email,admin_phone,admin_password,admin_image,admin_introduce,admin_state,admin_login_time,deleted FROM admin_admin WHERE admin_id=? AND deleted=0
2025-12-13 20:10:54.693 [http-nio-8080-exec-8] DEBUG c.z.e.m.m.a.AdminMapper.selectById - ==> Parameters: 1(Integer)
2025-12-13 20:10:54.730 [http-nio-8080-exec-8] DEBUG c.z.e.m.m.a.AdminMapper.selectById - <==      Total: 1
2025-12-13 20:10:54.731 [http-nio-8080-exec-8] DEBUG c.z.e.m.m.a.A.findAdminInfoById - ==>  Preparing: select * from admin_admin left join admin_admin_role on admin_admin.admin_id = admin_admin_role.adminId left join admin_role on admin_admin_role.roleId = admin_role.role_id left join admin_role_permission on admin_role.role_id = admin_role.role_id left join admin_permission on admin_role_permission.permissionId = admin_permission.permission_id where admin_admin.admin_id = ? and admin_admin.deleted = 0
2025-12-13 20:10:54.732 [http-nio-8080-exec-8] DEBUG c.z.e.m.m.a.A.findAdminInfoById - ==> Parameters: 1(Integer)
2025-12-13 20:10:54.774 [http-nio-8080-exec-8] DEBUG c.z.e.m.m.a.A.findAdminInfoById - <==      Total: 1
2025-12-13 20:10:54.825 [http-nio-8080-exec-8] DEBUG c.z.e.m.m.a.I.selectList - ==>  Preparing: SELECT industryMap_industryCode,industryMap_industryName,industryMap_createdTime AS createdTime,industryMap_updatedTime AS updatedTime FROM general_industryMap
2025-12-13 20:10:54.827 [http-nio-8080-exec-8] DEBUG c.z.e.m.m.a.I.selectList - ==> Parameters: 
2025-12-13 20:10:54.864 [http-nio-8080-exec-8] DEBUG c.z.e.m.m.a.I.selectList - <==      Total: 1
2025-12-13 20:10:58.780 [http-nio-8080-exec-9] DEBUG c.z.e.m.m.a.AdminMapper.selectById - ==>  Preparing: SELECT admin_id,admin_account,admin_username,admin_email,admin_phone,admin_password,admin_image,admin_introduce,admin_state,admin_login_time,deleted FROM admin_admin WHERE admin_id=? AND deleted=0
2025-12-13 20:10:58.780 [http-nio-8080-exec-9] DEBUG c.z.e.m.m.a.AdminMapper.selectById - ==> Parameters: 1(Integer)
2025-12-13 20:10:58.818 [http-nio-8080-exec-9] DEBUG c.z.e.m.m.a.AdminMapper.selectById - <==      Total: 1
2025-12-13 20:10:58.819 [http-nio-8080-exec-9] DEBUG c.z.e.m.m.a.A.findAdminInfoById - ==>  Preparing: select * from admin_admin left join admin_admin_role on admin_admin.admin_id = admin_admin_role.adminId left join admin_role on admin_admin_role.roleId = admin_role.role_id left join admin_role_permission on admin_role.role_id = admin_role.role_id left join admin_permission on admin_role_permission.permissionId = admin_permission.permission_id where admin_admin.admin_id = ? and admin_admin.deleted = 0
2025-12-13 20:10:58.819 [http-nio-8080-exec-9] DEBUG c.z.e.m.m.a.A.findAdminInfoById - ==> Parameters: 1(Integer)
2025-12-13 20:10:58.855 [http-nio-8080-exec-9] DEBUG c.z.e.m.m.a.A.findAdminInfoById - <==      Total: 1
2025-12-13 20:16:25.617 [http-nio-8080-exec-10] DEBUG c.z.e.m.m.a.AdminMapper.selectById - ==>  Preparing: SELECT admin_id,admin_account,admin_username,admin_email,admin_phone,admin_password,admin_image,admin_introduce,admin_state,admin_login_time,deleted FROM admin_admin WHERE admin_id=? AND deleted=0
2025-12-13 20:16:25.619 [http-nio-8080-exec-10] DEBUG c.z.e.m.m.a.AdminMapper.selectById - ==> Parameters: 1(Integer)
2025-12-13 20:16:25.656 [http-nio-8080-exec-10] DEBUG c.z.e.m.m.a.AdminMapper.selectById - <==      Total: 1
2025-12-13 20:16:25.658 [http-nio-8080-exec-10] DEBUG c.z.e.m.m.a.A.findAdminInfoById - ==>  Preparing: select * from admin_admin left join admin_admin_role on admin_admin.admin_id = admin_admin_role.adminId left join admin_role on admin_admin_role.roleId = admin_role.role_id left join admin_role_permission on admin_role.role_id = admin_role.role_id left join admin_permission on admin_role_permission.permissionId = admin_permission.permission_id where admin_admin.admin_id = ? and admin_admin.deleted = 0
2025-12-13 20:16:25.659 [http-nio-8080-exec-10] DEBUG c.z.e.m.m.a.A.findAdminInfoById - ==> Parameters: 1(Integer)
2025-12-13 20:16:25.699 [http-nio-8080-exec-10] DEBUG c.z.e.m.m.a.A.findAdminInfoById - <==      Total: 1
2025-12-13 20:16:25.755 [http-nio-8080-exec-10] DEBUG c.z.e.m.m.a.I.selectList - ==>  Preparing: SELECT industryMap_industryCode,industryMap_industryName,industryMap_createdTime AS createdTime,industryMap_updatedTime AS updatedTime FROM general_industryMap
2025-12-13 20:16:25.756 [http-nio-8080-exec-10] DEBUG c.z.e.m.m.a.I.selectList - ==> Parameters: 
2025-12-13 20:16:25.791 [http-nio-8080-exec-10] DEBUG c.z.e.m.m.a.I.selectList - <==      Total: 1
2025-12-13 20:16:27.352 [http-nio-8080-exec-1] DEBUG c.z.e.m.m.a.AdminMapper.selectById - ==>  Preparing: SELECT admin_id,admin_account,admin_username,admin_email,admin_phone,admin_password,admin_image,admin_introduce,admin_state,admin_login_time,deleted FROM admin_admin WHERE admin_id=? AND deleted=0
2025-12-13 20:16:27.352 [http-nio-8080-exec-1] DEBUG c.z.e.m.m.a.AdminMapper.selectById - ==> Parameters: 1(Integer)
2025-12-13 20:16:27.390 [http-nio-8080-exec-1] DEBUG c.z.e.m.m.a.AdminMapper.selectById - <==      Total: 1
2025-12-13 20:16:27.391 [http-nio-8080-exec-1] DEBUG c.z.e.m.m.a.A.findAdminInfoById - ==>  Preparing: select * from admin_admin left join admin_admin_role on admin_admin.admin_id = admin_admin_role.adminId left join admin_role on admin_admin_role.roleId = admin_role.role_id left join admin_role_permission on admin_role.role_id = admin_role.role_id left join admin_permission on admin_role_permission.permissionId = admin_permission.permission_id where admin_admin.admin_id = ? and admin_admin.deleted = 0
2025-12-13 20:16:27.392 [http-nio-8080-exec-1] DEBUG c.z.e.m.m.a.A.findAdminInfoById - ==> Parameters: 1(Integer)
2025-12-13 20:16:27.431 [http-nio-8080-exec-1] DEBUG c.z.e.m.m.a.A.findAdminInfoById - <==      Total: 1
2025-12-13 20:16:27.471 [http-nio-8080-exec-1] DEBUG c.z.e.m.m.a.I.selectById - ==>  Preparing: SELECT industryMap_industryCode,industryMap_industryName,industryMap_createdTime AS createdTime,industryMap_updatedTime AS updatedTime FROM general_industryMap WHERE industryMap_industryCode=?
2025-12-13 20:16:27.473 [http-nio-8080-exec-1] DEBUG c.z.e.m.m.a.I.selectById - ==> Parameters: 1(Integer)
2025-12-13 20:16:31.634 [http-nio-8080-exec-1] DEBUG c.z.e.m.m.a.I.selectById - <==      Total: 1
2025-12-13 20:16:39.471 [http-nio-8080-exec-2] DEBUG c.z.e.m.m.a.AdminMapper.selectById - ==>  Preparing: SELECT admin_id,admin_account,admin_username,admin_email,admin_phone,admin_password,admin_image,admin_introduce,admin_state,admin_login_time,deleted FROM admin_admin WHERE admin_id=? AND deleted=0
2025-12-13 20:16:39.472 [http-nio-8080-exec-2] DEBUG c.z.e.m.m.a.AdminMapper.selectById - ==> Parameters: 1(Integer)
2025-12-13 20:16:39.511 [http-nio-8080-exec-2] DEBUG c.z.e.m.m.a.AdminMapper.selectById - <==      Total: 1
2025-12-13 20:16:39.512 [http-nio-8080-exec-2] DEBUG c.z.e.m.m.a.A.findAdminInfoById - ==>  Preparing: select * from admin_admin left join admin_admin_role on admin_admin.admin_id = admin_admin_role.adminId left join admin_role on admin_admin_role.roleId = admin_role.role_id left join admin_role_permission on admin_role.role_id = admin_role.role_id left join admin_permission on admin_role_permission.permissionId = admin_permission.permission_id where admin_admin.admin_id = ? and admin_admin.deleted = 0
2025-12-13 20:16:39.543 [http-nio-8080-exec-2] DEBUG c.z.e.m.m.a.A.findAdminInfoById - ==> Parameters: 1(Integer)
2025-12-13 20:16:39.583 [http-nio-8080-exec-2] DEBUG c.z.e.m.m.a.A.findAdminInfoById - <==      Total: 1
2025-12-13 20:16:39.642 [http-nio-8080-exec-2] DEBUG c.z.e.m.m.a.I.selectById - ==>  Preparing: SELECT industryMap_industryCode,industryMap_industryName,industryMap_createdTime AS createdTime,industryMap_updatedTime AS updatedTime FROM general_industryMap WHERE industryMap_industryCode=?
2025-12-13 20:16:39.642 [http-nio-8080-exec-2] DEBUG c.z.e.m.m.a.I.selectById - ==> Parameters: 1(Integer)
2025-12-13 20:16:39.677 [http-nio-8080-exec-2] DEBUG c.z.e.m.m.a.I.selectById - <==      Total: 1
2025-12-13 20:16:57.904 [http-nio-8080-exec-3] DEBUG c.z.e.m.m.a.AdminMapper.selectById - ==>  Preparing: SELECT admin_id,admin_account,admin_username,admin_email,admin_phone,admin_password,admin_image,admin_introduce,admin_state,admin_login_time,deleted FROM admin_admin WHERE admin_id=? AND deleted=0
2025-12-13 20:16:57.906 [http-nio-8080-exec-3] DEBUG c.z.e.m.m.a.AdminMapper.selectById - ==> Parameters: 1(Integer)
2025-12-13 20:16:57.947 [http-nio-8080-exec-3] DEBUG c.z.e.m.m.a.AdminMapper.selectById - <==      Total: 1
2025-12-13 20:16:57.948 [http-nio-8080-exec-3] DEBUG c.z.e.m.m.a.A.findAdminInfoById - ==>  Preparing: select * from admin_admin left join admin_admin_role on admin_admin.admin_id = admin_admin_role.adminId left join admin_role on admin_admin_role.roleId = admin_role.role_id left join admin_role_permission on admin_role.role_id = admin_role.role_id left join admin_permission on admin_role_permission.permissionId = admin_permission.permission_id where admin_admin.admin_id = ? and admin_admin.deleted = 0
2025-12-13 20:16:57.949 [http-nio-8080-exec-3] DEBUG c.z.e.m.m.a.A.findAdminInfoById - ==> Parameters: 1(Integer)
2025-12-13 20:16:57.993 [http-nio-8080-exec-3] DEBUG c.z.e.m.m.a.A.findAdminInfoById - <==      Total: 1
2025-12-13 20:16:58.030 [http-nio-8080-exec-3] DEBUG c.z.e.m.m.a.I.selectById - ==>  Preparing: SELECT industryMap_industryCode,industryMap_industryName,industryMap_createdTime AS createdTime,industryMap_updatedTime AS updatedTime FROM general_industryMap WHERE industryMap_industryCode=?
2025-12-13 20:16:58.031 [http-nio-8080-exec-3] DEBUG c.z.e.m.m.a.I.selectById - ==> Parameters: 1(Integer)
2025-12-13 20:16:58.069 [http-nio-8080-exec-3] DEBUG c.z.e.m.m.a.I.selectById - <==      Total: 1
2025-12-13 20:17:06.834 [http-nio-8080-exec-4] DEBUG c.z.e.m.m.a.AdminMapper.selectById - ==>  Preparing: SELECT admin_id,admin_account,admin_username,admin_email,admin_phone,admin_password,admin_image,admin_introduce,admin_state,admin_login_time,deleted FROM admin_admin WHERE admin_id=? AND deleted=0
2025-12-13 20:17:06.835 [http-nio-8080-exec-4] DEBUG c.z.e.m.m.a.AdminMapper.selectById - ==> Parameters: 1(Integer)
2025-12-13 20:17:06.873 [http-nio-8080-exec-4] DEBUG c.z.e.m.m.a.AdminMapper.selectById - <==      Total: 1
2025-12-13 20:17:06.873 [http-nio-8080-exec-4] DEBUG c.z.e.m.m.a.A.findAdminInfoById - ==>  Preparing: select * from admin_admin left join admin_admin_role on admin_admin.admin_id = admin_admin_role.adminId left join admin_role on admin_admin_role.roleId = admin_role.role_id left join admin_role_permission on admin_role.role_id = admin_role.role_id left join admin_permission on admin_role_permission.permissionId = admin_permission.permission_id where admin_admin.admin_id = ? and admin_admin.deleted = 0
2025-12-13 20:17:06.874 [http-nio-8080-exec-4] DEBUG c.z.e.m.m.a.A.findAdminInfoById - ==> Parameters: 1(Integer)
2025-12-13 20:17:06.913 [http-nio-8080-exec-4] DEBUG c.z.e.m.m.a.A.findAdminInfoById - <==      Total: 1
2025-12-13 20:17:08.282 [http-nio-8080-exec-4] DEBUG c.z.e.m.m.a.I.selectList - ==>  Preparing: SELECT industryMap_industryCode,industryMap_industryName,industryMap_createdTime AS createdTime,industryMap_updatedTime AS updatedTime FROM general_industryMap WHERE (industryMap_industryCode = ?)
2025-12-13 20:17:08.283 [http-nio-8080-exec-4] DEBUG c.z.e.m.m.a.I.selectList - ==> Parameters: 0(Integer)
2025-12-13 20:17:08.318 [http-nio-8080-exec-4] DEBUG c.z.e.m.m.a.I.selectList - <==      Total: 0
2025-12-13 20:17:12.159 [http-nio-8080-exec-6] DEBUG c.z.e.m.m.a.AdminMapper.selectById - ==>  Preparing: SELECT admin_id,admin_account,admin_username,admin_email,admin_phone,admin_password,admin_image,admin_introduce,admin_state,admin_login_time,deleted FROM admin_admin WHERE admin_id=? AND deleted=0
2025-12-13 20:17:12.160 [http-nio-8080-exec-6] DEBUG c.z.e.m.m.a.AdminMapper.selectById - ==> Parameters: 1(Integer)
2025-12-13 20:17:12.197 [http-nio-8080-exec-6] DEBUG c.z.e.m.m.a.AdminMapper.selectById - <==      Total: 1
2025-12-13 20:17:12.199 [http-nio-8080-exec-6] DEBUG c.z.e.m.m.a.A.findAdminInfoById - ==>  Preparing: select * from admin_admin left join admin_admin_role on admin_admin.admin_id = admin_admin_role.adminId left join admin_role on admin_admin_role.roleId = admin_role.role_id left join admin_role_permission on admin_role.role_id = admin_role.role_id left join admin_permission on admin_role_permission.permissionId = admin_permission.permission_id where admin_admin.admin_id = ? and admin_admin.deleted = 0
2025-12-13 20:17:12.199 [http-nio-8080-exec-6] DEBUG c.z.e.m.m.a.A.findAdminInfoById - ==> Parameters: 1(Integer)
2025-12-13 20:17:12.248 [http-nio-8080-exec-6] DEBUG c.z.e.m.m.a.A.findAdminInfoById - <==      Total: 1
2025-12-13 20:17:12.296 [http-nio-8080-exec-6] DEBUG c.z.e.m.m.a.I.selectList - ==>  Preparing: SELECT industryMap_industryCode,industryMap_industryName,industryMap_createdTime AS createdTime,industryMap_updatedTime AS updatedTime FROM general_industryMap
2025-12-13 20:17:12.297 [http-nio-8080-exec-6] DEBUG c.z.e.m.m.a.I.selectList - ==> Parameters: 
2025-12-13 20:17:13.015 [http-nio-8080-exec-6] DEBUG c.z.e.m.m.a.I.selectList - <==      Total: 1
2025-12-13 20:17:18.592 [http-nio-8080-exec-7] DEBUG c.z.e.m.m.a.AdminMapper.selectById - ==>  Preparing: SELECT admin_id,admin_account,admin_username,admin_email,admin_phone,admin_password,admin_image,admin_introduce,admin_state,admin_login_time,deleted FROM admin_admin WHERE admin_id=? AND deleted=0
2025-12-13 20:17:18.592 [http-nio-8080-exec-5] DEBUG c.z.e.m.m.a.AdminMapper.selectById - ==>  Preparing: SELECT admin_id,admin_account,admin_username,admin_email,admin_phone,admin_password,admin_image,admin_introduce,admin_state,admin_login_time,deleted FROM admin_admin WHERE admin_id=? AND deleted=0
2025-12-13 20:17:18.592 [http-nio-8080-exec-7] DEBUG c.z.e.m.m.a.AdminMapper.selectById - ==> Parameters: 1(Integer)
2025-12-13 20:17:18.592 [http-nio-8080-exec-5] DEBUG c.z.e.m.m.a.AdminMapper.selectById - ==> Parameters: 1(Integer)
2025-12-13 20:17:18.630 [http-nio-8080-exec-5] DEBUG c.z.e.m.m.a.AdminMapper.selectById - <==      Total: 1
2025-12-13 20:17:18.630 [http-nio-8080-exec-7] DEBUG c.z.e.m.m.a.AdminMapper.selectById - <==      Total: 1
2025-12-13 20:17:18.630 [http-nio-8080-exec-7] DEBUG c.z.e.m.m.a.A.findAdminInfoById - ==>  Preparing: select * from admin_admin left join admin_admin_role on admin_admin.admin_id = admin_admin_role.adminId left join admin_role on admin_admin_role.roleId = admin_role.role_id left join admin_role_permission on admin_role.role_id = admin_role.role_id left join admin_permission on admin_role_permission.permissionId = admin_permission.permission_id where admin_admin.admin_id = ? and admin_admin.deleted = 0
2025-12-13 20:17:18.630 [http-nio-8080-exec-5] DEBUG c.z.e.m.m.a.A.findAdminInfoById - ==>  Preparing: select * from admin_admin left join admin_admin_role on admin_admin.admin_id = admin_admin_role.adminId left join admin_role on admin_admin_role.roleId = admin_role.role_id left join admin_role_permission on admin_role.role_id = admin_role.role_id left join admin_permission on admin_role_permission.permissionId = admin_permission.permission_id where admin_admin.admin_id = ? and admin_admin.deleted = 0
2025-12-13 20:17:18.630 [http-nio-8080-exec-7] DEBUG c.z.e.m.m.a.A.findAdminInfoById - ==> Parameters: 1(Integer)
2025-12-13 20:17:18.631 [http-nio-8080-exec-5] DEBUG c.z.e.m.m.a.A.findAdminInfoById - ==> Parameters: 1(Integer)
2025-12-13 20:17:18.671 [http-nio-8080-exec-5] DEBUG c.z.e.m.m.a.A.findAdminInfoById - <==      Total: 1
2025-12-13 20:17:18.672 [http-nio-8080-exec-7] DEBUG c.z.e.m.m.a.A.findAdminInfoById - <==      Total: 1
2025-12-13 20:17:18.711 [http-nio-8080-exec-5] DEBUG c.z.e.m.m.a.I.selectList - ==>  Preparing: SELECT industryMap_industryCode,industryMap_industryName,industryMap_createdTime AS createdTime,industryMap_updatedTime AS updatedTime FROM general_industryMap
2025-12-13 20:17:18.711 [http-nio-8080-exec-5] DEBUG c.z.e.m.m.a.I.selectList - ==> Parameters: 
2025-12-13 20:17:18.728 [http-nio-8080-exec-7] DEBUG c.z.e.m.m.a.R.queryRecruitPositionPage - ==>  Preparing: SELECT rp.recruitPosition_id AS recruitPositionId, rp.recruitPosition_name AS recruitPositionName, rp.recruitPosition_industryCode AS recruitPositionIndustryCode, -- 连表字段：行业名称（从行业映射表查询） gim.industryMap_industryName AS industryMapIndustryName, rp.recruitPosition_minMonthSalary AS recruitPositionMinMonthSalary, rp.recruitPosition_maxMonthSalary AS recruitPositionMaxMonthSalary, rp.recruitPosition_weekWorkDayNum AS recruitPositionWeekWorkDayNum, rp.recruitPosition_goodWelfare AS recruitPositionGoodWelfare, rp.recruitPosition_createdTime AS recruitPositionCreatedTime, rp.recruitPosition_updatedTime AS recruitPositionUpdatedTime FROM general_recruitPosition rp -- 招聘岗位表别名rp -- 连表：通用行业映射表（别名gim），LEFT JOIN避免行业编码无效时丢失岗位数据 LEFT JOIN general_industryMap gim ON rp.recruitPosition_industryCode = gim.industryMap_industryCode ORDER BY rp.recruitPosition_updatedTime DESC
2025-12-13 20:17:18.729 [http-nio-8080-exec-7] DEBUG c.z.e.m.m.a.R.queryRecruitPositionPage - ==> Parameters: 
2025-12-13 20:17:18.749 [http-nio-8080-exec-5] DEBUG c.z.e.m.m.a.I.selectList - <==      Total: 1
2025-12-13 20:17:18.766 [http-nio-8080-exec-7] DEBUG c.z.e.m.m.a.R.queryRecruitPositionPage - <==      Total: 0
2025-12-13 20:19:05.081 [http-nio-8080-exec-8] DEBUG c.z.e.m.m.a.AdminMapper.selectById - ==>  Preparing: SELECT admin_id,admin_account,admin_username,admin_email,admin_phone,admin_password,admin_image,admin_introduce,admin_state,admin_login_time,deleted FROM admin_admin WHERE admin_id=? AND deleted=0
2025-12-13 20:19:05.082 [http-nio-8080-exec-8] DEBUG c.z.e.m.m.a.AdminMapper.selectById - ==> Parameters: 1(Integer)
2025-12-13 20:19:05.120 [http-nio-8080-exec-8] DEBUG c.z.e.m.m.a.AdminMapper.selectById - <==      Total: 1
2025-12-13 20:19:05.123 [http-nio-8080-exec-8] DEBUG c.z.e.m.m.a.A.findAdminInfoById - ==>  Preparing: select * from admin_admin left join admin_admin_role on admin_admin.admin_id = admin_admin_role.adminId left join admin_role on admin_admin_role.roleId = admin_role.role_id left join admin_role_permission on admin_role.role_id = admin_role.role_id left join admin_permission on admin_role_permission.permissionId = admin_permission.permission_id where admin_admin.admin_id = ? and admin_admin.deleted = 0
2025-12-13 20:19:05.124 [http-nio-8080-exec-8] DEBUG c.z.e.m.m.a.A.findAdminInfoById - ==> Parameters: 1(Integer)
2025-12-13 20:19:05.165 [http-nio-8080-exec-8] DEBUG c.z.e.m.m.a.A.findAdminInfoById - <==      Total: 1
2025-12-13 20:19:05.214 [http-nio-8080-exec-8] DEBUG c.z.e.m.m.a.I.selectList - ==>  Preparing: SELECT industryMap_industryCode,industryMap_industryName,industryMap_createdTime AS createdTime,industryMap_updatedTime AS updatedTime FROM general_industryMap
2025-12-13 20:19:05.215 [http-nio-8080-exec-8] DEBUG c.z.e.m.m.a.I.selectList - ==> Parameters: 
2025-12-13 20:19:05.256 [http-nio-8080-exec-8] DEBUG c.z.e.m.m.a.I.selectList - <==      Total: 1
2025-12-13 20:19:11.572 [http-nio-8080-exec-9] DEBUG c.z.e.m.m.a.AdminMapper.selectById - ==>  Preparing: SELECT admin_id,admin_account,admin_username,admin_email,admin_phone,admin_password,admin_image,admin_introduce,admin_state,admin_login_time,deleted FROM admin_admin WHERE admin_id=? AND deleted=0
2025-12-13 20:19:11.573 [http-nio-8080-exec-9] DEBUG c.z.e.m.m.a.AdminMapper.selectById - ==> Parameters: 1(Integer)
2025-12-13 20:19:11.611 [http-nio-8080-exec-9] DEBUG c.z.e.m.m.a.AdminMapper.selectById - <==      Total: 1
2025-12-13 20:19:11.613 [http-nio-8080-exec-9] DEBUG c.z.e.m.m.a.A.findAdminInfoById - ==>  Preparing: select * from admin_admin left join admin_admin_role on admin_admin.admin_id = admin_admin_role.adminId left join admin_role on admin_admin_role.roleId = admin_role.role_id left join admin_role_permission on admin_role.role_id = admin_role.role_id left join admin_permission on admin_role_permission.permissionId = admin_permission.permission_id where admin_admin.admin_id = ? and admin_admin.deleted = 0
2025-12-13 20:19:11.613 [http-nio-8080-exec-9] DEBUG c.z.e.m.m.a.A.findAdminInfoById - ==> Parameters: 1(Integer)
2025-12-13 20:19:11.664 [http-nio-8080-exec-9] DEBUG c.z.e.m.m.a.A.findAdminInfoById - <==      Total: 1
2025-12-13 20:19:11.801 [http-nio-8080-exec-9] DEBUG c.z.e.m.m.a.IndustryMapMapper.insert - ==>  Preparing: INSERT INTO general_industryMap ( industryMap_industryName, industryMap_createdTime, industryMap_updatedTime ) VALUES ( ?, ?, ? )
2025-12-13 20:19:11.825 [http-nio-8080-exec-9] DEBUG c.z.e.m.m.a.IndustryMapMapper.insert - ==> Parameters: 金融(String), 2025-12-13 20:19:11.755(Timestamp), 2025-12-13 20:19:11.757(Timestamp)
2025-12-13 20:19:11.937 [http-nio-8080-exec-9] DEBUG c.z.e.m.m.a.IndustryMapMapper.insert - <==    Updates: 1
2025-12-13 20:19:12.097 [http-nio-8080-exec-10] DEBUG c.z.e.m.m.a.AdminMapper.selectById - ==>  Preparing: SELECT admin_id,admin_account,admin_username,admin_email,admin_phone,admin_password,admin_image,admin_introduce,admin_state,admin_login_time,deleted FROM admin_admin WHERE admin_id=? AND deleted=0
2025-12-13 20:19:12.099 [http-nio-8080-exec-10] DEBUG c.z.e.m.m.a.AdminMapper.selectById - ==> Parameters: 1(Integer)
2025-12-13 20:19:12.136 [http-nio-8080-exec-10] DEBUG c.z.e.m.m.a.AdminMapper.selectById - <==      Total: 1
2025-12-13 20:19:12.137 [http-nio-8080-exec-10] DEBUG c.z.e.m.m.a.A.findAdminInfoById - ==>  Preparing: select * from admin_admin left join admin_admin_role on admin_admin.admin_id = admin_admin_role.adminId left join admin_role on admin_admin_role.roleId = admin_role.role_id left join admin_role_permission on admin_role.role_id = admin_role.role_id left join admin_permission on admin_role_permission.permissionId = admin_permission.permission_id where admin_admin.admin_id = ? and admin_admin.deleted = 0
2025-12-13 20:19:12.138 [http-nio-8080-exec-10] DEBUG c.z.e.m.m.a.A.findAdminInfoById - ==> Parameters: 1(Integer)
2025-12-13 20:19:12.178 [http-nio-8080-exec-10] DEBUG c.z.e.m.m.a.A.findAdminInfoById - <==      Total: 1
2025-12-13 20:19:12.220 [http-nio-8080-exec-10] DEBUG c.z.e.m.m.a.I.selectList - ==>  Preparing: SELECT industryMap_industryCode,industryMap_industryName,industryMap_createdTime AS createdTime,industryMap_updatedTime AS updatedTime FROM general_industryMap
2025-12-13 20:19:12.221 [http-nio-8080-exec-10] DEBUG c.z.e.m.m.a.I.selectList - ==> Parameters: 
2025-12-13 20:19:12.258 [http-nio-8080-exec-10] DEBUG c.z.e.m.m.a.I.selectList - <==      Total: 2
2025-12-13 20:19:21.791 [http-nio-8080-exec-2] DEBUG c.z.e.m.m.a.AdminMapper.selectById - ==>  Preparing: SELECT admin_id,admin_account,admin_username,admin_email,admin_phone,admin_password,admin_image,admin_introduce,admin_state,admin_login_time,deleted FROM admin_admin WHERE admin_id=? AND deleted=0
2025-12-13 20:19:21.793 [http-nio-8080-exec-2] DEBUG c.z.e.m.m.a.AdminMapper.selectById - ==> Parameters: 1(Integer)
2025-12-13 20:19:21.830 [http-nio-8080-exec-2] DEBUG c.z.e.m.m.a.AdminMapper.selectById - <==      Total: 1
2025-12-13 20:19:21.831 [http-nio-8080-exec-2] DEBUG c.z.e.m.m.a.A.findAdminInfoById - ==>  Preparing: select * from admin_admin left join admin_admin_role on admin_admin.admin_id = admin_admin_role.adminId left join admin_role on admin_admin_role.roleId = admin_role.role_id left join admin_role_permission on admin_role.role_id = admin_role.role_id left join admin_permission on admin_role_permission.permissionId = admin_permission.permission_id where admin_admin.admin_id = ? and admin_admin.deleted = 0
2025-12-13 20:19:21.831 [http-nio-8080-exec-2] DEBUG c.z.e.m.m.a.A.findAdminInfoById - ==> Parameters: 1(Integer)
2025-12-13 20:19:21.836 [http-nio-8080-exec-1] DEBUG c.z.e.m.m.a.AdminMapper.selectById - ==>  Preparing: SELECT admin_id,admin_account,admin_username,admin_email,admin_phone,admin_password,admin_image,admin_introduce,admin_state,admin_login_time,deleted FROM admin_admin WHERE admin_id=? AND deleted=0
2025-12-13 20:19:21.837 [http-nio-8080-exec-1] DEBUG c.z.e.m.m.a.AdminMapper.selectById - ==> Parameters: 1(Integer)
2025-12-13 20:19:21.870 [http-nio-8080-exec-2] DEBUG c.z.e.m.m.a.A.findAdminInfoById - <==      Total: 1
2025-12-13 20:19:21.877 [http-nio-8080-exec-1] DEBUG c.z.e.m.m.a.AdminMapper.selectById - <==      Total: 1
2025-12-13 20:19:21.878 [http-nio-8080-exec-1] DEBUG c.z.e.m.m.a.A.findAdminInfoById - ==>  Preparing: select * from admin_admin left join admin_admin_role on admin_admin.admin_id = admin_admin_role.adminId left join admin_role on admin_admin_role.roleId = admin_role.role_id left join admin_role_permission on admin_role.role_id = admin_role.role_id left join admin_permission on admin_role_permission.permissionId = admin_permission.permission_id where admin_admin.admin_id = ? and admin_admin.deleted = 0
2025-12-13 20:19:21.880 [http-nio-8080-exec-1] DEBUG c.z.e.m.m.a.A.findAdminInfoById - ==> Parameters: 1(Integer)
2025-12-13 20:19:21.908 [http-nio-8080-exec-2] DEBUG c.z.e.m.m.a.I.selectList - ==>  Preparing: SELECT industryMap_industryCode,industryMap_industryName,industryMap_createdTime AS createdTime,industryMap_updatedTime AS updatedTime FROM general_industryMap
2025-12-13 20:19:21.910 [http-nio-8080-exec-2] DEBUG c.z.e.m.m.a.I.selectList - ==> Parameters: 
2025-12-13 20:19:21.973 [http-nio-8080-exec-2] DEBUG c.z.e.m.m.a.I.selectList - <==      Total: 2
2025-12-13 20:19:21.973 [http-nio-8080-exec-1] DEBUG c.z.e.m.m.a.A.findAdminInfoById - <==      Total: 1
2025-12-13 20:19:22.021 [http-nio-8080-exec-1] DEBUG c.z.e.m.m.a.R.queryRecruitPositionPage - ==>  Preparing: SELECT rp.recruitPosition_id AS recruitPositionId, rp.recruitPosition_name AS recruitPositionName, rp.recruitPosition_industryCode AS recruitPositionIndustryCode, -- 连表字段：行业名称（从行业映射表查询） gim.industryMap_industryName AS industryMapIndustryName, rp.recruitPosition_minMonthSalary AS recruitPositionMinMonthSalary, rp.recruitPosition_maxMonthSalary AS recruitPositionMaxMonthSalary, rp.recruitPosition_weekWorkDayNum AS recruitPositionWeekWorkDayNum, rp.recruitPosition_goodWelfare AS recruitPositionGoodWelfare, rp.recruitPosition_createdTime AS recruitPositionCreatedTime, rp.recruitPosition_updatedTime AS recruitPositionUpdatedTime FROM general_recruitPosition rp -- 招聘岗位表别名rp -- 连表：通用行业映射表（别名gim），LEFT JOIN避免行业编码无效时丢失岗位数据 LEFT JOIN general_industryMap gim ON rp.recruitPosition_industryCode = gim.industryMap_industryCode ORDER BY rp.recruitPosition_updatedTime DESC
2025-12-13 20:19:22.022 [http-nio-8080-exec-1] DEBUG c.z.e.m.m.a.R.queryRecruitPositionPage - ==> Parameters: 
2025-12-13 20:19:22.058 [http-nio-8080-exec-1] DEBUG c.z.e.m.m.a.R.queryRecruitPositionPage - <==      Total: 0
2025-12-13 20:26:49.179 [http-nio-8080-exec-4] DEBUG c.z.e.m.m.a.AdminMapper.selectById - ==>  Preparing: SELECT admin_id,admin_account,admin_username,admin_email,admin_phone,admin_password,admin_image,admin_introduce,admin_state,admin_login_time,deleted FROM admin_admin WHERE admin_id=? AND deleted=0
2025-12-13 20:26:49.179 [http-nio-8080-exec-4] DEBUG c.z.e.m.m.a.AdminMapper.selectById - ==> Parameters: 1(Integer)
2025-12-13 20:26:49.181 [http-nio-8080-exec-3] DEBUG c.z.e.m.m.a.AdminMapper.selectById - ==>  Preparing: SELECT admin_id,admin_account,admin_username,admin_email,admin_phone,admin_password,admin_image,admin_introduce,admin_state,admin_login_time,deleted FROM admin_admin WHERE admin_id=? AND deleted=0
2025-12-13 20:26:49.182 [http-nio-8080-exec-3] DEBUG c.z.e.m.m.a.AdminMapper.selectById - ==> Parameters: 1(Integer)
2025-12-13 20:26:49.218 [http-nio-8080-exec-4] DEBUG c.z.e.m.m.a.AdminMapper.selectById - <==      Total: 1
2025-12-13 20:26:49.219 [http-nio-8080-exec-4] DEBUG c.z.e.m.m.a.A.findAdminInfoById - ==>  Preparing: select * from admin_admin left join admin_admin_role on admin_admin.admin_id = admin_admin_role.adminId left join admin_role on admin_admin_role.roleId = admin_role.role_id left join admin_role_permission on admin_role.role_id = admin_role.role_id left join admin_permission on admin_role_permission.permissionId = admin_permission.permission_id where admin_admin.admin_id = ? and admin_admin.deleted = 0
2025-12-13 20:26:49.220 [http-nio-8080-exec-3] DEBUG c.z.e.m.m.a.AdminMapper.selectById - <==      Total: 1
2025-12-13 20:26:49.220 [http-nio-8080-exec-4] DEBUG c.z.e.m.m.a.A.findAdminInfoById - ==> Parameters: 1(Integer)
2025-12-13 20:26:49.221 [http-nio-8080-exec-3] DEBUG c.z.e.m.m.a.A.findAdminInfoById - ==>  Preparing: select * from admin_admin left join admin_admin_role on admin_admin.admin_id = admin_admin_role.adminId left join admin_role on admin_admin_role.roleId = admin_role.role_id left join admin_role_permission on admin_role.role_id = admin_role.role_id left join admin_permission on admin_role_permission.permissionId = admin_permission.permission_id where admin_admin.admin_id = ? and admin_admin.deleted = 0
2025-12-13 20:26:49.221 [http-nio-8080-exec-3] DEBUG c.z.e.m.m.a.A.findAdminInfoById - ==> Parameters: 1(Integer)
2025-12-13 20:26:49.260 [http-nio-8080-exec-4] DEBUG c.z.e.m.m.a.A.findAdminInfoById - <==      Total: 1
2025-12-13 20:26:49.262 [http-nio-8080-exec-3] DEBUG c.z.e.m.m.a.A.findAdminInfoById - <==      Total: 1
2025-12-13 20:26:49.303 [http-nio-8080-exec-3] DEBUG c.z.e.m.m.a.I.selectList - ==>  Preparing: SELECT industryMap_industryCode,industryMap_industryName,industryMap_createdTime AS createdTime,industryMap_updatedTime AS updatedTime FROM general_industryMap
2025-12-13 20:26:49.303 [http-nio-8080-exec-3] DEBUG c.z.e.m.m.a.I.selectList - ==> Parameters: 
2025-12-13 20:26:49.308 [http-nio-8080-exec-4] DEBUG c.z.e.m.m.a.R.queryRecruitPositionPage - ==>  Preparing: SELECT rp.recruitPosition_id AS recruitPositionId, rp.recruitPosition_name AS recruitPositionName, rp.recruitPosition_industryCode AS recruitPositionIndustryCode, -- 连表字段：行业名称（从行业映射表查询） gim.industryMap_industryName AS industryMapIndustryName, rp.recruitPosition_minMonthSalary AS recruitPositionMinMonthSalary, rp.recruitPosition_maxMonthSalary AS recruitPositionMaxMonthSalary, rp.recruitPosition_weekWorkDayNum AS recruitPositionWeekWorkDayNum, rp.recruitPosition_goodWelfare AS recruitPositionGoodWelfare, rp.recruitPosition_createdTime AS recruitPositionCreatedTime, rp.recruitPosition_updatedTime AS recruitPositionUpdatedTime FROM general_recruitPosition rp -- 招聘岗位表别名rp -- 连表：通用行业映射表（别名gim），LEFT JOIN避免行业编码无效时丢失岗位数据 LEFT JOIN general_industryMap gim ON rp.recruitPosition_industryCode = gim.industryMap_industryCode ORDER BY rp.recruitPosition_updatedTime DESC
2025-12-13 20:26:49.310 [http-nio-8080-exec-4] DEBUG c.z.e.m.m.a.R.queryRecruitPositionPage - ==> Parameters: 
2025-12-13 20:26:49.347 [http-nio-8080-exec-3] DEBUG c.z.e.m.m.a.I.selectList - <==      Total: 2
2025-12-13 20:26:49.355 [http-nio-8080-exec-4] DEBUG c.z.e.m.m.a.R.queryRecruitPositionPage - <==      Total: 0
2025-12-13 20:28:14.735 [http-nio-8080-exec-6] DEBUG c.z.e.m.m.a.AdminMapper.selectById - ==>  Preparing: SELECT admin_id,admin_account,admin_username,admin_email,admin_phone,admin_password,admin_image,admin_introduce,admin_state,admin_login_time,deleted FROM admin_admin WHERE admin_id=? AND deleted=0
2025-12-13 20:28:14.735 [http-nio-8080-exec-6] DEBUG c.z.e.m.m.a.AdminMapper.selectById - ==> Parameters: 1(Integer)
2025-12-13 20:28:14.774 [http-nio-8080-exec-6] DEBUG c.z.e.m.m.a.AdminMapper.selectById - <==      Total: 1
2025-12-13 20:28:14.775 [http-nio-8080-exec-6] DEBUG c.z.e.m.m.a.A.findAdminInfoById - ==>  Preparing: select * from admin_admin left join admin_admin_role on admin_admin.admin_id = admin_admin_role.adminId left join admin_role on admin_admin_role.roleId = admin_role.role_id left join admin_role_permission on admin_role.role_id = admin_role.role_id left join admin_permission on admin_role_permission.permissionId = admin_permission.permission_id where admin_admin.admin_id = ? and admin_admin.deleted = 0
2025-12-13 20:28:14.775 [http-nio-8080-exec-6] DEBUG c.z.e.m.m.a.A.findAdminInfoById - ==> Parameters: 1(Integer)
2025-12-13 20:28:14.822 [http-nio-8080-exec-6] DEBUG c.z.e.m.m.a.A.findAdminInfoById - <==      Total: 1
2025-12-13 20:28:14.897 [http-nio-8080-exec-6] DEBUG c.z.e.m.m.a.R.insert - ==>  Preparing: INSERT INTO general_recruitPosition ( recruitPosition_name, recruitPosition_createdTime, recruitPosition_updatedTime, recruitPosition_industryCode, recruitPosition_minMonthSalary, recruitPosition_maxMonthSalary, recruitPosition_weekWorkDayNum, recruitPosition_goodWelfare ) VALUES ( ?, ?, ?, ?, ?, ?, ?, ? )
2025-12-13 20:28:14.911 [http-nio-8080-exec-6] DEBUG c.z.e.m.m.a.R.insert - ==> Parameters: java开发工程师(String), 2025-12-13 20:28:14.882(Timestamp), 2025-12-13 20:28:14.882(Timestamp), 2(Integer), 2000(BigDecimal), 10000(BigDecimal), 6(Integer), 五险一金(String)
2025-12-13 20:28:14.985 [http-nio-8080-exec-6] DEBUG c.z.e.m.m.a.R.insert - <==    Updates: 1
2025-12-13 20:28:15.195 [http-nio-8080-exec-5] DEBUG c.z.e.m.m.a.AdminMapper.selectById - ==>  Preparing: SELECT admin_id,admin_account,admin_username,admin_email,admin_phone,admin_password,admin_image,admin_introduce,admin_state,admin_login_time,deleted FROM admin_admin WHERE admin_id=? AND deleted=0
2025-12-13 20:28:15.196 [http-nio-8080-exec-5] DEBUG c.z.e.m.m.a.AdminMapper.selectById - ==> Parameters: 1(Integer)
2025-12-13 20:28:15.233 [http-nio-8080-exec-5] DEBUG c.z.e.m.m.a.AdminMapper.selectById - <==      Total: 1
2025-12-13 20:28:15.235 [http-nio-8080-exec-5] DEBUG c.z.e.m.m.a.A.findAdminInfoById - ==>  Preparing: select * from admin_admin left join admin_admin_role on admin_admin.admin_id = admin_admin_role.adminId left join admin_role on admin_admin_role.roleId = admin_role.role_id left join admin_role_permission on admin_role.role_id = admin_role.role_id left join admin_permission on admin_role_permission.permissionId = admin_permission.permission_id where admin_admin.admin_id = ? and admin_admin.deleted = 0
2025-12-13 20:28:15.236 [http-nio-8080-exec-5] DEBUG c.z.e.m.m.a.A.findAdminInfoById - ==> Parameters: 1(Integer)
2025-12-13 20:28:15.282 [http-nio-8080-exec-5] DEBUG c.z.e.m.m.a.A.findAdminInfoById - <==      Total: 1
2025-12-13 20:28:15.337 [http-nio-8080-exec-5] DEBUG c.z.e.m.m.a.R.queryRecruitPositionPage - ==>  Preparing: SELECT rp.recruitPosition_id AS recruitPositionId, rp.recruitPosition_name AS recruitPositionName, rp.recruitPosition_industryCode AS recruitPositionIndustryCode, -- 连表字段：行业名称（从行业映射表查询） gim.industryMap_industryName AS industryMapIndustryName, rp.recruitPosition_minMonthSalary AS recruitPositionMinMonthSalary, rp.recruitPosition_maxMonthSalary AS recruitPositionMaxMonthSalary, rp.recruitPosition_weekWorkDayNum AS recruitPositionWeekWorkDayNum, rp.recruitPosition_goodWelfare AS recruitPositionGoodWelfare, rp.recruitPosition_createdTime AS recruitPositionCreatedTime, rp.recruitPosition_updatedTime AS recruitPositionUpdatedTime FROM general_recruitPosition rp -- 招聘岗位表别名rp -- 连表：通用行业映射表（别名gim），LEFT JOIN避免行业编码无效时丢失岗位数据 LEFT JOIN general_industryMap gim ON rp.recruitPosition_industryCode = gim.industryMap_industryCode ORDER BY rp.recruitPosition_updatedTime DESC
2025-12-13 20:28:15.338 [http-nio-8080-exec-5] DEBUG c.z.e.m.m.a.R.queryRecruitPositionPage - ==> Parameters: 
2025-12-13 20:28:15.379 [http-nio-8080-exec-5] DEBUG c.z.e.m.m.a.R.queryRecruitPositionPage - <==      Total: 1
2025-12-13 20:29:10.801 [http-nio-8080-exec-7] DEBUG c.z.e.m.m.a.AdminMapper.selectById - ==>  Preparing: SELECT admin_id,admin_account,admin_username,admin_email,admin_phone,admin_password,admin_image,admin_introduce,admin_state,admin_login_time,deleted FROM admin_admin WHERE admin_id=? AND deleted=0
2025-12-13 20:29:10.802 [http-nio-8080-exec-7] DEBUG c.z.e.m.m.a.AdminMapper.selectById - ==> Parameters: 1(Integer)
2025-12-13 20:29:10.842 [http-nio-8080-exec-7] DEBUG c.z.e.m.m.a.AdminMapper.selectById - <==      Total: 1
2025-12-13 20:29:10.843 [http-nio-8080-exec-7] DEBUG c.z.e.m.m.a.A.findAdminInfoById - ==>  Preparing: select * from admin_admin left join admin_admin_role on admin_admin.admin_id = admin_admin_role.adminId left join admin_role on admin_admin_role.roleId = admin_role.role_id left join admin_role_permission on admin_role.role_id = admin_role.role_id left join admin_permission on admin_role_permission.permissionId = admin_permission.permission_id where admin_admin.admin_id = ? and admin_admin.deleted = 0
2025-12-13 20:29:10.844 [http-nio-8080-exec-7] DEBUG c.z.e.m.m.a.A.findAdminInfoById - ==> Parameters: 1(Integer)
2025-12-13 20:29:10.882 [http-nio-8080-exec-7] DEBUG c.z.e.m.m.a.A.findAdminInfoById - <==      Total: 1
2025-12-13 20:29:10.919 [http-nio-8080-exec-7] DEBUG c.z.e.m.m.a.R.findRecruitPositionInfoById - ==>  Preparing: select * from general_recruitPosition left join general_industryMap on general_recruitPosition.recruitPosition_industryCode = general_industryMap.industryMap_industryCode where general_recruitPosition.recruitPosition_industryCode = ?
2025-12-13 20:29:10.919 [http-nio-8080-exec-7] DEBUG c.z.e.m.m.a.R.findRecruitPositionInfoById - ==> Parameters: 1(Integer)
2025-12-13 20:29:10.957 [http-nio-8080-exec-7] DEBUG c.z.e.m.m.a.R.findRecruitPositionInfoById - <==      Total: 0
2025-12-13 20:29:13.074 [http-nio-8080-exec-8] DEBUG c.z.e.m.m.a.AdminMapper.selectById - ==>  Preparing: SELECT admin_id,admin_account,admin_username,admin_email,admin_phone,admin_password,admin_image,admin_introduce,admin_state,admin_login_time,deleted FROM admin_admin WHERE admin_id=? AND deleted=0
2025-12-13 20:29:13.075 [http-nio-8080-exec-8] DEBUG c.z.e.m.m.a.AdminMapper.selectById - ==> Parameters: 1(Integer)
2025-12-13 20:29:13.112 [http-nio-8080-exec-8] DEBUG c.z.e.m.m.a.AdminMapper.selectById - <==      Total: 1
2025-12-13 20:29:13.112 [http-nio-8080-exec-8] DEBUG c.z.e.m.m.a.A.findAdminInfoById - ==>  Preparing: select * from admin_admin left join admin_admin_role on admin_admin.admin_id = admin_admin_role.adminId left join admin_role on admin_admin_role.roleId = admin_role.role_id left join admin_role_permission on admin_role.role_id = admin_role.role_id left join admin_permission on admin_role_permission.permissionId = admin_permission.permission_id where admin_admin.admin_id = ? and admin_admin.deleted = 0
2025-12-13 20:29:13.113 [http-nio-8080-exec-8] DEBUG c.z.e.m.m.a.A.findAdminInfoById - ==> Parameters: 1(Integer)
2025-12-13 20:29:13.151 [http-nio-8080-exec-8] DEBUG c.z.e.m.m.a.A.findAdminInfoById - <==      Total: 1
2025-12-13 20:29:13.189 [http-nio-8080-exec-8] DEBUG c.z.e.m.m.a.R.findRecruitPositionInfoById - ==>  Preparing: select * from general_recruitPosition left join general_industryMap on general_recruitPosition.recruitPosition_industryCode = general_industryMap.industryMap_industryCode where general_recruitPosition.recruitPosition_industryCode = ?
2025-12-13 20:29:13.189 [http-nio-8080-exec-8] DEBUG c.z.e.m.m.a.R.findRecruitPositionInfoById - ==> Parameters: 1(Integer)
2025-12-13 20:29:13.224 [http-nio-8080-exec-8] DEBUG c.z.e.m.m.a.R.findRecruitPositionInfoById - <==      Total: 0
2025-12-13 20:29:16.089 [http-nio-8080-exec-9] DEBUG c.z.e.m.m.a.AdminMapper.selectById - ==>  Preparing: SELECT admin_id,admin_account,admin_username,admin_email,admin_phone,admin_password,admin_image,admin_introduce,admin_state,admin_login_time,deleted FROM admin_admin WHERE admin_id=? AND deleted=0
2025-12-13 20:29:16.090 [http-nio-8080-exec-9] DEBUG c.z.e.m.m.a.AdminMapper.selectById - ==> Parameters: 1(Integer)
2025-12-13 20:29:16.127 [http-nio-8080-exec-9] DEBUG c.z.e.m.m.a.AdminMapper.selectById - <==      Total: 1
2025-12-13 20:29:16.127 [http-nio-8080-exec-9] DEBUG c.z.e.m.m.a.A.findAdminInfoById - ==>  Preparing: select * from admin_admin left join admin_admin_role on admin_admin.admin_id = admin_admin_role.adminId left join admin_role on admin_admin_role.roleId = admin_role.role_id left join admin_role_permission on admin_role.role_id = admin_role.role_id left join admin_permission on admin_role_permission.permissionId = admin_permission.permission_id where admin_admin.admin_id = ? and admin_admin.deleted = 0
2025-12-13 20:29:16.128 [http-nio-8080-exec-9] DEBUG c.z.e.m.m.a.A.findAdminInfoById - ==> Parameters: 1(Integer)
2025-12-13 20:29:16.165 [http-nio-8080-exec-9] DEBUG c.z.e.m.m.a.A.findAdminInfoById - <==      Total: 1
2025-12-13 20:29:16.210 [http-nio-8080-exec-9] DEBUG c.z.e.m.m.a.R.queryRecruitPositionPage - ==>  Preparing: SELECT rp.recruitPosition_id AS recruitPositionId, rp.recruitPosition_name AS recruitPositionName, rp.recruitPosition_industryCode AS recruitPositionIndustryCode, -- 连表字段：行业名称（从行业映射表查询） gim.industryMap_industryName AS industryMapIndustryName, rp.recruitPosition_minMonthSalary AS recruitPositionMinMonthSalary, rp.recruitPosition_maxMonthSalary AS recruitPositionMaxMonthSalary, rp.recruitPosition_weekWorkDayNum AS recruitPositionWeekWorkDayNum, rp.recruitPosition_goodWelfare AS recruitPositionGoodWelfare, rp.recruitPosition_createdTime AS recruitPositionCreatedTime, rp.recruitPosition_updatedTime AS recruitPositionUpdatedTime FROM general_recruitPosition rp -- 招聘岗位表别名rp -- 连表：通用行业映射表（别名gim），LEFT JOIN避免行业编码无效时丢失岗位数据 LEFT JOIN general_industryMap gim ON rp.recruitPosition_industryCode = gim.industryMap_industryCode ORDER BY rp.recruitPosition_updatedTime DESC
2025-12-13 20:29:16.211 [http-nio-8080-exec-9] DEBUG c.z.e.m.m.a.R.queryRecruitPositionPage - ==> Parameters: 
2025-12-13 20:29:16.248 [http-nio-8080-exec-9] DEBUG c.z.e.m.m.a.R.queryRecruitPositionPage - <==      Total: 1
2025-12-13 20:31:25.829 [http-nio-8080-exec-10] DEBUG c.z.e.m.m.a.AdminMapper.selectById - ==>  Preparing: SELECT admin_id,admin_account,admin_username,admin_email,admin_phone,admin_password,admin_image,admin_introduce,admin_state,admin_login_time,deleted FROM admin_admin WHERE admin_id=? AND deleted=0
2025-12-13 20:31:25.830 [http-nio-8080-exec-10] DEBUG c.z.e.m.m.a.AdminMapper.selectById - ==> Parameters: 1(Integer)
2025-12-13 20:31:25.868 [http-nio-8080-exec-10] DEBUG c.z.e.m.m.a.AdminMapper.selectById - <==      Total: 1
2025-12-13 20:31:25.869 [http-nio-8080-exec-10] DEBUG c.z.e.m.m.a.A.findAdminInfoById - ==>  Preparing: select * from admin_admin left join admin_admin_role on admin_admin.admin_id = admin_admin_role.adminId left join admin_role on admin_admin_role.roleId = admin_role.role_id left join admin_role_permission on admin_role.role_id = admin_role.role_id left join admin_permission on admin_role_permission.permissionId = admin_permission.permission_id where admin_admin.admin_id = ? and admin_admin.deleted = 0
2025-12-13 20:31:25.870 [http-nio-8080-exec-10] DEBUG c.z.e.m.m.a.A.findAdminInfoById - ==> Parameters: 1(Integer)
2025-12-13 20:31:25.907 [http-nio-8080-exec-10] DEBUG c.z.e.m.m.a.A.findAdminInfoById - <==      Total: 1
2025-12-13 20:31:25.954 [http-nio-8080-exec-10] DEBUG c.z.e.m.m.a.I.selectList - ==>  Preparing: SELECT industryMap_industryCode,industryMap_industryName,industryMap_createdTime AS createdTime,industryMap_updatedTime AS updatedTime FROM general_industryMap
2025-12-13 20:31:25.954 [http-nio-8080-exec-10] DEBUG c.z.e.m.m.a.I.selectList - ==> Parameters: 
2025-12-13 20:31:25.990 [http-nio-8080-exec-10] DEBUG c.z.e.m.m.a.I.selectList - <==      Total: 2
2025-12-13 20:31:26.129 [http-nio-8080-exec-2] DEBUG c.z.e.m.m.a.AdminMapper.selectById - ==>  Preparing: SELECT admin_id,admin_account,admin_username,admin_email,admin_phone,admin_password,admin_image,admin_introduce,admin_state,admin_login_time,deleted FROM admin_admin WHERE admin_id=? AND deleted=0
2025-12-13 20:31:26.131 [http-nio-8080-exec-2] DEBUG c.z.e.m.m.a.AdminMapper.selectById - ==> Parameters: 1(Integer)
2025-12-13 20:31:26.170 [http-nio-8080-exec-2] DEBUG c.z.e.m.m.a.AdminMapper.selectById - <==      Total: 1
2025-12-13 20:31:26.172 [http-nio-8080-exec-2] DEBUG c.z.e.m.m.a.A.findAdminInfoById - ==>  Preparing: select * from admin_admin left join admin_admin_role on admin_admin.admin_id = admin_admin_role.adminId left join admin_role on admin_admin_role.roleId = admin_role.role_id left join admin_role_permission on admin_role.role_id = admin_role.role_id left join admin_permission on admin_role_permission.permissionId = admin_permission.permission_id where admin_admin.admin_id = ? and admin_admin.deleted = 0
2025-12-13 20:31:26.172 [http-nio-8080-exec-2] DEBUG c.z.e.m.m.a.A.findAdminInfoById - ==> Parameters: 1(Integer)
2025-12-13 20:31:26.211 [http-nio-8080-exec-2] DEBUG c.z.e.m.m.a.A.findAdminInfoById - <==      Total: 1
2025-12-13 20:31:26.257 [http-nio-8080-exec-2] DEBUG c.z.e.m.m.a.R.selectList - ==>  Preparing: SELECT resumeTemplate_id,resumeTemplate_name,resumeTemplate_reactCode,resumeTemplate_industry,resumeTemplate_isActive,resumeTemplate_createdTime,resumeTemplate_updatedTime,deleted FROM general_resumeTemplate WHERE deleted=0 AND (deleted = ?)
2025-12-13 20:31:26.258 [http-nio-8080-exec-2] DEBUG c.z.e.m.m.a.R.selectList - ==> Parameters: 0(Integer)
2025-12-13 20:31:29.851 [http-nio-8080-exec-1] DEBUG c.z.e.m.m.a.AdminMapper.selectById - ==>  Preparing: SELECT admin_id,admin_account,admin_username,admin_email,admin_phone,admin_password,admin_image,admin_introduce,admin_state,admin_login_time,deleted FROM admin_admin WHERE admin_id=? AND deleted=0
2025-12-13 20:31:29.852 [http-nio-8080-exec-1] DEBUG c.z.e.m.m.a.AdminMapper.selectById - ==> Parameters: 1(Integer)
2025-12-13 20:31:29.889 [http-nio-8080-exec-1] DEBUG c.z.e.m.m.a.AdminMapper.selectById - <==      Total: 1
2025-12-13 20:31:29.890 [http-nio-8080-exec-1] DEBUG c.z.e.m.m.a.A.findAdminInfoById - ==>  Preparing: select * from admin_admin left join admin_admin_role on admin_admin.admin_id = admin_admin_role.adminId left join admin_role on admin_admin_role.roleId = admin_role.role_id left join admin_role_permission on admin_role.role_id = admin_role.role_id left join admin_permission on admin_role_permission.permissionId = admin_permission.permission_id where admin_admin.admin_id = ? and admin_admin.deleted = 0
2025-12-13 20:31:29.891 [http-nio-8080-exec-1] DEBUG c.z.e.m.m.a.A.findAdminInfoById - ==> Parameters: 1(Integer)
2025-12-13 20:31:29.928 [http-nio-8080-exec-1] DEBUG c.z.e.m.m.a.A.findAdminInfoById - <==      Total: 1
2025-12-13 20:31:29.967 [http-nio-8080-exec-1] DEBUG c.z.e.m.m.a.I.selectList - ==>  Preparing: SELECT industryMap_industryCode,industryMap_industryName,industryMap_createdTime AS createdTime,industryMap_updatedTime AS updatedTime FROM general_industryMap
2025-12-13 20:31:29.967 [http-nio-8080-exec-1] DEBUG c.z.e.m.m.a.I.selectList - ==> Parameters: 
2025-12-13 20:31:30.004 [http-nio-8080-exec-1] DEBUG c.z.e.m.m.a.I.selectList - <==      Total: 2
2025-12-13 20:31:30.518 [http-nio-8080-exec-4] DEBUG c.z.e.m.m.a.AdminMapper.selectById - ==>  Preparing: SELECT admin_id,admin_account,admin_username,admin_email,admin_phone,admin_password,admin_image,admin_introduce,admin_state,admin_login_time,deleted FROM admin_admin WHERE admin_id=? AND deleted=0
2025-12-13 20:31:30.519 [http-nio-8080-exec-4] DEBUG c.z.e.m.m.a.AdminMapper.selectById - ==> Parameters: 1(Integer)
2025-12-13 20:31:30.558 [http-nio-8080-exec-4] DEBUG c.z.e.m.m.a.AdminMapper.selectById - <==      Total: 1
2025-12-13 20:31:30.560 [http-nio-8080-exec-4] DEBUG c.z.e.m.m.a.A.findAdminInfoById - ==>  Preparing: select * from admin_admin left join admin_admin_role on admin_admin.admin_id = admin_admin_role.adminId left join admin_role on admin_admin_role.roleId = admin_role.role_id left join admin_role_permission on admin_role.role_id = admin_role.role_id left join admin_permission on admin_role_permission.permissionId = admin_permission.permission_id where admin_admin.admin_id = ? and admin_admin.deleted = 0
2025-12-13 20:31:30.561 [http-nio-8080-exec-4] DEBUG c.z.e.m.m.a.A.findAdminInfoById - ==> Parameters: 1(Integer)
2025-12-13 20:31:30.599 [http-nio-8080-exec-4] DEBUG c.z.e.m.m.a.A.findAdminInfoById - <==      Total: 1
2025-12-13 20:31:30.675 [http-nio-8080-exec-4] DEBUG c.z.e.m.m.a.R.selectList - ==>  Preparing: SELECT resumeTemplate_id,resumeTemplate_name,resumeTemplate_reactCode,resumeTemplate_industry,resumeTemplate_isActive,resumeTemplate_createdTime,resumeTemplate_updatedTime,deleted FROM general_resumeTemplate WHERE deleted=0 AND (deleted = ?)
2025-12-13 20:31:30.677 [http-nio-8080-exec-4] DEBUG c.z.e.m.m.a.R.selectList - ==> Parameters: 0(Integer)
2025-12-13 20:31:35.946 [http-nio-8080-exec-3] DEBUG c.z.e.m.m.a.AdminMapper.selectById - ==>  Preparing: SELECT admin_id,admin_account,admin_username,admin_email,admin_phone,admin_password,admin_image,admin_introduce,admin_state,admin_login_time,deleted FROM admin_admin WHERE admin_id=? AND deleted=0
2025-12-13 20:31:35.947 [http-nio-8080-exec-3] DEBUG c.z.e.m.m.a.AdminMapper.selectById - ==> Parameters: 1(Integer)
2025-12-13 20:31:35.986 [http-nio-8080-exec-3] DEBUG c.z.e.m.m.a.AdminMapper.selectById - <==      Total: 1
2025-12-13 20:31:35.986 [http-nio-8080-exec-3] DEBUG c.z.e.m.m.a.A.findAdminInfoById - ==>  Preparing: select * from admin_admin left join admin_admin_role on admin_admin.admin_id = admin_admin_role.adminId left join admin_role on admin_admin_role.roleId = admin_role.role_id left join admin_role_permission on admin_role.role_id = admin_role.role_id left join admin_permission on admin_role_permission.permissionId = admin_permission.permission_id where admin_admin.admin_id = ? and admin_admin.deleted = 0
2025-12-13 20:31:35.986 [http-nio-8080-exec-3] DEBUG c.z.e.m.m.a.A.findAdminInfoById - ==> Parameters: 1(Integer)
2025-12-13 20:31:36.024 [http-nio-8080-exec-3] DEBUG c.z.e.m.m.a.A.findAdminInfoById - <==      Total: 1
2025-12-13 20:31:36.067 [http-nio-8080-exec-3] DEBUG c.z.e.m.m.a.R.queryRecruitPositionPage - ==>  Preparing: SELECT rp.recruitPosition_id AS recruitPositionId, rp.recruitPosition_name AS recruitPositionName, rp.recruitPosition_industryCode AS recruitPositionIndustryCode, -- 连表字段：行业名称（从行业映射表查询） gim.industryMap_industryName AS industryMapIndustryName, rp.recruitPosition_minMonthSalary AS recruitPositionMinMonthSalary, rp.recruitPosition_maxMonthSalary AS recruitPositionMaxMonthSalary, rp.recruitPosition_weekWorkDayNum AS recruitPositionWeekWorkDayNum, rp.recruitPosition_goodWelfare AS recruitPositionGoodWelfare, rp.recruitPosition_createdTime AS recruitPositionCreatedTime, rp.recruitPosition_updatedTime AS recruitPositionUpdatedTime FROM general_recruitPosition rp -- 招聘岗位表别名rp -- 连表：通用行业映射表（别名gim），LEFT JOIN避免行业编码无效时丢失岗位数据 LEFT JOIN general_industryMap gim ON rp.recruitPosition_industryCode = gim.industryMap_industryCode ORDER BY rp.recruitPosition_updatedTime DESC
2025-12-13 20:31:36.068 [http-nio-8080-exec-3] DEBUG c.z.e.m.m.a.R.queryRecruitPositionPage - ==> Parameters: 
2025-12-13 20:31:36.108 [http-nio-8080-exec-3] DEBUG c.z.e.m.m.a.R.queryRecruitPositionPage - <==      Total: 1
2025-12-13 20:31:36.253 [http-nio-8080-exec-6] DEBUG c.z.e.m.m.a.AdminMapper.selectById - ==>  Preparing: SELECT admin_id,admin_account,admin_username,admin_email,admin_phone,admin_password,admin_image,admin_introduce,admin_state,admin_login_time,deleted FROM admin_admin WHERE admin_id=? AND deleted=0
2025-12-13 20:31:36.254 [http-nio-8080-exec-6] DEBUG c.z.e.m.m.a.AdminMapper.selectById - ==> Parameters: 1(Integer)
2025-12-13 20:31:36.291 [http-nio-8080-exec-6] DEBUG c.z.e.m.m.a.AdminMapper.selectById - <==      Total: 1
2025-12-13 20:31:36.293 [http-nio-8080-exec-6] DEBUG c.z.e.m.m.a.A.findAdminInfoById - ==>  Preparing: select * from admin_admin left join admin_admin_role on admin_admin.admin_id = admin_admin_role.adminId left join admin_role on admin_admin_role.roleId = admin_role.role_id left join admin_role_permission on admin_role.role_id = admin_role.role_id left join admin_permission on admin_role_permission.permissionId = admin_permission.permission_id where admin_admin.admin_id = ? and admin_admin.deleted = 0
2025-12-13 20:31:36.293 [http-nio-8080-exec-6] DEBUG c.z.e.m.m.a.A.findAdminInfoById - ==> Parameters: 1(Integer)
2025-12-13 20:31:36.331 [http-nio-8080-exec-6] DEBUG c.z.e.m.m.a.A.findAdminInfoById - <==      Total: 1
2025-12-13 20:31:36.375 [http-nio-8080-exec-6] DEBUG c.z.e.m.m.a.I.selectList - ==>  Preparing: SELECT industryMap_industryCode,industryMap_industryName,industryMap_createdTime AS createdTime,industryMap_updatedTime AS updatedTime FROM general_industryMap
2025-12-13 20:31:36.376 [http-nio-8080-exec-6] DEBUG c.z.e.m.m.a.I.selectList - ==> Parameters: 
2025-12-13 20:31:36.412 [http-nio-8080-exec-6] DEBUG c.z.e.m.m.a.I.selectList - <==      Total: 2
2025-12-13 20:37:30.145 [http-nio-8080-exec-7] DEBUG c.z.e.m.m.a.AdminMapper.selectById - ==>  Preparing: SELECT admin_id,admin_account,admin_username,admin_email,admin_phone,admin_password,admin_image,admin_introduce,admin_state,admin_login_time,deleted FROM admin_admin WHERE admin_id=? AND deleted=0
2025-12-13 20:37:30.145 [http-nio-8080-exec-5] DEBUG c.z.e.m.m.a.AdminMapper.selectById - ==>  Preparing: SELECT admin_id,admin_account,admin_username,admin_email,admin_phone,admin_password,admin_image,admin_introduce,admin_state,admin_login_time,deleted FROM admin_admin WHERE admin_id=? AND deleted=0
2025-12-13 20:37:30.146 [http-nio-8080-exec-5] DEBUG c.z.e.m.m.a.AdminMapper.selectById - ==> Parameters: 1(Integer)
2025-12-13 20:37:30.146 [http-nio-8080-exec-7] DEBUG c.z.e.m.m.a.AdminMapper.selectById - ==> Parameters: 1(Integer)
2025-12-13 20:37:30.185 [http-nio-8080-exec-5] DEBUG c.z.e.m.m.a.AdminMapper.selectById - <==      Total: 1
2025-12-13 20:37:30.187 [http-nio-8080-exec-7] DEBUG c.z.e.m.m.a.AdminMapper.selectById - <==      Total: 1
2025-12-13 20:37:30.188 [http-nio-8080-exec-5] DEBUG c.z.e.m.m.a.A.findAdminInfoById - ==>  Preparing: select * from admin_admin left join admin_admin_role on admin_admin.admin_id = admin_admin_role.adminId left join admin_role on admin_admin_role.roleId = admin_role.role_id left join admin_role_permission on admin_role.role_id = admin_role.role_id left join admin_permission on admin_role_permission.permissionId = admin_permission.permission_id where admin_admin.admin_id = ? and admin_admin.deleted = 0
2025-12-13 20:37:30.188 [http-nio-8080-exec-7] DEBUG c.z.e.m.m.a.A.findAdminInfoById - ==>  Preparing: select * from admin_admin left join admin_admin_role on admin_admin.admin_id = admin_admin_role.adminId left join admin_role on admin_admin_role.roleId = admin_role.role_id left join admin_role_permission on admin_role.role_id = admin_role.role_id left join admin_permission on admin_role_permission.permissionId = admin_permission.permission_id where admin_admin.admin_id = ? and admin_admin.deleted = 0
2025-12-13 20:37:30.189 [http-nio-8080-exec-5] DEBUG c.z.e.m.m.a.A.findAdminInfoById - ==> Parameters: 1(Integer)
2025-12-13 20:37:30.189 [http-nio-8080-exec-7] DEBUG c.z.e.m.m.a.A.findAdminInfoById - ==> Parameters: 1(Integer)
2025-12-13 20:37:30.230 [http-nio-8080-exec-5] DEBUG c.z.e.m.m.a.A.findAdminInfoById - <==      Total: 1
2025-12-13 20:37:30.230 [http-nio-8080-exec-7] DEBUG c.z.e.m.m.a.A.findAdminInfoById - <==      Total: 1
2025-12-13 20:37:30.268 [http-nio-8080-exec-7] DEBUG c.z.e.m.m.a.I.selectList - ==>  Preparing: SELECT industryMap_industryCode,industryMap_industryName,industryMap_createdTime AS createdTime,industryMap_updatedTime AS updatedTime FROM general_industryMap
2025-12-13 20:37:30.269 [http-nio-8080-exec-7] DEBUG c.z.e.m.m.a.I.selectList - ==> Parameters: 
2025-12-13 20:37:30.277 [http-nio-8080-exec-5] DEBUG c.z.e.m.m.a.R.queryRecruitPositionPage - ==>  Preparing: SELECT rp.recruitPosition_id AS recruitPositionId, rp.recruitPosition_name AS recruitPositionName, rp.recruitPosition_industryCode AS recruitPositionIndustryCode, -- 连表字段：行业名称（从行业映射表查询） gim.industryMap_industryName AS industryMapIndustryName, rp.recruitPosition_minMonthSalary AS recruitPositionMinMonthSalary, rp.recruitPosition_maxMonthSalary AS recruitPositionMaxMonthSalary, rp.recruitPosition_weekWorkDayNum AS recruitPositionWeekWorkDayNum, rp.recruitPosition_goodWelfare AS recruitPositionGoodWelfare, rp.recruitPosition_createdTime AS recruitPositionCreatedTime, rp.recruitPosition_updatedTime AS recruitPositionUpdatedTime FROM general_recruitPosition rp -- 招聘岗位表别名rp -- 连表：通用行业映射表（别名gim），LEFT JOIN避免行业编码无效时丢失岗位数据 LEFT JOIN general_industryMap gim ON rp.recruitPosition_industryCode = gim.industryMap_industryCode ORDER BY rp.recruitPosition_updatedTime DESC
2025-12-13 20:37:30.278 [http-nio-8080-exec-5] DEBUG c.z.e.m.m.a.R.queryRecruitPositionPage - ==> Parameters: 
2025-12-13 20:37:30.309 [http-nio-8080-exec-7] DEBUG c.z.e.m.m.a.I.selectList - <==      Total: 2
2025-12-13 20:37:30.316 [http-nio-8080-exec-5] DEBUG c.z.e.m.m.a.R.queryRecruitPositionPage - <==      Total: 1
2025-12-13 20:37:32.308 [http-nio-8080-exec-8] DEBUG c.z.e.m.m.a.AdminMapper.selectById - ==>  Preparing: SELECT admin_id,admin_account,admin_username,admin_email,admin_phone,admin_password,admin_image,admin_introduce,admin_state,admin_login_time,deleted FROM admin_admin WHERE admin_id=? AND deleted=0
2025-12-13 20:37:32.309 [http-nio-8080-exec-8] DEBUG c.z.e.m.m.a.AdminMapper.selectById - ==> Parameters: 1(Integer)
2025-12-13 20:37:32.346 [http-nio-8080-exec-8] DEBUG c.z.e.m.m.a.AdminMapper.selectById - <==      Total: 1
2025-12-13 20:37:32.347 [http-nio-8080-exec-8] DEBUG c.z.e.m.m.a.A.findAdminInfoById - ==>  Preparing: select * from admin_admin left join admin_admin_role on admin_admin.admin_id = admin_admin_role.adminId left join admin_role on admin_admin_role.roleId = admin_role.role_id left join admin_role_permission on admin_role.role_id = admin_role.role_id left join admin_permission on admin_role_permission.permissionId = admin_permission.permission_id where admin_admin.admin_id = ? and admin_admin.deleted = 0
2025-12-13 20:37:32.348 [http-nio-8080-exec-8] DEBUG c.z.e.m.m.a.A.findAdminInfoById - ==> Parameters: 1(Integer)
2025-12-13 20:37:32.385 [http-nio-8080-exec-8] DEBUG c.z.e.m.m.a.A.findAdminInfoById - <==      Total: 1
2025-12-13 20:37:32.422 [http-nio-8080-exec-8] DEBUG c.z.e.m.m.a.R.findRecruitPositionInfoById - ==>  Preparing: select * from general_recruitPosition left join general_industryMap on general_recruitPosition.recruitPosition_industryCode = general_industryMap.industryMap_industryCode where general_recruitPosition.recruitPosition_industryCode = ?
2025-12-13 20:37:32.423 [http-nio-8080-exec-8] DEBUG c.z.e.m.m.a.R.findRecruitPositionInfoById - ==> Parameters: 1(Integer)
2025-12-13 20:37:32.459 [http-nio-8080-exec-8] DEBUG c.z.e.m.m.a.R.findRecruitPositionInfoById - <==      Total: 0
2025-12-13 20:37:34.979 [http-nio-8080-exec-9] DEBUG c.z.e.m.m.a.AdminMapper.selectById - ==>  Preparing: SELECT admin_id,admin_account,admin_username,admin_email,admin_phone,admin_password,admin_image,admin_introduce,admin_state,admin_login_time,deleted FROM admin_admin WHERE admin_id=? AND deleted=0
2025-12-13 20:37:34.980 [http-nio-8080-exec-9] DEBUG c.z.e.m.m.a.AdminMapper.selectById - ==> Parameters: 1(Integer)
2025-12-13 20:37:35.031 [http-nio-8080-exec-9] DEBUG c.z.e.m.m.a.AdminMapper.selectById - <==      Total: 1
2025-12-13 20:37:35.032 [http-nio-8080-exec-9] DEBUG c.z.e.m.m.a.A.findAdminInfoById - ==>  Preparing: select * from admin_admin left join admin_admin_role on admin_admin.admin_id = admin_admin_role.adminId left join admin_role on admin_admin_role.roleId = admin_role.role_id left join admin_role_permission on admin_role.role_id = admin_role.role_id left join admin_permission on admin_role_permission.permissionId = admin_permission.permission_id where admin_admin.admin_id = ? and admin_admin.deleted = 0
2025-12-13 20:37:35.032 [http-nio-8080-exec-9] DEBUG c.z.e.m.m.a.A.findAdminInfoById - ==> Parameters: 1(Integer)
2025-12-13 20:37:35.070 [http-nio-8080-exec-9] DEBUG c.z.e.m.m.a.A.findAdminInfoById - <==      Total: 1
2025-12-13 20:37:35.107 [http-nio-8080-exec-9] DEBUG c.z.e.m.m.a.R.findRecruitPositionInfoById - ==>  Preparing: select * from general_recruitPosition left join general_industryMap on general_recruitPosition.recruitPosition_industryCode = general_industryMap.industryMap_industryCode where general_recruitPosition.recruitPosition_industryCode = ?
2025-12-13 20:37:35.108 [http-nio-8080-exec-9] DEBUG c.z.e.m.m.a.R.findRecruitPositionInfoById - ==> Parameters: 1(Integer)
2025-12-13 20:37:35.143 [http-nio-8080-exec-9] DEBUG c.z.e.m.m.a.R.findRecruitPositionInfoById - <==      Total: 0
2025-12-13 20:37:56.215 [http-nio-8080-exec-10] DEBUG c.z.e.m.m.a.AdminMapper.selectById - ==>  Preparing: SELECT admin_id,admin_account,admin_username,admin_email,admin_phone,admin_password,admin_image,admin_introduce,admin_state,admin_login_time,deleted FROM admin_admin WHERE admin_id=? AND deleted=0
2025-12-13 20:37:56.216 [http-nio-8080-exec-10] DEBUG c.z.e.m.m.a.AdminMapper.selectById - ==> Parameters: 1(Integer)
2025-12-13 20:37:56.243 [http-nio-8080-exec-2] DEBUG c.z.e.m.m.a.AdminMapper.selectById - ==>  Preparing: SELECT admin_id,admin_account,admin_username,admin_email,admin_phone,admin_password,admin_image,admin_introduce,admin_state,admin_login_time,deleted FROM admin_admin WHERE admin_id=? AND deleted=0
2025-12-13 20:37:56.244 [http-nio-8080-exec-2] DEBUG c.z.e.m.m.a.AdminMapper.selectById - ==> Parameters: 1(Integer)
2025-12-13 20:37:56.252 [http-nio-8080-exec-10] DEBUG c.z.e.m.m.a.AdminMapper.selectById - <==      Total: 1
2025-12-13 20:37:56.253 [http-nio-8080-exec-10] DEBUG c.z.e.m.m.a.A.findAdminInfoById - ==>  Preparing: select * from admin_admin left join admin_admin_role on admin_admin.admin_id = admin_admin_role.adminId left join admin_role on admin_admin_role.roleId = admin_role.role_id left join admin_role_permission on admin_role.role_id = admin_role.role_id left join admin_permission on admin_role_permission.permissionId = admin_permission.permission_id where admin_admin.admin_id = ? and admin_admin.deleted = 0
2025-12-13 20:37:56.253 [http-nio-8080-exec-10] DEBUG c.z.e.m.m.a.A.findAdminInfoById - ==> Parameters: 1(Integer)
2025-12-13 20:37:56.280 [http-nio-8080-exec-2] DEBUG c.z.e.m.m.a.AdminMapper.selectById - <==      Total: 1
2025-12-13 20:37:56.282 [http-nio-8080-exec-2] DEBUG c.z.e.m.m.a.A.findAdminInfoById - ==>  Preparing: select * from admin_admin left join admin_admin_role on admin_admin.admin_id = admin_admin_role.adminId left join admin_role on admin_admin_role.roleId = admin_role.role_id left join admin_role_permission on admin_role.role_id = admin_role.role_id left join admin_permission on admin_role_permission.permissionId = admin_permission.permission_id where admin_admin.admin_id = ? and admin_admin.deleted = 0
2025-12-13 20:37:56.282 [http-nio-8080-exec-2] DEBUG c.z.e.m.m.a.A.findAdminInfoById - ==> Parameters: 1(Integer)
2025-12-13 20:37:56.290 [http-nio-8080-exec-10] DEBUG c.z.e.m.m.a.A.findAdminInfoById - <==      Total: 1
2025-12-13 20:37:56.322 [http-nio-8080-exec-2] DEBUG c.z.e.m.m.a.A.findAdminInfoById - <==      Total: 1
2025-12-13 20:37:56.360 [http-nio-8080-exec-10] DEBUG c.z.e.m.m.a.R.queryRecruitPositionPage - ==>  Preparing: SELECT rp.recruitPosition_id AS recruitPositionId, rp.recruitPosition_name AS recruitPositionName, rp.recruitPosition_industryCode AS recruitPositionIndustryCode, -- 连表字段：行业名称（从行业映射表查询） gim.industryMap_industryName AS industryMapIndustryName, rp.recruitPosition_minMonthSalary AS recruitPositionMinMonthSalary, rp.recruitPosition_maxMonthSalary AS recruitPositionMaxMonthSalary, rp.recruitPosition_weekWorkDayNum AS recruitPositionWeekWorkDayNum, rp.recruitPosition_goodWelfare AS recruitPositionGoodWelfare, rp.recruitPosition_createdTime AS recruitPositionCreatedTime, rp.recruitPosition_updatedTime AS recruitPositionUpdatedTime FROM general_recruitPosition rp -- 招聘岗位表别名rp -- 连表：通用行业映射表（别名gim），LEFT JOIN避免行业编码无效时丢失岗位数据 LEFT JOIN general_industryMap gim ON rp.recruitPosition_industryCode = gim.industryMap_industryCode ORDER BY rp.recruitPosition_updatedTime DESC
2025-12-13 20:37:56.361 [http-nio-8080-exec-10] DEBUG c.z.e.m.m.a.R.queryRecruitPositionPage - ==> Parameters: 
2025-12-13 20:37:56.369 [http-nio-8080-exec-2] DEBUG c.z.e.m.m.a.I.selectList - ==>  Preparing: SELECT industryMap_industryCode,industryMap_industryName,industryMap_createdTime AS createdTime,industryMap_updatedTime AS updatedTime FROM general_industryMap
2025-12-13 20:37:56.369 [http-nio-8080-exec-2] DEBUG c.z.e.m.m.a.I.selectList - ==> Parameters: 
2025-12-13 20:37:56.397 [http-nio-8080-exec-10] DEBUG c.z.e.m.m.a.R.queryRecruitPositionPage - <==      Total: 1
2025-12-13 20:37:56.407 [http-nio-8080-exec-2] DEBUG c.z.e.m.m.a.I.selectList - <==      Total: 2
2025-12-13 20:38:27.949 [http-nio-8080-exec-1] DEBUG c.z.e.m.m.a.AdminMapper.selectById - ==>  Preparing: SELECT admin_id,admin_account,admin_username,admin_email,admin_phone,admin_password,admin_image,admin_introduce,admin_state,admin_login_time,deleted FROM admin_admin WHERE admin_id=? AND deleted=0
2025-12-13 20:38:27.950 [http-nio-8080-exec-1] DEBUG c.z.e.m.m.a.AdminMapper.selectById - ==> Parameters: 1(Integer)
2025-12-13 20:38:27.989 [http-nio-8080-exec-1] DEBUG c.z.e.m.m.a.AdminMapper.selectById - <==      Total: 1
2025-12-13 20:38:27.990 [http-nio-8080-exec-1] DEBUG c.z.e.m.m.a.A.findAdminInfoById - ==>  Preparing: select * from admin_admin left join admin_admin_role on admin_admin.admin_id = admin_admin_role.adminId left join admin_role on admin_admin_role.roleId = admin_role.role_id left join admin_role_permission on admin_role.role_id = admin_role.role_id left join admin_permission on admin_role_permission.permissionId = admin_permission.permission_id where admin_admin.admin_id = ? and admin_admin.deleted = 0
2025-12-13 20:38:27.990 [http-nio-8080-exec-1] DEBUG c.z.e.m.m.a.A.findAdminInfoById - ==> Parameters: 1(Integer)
2025-12-13 20:38:28.045 [http-nio-8080-exec-1] DEBUG c.z.e.m.m.a.A.findAdminInfoById - <==      Total: 1
2025-12-13 20:38:28.127 [http-nio-8080-exec-1] DEBUG c.z.e.m.m.a.I.selectList - ==>  Preparing: SELECT industryMap_industryCode,industryMap_industryName,industryMap_createdTime AS createdTime,industryMap_updatedTime AS updatedTime FROM general_industryMap
2025-12-13 20:38:28.128 [http-nio-8080-exec-1] DEBUG c.z.e.m.m.a.I.selectList - ==> Parameters: 
2025-12-13 20:38:28.165 [http-nio-8080-exec-1] DEBUG c.z.e.m.m.a.I.selectList - <==      Total: 2
2025-12-13 20:38:32.366 [http-nio-8080-exec-4] DEBUG c.z.e.m.m.a.AdminMapper.selectById - ==>  Preparing: SELECT admin_id,admin_account,admin_username,admin_email,admin_phone,admin_password,admin_image,admin_introduce,admin_state,admin_login_time,deleted FROM admin_admin WHERE admin_id=? AND deleted=0
2025-12-13 20:38:32.368 [http-nio-8080-exec-4] DEBUG c.z.e.m.m.a.AdminMapper.selectById - ==> Parameters: 1(Integer)
2025-12-13 20:38:32.407 [http-nio-8080-exec-4] DEBUG c.z.e.m.m.a.AdminMapper.selectById - <==      Total: 1
2025-12-13 20:38:32.444 [http-nio-8080-exec-4] DEBUG c.z.e.m.m.a.A.findAdminInfoById - ==>  Preparing: select * from admin_admin left join admin_admin_role on admin_admin.admin_id = admin_admin_role.adminId left join admin_role on admin_admin_role.roleId = admin_role.role_id left join admin_role_permission on admin_role.role_id = admin_role.role_id left join admin_permission on admin_role_permission.permissionId = admin_permission.permission_id where admin_admin.admin_id = ? and admin_admin.deleted = 0
2025-12-13 20:38:32.444 [http-nio-8080-exec-4] DEBUG c.z.e.m.m.a.A.findAdminInfoById - ==> Parameters: 1(Integer)
2025-12-13 20:38:32.508 [http-nio-8080-exec-4] DEBUG c.z.e.m.m.a.A.findAdminInfoById - <==      Total: 1
2025-12-13 20:38:32.568 [http-nio-8080-exec-4] DEBUG c.z.e.m.m.a.I.selectList - ==>  Preparing: SELECT industryMap_industryCode,industryMap_industryName,industryMap_createdTime AS createdTime,industryMap_updatedTime AS updatedTime FROM general_industryMap
2025-12-13 20:38:32.569 [http-nio-8080-exec-4] DEBUG c.z.e.m.m.a.I.selectList - ==> Parameters: 
2025-12-13 20:38:32.606 [http-nio-8080-exec-4] DEBUG c.z.e.m.m.a.I.selectList - <==      Total: 2
2025-12-13 20:38:32.866 [http-nio-8080-exec-3] DEBUG c.z.e.m.m.a.AdminMapper.selectById - ==>  Preparing: SELECT admin_id,admin_account,admin_username,admin_email,admin_phone,admin_password,admin_image,admin_introduce,admin_state,admin_login_time,deleted FROM admin_admin WHERE admin_id=? AND deleted=0
2025-12-13 20:38:32.866 [http-nio-8080-exec-3] DEBUG c.z.e.m.m.a.AdminMapper.selectById - ==> Parameters: 1(Integer)
2025-12-13 20:38:51.195 [http-nio-8080-exec-3] DEBUG c.z.e.m.m.a.AdminMapper.selectById - <==      Total: 1
2025-12-13 20:38:51.196 [http-nio-8080-exec-3] DEBUG c.z.e.m.m.a.A.findAdminInfoById - ==>  Preparing: select * from admin_admin left join admin_admin_role on admin_admin.admin_id = admin_admin_role.adminId left join admin_role on admin_admin_role.roleId = admin_role.role_id left join admin_role_permission on admin_role.role_id = admin_role.role_id left join admin_permission on admin_role_permission.permissionId = admin_permission.permission_id where admin_admin.admin_id = ? and admin_admin.deleted = 0
2025-12-13 20:38:51.230 [http-nio-8080-exec-3] DEBUG c.z.e.m.m.a.A.findAdminInfoById - ==> Parameters: 1(Integer)
2025-12-13 20:38:51.270 [http-nio-8080-exec-3] DEBUG c.z.e.m.m.a.A.findAdminInfoById - <==      Total: 1
2025-12-13 20:38:51.338 [http-nio-8080-exec-6] DEBUG c.z.e.m.m.a.AdminMapper.selectById - ==>  Preparing: SELECT admin_id,admin_account,admin_username,admin_email,admin_phone,admin_password,admin_image,admin_introduce,admin_state,admin_login_time,deleted FROM admin_admin WHERE admin_id=? AND deleted=0
2025-12-13 20:38:51.339 [http-nio-8080-exec-6] DEBUG c.z.e.m.m.a.AdminMapper.selectById - ==> Parameters: 1(Integer)
2025-12-13 20:38:51.364 [http-nio-8080-exec-3] DEBUG c.z.e.m.m.a.R.selectList - ==>  Preparing: SELECT resumeTemplate_id,resumeTemplate_name,resumeTemplate_reactCode,resumeTemplate_industry,resumeTemplate_isActive,resumeTemplate_createdTime,resumeTemplate_updatedTime,deleted FROM general_resumeTemplate WHERE deleted=0 AND (deleted = ?)
2025-12-13 20:38:51.372 [http-nio-8080-exec-7] DEBUG c.z.e.m.m.a.AdminMapper.selectById - ==>  Preparing: SELECT admin_id,admin_account,admin_username,admin_email,admin_phone,admin_password,admin_image,admin_introduce,admin_state,admin_login_time,deleted FROM admin_admin WHERE admin_id=? AND deleted=0
2025-12-13 20:38:51.373 [http-nio-8080-exec-7] DEBUG c.z.e.m.m.a.AdminMapper.selectById - ==> Parameters: 1(Integer)
2025-12-13 20:38:51.376 [http-nio-8080-exec-6] DEBUG c.z.e.m.m.a.AdminMapper.selectById - <==      Total: 1
2025-12-13 20:38:51.380 [http-nio-8080-exec-6] DEBUG c.z.e.m.m.a.A.findAdminInfoById - ==>  Preparing: select * from admin_admin left join admin_admin_role on admin_admin.admin_id = admin_admin_role.adminId left join admin_role on admin_admin_role.roleId = admin_role.role_id left join admin_role_permission on admin_role.role_id = admin_role.role_id left join admin_permission on admin_role_permission.permissionId = admin_permission.permission_id where admin_admin.admin_id = ? and admin_admin.deleted = 0
2025-12-13 20:38:51.389 [http-nio-8080-exec-6] DEBUG c.z.e.m.m.a.A.findAdminInfoById - ==> Parameters: 1(Integer)
2025-12-13 20:38:51.390 [http-nio-8080-exec-3] DEBUG c.z.e.m.m.a.R.selectList - ==> Parameters: 0(Integer)
2025-12-13 20:38:51.422 [http-nio-8080-exec-7] DEBUG c.z.e.m.m.a.AdminMapper.selectById - <==      Total: 1
2025-12-13 20:38:51.424 [http-nio-8080-exec-7] DEBUG c.z.e.m.m.a.A.findAdminInfoById - ==>  Preparing: select * from admin_admin left join admin_admin_role on admin_admin.admin_id = admin_admin_role.adminId left join admin_role on admin_admin_role.roleId = admin_role.role_id left join admin_role_permission on admin_role.role_id = admin_role.role_id left join admin_permission on admin_role_permission.permissionId = admin_permission.permission_id where admin_admin.admin_id = ? and admin_admin.deleted = 0
2025-12-13 20:38:51.440 [http-nio-8080-exec-7] DEBUG c.z.e.m.m.a.A.findAdminInfoById - ==> Parameters: 1(Integer)
2025-12-13 20:38:51.469 [http-nio-8080-exec-6] DEBUG c.z.e.m.m.a.A.findAdminInfoById - <==      Total: 1
2025-12-13 20:38:51.496 [http-nio-8080-exec-7] DEBUG c.z.e.m.m.a.A.findAdminInfoById - <==      Total: 1
2025-12-13 20:38:51.546 [http-nio-8080-exec-7] DEBUG c.z.e.m.m.a.I.selectList - ==>  Preparing: SELECT industryMap_industryCode,industryMap_industryName,industryMap_createdTime AS createdTime,industryMap_updatedTime AS updatedTime FROM general_industryMap
2025-12-13 20:38:51.546 [http-nio-8080-exec-7] DEBUG c.z.e.m.m.a.I.selectList - ==> Parameters: 
2025-12-13 20:38:51.546 [http-nio-8080-exec-6] DEBUG c.z.e.m.m.a.R.queryRecruitPositionPage - ==>  Preparing: SELECT rp.recruitPosition_id AS recruitPositionId, rp.recruitPosition_name AS recruitPositionName, rp.recruitPosition_industryCode AS recruitPositionIndustryCode, -- 连表字段：行业名称（从行业映射表查询） gim.industryMap_industryName AS industryMapIndustryName, rp.recruitPosition_minMonthSalary AS recruitPositionMinMonthSalary, rp.recruitPosition_maxMonthSalary AS recruitPositionMaxMonthSalary, rp.recruitPosition_weekWorkDayNum AS recruitPositionWeekWorkDayNum, rp.recruitPosition_goodWelfare AS recruitPositionGoodWelfare, rp.recruitPosition_createdTime AS recruitPositionCreatedTime, rp.recruitPosition_updatedTime AS recruitPositionUpdatedTime FROM general_recruitPosition rp -- 招聘岗位表别名rp -- 连表：通用行业映射表（别名gim），LEFT JOIN避免行业编码无效时丢失岗位数据 LEFT JOIN general_industryMap gim ON rp.recruitPosition_industryCode = gim.industryMap_industryCode ORDER BY rp.recruitPosition_updatedTime DESC
2025-12-13 20:38:51.548 [http-nio-8080-exec-6] DEBUG c.z.e.m.m.a.R.queryRecruitPositionPage - ==> Parameters: 
2025-12-13 20:38:51.587 [http-nio-8080-exec-7] DEBUG c.z.e.m.m.a.I.selectList - <==      Total: 2
2025-12-13 20:38:51.595 [http-nio-8080-exec-6] DEBUG c.z.e.m.m.a.R.queryRecruitPositionPage - <==      Total: 1
2025-12-13 20:41:02.888 [http-nio-8080-exec-8] DEBUG c.z.e.m.m.a.AdminMapper.selectById - ==>  Preparing: SELECT admin_id,admin_account,admin_username,admin_email,admin_phone,admin_password,admin_image,admin_introduce,admin_state,admin_login_time,deleted FROM admin_admin WHERE admin_id=? AND deleted=0
2025-12-13 20:41:02.889 [http-nio-8080-exec-8] DEBUG c.z.e.m.m.a.AdminMapper.selectById - ==> Parameters: 1(Integer)
2025-12-13 20:41:02.894 [http-nio-8080-exec-5] DEBUG c.z.e.m.m.a.AdminMapper.selectById - ==>  Preparing: SELECT admin_id,admin_account,admin_username,admin_email,admin_phone,admin_password,admin_image,admin_introduce,admin_state,admin_login_time,deleted FROM admin_admin WHERE admin_id=? AND deleted=0
2025-12-13 20:41:02.895 [http-nio-8080-exec-5] DEBUG c.z.e.m.m.a.AdminMapper.selectById - ==> Parameters: 1(Integer)
2025-12-13 20:41:02.925 [http-nio-8080-exec-8] DEBUG c.z.e.m.m.a.AdminMapper.selectById - <==      Total: 1
2025-12-13 20:41:02.927 [http-nio-8080-exec-8] DEBUG c.z.e.m.m.a.A.findAdminInfoById - ==>  Preparing: select * from admin_admin left join admin_admin_role on admin_admin.admin_id = admin_admin_role.adminId left join admin_role on admin_admin_role.roleId = admin_role.role_id left join admin_role_permission on admin_role.role_id = admin_role.role_id left join admin_permission on admin_role_permission.permissionId = admin_permission.permission_id where admin_admin.admin_id = ? and admin_admin.deleted = 0
2025-12-13 20:41:02.928 [http-nio-8080-exec-8] DEBUG c.z.e.m.m.a.A.findAdminInfoById - ==> Parameters: 1(Integer)
2025-12-13 20:41:02.931 [http-nio-8080-exec-5] DEBUG c.z.e.m.m.a.AdminMapper.selectById - <==      Total: 1
2025-12-13 20:41:02.933 [http-nio-8080-exec-5] DEBUG c.z.e.m.m.a.A.findAdminInfoById - ==>  Preparing: select * from admin_admin left join admin_admin_role on admin_admin.admin_id = admin_admin_role.adminId left join admin_role on admin_admin_role.roleId = admin_role.role_id left join admin_role_permission on admin_role.role_id = admin_role.role_id left join admin_permission on admin_role_permission.permissionId = admin_permission.permission_id where admin_admin.admin_id = ? and admin_admin.deleted = 0
2025-12-13 20:41:02.934 [http-nio-8080-exec-5] DEBUG c.z.e.m.m.a.A.findAdminInfoById - ==> Parameters: 1(Integer)
2025-12-13 20:41:02.967 [http-nio-8080-exec-8] DEBUG c.z.e.m.m.a.A.findAdminInfoById - <==      Total: 1
2025-12-13 20:41:02.973 [http-nio-8080-exec-5] DEBUG c.z.e.m.m.a.A.findAdminInfoById - <==      Total: 1
2025-12-13 20:41:03.013 [http-nio-8080-exec-5] DEBUG c.z.e.m.m.a.I.selectList - ==>  Preparing: SELECT industryMap_industryCode,industryMap_industryName,industryMap_createdTime AS createdTime,industryMap_updatedTime AS updatedTime FROM general_industryMap
2025-12-13 20:41:03.013 [http-nio-8080-exec-5] DEBUG c.z.e.m.m.a.I.selectList - ==> Parameters: 
2025-12-13 20:41:03.015 [http-nio-8080-exec-8] DEBUG c.z.e.m.m.a.R.queryRecruitPositionPage - ==>  Preparing: SELECT rp.recruitPosition_id AS recruitPositionId, rp.recruitPosition_name AS recruitPositionName, rp.recruitPosition_industryCode AS recruitPositionIndustryCode, -- 连表字段：行业名称（从行业映射表查询） gim.industryMap_industryName AS industryMapIndustryName, rp.recruitPosition_minMonthSalary AS recruitPositionMinMonthSalary, rp.recruitPosition_maxMonthSalary AS recruitPositionMaxMonthSalary, rp.recruitPosition_weekWorkDayNum AS recruitPositionWeekWorkDayNum, rp.recruitPosition_goodWelfare AS recruitPositionGoodWelfare, rp.recruitPosition_createdTime AS recruitPositionCreatedTime, rp.recruitPosition_updatedTime AS recruitPositionUpdatedTime FROM general_recruitPosition rp -- 招聘岗位表别名rp -- 连表：通用行业映射表（别名gim），LEFT JOIN避免行业编码无效时丢失岗位数据 LEFT JOIN general_industryMap gim ON rp.recruitPosition_industryCode = gim.industryMap_industryCode ORDER BY rp.recruitPosition_updatedTime DESC
2025-12-13 20:41:03.015 [http-nio-8080-exec-8] DEBUG c.z.e.m.m.a.R.queryRecruitPositionPage - ==> Parameters: 
2025-12-13 20:41:03.050 [http-nio-8080-exec-5] DEBUG c.z.e.m.m.a.I.selectList - <==      Total: 2
2025-12-13 20:41:03.052 [http-nio-8080-exec-8] DEBUG c.z.e.m.m.a.R.queryRecruitPositionPage - <==      Total: 1
2025-12-13 20:41:16.530 [http-nio-8080-exec-9] DEBUG c.z.e.m.m.a.AdminMapper.selectById - ==>  Preparing: SELECT admin_id,admin_account,admin_username,admin_email,admin_phone,admin_password,admin_image,admin_introduce,admin_state,admin_login_time,deleted FROM admin_admin WHERE admin_id=? AND deleted=0
2025-12-13 20:41:16.531 [http-nio-8080-exec-9] DEBUG c.z.e.m.m.a.AdminMapper.selectById - ==> Parameters: 1(Integer)
2025-12-13 20:41:16.568 [http-nio-8080-exec-9] DEBUG c.z.e.m.m.a.AdminMapper.selectById - <==      Total: 1
2025-12-13 20:41:16.569 [http-nio-8080-exec-9] DEBUG c.z.e.m.m.a.A.findAdminInfoById - ==>  Preparing: select * from admin_admin left join admin_admin_role on admin_admin.admin_id = admin_admin_role.adminId left join admin_role on admin_admin_role.roleId = admin_role.role_id left join admin_role_permission on admin_role.role_id = admin_role.role_id left join admin_permission on admin_role_permission.permissionId = admin_permission.permission_id where admin_admin.admin_id = ? and admin_admin.deleted = 0
2025-12-13 20:41:16.569 [http-nio-8080-exec-9] DEBUG c.z.e.m.m.a.A.findAdminInfoById - ==> Parameters: 1(Integer)
2025-12-13 20:41:16.609 [http-nio-8080-exec-9] DEBUG c.z.e.m.m.a.A.findAdminInfoById - <==      Total: 1
2025-12-13 20:41:16.652 [http-nio-8080-exec-9] DEBUG c.z.e.m.m.a.R.queryRecruitPositionPage - ==>  Preparing: SELECT rp.recruitPosition_id AS recruitPositionId, rp.recruitPosition_name AS recruitPositionName, rp.recruitPosition_industryCode AS recruitPositionIndustryCode, -- 连表字段：行业名称（从行业映射表查询） gim.industryMap_industryName AS industryMapIndustryName, rp.recruitPosition_minMonthSalary AS recruitPositionMinMonthSalary, rp.recruitPosition_maxMonthSalary AS recruitPositionMaxMonthSalary, rp.recruitPosition_weekWorkDayNum AS recruitPositionWeekWorkDayNum, rp.recruitPosition_goodWelfare AS recruitPositionGoodWelfare, rp.recruitPosition_createdTime AS recruitPositionCreatedTime, rp.recruitPosition_updatedTime AS recruitPositionUpdatedTime FROM general_recruitPosition rp -- 招聘岗位表别名rp -- 连表：通用行业映射表（别名gim），LEFT JOIN避免行业编码无效时丢失岗位数据 LEFT JOIN general_industryMap gim ON rp.recruitPosition_industryCode = gim.industryMap_industryCode ORDER BY rp.recruitPosition_updatedTime DESC
2025-12-13 20:41:16.653 [http-nio-8080-exec-9] DEBUG c.z.e.m.m.a.R.queryRecruitPositionPage - ==> Parameters: 
2025-12-13 20:41:16.690 [http-nio-8080-exec-9] DEBUG c.z.e.m.m.a.R.queryRecruitPositionPage - <==      Total: 1
2025-12-13 20:45:53.610 [http-nio-8080-exec-10] DEBUG c.z.e.m.m.a.AdminMapper.selectById - ==>  Preparing: SELECT admin_id,admin_account,admin_username,admin_email,admin_phone,admin_password,admin_image,admin_introduce,admin_state,admin_login_time,deleted FROM admin_admin WHERE admin_id=? AND deleted=0
2025-12-13 20:45:53.611 [http-nio-8080-exec-10] DEBUG c.z.e.m.m.a.AdminMapper.selectById - ==> Parameters: 1(Integer)
2025-12-13 20:45:53.650 [http-nio-8080-exec-10] DEBUG c.z.e.m.m.a.AdminMapper.selectById - <==      Total: 1
2025-12-13 20:45:53.651 [http-nio-8080-exec-10] DEBUG c.z.e.m.m.a.A.findAdminInfoById - ==>  Preparing: select * from admin_admin left join admin_admin_role on admin_admin.admin_id = admin_admin_role.adminId left join admin_role on admin_admin_role.roleId = admin_role.role_id left join admin_role_permission on admin_role.role_id = admin_role.role_id left join admin_permission on admin_role_permission.permissionId = admin_permission.permission_id where admin_admin.admin_id = ? and admin_admin.deleted = 0
2025-12-13 20:45:53.651 [http-nio-8080-exec-10] DEBUG c.z.e.m.m.a.A.findAdminInfoById - ==> Parameters: 1(Integer)
2025-12-13 20:45:53.690 [http-nio-8080-exec-10] DEBUG c.z.e.m.m.a.A.findAdminInfoById - <==      Total: 1
2025-12-13 20:45:53.919 [http-nio-8080-exec-10] DEBUG c.z.e.m.m.a.R.queryRecruitPositionPage - ==>  Preparing: SELECT rp.recruitPosition_id AS recruitPositionId, rp.recruitPosition_name AS recruitPositionName, rp.recruitPosition_industryCode AS recruitPositionIndustryCode, -- 连表字段：行业名称（从行业映射表查询） gim.industryMap_industryName AS industryMapIndustryName, rp.recruitPosition_minMonthSalary AS recruitPositionMinMonthSalary, rp.recruitPosition_maxMonthSalary AS recruitPositionMaxMonthSalary, rp.recruitPosition_weekWorkDayNum AS recruitPositionWeekWorkDayNum, rp.recruitPosition_goodWelfare AS recruitPositionGoodWelfare, rp.recruitPosition_createdTime AS recruitPositionCreatedTime, rp.recruitPosition_updatedTime AS recruitPositionUpdatedTime FROM general_recruitPosition rp -- 招聘岗位表别名rp -- 连表：通用行业映射表（别名gim），LEFT JOIN避免行业编码无效时丢失岗位数据 LEFT JOIN general_industryMap gim ON rp.recruitPosition_industryCode = gim.industryMap_industryCode ORDER BY rp.recruitPosition_updatedTime DESC
2025-12-13 20:45:53.928 [http-nio-8080-exec-10] DEBUG c.z.e.m.m.a.R.queryRecruitPositionPage - ==> Parameters: 
2025-12-13 20:45:53.966 [http-nio-8080-exec-10] DEBUG c.z.e.m.m.a.R.queryRecruitPositionPage - <==      Total: 1
2025-12-13 20:46:37.565 [http-nio-8080-exec-2] DEBUG c.z.e.m.m.a.AdminMapper.selectById - ==>  Preparing: SELECT admin_id,admin_account,admin_username,admin_email,admin_phone,admin_password,admin_image,admin_introduce,admin_state,admin_login_time,deleted FROM admin_admin WHERE admin_id=? AND deleted=0
2025-12-13 20:46:37.565 [http-nio-8080-exec-2] DEBUG c.z.e.m.m.a.AdminMapper.selectById - ==> Parameters: 1(Integer)
2025-12-13 20:46:37.602 [http-nio-8080-exec-2] DEBUG c.z.e.m.m.a.AdminMapper.selectById - <==      Total: 1
2025-12-13 20:46:37.604 [http-nio-8080-exec-2] DEBUG c.z.e.m.m.a.A.findAdminInfoById - ==>  Preparing: select * from admin_admin left join admin_admin_role on admin_admin.admin_id = admin_admin_role.adminId left join admin_role on admin_admin_role.roleId = admin_role.role_id left join admin_role_permission on admin_role.role_id = admin_role.role_id left join admin_permission on admin_role_permission.permissionId = admin_permission.permission_id where admin_admin.admin_id = ? and admin_admin.deleted = 0
2025-12-13 20:46:37.605 [http-nio-8080-exec-2] DEBUG c.z.e.m.m.a.A.findAdminInfoById - ==> Parameters: 1(Integer)
2025-12-13 20:46:37.645 [http-nio-8080-exec-2] DEBUG c.z.e.m.m.a.A.findAdminInfoById - <==      Total: 1
2025-12-13 20:46:41.711 [http-nio-8080-exec-2] DEBUG c.z.e.m.m.a.R.queryRecruitPositionPage - ==>  Preparing: SELECT rp.recruitPosition_id AS recruitPositionId, rp.recruitPosition_name AS recruitPositionName, rp.recruitPosition_industryCode AS recruitPositionIndustryCode, -- 连表字段：行业名称（从行业映射表查询） gim.industryMap_industryName AS industryMapIndustryName, rp.recruitPosition_minMonthSalary AS recruitPositionMinMonthSalary, rp.recruitPosition_maxMonthSalary AS recruitPositionMaxMonthSalary, rp.recruitPosition_weekWorkDayNum AS recruitPositionWeekWorkDayNum, rp.recruitPosition_goodWelfare AS recruitPositionGoodWelfare, rp.recruitPosition_createdTime AS recruitPositionCreatedTime, rp.recruitPosition_updatedTime AS recruitPositionUpdatedTime FROM general_recruitPosition rp -- 招聘岗位表别名rp -- 连表：通用行业映射表（别名gim），LEFT JOIN避免行业编码无效时丢失岗位数据 LEFT JOIN general_industryMap gim ON rp.recruitPosition_industryCode = gim.industryMap_industryCode ORDER BY rp.recruitPosition_updatedTime DESC
2025-12-13 20:46:41.711 [http-nio-8080-exec-2] DEBUG c.z.e.m.m.a.R.queryRecruitPositionPage - ==> Parameters: 
2025-12-13 20:46:41.749 [http-nio-8080-exec-2] DEBUG c.z.e.m.m.a.R.queryRecruitPositionPage - <==      Total: 1
2025-12-13 20:51:55.952 [HikariPool-2 housekeeper] WARN  com.zaxxer.hikari.pool.HikariPool - HikariPool-2 - Thread starvation or clock leap detected (housekeeper delta=5m34s611ms364µs500ns).
2025-12-13 20:51:55.952 [HikariPool-1 housekeeper] WARN  com.zaxxer.hikari.pool.HikariPool - HikariPool-1 - Thread starvation or clock leap detected (housekeeper delta=5m34s611ms750µs900ns).
2025-12-13 20:51:58.288 [Thread-1] WARN  c.a.n.c.executor.ThreadPoolManager - [ThreadPoolManager] Start destroying ThreadPool
2025-12-13 20:51:58.288 [Thread-15] WARN  c.a.n.c.http.HttpClientBeanHolder - [HttpClientBeanHolder] Start destroying common HttpClient
2025-12-13 20:51:58.289 [Thread-1] WARN  c.a.n.c.executor.ThreadPoolManager - [ThreadPoolManager] Destruction of the end
2025-12-13 20:51:58.290 [Thread-15] WARN  c.a.n.c.http.HttpClientBeanHolder - [HttpClientBeanHolder] Destruction of the end
2025-12-13 20:51:58.383 [SpringApplicationShutdownHook] INFO  com.zaxxer.hikari.HikariDataSource - HikariPool-1 - Shutdown initiated...
2025-12-13 20:51:58.386 [SpringApplicationShutdownHook] INFO  com.zaxxer.hikari.HikariDataSource - HikariPool-1 - Shutdown completed.
2025-12-13 20:51:58.387 [SpringApplicationShutdownHook] INFO  c.z.e.s.impl.user.UserSmsServiceImpl - 关闭阿里云短信客户端...
2025-12-13 20:51:58.395 [SpringApplicationShutdownHook] INFO  c.z.e.s.impl.user.UserSmsServiceImpl - 阿里云短信客户端已关闭
2025-12-13 20:51:58.396 [SpringApplicationShutdownHook] INFO  c.z.e.s.i.admin.AdminSmsServiceImpl - 关闭阿里云短信客户端...
2025-12-13 20:51:58.397 [SpringApplicationShutdownHook] INFO  c.z.e.s.i.admin.AdminSmsServiceImpl - 阿里云短信客户端已关闭
2025-12-13 20:51:58.404 [SpringApplicationShutdownHook] INFO  com.zaxxer.hikari.HikariDataSource - HikariPool-2 - Shutdown initiated...
2025-12-13 20:51:58.407 [SpringApplicationShutdownHook] INFO  com.zaxxer.hikari.HikariDataSource - HikariPool-2 - Shutdown completed.
2025-12-13 20:52:08.847 [main] INFO  c.a.n.client.logging.NacosLogging - Nacos Logging Adapter Builder: com.alibaba.nacos.logger.adapter.logback12.LogbackNacosLoggingAdapterBuilder
2025-12-13 20:52:08.854 [main] INFO  c.a.n.client.logging.NacosLogging - Nacos Logging Adapter Builder: com.alibaba.nacos.logger.adapter.logback14.LogbackNacosLoggingAdapterBuilder
2025-12-13 20:52:08.855 [main] INFO  c.a.n.client.logging.NacosLogging - Nacos Logging Adapter: com.alibaba.nacos.logger.adapter.logback14.LogbackNacosLoggingAdapter match ch.qos.logback.classic.Logger success.
2025-12-13 20:52:08.867 [main] INFO  c.a.n.client.logging.NacosLogging - Nacos Logging Adapter Builder: com.alibaba.nacos.logger.adapter.log4j2.Log4j2NacosLoggingAdapterBuilder
2025-12-13 20:52:08.882 [background-preinit] INFO  o.h.validator.internal.util.Version - HV000001: Hibernate Validator 8.0.1.Final
2025-12-13 20:52:09.098 [main] INFO  c.z.e.EasyApplyResumeApplication - Starting EasyApplyResumeApplication using Java 21.0.9 with PID 21132 (C:\Users\shini\IdeaProjects\EasyApplyResume\target\classes started by shini in C:\Users\shini\IdeaProjects\EasyApplyResume)
2025-12-13 20:52:09.098 [main] DEBUG c.z.e.EasyApplyResumeApplication - Running with Spring Boot v3.3.5, Spring v6.1.14
2025-12-13 20:52:09.099 [main] INFO  c.z.e.EasyApplyResumeApplication - The following 1 profile is active: "dev"
2025-12-13 20:52:11.706 [main] INFO  o.s.d.r.c.RepositoryConfigurationDelegate - Multiple Spring Data modules found, entering strict repository configuration mode
2025-12-13 20:52:11.711 [main] INFO  o.s.d.r.c.RepositoryConfigurationDelegate - Bootstrapping Spring Data Redis repositories in DEFAULT mode.
2025-12-13 20:52:11.794 [main] INFO  o.s.d.r.c.RepositoryConfigurationDelegate - Finished Spring Data repository scanning in 58 ms. Found 0 Redis repository interfaces.
2025-12-13 20:52:12.035 [main] WARN  o.m.s.mapper.ClassPathMapperScanner - Cannot use both: sqlSessionTemplate and sqlSessionFactory together. sqlSessionFactory is ignored.
2025-12-13 20:52:12.036 [main] WARN  o.m.s.mapper.ClassPathMapperScanner - Cannot use both: sqlSessionTemplate and sqlSessionFactory together. sqlSessionFactory is ignored.
2025-12-13 20:52:12.037 [main] WARN  o.m.s.mapper.ClassPathMapperScanner - Cannot use both: sqlSessionTemplate and sqlSessionFactory together. sqlSessionFactory is ignored.
2025-12-13 20:52:12.038 [main] WARN  o.m.s.mapper.ClassPathMapperScanner - Cannot use both: sqlSessionTemplate and sqlSessionFactory together. sqlSessionFactory is ignored.
2025-12-13 20:52:12.039 [main] WARN  o.m.s.mapper.ClassPathMapperScanner - Cannot use both: sqlSessionTemplate and sqlSessionFactory together. sqlSessionFactory is ignored.
2025-12-13 20:52:12.039 [main] WARN  o.m.s.mapper.ClassPathMapperScanner - Cannot use both: sqlSessionTemplate and sqlSessionFactory together. sqlSessionFactory is ignored.
2025-12-13 20:52:12.040 [main] WARN  o.m.s.mapper.ClassPathMapperScanner - Cannot use both: sqlSessionTemplate and sqlSessionFactory together. sqlSessionFactory is ignored.
2025-12-13 20:52:12.040 [main] WARN  o.m.s.mapper.ClassPathMapperScanner - Cannot use both: sqlSessionTemplate and sqlSessionFactory together. sqlSessionFactory is ignored.
2025-12-13 20:52:12.041 [main] WARN  o.m.s.mapper.ClassPathMapperScanner - Cannot use both: sqlSessionTemplate and sqlSessionFactory together. sqlSessionFactory is ignored.
2025-12-13 20:52:12.041 [main] WARN  o.m.s.mapper.ClassPathMapperScanner - Cannot use both: sqlSessionTemplate and sqlSessionFactory together. sqlSessionFactory is ignored.
2025-12-13 20:52:12.042 [main] WARN  o.m.s.mapper.ClassPathMapperScanner - Cannot use both: sqlSessionTemplate and sqlSessionFactory together. sqlSessionFactory is ignored.
2025-12-13 20:52:12.042 [main] WARN  o.m.s.mapper.ClassPathMapperScanner - Cannot use both: sqlSessionTemplate and sqlSessionFactory together. sqlSessionFactory is ignored.
2025-12-13 20:52:12.043 [main] WARN  o.m.s.mapper.ClassPathMapperScanner - Cannot use both: sqlSessionTemplate and sqlSessionFactory together. sqlSessionFactory is ignored.
2025-12-13 20:52:12.044 [main] WARN  o.m.s.mapper.ClassPathMapperScanner - Cannot use both: sqlSessionTemplate and sqlSessionFactory together. sqlSessionFactory is ignored.
2025-12-13 20:52:12.045 [main] WARN  o.m.s.mapper.ClassPathMapperScanner - Cannot use both: sqlSessionTemplate and sqlSessionFactory together. sqlSessionFactory is ignored.
2025-12-13 20:52:12.046 [main] WARN  o.m.s.mapper.ClassPathMapperScanner - Cannot use both: sqlSessionTemplate and sqlSessionFactory together. sqlSessionFactory is ignored.
2025-12-13 20:52:12.048 [main] WARN  o.m.s.mapper.ClassPathMapperScanner - Cannot use both: sqlSessionTemplate and sqlSessionFactory together. sqlSessionFactory is ignored.
2025-12-13 20:52:12.048 [main] WARN  o.m.s.mapper.ClassPathMapperScanner - Cannot use both: sqlSessionTemplate and sqlSessionFactory together. sqlSessionFactory is ignored.
2025-12-13 20:52:12.049 [main] WARN  o.m.s.mapper.ClassPathMapperScanner - Cannot use both: sqlSessionTemplate and sqlSessionFactory together. sqlSessionFactory is ignored.
2025-12-13 20:52:12.050 [main] WARN  o.m.s.mapper.ClassPathMapperScanner - Cannot use both: sqlSessionTemplate and sqlSessionFactory together. sqlSessionFactory is ignored.
2025-12-13 20:52:12.050 [main] WARN  o.m.s.mapper.ClassPathMapperScanner - Cannot use both: sqlSessionTemplate and sqlSessionFactory together. sqlSessionFactory is ignored.
2025-12-13 20:52:12.051 [main] WARN  o.m.s.mapper.ClassPathMapperScanner - Cannot use both: sqlSessionTemplate and sqlSessionFactory together. sqlSessionFactory is ignored.
2025-12-13 20:52:12.051 [main] WARN  o.m.s.mapper.ClassPathMapperScanner - Cannot use both: sqlSessionTemplate and sqlSessionFactory together. sqlSessionFactory is ignored.
2025-12-13 20:52:12.052 [main] WARN  o.m.s.mapper.ClassPathMapperScanner - Cannot use both: sqlSessionTemplate and sqlSessionFactory together. sqlSessionFactory is ignored.
2025-12-13 20:52:12.052 [main] WARN  o.m.s.mapper.ClassPathMapperScanner - Cannot use both: sqlSessionTemplate and sqlSessionFactory together. sqlSessionFactory is ignored.
2025-12-13 20:52:12.053 [main] WARN  o.m.s.mapper.ClassPathMapperScanner - Cannot use both: sqlSessionTemplate and sqlSessionFactory together. sqlSessionFactory is ignored.
2025-12-13 20:52:12.056 [main] WARN  o.m.s.mapper.ClassPathMapperScanner - No MyBatis mapper was found in '[com.zyh.easyapplyresume.mapper.pgvector]' package. Please check your configuration.
2025-12-13 20:52:12.575 [main] WARN  o.s.c.s.PostProcessorRegistrationDelegate$BeanPostProcessorChecker - Bean 'com.alibaba.cloud.nacos.NacosConfigAutoConfiguration' of type [com.alibaba.cloud.nacos.NacosConfigAutoConfiguration] is not eligible for getting processed by all BeanPostProcessors (for example: not eligible for auto-proxying). The currently created BeanPostProcessor [nacosAnnotationProcessor] is declared through a non-static factory method on that class; consider declaring it as static instead.
2025-12-13 20:52:12.590 [main] WARN  o.s.c.s.PostProcessorRegistrationDelegate$BeanPostProcessorChecker - Bean 'nacosConfigProperties' of type [com.alibaba.cloud.nacos.NacosConfigProperties] is not eligible for getting processed by all BeanPostProcessors (for example: not eligible for auto-proxying). Is this bean getting eagerly injected/applied to a currently created BeanPostProcessor [nacosAnnotationProcessor]? Check the corresponding BeanPostProcessor declaration and its dependencies/advisors. If this bean does not have to be post-processed, declare it with ROLE_INFRASTRUCTURE.
2025-12-13 20:52:12.785 [main] INFO  c.a.n.p.a.s.c.ClientAuthPluginManager - [ClientAuthPluginManager] Load ClientAuthService com.alibaba.nacos.client.auth.impl.NacosClientAuthServiceImpl success.
2025-12-13 20:52:12.785 [main] INFO  c.a.n.p.a.s.c.ClientAuthPluginManager - [ClientAuthPluginManager] Load ClientAuthService com.alibaba.nacos.client.auth.ram.RamClientAuthServiceImpl success.
2025-12-13 20:52:12.791 [main] WARN  o.s.c.s.PostProcessorRegistrationDelegate$BeanPostProcessorChecker - Bean 'nacosConfigManager' of type [com.alibaba.cloud.nacos.NacosConfigManager] is not eligible for getting processed by all BeanPostProcessors (for example: not eligible for auto-proxying). Is this bean getting eagerly injected/applied to a currently created BeanPostProcessor [nacosAnnotationProcessor]? Check the corresponding BeanPostProcessor declaration and its dependencies/advisors. If this bean does not have to be post-processed, declare it with ROLE_INFRASTRUCTURE.
2025-12-13 20:52:13.645 [main] INFO  o.s.b.w.e.tomcat.TomcatWebServer - Tomcat initialized with port 8080 (http)
2025-12-13 20:52:13.668 [main] INFO  o.a.coyote.http11.Http11NioProtocol - Initializing ProtocolHandler ["http-nio-8080"]
2025-12-13 20:52:13.674 [main] INFO  o.a.catalina.core.StandardService - Starting service [Tomcat]
2025-12-13 20:52:13.675 [main] INFO  o.a.catalina.core.StandardEngine - Starting Servlet engine: [Apache Tomcat/10.1.31]
2025-12-13 20:52:13.879 [main] INFO  o.a.c.c.C.[.[localhost].[/api] - Initializing Spring embedded WebApplicationContext
2025-12-13 20:52:13.879 [main] INFO  o.s.b.w.s.c.ServletWebServerApplicationContext - Root WebApplicationContext: initialization completed in 4705 ms
2025-12-13 20:52:15.392 [main] DEBUG c.z.e.filter.UserJwtAuthFilter - Filter 'userJwtAuthFilter' configured for use
2025-12-13 20:52:15.393 [main] DEBUG c.z.e.filter.AdminJwtAuthFilter - Filter 'adminJwtAuthFilter' configured for use
2025-12-13 20:52:15.666 [main] INFO  c.z.e.s.i.admin.AdminSmsServiceImpl - 开始初始化阿里云短信客户端...
2025-12-13 20:52:16.093 [main] INFO  c.z.e.s.i.admin.AdminSmsServiceImpl - 阿里云短信客户端初始化完成
2025-12-13 20:52:17.460 [main] INFO  c.z.e.d.a.SensitiveWordsAdvisor - 敏感词初始化完成，共加载 137 个敏感词
2025-12-13 20:52:20.268 [main] INFO  c.z.i.ImageSearchMcpApplication - Starting ImageSearchMcpApplication v0.0.1-SNAPSHOT using Java 21.0.9 with PID 28660 (C:\Users\shini\IdeaProjects\EasyApplyResume\Image-Search-Mcp\target\Image-Search-Mcp-0.0.1-SNAPSHOT.jar started by shini in C:\Users\shini\IdeaProjects\EasyApplyResume)
2025-12-13 20:52:20.270 [main] INFO  c.z.i.ImageSearchMcpApplication - The following 1 profile is active: "stdio"
2025-12-13 20:52:22.241 [pool-1-thread-1] INFO  i.m.server.McpAsyncServer - Client initialize request - Protocol: 2024-11-05, Capabilities: ClientCapabilities[experimental=null, roots=null, sampling=null], Info: Implementation[name=spring-ai-mcp-client, version=1.0.0]
2025-12-13 20:52:22.349 [pool-4-thread-1] INFO  i.m.client.McpAsyncClient - Server response with Protocol: 2024-11-05, Capabilities: ServerCapabilities[experimental=null, logging=LoggingCapabilities[], prompts=null, resources=null, tools=ToolCapabilities[listChanged=true]], Info: Implementation[name=image-search-mcp-server, version=0.0.1] and Instructions null
2025-12-13 20:52:22.395 [main] INFO  c.z.i.ImageSearchMcpApplication - Started ImageSearchMcpApplication in 2.924 seconds (process running for 4.151)
2025-12-13 20:52:25.570 [pool-9-thread-1] INFO  i.m.c.transport.StdioClientTransport - STDERR Message received: Amap Maps MCP Server running on stdio
2025-12-13 20:52:25.588 [pool-7-thread-1] INFO  i.m.client.McpAsyncClient - Server response with Protocol: 2024-11-05, Capabilities: ServerCapabilities[experimental=null, logging=null, prompts=null, resources=null, tools=ToolCapabilities[listChanged=null]], Info: Implementation[name=mcp-server/amap-maps, version=0.1.0] and Instructions null
2025-12-13 20:52:26.134 [main] INFO  o.s.a.t.splitter.TextSplitter - Splitting up document into 2 chunks.
2025-12-13 20:52:26.140 [main] INFO  o.s.a.t.splitter.TextSplitter - Splitting up document into 2 chunks.
2025-12-13 20:52:26.145 [main] INFO  o.s.a.t.splitter.TextSplitter - Splitting up document into 2 chunks.
2025-12-13 20:52:30.538 [main] INFO  o.s.ai.vectorstore.SimpleVectorStore - Calling EmbeddingModel for document id = 4f875c3d-2a77-478b-803b-11fd8ee8d262
2025-12-13 20:52:30.779 [main] INFO  o.s.ai.vectorstore.SimpleVectorStore - Calling EmbeddingModel for document id = eec5cc35-90a6-4b98-90cb-c292d0e97fbc
2025-12-13 20:52:30.997 [main] INFO  o.s.ai.vectorstore.SimpleVectorStore - Calling EmbeddingModel for document id = 9193accf-0f4b-49a2-9820-6db3086de9ef
2025-12-13 20:52:31.221 [main] INFO  c.z.e.s.impl.user.UserSmsServiceImpl - 开始初始化阿里云短信客户端...
2025-12-13 20:52:31.246 [main] INFO  c.z.e.s.impl.user.UserSmsServiceImpl - 阿里云短信客户端初始化完成
2025-12-13 20:52:31.276 [main] WARN  c.b.m.core.metadata.TableInfoHelper - Can not find table primary key in Class: "com.zyh.easyapplyresume.model.pojo.user.UserCollections".
2025-12-13 20:52:31.277 [main] WARN  c.b.m.c.injector.DefaultSqlInjector - class com.zyh.easyapplyresume.model.pojo.user.UserCollections ,Not found @TableId annotation, Cannot use Mybatis-Plus 'xxById' Method.
2025-12-13 20:52:31.763 [main] WARN  c.b.m.e.s.MybatisSqlSessionFactoryBean - Property 'mapperLocations' was specified but matching resources are not found.
2025-12-13 20:52:31.913 [main] INFO  o.s.a.v.pgvector.PgVectorStore - Using the vector table name: vector_store. Is empty: false
2025-12-13 20:52:31.918 [main] INFO  o.s.a.v.pgvector.PgVectorStore - Initializing PGVectorStore schema for table: vector_store in schema: public
2025-12-13 20:52:31.918 [main] INFO  o.s.a.v.pgvector.PgVectorStore - vectorTableValidationsEnabled false
2025-12-13 20:52:31.929 [main] INFO  com.zaxxer.hikari.HikariDataSource - HikariPool-1 - Starting...
2025-12-13 20:52:32.494 [main] INFO  com.zaxxer.hikari.pool.HikariPool - HikariPool-1 - Added connection org.postgresql.jdbc.PgConnection@6db26877
2025-12-13 20:52:32.497 [main] INFO  com.zaxxer.hikari.HikariDataSource - HikariPool-1 - Start completed.
2025-12-13 20:52:33.102 [main] WARN  o.s.b.a.s.s.UserDetailsServiceAutoConfiguration - 

Using generated security password: 713b62af-11c7-4745-8be7-c1c5063207dd

This generated password is for development use only. Your security configuration must be updated before running your application in production.

2025-12-13 20:52:33.120 [main] INFO  o.s.s.c.a.a.c.InitializeUserDetailsBeanManagerConfigurer$InitializeUserDetailsManagerConfigurer - Global AuthenticationManager configured with UserDetailsService bean with name inMemoryUserDetailsManager
2025-12-13 20:52:34.587 [main] INFO  o.a.coyote.http11.Http11NioProtocol - Starting ProtocolHandler ["http-nio-8080"]
2025-12-13 20:52:34.614 [main] INFO  o.s.b.w.e.tomcat.TomcatWebServer - Tomcat started on port 8080 (http) with context path '/api'
2025-12-13 20:52:34.639 [main] INFO  c.z.e.EasyApplyResumeApplication - Started EasyApplyResumeApplication in 26.784 seconds (process running for 28.156)
2025-12-13 20:53:29.591 [http-nio-8080-exec-2] INFO  o.a.c.c.C.[.[localhost].[/api] - Initializing Spring DispatcherServlet 'dispatcherServlet'
2025-12-13 20:53:29.592 [http-nio-8080-exec-2] INFO  o.s.web.servlet.DispatcherServlet - Initializing Servlet 'dispatcherServlet'
2025-12-13 20:53:29.605 [http-nio-8080-exec-2] INFO  o.s.web.servlet.DispatcherServlet - Completed initialization in 11 ms
2025-12-13 20:53:30.429 [http-nio-8080-exec-2] INFO  com.zaxxer.hikari.HikariDataSource - HikariPool-2 - Starting...
2025-12-13 20:53:32.731 [http-nio-8080-exec-2] INFO  com.zaxxer.hikari.pool.HikariPool - HikariPool-2 - Added connection com.mysql.cj.jdbc.ConnectionImpl@f544434
2025-12-13 20:53:32.731 [http-nio-8080-exec-2] INFO  com.zaxxer.hikari.HikariDataSource - HikariPool-2 - Start completed.
2025-12-13 20:53:32.744 [http-nio-8080-exec-2] DEBUG c.z.e.m.m.a.AdminMapper.selectById - ==>  Preparing: SELECT admin_id,admin_account,admin_username,admin_email,admin_phone,admin_password,admin_image,admin_introduce,admin_state,admin_login_time,deleted FROM admin_admin WHERE admin_id=? AND deleted=0
2025-12-13 20:53:32.867 [http-nio-8080-exec-2] DEBUG c.z.e.m.m.a.AdminMapper.selectById - ==> Parameters: 1(Integer)
2025-12-13 20:53:33.029 [http-nio-8080-exec-2] DEBUG c.z.e.m.m.a.AdminMapper.selectById - <==      Total: 1
2025-12-13 20:53:33.058 [http-nio-8080-exec-2] DEBUG c.z.e.m.m.a.A.findAdminInfoById - ==>  Preparing: select * from admin_admin left join admin_admin_role on admin_admin.admin_id = admin_admin_role.adminId left join admin_role on admin_admin_role.roleId = admin_role.role_id left join admin_role_permission on admin_role.role_id = admin_role.role_id left join admin_permission on admin_role_permission.permissionId = admin_permission.permission_id where admin_admin.admin_id = ? and admin_admin.deleted = 0
2025-12-13 20:53:33.072 [http-nio-8080-exec-2] DEBUG c.z.e.m.m.a.A.findAdminInfoById - ==> Parameters: 1(Integer)
2025-12-13 20:53:33.120 [http-nio-8080-exec-2] DEBUG c.z.e.m.m.a.A.findAdminInfoById - <==      Total: 1
2025-12-13 20:53:40.089 [http-nio-8080-exec-2] DEBUG c.z.e.m.m.a.R.queryRecruitPositionPage - ==>  Preparing: SELECT rp.recruitPosition_id AS recruitPositionId, rp.recruitPosition_name AS recruitPositionName, rp.recruitPosition_industryCode AS recruitPositionIndustryCode, -- 连表字段：行业名称（从行业映射表查询） gim.industryMap_industryName AS recruitPositionIndustryName, rp.recruitPosition_minMonthSalary AS minMonthSalary, rp.recruitPosition_maxMonthSalary AS maxMonthSalary, rp.recruitPosition_weekWorkDayNum AS weekWorkDayNum, rp.recruitPosition_goodWelfare AS goodWelfare, rp.recruitPosition_createdTime AS createdTime, rp.recruitPosition_updatedTime AS updatedTime FROM general_recruitPosition rp -- 招聘岗位表别名rp -- 连表：通用行业映射表（别名gim），LEFT JOIN避免行业编码无效时丢失岗位数据 LEFT JOIN general_industryMap gim ON rp.recruitPosition_industryCode = gim.industryMap_industryCode ORDER BY rp.recruitPosition_updatedTime DESC
2025-12-13 20:53:40.090 [http-nio-8080-exec-2] DEBUG c.z.e.m.m.a.R.queryRecruitPositionPage - ==> Parameters: 
2025-12-13 20:53:48.928 [http-nio-8080-exec-1] DEBUG c.z.e.m.m.a.AdminMapper.selectById - ==>  Preparing: SELECT admin_id,admin_account,admin_username,admin_email,admin_phone,admin_password,admin_image,admin_introduce,admin_state,admin_login_time,deleted FROM admin_admin WHERE admin_id=? AND deleted=0
2025-12-13 20:53:48.929 [http-nio-8080-exec-1] DEBUG c.z.e.m.m.a.AdminMapper.selectById - ==> Parameters: 1(Integer)
2025-12-13 20:53:48.970 [http-nio-8080-exec-1] DEBUG c.z.e.m.m.a.AdminMapper.selectById - <==      Total: 1
2025-12-13 20:53:48.971 [http-nio-8080-exec-1] DEBUG c.z.e.m.m.a.A.findAdminInfoById - ==>  Preparing: select * from admin_admin left join admin_admin_role on admin_admin.admin_id = admin_admin_role.adminId left join admin_role on admin_admin_role.roleId = admin_role.role_id left join admin_role_permission on admin_role.role_id = admin_role.role_id left join admin_permission on admin_role_permission.permissionId = admin_permission.permission_id where admin_admin.admin_id = ? and admin_admin.deleted = 0
2025-12-13 20:53:48.974 [http-nio-8080-exec-1] DEBUG c.z.e.m.m.a.A.findAdminInfoById - ==> Parameters: 1(Integer)
2025-12-13 20:53:49.015 [http-nio-8080-exec-1] DEBUG c.z.e.m.m.a.A.findAdminInfoById - <==      Total: 1
2025-12-13 20:53:51.553 [http-nio-8080-exec-1] DEBUG c.z.e.m.m.a.R.queryRecruitPositionPage - ==>  Preparing: SELECT rp.recruitPosition_id AS recruitPositionId, rp.recruitPosition_name AS recruitPositionName, rp.recruitPosition_industryCode AS recruitPositionIndustryCode, -- 连表字段：行业名称（从行业映射表查询） gim.industryMap_industryName AS recruitPositionIndustryName, rp.recruitPosition_minMonthSalary AS minMonthSalary, rp.recruitPosition_maxMonthSalary AS maxMonthSalary, rp.recruitPosition_weekWorkDayNum AS weekWorkDayNum, rp.recruitPosition_goodWelfare AS goodWelfare, rp.recruitPosition_createdTime AS createdTime, rp.recruitPosition_updatedTime AS updatedTime FROM general_recruitPosition rp -- 招聘岗位表别名rp -- 连表：通用行业映射表（别名gim），LEFT JOIN避免行业编码无效时丢失岗位数据 LEFT JOIN general_industryMap gim ON rp.recruitPosition_industryCode = gim.industryMap_industryCode ORDER BY rp.recruitPosition_updatedTime DESC
2025-12-13 20:53:51.555 [http-nio-8080-exec-1] DEBUG c.z.e.m.m.a.R.queryRecruitPositionPage - ==> Parameters: 
2025-12-13 20:54:31.788 [http-nio-8080-exec-3] DEBUG c.z.e.m.m.a.AdminMapper.selectById - ==>  Preparing: SELECT admin_id,admin_account,admin_username,admin_email,admin_phone,admin_password,admin_image,admin_introduce,admin_state,admin_login_time,deleted FROM admin_admin WHERE admin_id=? AND deleted=0
2025-12-13 20:54:31.789 [http-nio-8080-exec-3] DEBUG c.z.e.m.m.a.AdminMapper.selectById - ==> Parameters: 1(Integer)
2025-12-13 20:54:31.830 [http-nio-8080-exec-3] DEBUG c.z.e.m.m.a.AdminMapper.selectById - <==      Total: 1
2025-12-13 20:54:31.831 [http-nio-8080-exec-3] DEBUG c.z.e.m.m.a.A.findAdminInfoById - ==>  Preparing: select * from admin_admin left join admin_admin_role on admin_admin.admin_id = admin_admin_role.adminId left join admin_role on admin_admin_role.roleId = admin_role.role_id left join admin_role_permission on admin_role.role_id = admin_role.role_id left join admin_permission on admin_role_permission.permissionId = admin_permission.permission_id where admin_admin.admin_id = ? and admin_admin.deleted = 0
2025-12-13 20:54:31.831 [http-nio-8080-exec-3] DEBUG c.z.e.m.m.a.A.findAdminInfoById - ==> Parameters: 1(Integer)
2025-12-13 20:54:31.870 [http-nio-8080-exec-3] DEBUG c.z.e.m.m.a.A.findAdminInfoById - <==      Total: 1
2025-12-13 20:54:35.459 [http-nio-8080-exec-3] DEBUG c.z.e.m.m.a.R.queryRecruitPositionPage - ==>  Preparing: SELECT rp.recruitPosition_id AS recruitPositionId, rp.recruitPosition_name AS recruitPositionName, rp.recruitPosition_industryCode AS recruitPositionIndustryCode, -- 连表字段：行业名称（从行业映射表查询） gim.industryMap_industryName AS recruitPositionIndustryName, rp.recruitPosition_minMonthSalary AS minMonthSalary, rp.recruitPosition_maxMonthSalary AS maxMonthSalary, rp.recruitPosition_weekWorkDayNum AS weekWorkDayNum, rp.recruitPosition_goodWelfare AS goodWelfare, rp.recruitPosition_createdTime AS createdTime, rp.recruitPosition_updatedTime AS updatedTime FROM general_recruitPosition rp -- 招聘岗位表别名rp -- 连表：通用行业映射表（别名gim），LEFT JOIN避免行业编码无效时丢失岗位数据 LEFT JOIN general_industryMap gim ON rp.recruitPosition_industryCode = gim.industryMap_industryCode ORDER BY rp.recruitPosition_updatedTime DESC
2025-12-13 20:54:35.460 [http-nio-8080-exec-3] DEBUG c.z.e.m.m.a.R.queryRecruitPositionPage - ==> Parameters: 
2025-12-13 20:55:22.850 [http-nio-8080-exec-4] DEBUG c.z.e.m.m.a.AdminMapper.selectById - ==>  Preparing: SELECT admin_id,admin_account,admin_username,admin_email,admin_phone,admin_password,admin_image,admin_introduce,admin_state,admin_login_time,deleted FROM admin_admin WHERE admin_id=? AND deleted=0
2025-12-13 20:55:22.851 [http-nio-8080-exec-4] DEBUG c.z.e.m.m.a.AdminMapper.selectById - ==> Parameters: 1(Integer)
2025-12-13 20:55:22.895 [http-nio-8080-exec-4] DEBUG c.z.e.m.m.a.AdminMapper.selectById - <==      Total: 1
2025-12-13 20:55:22.897 [http-nio-8080-exec-4] DEBUG c.z.e.m.m.a.A.findAdminInfoById - ==>  Preparing: select * from admin_admin left join admin_admin_role on admin_admin.admin_id = admin_admin_role.adminId left join admin_role on admin_admin_role.roleId = admin_role.role_id left join admin_role_permission on admin_role.role_id = admin_role.role_id left join admin_permission on admin_role_permission.permissionId = admin_permission.permission_id where admin_admin.admin_id = ? and admin_admin.deleted = 0
2025-12-13 20:55:22.897 [http-nio-8080-exec-4] DEBUG c.z.e.m.m.a.A.findAdminInfoById - ==> Parameters: 1(Integer)
2025-12-13 20:55:22.936 [http-nio-8080-exec-4] DEBUG c.z.e.m.m.a.A.findAdminInfoById - <==      Total: 1
2025-12-13 20:55:49.551 [HikariPool-1 housekeeper] WARN  com.zaxxer.hikari.pool.HikariPool - HikariPool-1 - Thread starvation or clock leap detected (housekeeper delta=46s942ms503µs700ns).
2025-12-13 20:55:49.555 [http-nio-8080-exec-4] DEBUG c.z.e.m.m.a.R.queryRecruitPositionPage - ==>  Preparing: SELECT rp.recruitPosition_id AS recruitPositionId, rp.recruitPosition_name AS recruitPositionName, rp.recruitPosition_industryCode AS recruitPositionIndustryCode, -- 连表字段：行业名称（从行业映射表查询） gim.industryMap_industryName AS recruitPositionIndustryName, rp.recruitPosition_minMonthSalary AS minMonthSalary, rp.recruitPosition_maxMonthSalary AS maxMonthSalary, rp.recruitPosition_weekWorkDayNum AS weekWorkDayNum, rp.recruitPosition_goodWelfare AS goodWelfare, rp.recruitPosition_createdTime AS createdTime, rp.recruitPosition_updatedTime AS updatedTime FROM general_recruitPosition rp -- 招聘岗位表别名rp -- 连表：通用行业映射表（别名gim），LEFT JOIN避免行业编码无效时丢失岗位数据 LEFT JOIN general_industryMap gim ON rp.recruitPosition_industryCode = gim.industryMap_industryCode ORDER BY rp.recruitPosition_updatedTime DESC
2025-12-13 20:55:49.556 [http-nio-8080-exec-4] DEBUG c.z.e.m.m.a.R.queryRecruitPositionPage - ==> Parameters: 
2025-12-13 20:57:30.374 [Thread-1] WARN  c.a.n.c.executor.ThreadPoolManager - [ThreadPoolManager] Start destroying ThreadPool
2025-12-13 20:57:30.374 [Thread-15] WARN  c.a.n.c.http.HttpClientBeanHolder - [HttpClientBeanHolder] Start destroying common HttpClient
2025-12-13 20:57:30.375 [Thread-15] WARN  c.a.n.c.http.HttpClientBeanHolder - [HttpClientBeanHolder] Destruction of the end
2025-12-13 20:57:30.375 [Thread-1] WARN  c.a.n.c.executor.ThreadPoolManager - [ThreadPoolManager] Destruction of the end
2025-12-13 20:57:30.432 [SpringApplicationShutdownHook] INFO  com.zaxxer.hikari.HikariDataSource - HikariPool-1 - Shutdown initiated...
2025-12-13 20:57:30.435 [SpringApplicationShutdownHook] INFO  com.zaxxer.hikari.HikariDataSource - HikariPool-1 - Shutdown completed.
2025-12-13 20:57:30.436 [SpringApplicationShutdownHook] INFO  c.z.e.s.impl.user.UserSmsServiceImpl - 关闭阿里云短信客户端...
2025-12-13 20:57:30.440 [SpringApplicationShutdownHook] INFO  c.z.e.s.impl.user.UserSmsServiceImpl - 阿里云短信客户端已关闭
2025-12-13 20:57:30.442 [SpringApplicationShutdownHook] INFO  c.z.e.s.i.admin.AdminSmsServiceImpl - 关闭阿里云短信客户端...
2025-12-13 20:57:30.443 [SpringApplicationShutdownHook] INFO  c.z.e.s.i.admin.AdminSmsServiceImpl - 阿里云短信客户端已关闭
2025-12-13 20:57:30.450 [SpringApplicationShutdownHook] INFO  com.zaxxer.hikari.HikariDataSource - HikariPool-2 - Shutdown initiated...
2025-12-13 20:57:30.458 [SpringApplicationShutdownHook] INFO  com.zaxxer.hikari.HikariDataSource - HikariPool-2 - Shutdown completed.
2025-12-13 20:57:40.066 [main] INFO  c.a.n.client.logging.NacosLogging - Nacos Logging Adapter Builder: com.alibaba.nacos.logger.adapter.logback12.LogbackNacosLoggingAdapterBuilder
2025-12-13 20:57:40.071 [main] INFO  c.a.n.client.logging.NacosLogging - Nacos Logging Adapter Builder: com.alibaba.nacos.logger.adapter.logback14.LogbackNacosLoggingAdapterBuilder
2025-12-13 20:57:40.072 [main] INFO  c.a.n.client.logging.NacosLogging - Nacos Logging Adapter: com.alibaba.nacos.logger.adapter.logback14.LogbackNacosLoggingAdapter match ch.qos.logback.classic.Logger success.
2025-12-13 20:57:40.082 [main] INFO  c.a.n.client.logging.NacosLogging - Nacos Logging Adapter Builder: com.alibaba.nacos.logger.adapter.log4j2.Log4j2NacosLoggingAdapterBuilder
2025-12-13 20:57:40.097 [background-preinit] INFO  o.h.validator.internal.util.Version - HV000001: Hibernate Validator 8.0.1.Final
2025-12-13 20:57:40.265 [main] INFO  c.z.e.EasyApplyResumeApplication - Starting EasyApplyResumeApplication using Java 21.0.9 with PID 29536 (C:\Users\shini\IdeaProjects\EasyApplyResume\target\classes started by shini in C:\Users\shini\IdeaProjects\EasyApplyResume)
2025-12-13 20:57:40.267 [main] DEBUG c.z.e.EasyApplyResumeApplication - Running with Spring Boot v3.3.5, Spring v6.1.14
2025-12-13 20:57:40.268 [main] INFO  c.z.e.EasyApplyResumeApplication - The following 1 profile is active: "dev"
2025-12-13 20:57:42.708 [main] INFO  o.s.d.r.c.RepositoryConfigurationDelegate - Multiple Spring Data modules found, entering strict repository configuration mode
2025-12-13 20:57:42.712 [main] INFO  o.s.d.r.c.RepositoryConfigurationDelegate - Bootstrapping Spring Data Redis repositories in DEFAULT mode.
2025-12-13 20:57:42.802 [main] INFO  o.s.d.r.c.RepositoryConfigurationDelegate - Finished Spring Data repository scanning in 68 ms. Found 0 Redis repository interfaces.
2025-12-13 20:57:43.058 [main] WARN  o.m.s.mapper.ClassPathMapperScanner - Cannot use both: sqlSessionTemplate and sqlSessionFactory together. sqlSessionFactory is ignored.
2025-12-13 20:57:43.059 [main] WARN  o.m.s.mapper.ClassPathMapperScanner - Cannot use both: sqlSessionTemplate and sqlSessionFactory together. sqlSessionFactory is ignored.
2025-12-13 20:57:43.059 [main] WARN  o.m.s.mapper.ClassPathMapperScanner - Cannot use both: sqlSessionTemplate and sqlSessionFactory together. sqlSessionFactory is ignored.
2025-12-13 20:57:43.060 [main] WARN  o.m.s.mapper.ClassPathMapperScanner - Cannot use both: sqlSessionTemplate and sqlSessionFactory together. sqlSessionFactory is ignored.
2025-12-13 20:57:43.060 [main] WARN  o.m.s.mapper.ClassPathMapperScanner - Cannot use both: sqlSessionTemplate and sqlSessionFactory together. sqlSessionFactory is ignored.
2025-12-13 20:57:43.061 [main] WARN  o.m.s.mapper.ClassPathMapperScanner - Cannot use both: sqlSessionTemplate and sqlSessionFactory together. sqlSessionFactory is ignored.
2025-12-13 20:57:43.061 [main] WARN  o.m.s.mapper.ClassPathMapperScanner - Cannot use both: sqlSessionTemplate and sqlSessionFactory together. sqlSessionFactory is ignored.
2025-12-13 20:57:43.061 [main] WARN  o.m.s.mapper.ClassPathMapperScanner - Cannot use both: sqlSessionTemplate and sqlSessionFactory together. sqlSessionFactory is ignored.
2025-12-13 20:57:43.062 [main] WARN  o.m.s.mapper.ClassPathMapperScanner - Cannot use both: sqlSessionTemplate and sqlSessionFactory together. sqlSessionFactory is ignored.
2025-12-13 20:57:43.062 [main] WARN  o.m.s.mapper.ClassPathMapperScanner - Cannot use both: sqlSessionTemplate and sqlSessionFactory together. sqlSessionFactory is ignored.
2025-12-13 20:57:43.063 [main] WARN  o.m.s.mapper.ClassPathMapperScanner - Cannot use both: sqlSessionTemplate and sqlSessionFactory together. sqlSessionFactory is ignored.
2025-12-13 20:57:43.063 [main] WARN  o.m.s.mapper.ClassPathMapperScanner - Cannot use both: sqlSessionTemplate and sqlSessionFactory together. sqlSessionFactory is ignored.
2025-12-13 20:57:43.063 [main] WARN  o.m.s.mapper.ClassPathMapperScanner - Cannot use both: sqlSessionTemplate and sqlSessionFactory together. sqlSessionFactory is ignored.
2025-12-13 20:57:43.064 [main] WARN  o.m.s.mapper.ClassPathMapperScanner - Cannot use both: sqlSessionTemplate and sqlSessionFactory together. sqlSessionFactory is ignored.
2025-12-13 20:57:43.064 [main] WARN  o.m.s.mapper.ClassPathMapperScanner - Cannot use both: sqlSessionTemplate and sqlSessionFactory together. sqlSessionFactory is ignored.
2025-12-13 20:57:43.065 [main] WARN  o.m.s.mapper.ClassPathMapperScanner - Cannot use both: sqlSessionTemplate and sqlSessionFactory together. sqlSessionFactory is ignored.
2025-12-13 20:57:43.065 [main] WARN  o.m.s.mapper.ClassPathMapperScanner - Cannot use both: sqlSessionTemplate and sqlSessionFactory together. sqlSessionFactory is ignored.
2025-12-13 20:57:43.066 [main] WARN  o.m.s.mapper.ClassPathMapperScanner - Cannot use both: sqlSessionTemplate and sqlSessionFactory together. sqlSessionFactory is ignored.
2025-12-13 20:57:43.066 [main] WARN  o.m.s.mapper.ClassPathMapperScanner - Cannot use both: sqlSessionTemplate and sqlSessionFactory together. sqlSessionFactory is ignored.
2025-12-13 20:57:43.067 [main] WARN  o.m.s.mapper.ClassPathMapperScanner - Cannot use both: sqlSessionTemplate and sqlSessionFactory together. sqlSessionFactory is ignored.
2025-12-13 20:57:43.067 [main] WARN  o.m.s.mapper.ClassPathMapperScanner - Cannot use both: sqlSessionTemplate and sqlSessionFactory together. sqlSessionFactory is ignored.
2025-12-13 20:57:43.068 [main] WARN  o.m.s.mapper.ClassPathMapperScanner - Cannot use both: sqlSessionTemplate and sqlSessionFactory together. sqlSessionFactory is ignored.
2025-12-13 20:57:43.068 [main] WARN  o.m.s.mapper.ClassPathMapperScanner - Cannot use both: sqlSessionTemplate and sqlSessionFactory together. sqlSessionFactory is ignored.
2025-12-13 20:57:43.069 [main] WARN  o.m.s.mapper.ClassPathMapperScanner - Cannot use both: sqlSessionTemplate and sqlSessionFactory together. sqlSessionFactory is ignored.
2025-12-13 20:57:43.070 [main] WARN  o.m.s.mapper.ClassPathMapperScanner - Cannot use both: sqlSessionTemplate and sqlSessionFactory together. sqlSessionFactory is ignored.
2025-12-13 20:57:43.070 [main] WARN  o.m.s.mapper.ClassPathMapperScanner - Cannot use both: sqlSessionTemplate and sqlSessionFactory together. sqlSessionFactory is ignored.
2025-12-13 20:57:43.074 [main] WARN  o.m.s.mapper.ClassPathMapperScanner - No MyBatis mapper was found in '[com.zyh.easyapplyresume.mapper.pgvector]' package. Please check your configuration.
2025-12-13 20:57:43.554 [main] WARN  o.s.c.s.PostProcessorRegistrationDelegate$BeanPostProcessorChecker - Bean 'com.alibaba.cloud.nacos.NacosConfigAutoConfiguration' of type [com.alibaba.cloud.nacos.NacosConfigAutoConfiguration] is not eligible for getting processed by all BeanPostProcessors (for example: not eligible for auto-proxying). The currently created BeanPostProcessor [nacosAnnotationProcessor] is declared through a non-static factory method on that class; consider declaring it as static instead.
2025-12-13 20:57:43.569 [main] WARN  o.s.c.s.PostProcessorRegistrationDelegate$BeanPostProcessorChecker - Bean 'nacosConfigProperties' of type [com.alibaba.cloud.nacos.NacosConfigProperties] is not eligible for getting processed by all BeanPostProcessors (for example: not eligible for auto-proxying). Is this bean getting eagerly injected/applied to a currently created BeanPostProcessor [nacosAnnotationProcessor]? Check the corresponding BeanPostProcessor declaration and its dependencies/advisors. If this bean does not have to be post-processed, declare it with ROLE_INFRASTRUCTURE.
2025-12-13 20:57:43.739 [main] INFO  c.a.n.p.a.s.c.ClientAuthPluginManager - [ClientAuthPluginManager] Load ClientAuthService com.alibaba.nacos.client.auth.impl.NacosClientAuthServiceImpl success.
2025-12-13 20:57:43.739 [main] INFO  c.a.n.p.a.s.c.ClientAuthPluginManager - [ClientAuthPluginManager] Load ClientAuthService com.alibaba.nacos.client.auth.ram.RamClientAuthServiceImpl success.
2025-12-13 20:57:43.743 [main] WARN  o.s.c.s.PostProcessorRegistrationDelegate$BeanPostProcessorChecker - Bean 'nacosConfigManager' of type [com.alibaba.cloud.nacos.NacosConfigManager] is not eligible for getting processed by all BeanPostProcessors (for example: not eligible for auto-proxying). Is this bean getting eagerly injected/applied to a currently created BeanPostProcessor [nacosAnnotationProcessor]? Check the corresponding BeanPostProcessor declaration and its dependencies/advisors. If this bean does not have to be post-processed, declare it with ROLE_INFRASTRUCTURE.
2025-12-13 20:57:44.561 [main] INFO  o.s.b.w.e.tomcat.TomcatWebServer - Tomcat initialized with port 8080 (http)
2025-12-13 20:57:44.584 [main] INFO  o.a.coyote.http11.Http11NioProtocol - Initializing ProtocolHandler ["http-nio-8080"]
2025-12-13 20:57:44.591 [main] INFO  o.a.catalina.core.StandardService - Starting service [Tomcat]
2025-12-13 20:57:44.591 [main] INFO  o.a.catalina.core.StandardEngine - Starting Servlet engine: [Apache Tomcat/10.1.31]
2025-12-13 20:57:44.758 [main] INFO  o.a.c.c.C.[.[localhost].[/api] - Initializing Spring embedded WebApplicationContext
2025-12-13 20:57:44.758 [main] INFO  o.s.b.w.s.c.ServletWebServerApplicationContext - Root WebApplicationContext: initialization completed in 4381 ms
2025-12-13 20:57:46.238 [main] DEBUG c.z.e.filter.UserJwtAuthFilter - Filter 'userJwtAuthFilter' configured for use
2025-12-13 20:57:46.239 [main] DEBUG c.z.e.filter.AdminJwtAuthFilter - Filter 'adminJwtAuthFilter' configured for use
2025-12-13 20:57:46.519 [main] INFO  c.z.e.s.i.admin.AdminSmsServiceImpl - 开始初始化阿里云短信客户端...
2025-12-13 20:57:46.942 [main] INFO  c.z.e.s.i.admin.AdminSmsServiceImpl - 阿里云短信客户端初始化完成
2025-12-13 20:57:48.241 [main] INFO  c.z.e.d.a.SensitiveWordsAdvisor - 敏感词初始化完成，共加载 137 个敏感词
2025-12-13 20:57:50.802 [main] INFO  c.z.i.ImageSearchMcpApplication - Starting ImageSearchMcpApplication v0.0.1-SNAPSHOT using Java 21.0.9 with PID 25804 (C:\Users\shini\IdeaProjects\EasyApplyResume\Image-Search-Mcp\target\Image-Search-Mcp-0.0.1-SNAPSHOT.jar started by shini in C:\Users\shini\IdeaProjects\EasyApplyResume)
2025-12-13 20:57:50.804 [main] INFO  c.z.i.ImageSearchMcpApplication - The following 1 profile is active: "stdio"
2025-12-13 20:57:52.392 [pool-1-thread-1] INFO  i.m.server.McpAsyncServer - Client initialize request - Protocol: 2024-11-05, Capabilities: ClientCapabilities[experimental=null, roots=null, sampling=null], Info: Implementation[name=spring-ai-mcp-client, version=1.0.0]
2025-12-13 20:57:52.486 [pool-4-thread-1] INFO  i.m.client.McpAsyncClient - Server response with Protocol: 2024-11-05, Capabilities: ServerCapabilities[experimental=null, logging=LoggingCapabilities[], prompts=null, resources=null, tools=ToolCapabilities[listChanged=true]], Info: Implementation[name=image-search-mcp-server, version=0.0.1] and Instructions null
2025-12-13 20:57:52.527 [main] INFO  c.z.i.ImageSearchMcpApplication - Started ImageSearchMcpApplication in 2.445 seconds (process running for 3.52)
2025-12-13 20:57:55.122 [pool-9-thread-1] INFO  i.m.c.transport.StdioClientTransport - STDERR Message received: Amap Maps MCP Server running on stdio
2025-12-13 20:57:55.139 [pool-7-thread-1] INFO  i.m.client.McpAsyncClient - Server response with Protocol: 2024-11-05, Capabilities: ServerCapabilities[experimental=null, logging=null, prompts=null, resources=null, tools=ToolCapabilities[listChanged=null]], Info: Implementation[name=mcp-server/amap-maps, version=0.1.0] and Instructions null
2025-12-13 20:57:55.661 [main] INFO  o.s.a.t.splitter.TextSplitter - Splitting up document into 2 chunks.
2025-12-13 20:57:55.667 [main] INFO  o.s.a.t.splitter.TextSplitter - Splitting up document into 2 chunks.
2025-12-13 20:57:55.675 [main] INFO  o.s.a.t.splitter.TextSplitter - Splitting up document into 2 chunks.
2025-12-13 20:58:01.053 [main] INFO  o.s.ai.vectorstore.SimpleVectorStore - Calling EmbeddingModel for document id = c0025d9e-75e3-4168-828f-0345caa1ed84
2025-12-13 20:58:01.255 [main] INFO  o.s.ai.vectorstore.SimpleVectorStore - Calling EmbeddingModel for document id = 3a775408-4f75-4d46-9c56-91acedff96e4
2025-12-13 20:58:01.448 [main] INFO  o.s.ai.vectorstore.SimpleVectorStore - Calling EmbeddingModel for document id = 78f0eab4-0abd-48d6-aaed-927e69cf216a
2025-12-13 20:58:01.675 [main] INFO  c.z.e.s.impl.user.UserSmsServiceImpl - 开始初始化阿里云短信客户端...
2025-12-13 20:58:01.707 [main] INFO  c.z.e.s.impl.user.UserSmsServiceImpl - 阿里云短信客户端初始化完成
2025-12-13 20:58:01.742 [main] WARN  c.b.m.core.metadata.TableInfoHelper - Can not find table primary key in Class: "com.zyh.easyapplyresume.model.pojo.user.UserCollections".
2025-12-13 20:58:01.743 [main] WARN  c.b.m.c.injector.DefaultSqlInjector - class com.zyh.easyapplyresume.model.pojo.user.UserCollections ,Not found @TableId annotation, Cannot use Mybatis-Plus 'xxById' Method.
2025-12-13 20:58:02.171 [main] WARN  c.b.m.e.s.MybatisSqlSessionFactoryBean - Property 'mapperLocations' was specified but matching resources are not found.
2025-12-13 20:58:02.317 [main] INFO  o.s.a.v.pgvector.PgVectorStore - Using the vector table name: vector_store. Is empty: false
2025-12-13 20:58:02.321 [main] INFO  o.s.a.v.pgvector.PgVectorStore - Initializing PGVectorStore schema for table: vector_store in schema: public
2025-12-13 20:58:02.322 [main] INFO  o.s.a.v.pgvector.PgVectorStore - vectorTableValidationsEnabled false
2025-12-13 20:58:02.332 [main] INFO  com.zaxxer.hikari.HikariDataSource - HikariPool-1 - Starting...
2025-12-13 20:58:02.872 [main] INFO  com.zaxxer.hikari.pool.HikariPool - HikariPool-1 - Added connection org.postgresql.jdbc.PgConnection@348c409a
2025-12-13 20:58:02.875 [main] INFO  com.zaxxer.hikari.HikariDataSource - HikariPool-1 - Start completed.
2025-12-13 20:58:03.454 [main] WARN  o.s.b.a.s.s.UserDetailsServiceAutoConfiguration - 

Using generated security password: f86f25ea-56ad-4416-81ed-fd5ac8ebcef3

This generated password is for development use only. Your security configuration must be updated before running your application in production.

2025-12-13 20:58:03.469 [main] INFO  o.s.s.c.a.a.c.InitializeUserDetailsBeanManagerConfigurer$InitializeUserDetailsManagerConfigurer - Global AuthenticationManager configured with UserDetailsService bean with name inMemoryUserDetailsManager
2025-12-13 20:58:05.024 [main] INFO  o.a.coyote.http11.Http11NioProtocol - Starting ProtocolHandler ["http-nio-8080"]
2025-12-13 20:58:05.044 [main] INFO  o.s.b.w.e.tomcat.TomcatWebServer - Tomcat started on port 8080 (http) with context path '/api'
2025-12-13 20:58:05.071 [main] INFO  c.z.e.EasyApplyResumeApplication - Started EasyApplyResumeApplication in 25.863 seconds (process running for 27.035)
2025-12-13 20:58:45.249 [http-nio-8080-exec-1] INFO  o.a.c.c.C.[.[localhost].[/api] - Initializing Spring DispatcherServlet 'dispatcherServlet'
2025-12-13 20:58:45.249 [http-nio-8080-exec-1] INFO  o.s.web.servlet.DispatcherServlet - Initializing Servlet 'dispatcherServlet'
2025-12-13 20:58:45.253 [http-nio-8080-exec-1] INFO  o.s.web.servlet.DispatcherServlet - Completed initialization in 4 ms
2025-12-13 20:58:47.463 [http-nio-8080-exec-1] INFO  com.zaxxer.hikari.HikariDataSource - HikariPool-2 - Starting...
2025-12-13 20:58:49.337 [http-nio-8080-exec-1] INFO  com.zaxxer.hikari.pool.HikariPool - HikariPool-2 - Added connection com.mysql.cj.jdbc.ConnectionImpl@66b76365
2025-12-13 20:58:49.337 [http-nio-8080-exec-1] INFO  com.zaxxer.hikari.HikariDataSource - HikariPool-2 - Start completed.
2025-12-13 20:58:49.350 [http-nio-8080-exec-1] DEBUG c.z.e.m.m.a.AdminMapper.selectById - ==>  Preparing: SELECT admin_id,admin_account,admin_username,admin_email,admin_phone,admin_password,admin_image,admin_introduce,admin_state,admin_login_time,deleted FROM admin_admin WHERE admin_id=? AND deleted=0
2025-12-13 20:58:49.551 [http-nio-8080-exec-1] DEBUG c.z.e.m.m.a.AdminMapper.selectById - ==> Parameters: 1(Integer)
2025-12-13 20:58:49.918 [http-nio-8080-exec-1] DEBUG c.z.e.m.m.a.AdminMapper.selectById - <==      Total: 1
2025-12-13 20:58:49.952 [http-nio-8080-exec-1] DEBUG c.z.e.m.m.a.A.findAdminInfoById - ==>  Preparing: select * from admin_admin left join admin_admin_role on admin_admin.admin_id = admin_admin_role.adminId left join admin_role on admin_admin_role.roleId = admin_role.role_id left join admin_role_permission on admin_role.role_id = admin_role.role_id left join admin_permission on admin_role_permission.permissionId = admin_permission.permission_id where admin_admin.admin_id = ? and admin_admin.deleted = 0
2025-12-13 20:58:49.969 [http-nio-8080-exec-1] DEBUG c.z.e.m.m.a.A.findAdminInfoById - ==> Parameters: 1(Integer)
2025-12-13 20:58:50.011 [http-nio-8080-exec-1] DEBUG c.z.e.m.m.a.A.findAdminInfoById - <==      Total: 1
2025-12-13 20:58:52.894 [http-nio-8080-exec-1] DEBUG c.z.e.m.m.a.R.queryRecruitPositionPage - ==>  Preparing: SELECT rp.recruitPosition_id AS recruitPositionId, rp.recruitPosition_name AS recruitPositionName, rp.recruitPosition_industryCode AS recruitPositionIndustryCode, -- 连表字段：行业名称（从行业映射表查询） gim.industryMap_industryName AS recruitPositionIndustryName, rp.recruitPosition_minMonthSalary AS minMonthSalary, rp.recruitPosition_maxMonthSalary AS maxMonthSalary, rp.recruitPosition_weekWorkDayNum AS weekWorkDayNum, rp.recruitPosition_goodWelfare AS goodWelfare, rp.recruitPosition_createdTime AS createdTime, rp.recruitPosition_updatedTime AS updatedTime FROM general_recruitPosition rp -- 招聘岗位表别名rp -- 连表：通用行业映射表（别名gim），LEFT JOIN避免行业编码无效时丢失岗位数据 LEFT JOIN general_industryMap gim ON rp.recruitPosition_industryCode = gim.industryMap_industryCode ORDER BY rp.recruitPosition_updatedTime DESC
2025-12-13 20:58:52.895 [http-nio-8080-exec-1] DEBUG c.z.e.m.m.a.R.queryRecruitPositionPage - ==> Parameters: 
2025-12-13 20:58:52.933 [http-nio-8080-exec-1] DEBUG c.z.e.m.m.a.R.queryRecruitPositionPage - <==      Total: 1
2025-12-13 20:59:24.098 [http-nio-8080-exec-2] DEBUG c.z.e.m.m.a.AdminMapper.selectById - ==>  Preparing: SELECT admin_id,admin_account,admin_username,admin_email,admin_phone,admin_password,admin_image,admin_introduce,admin_state,admin_login_time,deleted FROM admin_admin WHERE admin_id=? AND deleted=0
2025-12-13 20:59:24.099 [http-nio-8080-exec-2] DEBUG c.z.e.m.m.a.AdminMapper.selectById - ==> Parameters: 1(Integer)
2025-12-13 20:59:24.137 [http-nio-8080-exec-2] DEBUG c.z.e.m.m.a.AdminMapper.selectById - <==      Total: 1
2025-12-13 20:59:24.138 [http-nio-8080-exec-2] DEBUG c.z.e.m.m.a.A.findAdminInfoById - ==>  Preparing: select * from admin_admin left join admin_admin_role on admin_admin.admin_id = admin_admin_role.adminId left join admin_role on admin_admin_role.roleId = admin_role.role_id left join admin_role_permission on admin_role.role_id = admin_role.role_id left join admin_permission on admin_role_permission.permissionId = admin_permission.permission_id where admin_admin.admin_id = ? and admin_admin.deleted = 0
2025-12-13 20:59:24.142 [http-nio-8080-exec-2] DEBUG c.z.e.m.m.a.A.findAdminInfoById - ==> Parameters: 1(Integer)
2025-12-13 20:59:24.185 [http-nio-8080-exec-2] DEBUG c.z.e.m.m.a.A.findAdminInfoById - <==      Total: 1
2025-12-13 20:59:30.611 [http-nio-8080-exec-2] DEBUG c.z.e.m.m.a.R.queryRecruitPositionPage - ==>  Preparing: SELECT rp.recruitPosition_id AS recruitPositionId, rp.recruitPosition_name AS recruitPositionName, rp.recruitPosition_industryCode AS recruitPositionIndustryCode, -- 连表字段：行业名称（从行业映射表查询） gim.industryMap_industryName AS recruitPositionIndustryName, rp.recruitPosition_minMonthSalary AS minMonthSalary, rp.recruitPosition_maxMonthSalary AS maxMonthSalary, rp.recruitPosition_weekWorkDayNum AS weekWorkDayNum, rp.recruitPosition_goodWelfare AS goodWelfare, rp.recruitPosition_createdTime AS createdTime, rp.recruitPosition_updatedTime AS updatedTime FROM general_recruitPosition rp -- 招聘岗位表别名rp -- 连表：通用行业映射表（别名gim），LEFT JOIN避免行业编码无效时丢失岗位数据 LEFT JOIN general_industryMap gim ON rp.recruitPosition_industryCode = gim.industryMap_industryCode ORDER BY rp.recruitPosition_updatedTime DESC
2025-12-13 20:59:30.612 [http-nio-8080-exec-2] DEBUG c.z.e.m.m.a.R.queryRecruitPositionPage - ==> Parameters: 
2025-12-13 20:59:30.654 [http-nio-8080-exec-2] DEBUG c.z.e.m.m.a.R.queryRecruitPositionPage - <==      Total: 1
2025-12-13 21:00:26.031 [http-nio-8080-exec-3] DEBUG c.z.e.m.m.a.AdminMapper.selectById - ==>  Preparing: SELECT admin_id,admin_account,admin_username,admin_email,admin_phone,admin_password,admin_image,admin_introduce,admin_state,admin_login_time,deleted FROM admin_admin WHERE admin_id=? AND deleted=0
2025-12-13 21:00:26.032 [http-nio-8080-exec-3] DEBUG c.z.e.m.m.a.AdminMapper.selectById - ==> Parameters: 1(Integer)
2025-12-13 21:00:26.069 [http-nio-8080-exec-3] DEBUG c.z.e.m.m.a.AdminMapper.selectById - <==      Total: 1
2025-12-13 21:00:26.069 [http-nio-8080-exec-3] DEBUG c.z.e.m.m.a.A.findAdminInfoById - ==>  Preparing: select * from admin_admin left join admin_admin_role on admin_admin.admin_id = admin_admin_role.adminId left join admin_role on admin_admin_role.roleId = admin_role.role_id left join admin_role_permission on admin_role.role_id = admin_role.role_id left join admin_permission on admin_role_permission.permissionId = admin_permission.permission_id where admin_admin.admin_id = ? and admin_admin.deleted = 0
2025-12-13 21:00:26.070 [http-nio-8080-exec-3] DEBUG c.z.e.m.m.a.A.findAdminInfoById - ==> Parameters: 1(Integer)
2025-12-13 21:00:26.110 [http-nio-8080-exec-3] DEBUG c.z.e.m.m.a.A.findAdminInfoById - <==      Total: 1
2025-12-13 21:00:26.153 [http-nio-8080-exec-3] DEBUG c.z.e.m.m.a.R.findRecruitPositionInfoById - ==>  Preparing: select * from general_recruitPosition left join general_industryMap on general_recruitPosition.recruitPosition_industryCode = general_industryMap.industryMap_industryCode where general_recruitPosition.recruitPosition_industryCode = ?
2025-12-13 21:00:26.153 [http-nio-8080-exec-3] DEBUG c.z.e.m.m.a.R.findRecruitPositionInfoById - ==> Parameters: 1(Integer)
2025-12-13 21:00:26.189 [http-nio-8080-exec-3] DEBUG c.z.e.m.m.a.R.findRecruitPositionInfoById - <==      Total: 0
2025-12-13 21:00:50.061 [http-nio-8080-exec-5] DEBUG c.z.e.m.m.a.AdminMapper.selectById - ==>  Preparing: SELECT admin_id,admin_account,admin_username,admin_email,admin_phone,admin_password,admin_image,admin_introduce,admin_state,admin_login_time,deleted FROM admin_admin WHERE admin_id=? AND deleted=0
2025-12-13 21:00:50.062 [http-nio-8080-exec-5] DEBUG c.z.e.m.m.a.AdminMapper.selectById - ==> Parameters: 1(Integer)
2025-12-13 21:00:50.099 [http-nio-8080-exec-5] DEBUG c.z.e.m.m.a.AdminMapper.selectById - <==      Total: 1
2025-12-13 21:00:50.100 [http-nio-8080-exec-5] DEBUG c.z.e.m.m.a.A.findAdminInfoById - ==>  Preparing: select * from admin_admin left join admin_admin_role on admin_admin.admin_id = admin_admin_role.adminId left join admin_role on admin_admin_role.roleId = admin_role.role_id left join admin_role_permission on admin_role.role_id = admin_role.role_id left join admin_permission on admin_role_permission.permissionId = admin_permission.permission_id where admin_admin.admin_id = ? and admin_admin.deleted = 0
2025-12-13 21:00:50.100 [http-nio-8080-exec-5] DEBUG c.z.e.m.m.a.A.findAdminInfoById - ==> Parameters: 1(Integer)
2025-12-13 21:00:50.143 [http-nio-8080-exec-5] DEBUG c.z.e.m.m.a.A.findAdminInfoById - <==      Total: 1
2025-12-13 21:00:50.180 [http-nio-8080-exec-5] DEBUG c.z.e.m.m.a.R.findRecruitPositionInfoById - ==>  Preparing: select * from general_recruitPosition left join general_industryMap on general_recruitPosition.recruitPosition_industryCode = general_industryMap.industryMap_industryCode where general_recruitPosition.recruitPosition_industryCode = ?
2025-12-13 21:00:50.181 [http-nio-8080-exec-5] DEBUG c.z.e.m.m.a.R.findRecruitPositionInfoById - ==> Parameters: 1(Integer)
2025-12-13 21:00:50.224 [http-nio-8080-exec-5] DEBUG c.z.e.m.m.a.R.findRecruitPositionInfoById - <==      Total: 0
2025-12-13 21:00:56.547 [http-nio-8080-exec-7] DEBUG c.z.e.m.m.a.AdminMapper.selectById - ==>  Preparing: SELECT admin_id,admin_account,admin_username,admin_email,admin_phone,admin_password,admin_image,admin_introduce,admin_state,admin_login_time,deleted FROM admin_admin WHERE admin_id=? AND deleted=0
2025-12-13 21:00:56.548 [http-nio-8080-exec-7] DEBUG c.z.e.m.m.a.AdminMapper.selectById - ==> Parameters: 1(Integer)
2025-12-13 21:00:56.586 [http-nio-8080-exec-7] DEBUG c.z.e.m.m.a.AdminMapper.selectById - <==      Total: 1
2025-12-13 21:00:56.587 [http-nio-8080-exec-7] DEBUG c.z.e.m.m.a.A.findAdminInfoById - ==>  Preparing: select * from admin_admin left join admin_admin_role on admin_admin.admin_id = admin_admin_role.adminId left join admin_role on admin_admin_role.roleId = admin_role.role_id left join admin_role_permission on admin_role.role_id = admin_role.role_id left join admin_permission on admin_role_permission.permissionId = admin_permission.permission_id where admin_admin.admin_id = ? and admin_admin.deleted = 0
2025-12-13 21:00:56.589 [http-nio-8080-exec-7] DEBUG c.z.e.m.m.a.A.findAdminInfoById - ==> Parameters: 1(Integer)
2025-12-13 21:00:56.626 [http-nio-8080-exec-7] DEBUG c.z.e.m.m.a.A.findAdminInfoById - <==      Total: 1
2025-12-13 21:00:56.669 [http-nio-8080-exec-7] DEBUG c.z.e.m.m.a.R.findRecruitPositionInfoById - ==>  Preparing: select * from general_recruitPosition left join general_industryMap on general_recruitPosition.recruitPosition_industryCode = general_industryMap.industryMap_industryCode where general_recruitPosition.recruitPosition_industryCode = ?
2025-12-13 21:00:56.670 [http-nio-8080-exec-7] DEBUG c.z.e.m.m.a.R.findRecruitPositionInfoById - ==> Parameters: 1(Integer)
2025-12-13 21:00:56.706 [http-nio-8080-exec-7] DEBUG c.z.e.m.m.a.R.findRecruitPositionInfoById - <==      Total: 0
2025-12-13 21:01:19.564 [http-nio-8080-exec-4] DEBUG c.z.e.m.m.a.AdminMapper.selectById - ==>  Preparing: SELECT admin_id,admin_account,admin_username,admin_email,admin_phone,admin_password,admin_image,admin_introduce,admin_state,admin_login_time,deleted FROM admin_admin WHERE admin_id=? AND deleted=0
2025-12-13 21:01:19.565 [http-nio-8080-exec-4] DEBUG c.z.e.m.m.a.AdminMapper.selectById - ==> Parameters: 1(Integer)
2025-12-13 21:01:19.603 [http-nio-8080-exec-4] DEBUG c.z.e.m.m.a.AdminMapper.selectById - <==      Total: 1
2025-12-13 21:01:19.605 [http-nio-8080-exec-4] DEBUG c.z.e.m.m.a.A.findAdminInfoById - ==>  Preparing: select * from admin_admin left join admin_admin_role on admin_admin.admin_id = admin_admin_role.adminId left join admin_role on admin_admin_role.roleId = admin_role.role_id left join admin_role_permission on admin_role.role_id = admin_role.role_id left join admin_permission on admin_role_permission.permissionId = admin_permission.permission_id where admin_admin.admin_id = ? and admin_admin.deleted = 0
2025-12-13 21:01:19.606 [http-nio-8080-exec-4] DEBUG c.z.e.m.m.a.A.findAdminInfoById - ==> Parameters: 1(Integer)
2025-12-13 21:01:19.644 [http-nio-8080-exec-4] DEBUG c.z.e.m.m.a.A.findAdminInfoById - <==      Total: 1
2025-12-13 21:01:19.685 [http-nio-8080-exec-4] DEBUG c.z.e.m.m.a.R.findRecruitPositionInfoById - ==>  Preparing: select * from general_recruitPosition left join general_industryMap on general_recruitPosition.recruitPosition_industryCode = general_industryMap.industryMap_industryCode where general_recruitPosition.recruitPosition_industryCode = ?
2025-12-13 21:01:19.686 [http-nio-8080-exec-4] DEBUG c.z.e.m.m.a.R.findRecruitPositionInfoById - ==> Parameters: 1(Integer)
2025-12-13 21:01:19.722 [http-nio-8080-exec-4] DEBUG c.z.e.m.m.a.R.findRecruitPositionInfoById - <==      Total: 0
2025-12-13 21:01:58.174 [http-nio-8080-exec-6] DEBUG c.z.e.m.m.a.AdminMapper.selectById - ==>  Preparing: SELECT admin_id,admin_account,admin_username,admin_email,admin_phone,admin_password,admin_image,admin_introduce,admin_state,admin_login_time,deleted FROM admin_admin WHERE admin_id=? AND deleted=0
2025-12-13 21:01:58.175 [http-nio-8080-exec-6] DEBUG c.z.e.m.m.a.AdminMapper.selectById - ==> Parameters: 1(Integer)
2025-12-13 21:01:58.213 [http-nio-8080-exec-6] DEBUG c.z.e.m.m.a.AdminMapper.selectById - <==      Total: 1
2025-12-13 21:01:58.214 [http-nio-8080-exec-6] DEBUG c.z.e.m.m.a.A.findAdminInfoById - ==>  Preparing: select * from admin_admin left join admin_admin_role on admin_admin.admin_id = admin_admin_role.adminId left join admin_role on admin_admin_role.roleId = admin_role.role_id left join admin_role_permission on admin_role.role_id = admin_role.role_id left join admin_permission on admin_role_permission.permissionId = admin_permission.permission_id where admin_admin.admin_id = ? and admin_admin.deleted = 0
2025-12-13 21:01:58.216 [http-nio-8080-exec-6] DEBUG c.z.e.m.m.a.A.findAdminInfoById - ==> Parameters: 1(Integer)
2025-12-13 21:01:58.254 [http-nio-8080-exec-6] DEBUG c.z.e.m.m.a.A.findAdminInfoById - <==      Total: 1
2025-12-13 21:02:00.462 [http-nio-8080-exec-6] DEBUG c.z.e.m.m.a.R.findRecruitPositionInfoById - ==>  Preparing: select * from general_recruitPosition left join general_industryMap on general_recruitPosition.recruitPosition_industryCode = general_industryMap.industryMap_industryCode where general_recruitPosition.recruitPosition_industryCode = ?
2025-12-13 21:02:00.462 [http-nio-8080-exec-6] DEBUG c.z.e.m.m.a.R.findRecruitPositionInfoById - ==> Parameters: 1(Integer)
2025-12-13 21:02:00.499 [http-nio-8080-exec-6] DEBUG c.z.e.m.m.a.R.findRecruitPositionInfoById - <==      Total: 0
2025-12-13 21:10:20.668 [HikariPool-1 housekeeper] WARN  com.zaxxer.hikari.pool.HikariPool - HikariPool-1 - Thread starvation or clock leap detected (housekeeper delta=8m44s484ms761µs900ns).
2025-12-13 21:10:20.668 [HikariPool-2 housekeeper] WARN  com.zaxxer.hikari.pool.HikariPool - HikariPool-2 - Thread starvation or clock leap detected (housekeeper delta=8m31s136ms700µs600ns).
2025-12-13 21:10:20.788 [Thread-1] WARN  c.a.n.c.executor.ThreadPoolManager - [ThreadPoolManager] Start destroying ThreadPool
2025-12-13 21:10:20.788 [Thread-15] WARN  c.a.n.c.http.HttpClientBeanHolder - [HttpClientBeanHolder] Start destroying common HttpClient
2025-12-13 21:10:20.789 [Thread-15] WARN  c.a.n.c.http.HttpClientBeanHolder - [HttpClientBeanHolder] Destruction of the end
2025-12-13 21:10:20.789 [Thread-1] WARN  c.a.n.c.executor.ThreadPoolManager - [ThreadPoolManager] Destruction of the end
2025-12-13 21:10:20.849 [SpringApplicationShutdownHook] INFO  com.zaxxer.hikari.HikariDataSource - HikariPool-1 - Shutdown initiated...
2025-12-13 21:10:20.856 [SpringApplicationShutdownHook] INFO  com.zaxxer.hikari.HikariDataSource - HikariPool-1 - Shutdown completed.
2025-12-13 21:10:20.857 [SpringApplicationShutdownHook] INFO  c.z.e.s.impl.user.UserSmsServiceImpl - 关闭阿里云短信客户端...
2025-12-13 21:10:20.860 [SpringApplicationShutdownHook] INFO  c.z.e.s.impl.user.UserSmsServiceImpl - 阿里云短信客户端已关闭
2025-12-13 21:10:20.861 [SpringApplicationShutdownHook] INFO  c.z.e.s.i.admin.AdminSmsServiceImpl - 关闭阿里云短信客户端...
2025-12-13 21:10:20.862 [SpringApplicationShutdownHook] INFO  c.z.e.s.i.admin.AdminSmsServiceImpl - 阿里云短信客户端已关闭
2025-12-13 21:10:20.871 [SpringApplicationShutdownHook] INFO  com.zaxxer.hikari.HikariDataSource - HikariPool-2 - Shutdown initiated...
2025-12-13 21:10:20.882 [SpringApplicationShutdownHook] INFO  com.zaxxer.hikari.HikariDataSource - HikariPool-2 - Shutdown completed.
2025-12-13 21:10:24.830 [main] INFO  c.a.n.client.logging.NacosLogging - Nacos Logging Adapter Builder: com.alibaba.nacos.logger.adapter.logback12.LogbackNacosLoggingAdapterBuilder
2025-12-13 21:10:24.833 [main] INFO  c.a.n.client.logging.NacosLogging - Nacos Logging Adapter Builder: com.alibaba.nacos.logger.adapter.logback14.LogbackNacosLoggingAdapterBuilder
2025-12-13 21:10:24.834 [main] INFO  c.a.n.client.logging.NacosLogging - Nacos Logging Adapter: com.alibaba.nacos.logger.adapter.logback14.LogbackNacosLoggingAdapter match ch.qos.logback.classic.Logger success.
2025-12-13 21:10:24.845 [main] INFO  c.a.n.client.logging.NacosLogging - Nacos Logging Adapter Builder: com.alibaba.nacos.logger.adapter.log4j2.Log4j2NacosLoggingAdapterBuilder
2025-12-13 21:10:24.861 [background-preinit] INFO  o.h.validator.internal.util.Version - HV000001: Hibernate Validator 8.0.1.Final
2025-12-13 21:10:25.026 [main] INFO  c.z.e.EasyApplyResumeApplication - Starting EasyApplyResumeApplication using Java 21.0.9 with PID 16812 (C:\Users\shini\IdeaProjects\EasyApplyResume\target\classes started by shini in C:\Users\shini\IdeaProjects\EasyApplyResume)
2025-12-13 21:10:25.027 [main] DEBUG c.z.e.EasyApplyResumeApplication - Running with Spring Boot v3.3.5, Spring v6.1.14
2025-12-13 21:10:25.028 [main] INFO  c.z.e.EasyApplyResumeApplication - The following 1 profile is active: "dev"
2025-12-13 21:10:27.358 [main] INFO  o.s.d.r.c.RepositoryConfigurationDelegate - Multiple Spring Data modules found, entering strict repository configuration mode
2025-12-13 21:10:27.362 [main] INFO  o.s.d.r.c.RepositoryConfigurationDelegate - Bootstrapping Spring Data Redis repositories in DEFAULT mode.
2025-12-13 21:10:27.455 [main] INFO  o.s.d.r.c.RepositoryConfigurationDelegate - Finished Spring Data repository scanning in 67 ms. Found 0 Redis repository interfaces.
2025-12-13 21:10:27.670 [main] WARN  o.m.s.mapper.ClassPathMapperScanner - Cannot use both: sqlSessionTemplate and sqlSessionFactory together. sqlSessionFactory is ignored.
2025-12-13 21:10:27.671 [main] WARN  o.m.s.mapper.ClassPathMapperScanner - Cannot use both: sqlSessionTemplate and sqlSessionFactory together. sqlSessionFactory is ignored.
2025-12-13 21:10:27.672 [main] WARN  o.m.s.mapper.ClassPathMapperScanner - Cannot use both: sqlSessionTemplate and sqlSessionFactory together. sqlSessionFactory is ignored.
2025-12-13 21:10:27.673 [main] WARN  o.m.s.mapper.ClassPathMapperScanner - Cannot use both: sqlSessionTemplate and sqlSessionFactory together. sqlSessionFactory is ignored.
2025-12-13 21:10:27.673 [main] WARN  o.m.s.mapper.ClassPathMapperScanner - Cannot use both: sqlSessionTemplate and sqlSessionFactory together. sqlSessionFactory is ignored.
2025-12-13 21:10:27.675 [main] WARN  o.m.s.mapper.ClassPathMapperScanner - Cannot use both: sqlSessionTemplate and sqlSessionFactory together. sqlSessionFactory is ignored.
2025-12-13 21:10:27.676 [main] WARN  o.m.s.mapper.ClassPathMapperScanner - Cannot use both: sqlSessionTemplate and sqlSessionFactory together. sqlSessionFactory is ignored.
2025-12-13 21:10:27.677 [main] WARN  o.m.s.mapper.ClassPathMapperScanner - Cannot use both: sqlSessionTemplate and sqlSessionFactory together. sqlSessionFactory is ignored.
2025-12-13 21:10:27.678 [main] WARN  o.m.s.mapper.ClassPathMapperScanner - Cannot use both: sqlSessionTemplate and sqlSessionFactory together. sqlSessionFactory is ignored.
2025-12-13 21:10:27.679 [main] WARN  o.m.s.mapper.ClassPathMapperScanner - Cannot use both: sqlSessionTemplate and sqlSessionFactory together. sqlSessionFactory is ignored.
2025-12-13 21:10:27.680 [main] WARN  o.m.s.mapper.ClassPathMapperScanner - Cannot use both: sqlSessionTemplate and sqlSessionFactory together. sqlSessionFactory is ignored.
2025-12-13 21:10:27.681 [main] WARN  o.m.s.mapper.ClassPathMapperScanner - Cannot use both: sqlSessionTemplate and sqlSessionFactory together. sqlSessionFactory is ignored.
2025-12-13 21:10:27.682 [main] WARN  o.m.s.mapper.ClassPathMapperScanner - Cannot use both: sqlSessionTemplate and sqlSessionFactory together. sqlSessionFactory is ignored.
2025-12-13 21:10:27.683 [main] WARN  o.m.s.mapper.ClassPathMapperScanner - Cannot use both: sqlSessionTemplate and sqlSessionFactory together. sqlSessionFactory is ignored.
2025-12-13 21:10:27.684 [main] WARN  o.m.s.mapper.ClassPathMapperScanner - Cannot use both: sqlSessionTemplate and sqlSessionFactory together. sqlSessionFactory is ignored.
2025-12-13 21:10:27.685 [main] WARN  o.m.s.mapper.ClassPathMapperScanner - Cannot use both: sqlSessionTemplate and sqlSessionFactory together. sqlSessionFactory is ignored.
2025-12-13 21:10:27.686 [main] WARN  o.m.s.mapper.ClassPathMapperScanner - Cannot use both: sqlSessionTemplate and sqlSessionFactory together. sqlSessionFactory is ignored.
2025-12-13 21:10:27.687 [main] WARN  o.m.s.mapper.ClassPathMapperScanner - Cannot use both: sqlSessionTemplate and sqlSessionFactory together. sqlSessionFactory is ignored.
2025-12-13 21:10:27.688 [main] WARN  o.m.s.mapper.ClassPathMapperScanner - Cannot use both: sqlSessionTemplate and sqlSessionFactory together. sqlSessionFactory is ignored.
2025-12-13 21:10:27.689 [main] WARN  o.m.s.mapper.ClassPathMapperScanner - Cannot use both: sqlSessionTemplate and sqlSessionFactory together. sqlSessionFactory is ignored.
2025-12-13 21:10:27.689 [main] WARN  o.m.s.mapper.ClassPathMapperScanner - Cannot use both: sqlSessionTemplate and sqlSessionFactory together. sqlSessionFactory is ignored.
2025-12-13 21:10:27.690 [main] WARN  o.m.s.mapper.ClassPathMapperScanner - Cannot use both: sqlSessionTemplate and sqlSessionFactory together. sqlSessionFactory is ignored.
2025-12-13 21:10:27.690 [main] WARN  o.m.s.mapper.ClassPathMapperScanner - Cannot use both: sqlSessionTemplate and sqlSessionFactory together. sqlSessionFactory is ignored.
2025-12-13 21:10:27.691 [main] WARN  o.m.s.mapper.ClassPathMapperScanner - Cannot use both: sqlSessionTemplate and sqlSessionFactory together. sqlSessionFactory is ignored.
2025-12-13 21:10:27.692 [main] WARN  o.m.s.mapper.ClassPathMapperScanner - Cannot use both: sqlSessionTemplate and sqlSessionFactory together. sqlSessionFactory is ignored.
2025-12-13 21:10:27.692 [main] WARN  o.m.s.mapper.ClassPathMapperScanner - Cannot use both: sqlSessionTemplate and sqlSessionFactory together. sqlSessionFactory is ignored.
2025-12-13 21:10:27.695 [main] WARN  o.m.s.mapper.ClassPathMapperScanner - No MyBatis mapper was found in '[com.zyh.easyapplyresume.mapper.pgvector]' package. Please check your configuration.
2025-12-13 21:10:28.185 [main] WARN  o.s.c.s.PostProcessorRegistrationDelegate$BeanPostProcessorChecker - Bean 'com.alibaba.cloud.nacos.NacosConfigAutoConfiguration' of type [com.alibaba.cloud.nacos.NacosConfigAutoConfiguration] is not eligible for getting processed by all BeanPostProcessors (for example: not eligible for auto-proxying). The currently created BeanPostProcessor [nacosAnnotationProcessor] is declared through a non-static factory method on that class; consider declaring it as static instead.
2025-12-13 21:10:28.201 [main] WARN  o.s.c.s.PostProcessorRegistrationDelegate$BeanPostProcessorChecker - Bean 'nacosConfigProperties' of type [com.alibaba.cloud.nacos.NacosConfigProperties] is not eligible for getting processed by all BeanPostProcessors (for example: not eligible for auto-proxying). Is this bean getting eagerly injected/applied to a currently created BeanPostProcessor [nacosAnnotationProcessor]? Check the corresponding BeanPostProcessor declaration and its dependencies/advisors. If this bean does not have to be post-processed, declare it with ROLE_INFRASTRUCTURE.
2025-12-13 21:10:28.378 [main] INFO  c.a.n.p.a.s.c.ClientAuthPluginManager - [ClientAuthPluginManager] Load ClientAuthService com.alibaba.nacos.client.auth.impl.NacosClientAuthServiceImpl success.
2025-12-13 21:10:28.379 [main] INFO  c.a.n.p.a.s.c.ClientAuthPluginManager - [ClientAuthPluginManager] Load ClientAuthService com.alibaba.nacos.client.auth.ram.RamClientAuthServiceImpl success.
2025-12-13 21:10:28.384 [main] WARN  o.s.c.s.PostProcessorRegistrationDelegate$BeanPostProcessorChecker - Bean 'nacosConfigManager' of type [com.alibaba.cloud.nacos.NacosConfigManager] is not eligible for getting processed by all BeanPostProcessors (for example: not eligible for auto-proxying). Is this bean getting eagerly injected/applied to a currently created BeanPostProcessor [nacosAnnotationProcessor]? Check the corresponding BeanPostProcessor declaration and its dependencies/advisors. If this bean does not have to be post-processed, declare it with ROLE_INFRASTRUCTURE.
2025-12-13 21:10:29.200 [main] INFO  o.s.b.w.e.tomcat.TomcatWebServer - Tomcat initialized with port 8080 (http)
2025-12-13 21:10:29.225 [main] INFO  o.a.coyote.http11.Http11NioProtocol - Initializing ProtocolHandler ["http-nio-8080"]
2025-12-13 21:10:29.232 [main] INFO  o.a.catalina.core.StandardService - Starting service [Tomcat]
2025-12-13 21:10:29.233 [main] INFO  o.a.catalina.core.StandardEngine - Starting Servlet engine: [Apache Tomcat/10.1.31]
2025-12-13 21:10:29.404 [main] INFO  o.a.c.c.C.[.[localhost].[/api] - Initializing Spring embedded WebApplicationContext
2025-12-13 21:10:29.404 [main] INFO  o.s.b.w.s.c.ServletWebServerApplicationContext - Root WebApplicationContext: initialization completed in 4268 ms
2025-12-13 21:10:30.852 [main] DEBUG c.z.e.filter.UserJwtAuthFilter - Filter 'userJwtAuthFilter' configured for use
2025-12-13 21:10:30.853 [main] DEBUG c.z.e.filter.AdminJwtAuthFilter - Filter 'adminJwtAuthFilter' configured for use
2025-12-13 21:10:31.101 [main] INFO  c.z.e.s.i.admin.AdminSmsServiceImpl - 开始初始化阿里云短信客户端...
2025-12-13 21:10:31.485 [main] INFO  c.z.e.s.i.admin.AdminSmsServiceImpl - 阿里云短信客户端初始化完成
2025-12-13 21:10:32.688 [main] INFO  c.z.e.d.a.SensitiveWordsAdvisor - 敏感词初始化完成，共加载 137 个敏感词
2025-12-13 21:10:35.259 [main] INFO  c.z.i.ImageSearchMcpApplication - Starting ImageSearchMcpApplication v0.0.1-SNAPSHOT using Java 21.0.9 with PID 10608 (C:\Users\shini\IdeaProjects\EasyApplyResume\Image-Search-Mcp\target\Image-Search-Mcp-0.0.1-SNAPSHOT.jar started by shini in C:\Users\shini\IdeaProjects\EasyApplyResume)
2025-12-13 21:10:35.261 [main] INFO  c.z.i.ImageSearchMcpApplication - The following 1 profile is active: "stdio"
2025-12-13 21:10:36.859 [pool-1-thread-1] INFO  i.m.server.McpAsyncServer - Client initialize request - Protocol: 2024-11-05, Capabilities: ClientCapabilities[experimental=null, roots=null, sampling=null], Info: Implementation[name=spring-ai-mcp-client, version=1.0.0]
2025-12-13 21:10:36.964 [pool-4-thread-1] INFO  i.m.client.McpAsyncClient - Server response with Protocol: 2024-11-05, Capabilities: ServerCapabilities[experimental=null, logging=LoggingCapabilities[], prompts=null, resources=null, tools=ToolCapabilities[listChanged=true]], Info: Implementation[name=image-search-mcp-server, version=0.0.1] and Instructions null
2025-12-13 21:10:37.010 [main] INFO  c.z.i.ImageSearchMcpApplication - Started ImageSearchMcpApplication in 2.434 seconds (process running for 3.581)
2025-12-13 21:10:39.556 [pool-9-thread-1] INFO  i.m.c.transport.StdioClientTransport - STDERR Message received: Amap Maps MCP Server running on stdio
2025-12-13 21:10:39.572 [pool-7-thread-1] INFO  i.m.client.McpAsyncClient - Server response with Protocol: 2024-11-05, Capabilities: ServerCapabilities[experimental=null, logging=null, prompts=null, resources=null, tools=ToolCapabilities[listChanged=null]], Info: Implementation[name=mcp-server/amap-maps, version=0.1.0] and Instructions null
2025-12-13 21:10:40.082 [main] INFO  o.s.a.t.splitter.TextSplitter - Splitting up document into 2 chunks.
2025-12-13 21:10:40.088 [main] INFO  o.s.a.t.splitter.TextSplitter - Splitting up document into 2 chunks.
2025-12-13 21:10:40.095 [main] INFO  o.s.a.t.splitter.TextSplitter - Splitting up document into 2 chunks.
2025-12-13 21:10:44.633 [main] INFO  o.s.ai.vectorstore.SimpleVectorStore - Calling EmbeddingModel for document id = c434cff8-9823-485d-ae2f-b31d86c535dc
2025-12-13 21:10:44.825 [main] INFO  o.s.ai.vectorstore.SimpleVectorStore - Calling EmbeddingModel for document id = 8124a577-d02d-4a45-9ceb-6976ba441e3e
2025-12-13 21:10:45.014 [main] INFO  o.s.ai.vectorstore.SimpleVectorStore - Calling EmbeddingModel for document id = 339c2d51-fc8a-4346-a305-727bc4d34f51
2025-12-13 21:10:45.246 [main] INFO  c.z.e.s.impl.user.UserSmsServiceImpl - 开始初始化阿里云短信客户端...
2025-12-13 21:10:45.272 [main] INFO  c.z.e.s.impl.user.UserSmsServiceImpl - 阿里云短信客户端初始化完成
2025-12-13 21:10:45.310 [main] WARN  c.b.m.core.metadata.TableInfoHelper - Can not find table primary key in Class: "com.zyh.easyapplyresume.model.pojo.user.UserCollections".
2025-12-13 21:10:45.310 [main] WARN  c.b.m.c.injector.DefaultSqlInjector - class com.zyh.easyapplyresume.model.pojo.user.UserCollections ,Not found @TableId annotation, Cannot use Mybatis-Plus 'xxById' Method.
2025-12-13 21:10:45.755 [main] WARN  c.b.m.e.s.MybatisSqlSessionFactoryBean - Property 'mapperLocations' was specified but matching resources are not found.
2025-12-13 21:10:45.931 [main] INFO  o.s.a.v.pgvector.PgVectorStore - Using the vector table name: vector_store. Is empty: false
2025-12-13 21:10:45.936 [main] INFO  o.s.a.v.pgvector.PgVectorStore - Initializing PGVectorStore schema for table: vector_store in schema: public
2025-12-13 21:10:45.936 [main] INFO  o.s.a.v.pgvector.PgVectorStore - vectorTableValidationsEnabled false
2025-12-13 21:10:45.944 [main] INFO  com.zaxxer.hikari.HikariDataSource - HikariPool-1 - Starting...
2025-12-13 21:10:46.481 [main] INFO  com.zaxxer.hikari.pool.HikariPool - HikariPool-1 - Added connection org.postgresql.jdbc.PgConnection@7790a1a9
2025-12-13 21:10:46.485 [main] INFO  com.zaxxer.hikari.HikariDataSource - HikariPool-1 - Start completed.
2025-12-13 21:10:47.038 [main] WARN  o.s.b.a.s.s.UserDetailsServiceAutoConfiguration - 

Using generated security password: 05dc09ca-cbfc-4b91-b873-de605d05994c

This generated password is for development use only. Your security configuration must be updated before running your application in production.

2025-12-13 21:10:47.055 [main] INFO  o.s.s.c.a.a.c.InitializeUserDetailsBeanManagerConfigurer$InitializeUserDetailsManagerConfigurer - Global AuthenticationManager configured with UserDetailsService bean with name inMemoryUserDetailsManager
2025-12-13 21:10:48.491 [main] INFO  o.a.coyote.http11.Http11NioProtocol - Starting ProtocolHandler ["http-nio-8080"]
2025-12-13 21:10:48.510 [main] INFO  o.s.b.w.e.tomcat.TomcatWebServer - Tomcat started on port 8080 (http) with context path '/api'
2025-12-13 21:10:48.535 [main] INFO  c.z.e.EasyApplyResumeApplication - Started EasyApplyResumeApplication in 24.568 seconds (process running for 25.817)
2025-12-13 21:11:39.820 [http-nio-8080-exec-1] INFO  o.a.c.c.C.[.[localhost].[/api] - Initializing Spring DispatcherServlet 'dispatcherServlet'
2025-12-13 21:11:39.821 [http-nio-8080-exec-1] INFO  o.s.web.servlet.DispatcherServlet - Initializing Servlet 'dispatcherServlet'
2025-12-13 21:11:39.834 [http-nio-8080-exec-1] INFO  o.s.web.servlet.DispatcherServlet - Completed initialization in 13 ms
2025-12-13 21:11:41.034 [http-nio-8080-exec-1] INFO  com.zaxxer.hikari.HikariDataSource - HikariPool-2 - Starting...
2025-12-13 21:11:42.322 [http-nio-8080-exec-1] INFO  com.zaxxer.hikari.pool.HikariPool - HikariPool-2 - Added connection com.mysql.cj.jdbc.ConnectionImpl@353a8bba
2025-12-13 21:11:42.322 [http-nio-8080-exec-1] INFO  com.zaxxer.hikari.HikariDataSource - HikariPool-2 - Start completed.
2025-12-13 21:11:42.334 [http-nio-8080-exec-1] DEBUG c.z.e.m.m.a.AdminMapper.selectById - ==>  Preparing: SELECT admin_id,admin_account,admin_username,admin_email,admin_phone,admin_password,admin_image,admin_introduce,admin_state,admin_login_time,deleted FROM admin_admin WHERE admin_id=? AND deleted=0
2025-12-13 21:11:42.661 [http-nio-8080-exec-1] DEBUG c.z.e.m.m.a.AdminMapper.selectById - ==> Parameters: 1(Integer)
2025-12-13 21:11:42.995 [http-nio-8080-exec-1] DEBUG c.z.e.m.m.a.AdminMapper.selectById - <==      Total: 1
2025-12-13 21:11:43.017 [http-nio-8080-exec-1] DEBUG c.z.e.m.m.a.A.findAdminInfoById - ==>  Preparing: select * from admin_admin left join admin_admin_role on admin_admin.admin_id = admin_admin_role.adminId left join admin_role on admin_admin_role.roleId = admin_role.role_id left join admin_role_permission on admin_role.role_id = admin_role.role_id left join admin_permission on admin_role_permission.permissionId = admin_permission.permission_id where admin_admin.admin_id = ? and admin_admin.deleted = 0
2025-12-13 21:11:43.023 [http-nio-8080-exec-1] DEBUG c.z.e.m.m.a.A.findAdminInfoById - ==> Parameters: 1(Integer)
2025-12-13 21:11:43.064 [http-nio-8080-exec-1] DEBUG c.z.e.m.m.a.A.findAdminInfoById - <==      Total: 1
2025-12-13 21:11:44.038 [http-nio-8080-exec-2] DEBUG c.z.e.m.m.a.AdminMapper.selectById - ==>  Preparing: SELECT admin_id,admin_account,admin_username,admin_email,admin_phone,admin_password,admin_image,admin_introduce,admin_state,admin_login_time,deleted FROM admin_admin WHERE admin_id=? AND deleted=0
2025-12-13 21:11:44.039 [http-nio-8080-exec-2] DEBUG c.z.e.m.m.a.AdminMapper.selectById - ==> Parameters: 1(Integer)
2025-12-13 21:11:44.078 [http-nio-8080-exec-2] DEBUG c.z.e.m.m.a.AdminMapper.selectById - <==      Total: 1
2025-12-13 21:11:44.079 [http-nio-8080-exec-2] DEBUG c.z.e.m.m.a.A.findAdminInfoById - ==>  Preparing: select * from admin_admin left join admin_admin_role on admin_admin.admin_id = admin_admin_role.adminId left join admin_role on admin_admin_role.roleId = admin_role.role_id left join admin_role_permission on admin_role.role_id = admin_role.role_id left join admin_permission on admin_role_permission.permissionId = admin_permission.permission_id where admin_admin.admin_id = ? and admin_admin.deleted = 0
2025-12-13 21:11:44.085 [http-nio-8080-exec-2] DEBUG c.z.e.m.m.a.A.findAdminInfoById - ==> Parameters: 1(Integer)
2025-12-13 21:11:44.121 [http-nio-8080-exec-2] DEBUG c.z.e.m.m.a.A.findAdminInfoById - <==      Total: 1
2025-12-13 21:11:50.910 [http-nio-8080-exec-2] DEBUG c.z.e.m.m.a.R.findRecruitPositionInfoById - ==>  Preparing: select * from general_recruitPosition left join general_industryMap on general_recruitPosition.recruitPosition_industryCode = general_industryMap.industryMap_industryCode where general_recruitPosition.recruitPosition_id = ?
2025-12-13 21:11:50.910 [http-nio-8080-exec-1] DEBUG c.z.e.m.m.a.R.findRecruitPositionInfoById - ==>  Preparing: select * from general_recruitPosition left join general_industryMap on general_recruitPosition.recruitPosition_industryCode = general_industryMap.industryMap_industryCode where general_recruitPosition.recruitPosition_id = ?
2025-12-13 21:11:50.910 [http-nio-8080-exec-1] DEBUG c.z.e.m.m.a.R.findRecruitPositionInfoById - ==> Parameters: 1(Integer)
2025-12-13 21:11:50.910 [http-nio-8080-exec-2] DEBUG c.z.e.m.m.a.R.findRecruitPositionInfoById - ==> Parameters: 1(Integer)
2025-12-13 21:12:08.697 [Thread-1] WARN  c.a.n.c.executor.ThreadPoolManager - [ThreadPoolManager] Start destroying ThreadPool
2025-12-13 21:12:08.698 [Thread-15] WARN  c.a.n.c.http.HttpClientBeanHolder - [HttpClientBeanHolder] Start destroying common HttpClient
2025-12-13 21:12:08.699 [Thread-15] WARN  c.a.n.c.http.HttpClientBeanHolder - [HttpClientBeanHolder] Destruction of the end
2025-12-13 21:12:08.699 [Thread-1] WARN  c.a.n.c.executor.ThreadPoolManager - [ThreadPoolManager] Destruction of the end
2025-12-13 21:12:08.753 [SpringApplicationShutdownHook] INFO  com.zaxxer.hikari.HikariDataSource - HikariPool-1 - Shutdown initiated...
2025-12-13 21:12:08.758 [SpringApplicationShutdownHook] INFO  com.zaxxer.hikari.HikariDataSource - HikariPool-1 - Shutdown completed.
2025-12-13 21:12:08.759 [SpringApplicationShutdownHook] INFO  c.z.e.s.impl.user.UserSmsServiceImpl - 关闭阿里云短信客户端...
2025-12-13 21:12:08.763 [SpringApplicationShutdownHook] INFO  c.z.e.s.impl.user.UserSmsServiceImpl - 阿里云短信客户端已关闭
2025-12-13 21:12:08.764 [SpringApplicationShutdownHook] INFO  c.z.e.s.i.admin.AdminSmsServiceImpl - 关闭阿里云短信客户端...
2025-12-13 21:12:08.765 [SpringApplicationShutdownHook] INFO  c.z.e.s.i.admin.AdminSmsServiceImpl - 阿里云短信客户端已关闭
2025-12-13 21:12:08.772 [SpringApplicationShutdownHook] INFO  com.zaxxer.hikari.HikariDataSource - HikariPool-2 - Shutdown initiated...
2025-12-13 21:12:08.784 [SpringApplicationShutdownHook] INFO  com.zaxxer.hikari.HikariDataSource - HikariPool-2 - Shutdown completed.
2025-12-13 21:12:15.368 [main] INFO  c.a.n.client.logging.NacosLogging - Nacos Logging Adapter Builder: com.alibaba.nacos.logger.adapter.logback12.LogbackNacosLoggingAdapterBuilder
2025-12-13 21:12:15.373 [main] INFO  c.a.n.client.logging.NacosLogging - Nacos Logging Adapter Builder: com.alibaba.nacos.logger.adapter.logback14.LogbackNacosLoggingAdapterBuilder
2025-12-13 21:12:15.374 [main] INFO  c.a.n.client.logging.NacosLogging - Nacos Logging Adapter: com.alibaba.nacos.logger.adapter.logback14.LogbackNacosLoggingAdapter match ch.qos.logback.classic.Logger success.
2025-12-13 21:12:15.387 [main] INFO  c.a.n.client.logging.NacosLogging - Nacos Logging Adapter Builder: com.alibaba.nacos.logger.adapter.log4j2.Log4j2NacosLoggingAdapterBuilder
2025-12-13 21:12:15.403 [background-preinit] INFO  o.h.validator.internal.util.Version - HV000001: Hibernate Validator 8.0.1.Final
2025-12-13 21:12:15.578 [main] INFO  c.z.e.EasyApplyResumeApplication - Starting EasyApplyResumeApplication using Java 21.0.9 with PID 32856 (C:\Users\shini\IdeaProjects\EasyApplyResume\target\classes started by shini in C:\Users\shini\IdeaProjects\EasyApplyResume)
2025-12-13 21:12:15.579 [main] DEBUG c.z.e.EasyApplyResumeApplication - Running with Spring Boot v3.3.5, Spring v6.1.14
2025-12-13 21:12:15.581 [main] INFO  c.z.e.EasyApplyResumeApplication - The following 1 profile is active: "dev"
2025-12-13 21:12:18.053 [main] INFO  o.s.d.r.c.RepositoryConfigurationDelegate - Multiple Spring Data modules found, entering strict repository configuration mode
2025-12-13 21:12:18.058 [main] INFO  o.s.d.r.c.RepositoryConfigurationDelegate - Bootstrapping Spring Data Redis repositories in DEFAULT mode.
2025-12-13 21:12:18.151 [main] INFO  o.s.d.r.c.RepositoryConfigurationDelegate - Finished Spring Data repository scanning in 66 ms. Found 0 Redis repository interfaces.
2025-12-13 21:12:18.421 [main] WARN  o.m.s.mapper.ClassPathMapperScanner - Cannot use both: sqlSessionTemplate and sqlSessionFactory together. sqlSessionFactory is ignored.
2025-12-13 21:12:18.423 [main] WARN  o.m.s.mapper.ClassPathMapperScanner - Cannot use both: sqlSessionTemplate and sqlSessionFactory together. sqlSessionFactory is ignored.
2025-12-13 21:12:18.424 [main] WARN  o.m.s.mapper.ClassPathMapperScanner - Cannot use both: sqlSessionTemplate and sqlSessionFactory together. sqlSessionFactory is ignored.
2025-12-13 21:12:18.424 [main] WARN  o.m.s.mapper.ClassPathMapperScanner - Cannot use both: sqlSessionTemplate and sqlSessionFactory together. sqlSessionFactory is ignored.
2025-12-13 21:12:18.425 [main] WARN  o.m.s.mapper.ClassPathMapperScanner - Cannot use both: sqlSessionTemplate and sqlSessionFactory together. sqlSessionFactory is ignored.
2025-12-13 21:12:18.426 [main] WARN  o.m.s.mapper.ClassPathMapperScanner - Cannot use both: sqlSessionTemplate and sqlSessionFactory together. sqlSessionFactory is ignored.
2025-12-13 21:12:18.427 [main] WARN  o.m.s.mapper.ClassPathMapperScanner - Cannot use both: sqlSessionTemplate and sqlSessionFactory together. sqlSessionFactory is ignored.
2025-12-13 21:12:18.428 [main] WARN  o.m.s.mapper.ClassPathMapperScanner - Cannot use both: sqlSessionTemplate and sqlSessionFactory together. sqlSessionFactory is ignored.
2025-12-13 21:12:18.429 [main] WARN  o.m.s.mapper.ClassPathMapperScanner - Cannot use both: sqlSessionTemplate and sqlSessionFactory together. sqlSessionFactory is ignored.
2025-12-13 21:12:18.429 [main] WARN  o.m.s.mapper.ClassPathMapperScanner - Cannot use both: sqlSessionTemplate and sqlSessionFactory together. sqlSessionFactory is ignored.
2025-12-13 21:12:18.430 [main] WARN  o.m.s.mapper.ClassPathMapperScanner - Cannot use both: sqlSessionTemplate and sqlSessionFactory together. sqlSessionFactory is ignored.
2025-12-13 21:12:18.430 [main] WARN  o.m.s.mapper.ClassPathMapperScanner - Cannot use both: sqlSessionTemplate and sqlSessionFactory together. sqlSessionFactory is ignored.
2025-12-13 21:12:18.431 [main] WARN  o.m.s.mapper.ClassPathMapperScanner - Cannot use both: sqlSessionTemplate and sqlSessionFactory together. sqlSessionFactory is ignored.
2025-12-13 21:12:18.431 [main] WARN  o.m.s.mapper.ClassPathMapperScanner - Cannot use both: sqlSessionTemplate and sqlSessionFactory together. sqlSessionFactory is ignored.
2025-12-13 21:12:18.432 [main] WARN  o.m.s.mapper.ClassPathMapperScanner - Cannot use both: sqlSessionTemplate and sqlSessionFactory together. sqlSessionFactory is ignored.
2025-12-13 21:12:18.433 [main] WARN  o.m.s.mapper.ClassPathMapperScanner - Cannot use both: sqlSessionTemplate and sqlSessionFactory together. sqlSessionFactory is ignored.
2025-12-13 21:12:18.433 [main] WARN  o.m.s.mapper.ClassPathMapperScanner - Cannot use both: sqlSessionTemplate and sqlSessionFactory together. sqlSessionFactory is ignored.
2025-12-13 21:12:18.433 [main] WARN  o.m.s.mapper.ClassPathMapperScanner - Cannot use both: sqlSessionTemplate and sqlSessionFactory together. sqlSessionFactory is ignored.
2025-12-13 21:12:18.434 [main] WARN  o.m.s.mapper.ClassPathMapperScanner - Cannot use both: sqlSessionTemplate and sqlSessionFactory together. sqlSessionFactory is ignored.
2025-12-13 21:12:18.435 [main] WARN  o.m.s.mapper.ClassPathMapperScanner - Cannot use both: sqlSessionTemplate and sqlSessionFactory together. sqlSessionFactory is ignored.
2025-12-13 21:12:18.436 [main] WARN  o.m.s.mapper.ClassPathMapperScanner - Cannot use both: sqlSessionTemplate and sqlSessionFactory together. sqlSessionFactory is ignored.
2025-12-13 21:12:18.437 [main] WARN  o.m.s.mapper.ClassPathMapperScanner - Cannot use both: sqlSessionTemplate and sqlSessionFactory together. sqlSessionFactory is ignored.
2025-12-13 21:12:18.438 [main] WARN  o.m.s.mapper.ClassPathMapperScanner - Cannot use both: sqlSessionTemplate and sqlSessionFactory together. sqlSessionFactory is ignored.
2025-12-13 21:12:18.439 [main] WARN  o.m.s.mapper.ClassPathMapperScanner - Cannot use both: sqlSessionTemplate and sqlSessionFactory together. sqlSessionFactory is ignored.
2025-12-13 21:12:18.439 [main] WARN  o.m.s.mapper.ClassPathMapperScanner - Cannot use both: sqlSessionTemplate and sqlSessionFactory together. sqlSessionFactory is ignored.
2025-12-13 21:12:18.440 [main] WARN  o.m.s.mapper.ClassPathMapperScanner - Cannot use both: sqlSessionTemplate and sqlSessionFactory together. sqlSessionFactory is ignored.
2025-12-13 21:12:18.443 [main] WARN  o.m.s.mapper.ClassPathMapperScanner - No MyBatis mapper was found in '[com.zyh.easyapplyresume.mapper.pgvector]' package. Please check your configuration.
2025-12-13 21:12:18.942 [main] WARN  o.s.c.s.PostProcessorRegistrationDelegate$BeanPostProcessorChecker - Bean 'com.alibaba.cloud.nacos.NacosConfigAutoConfiguration' of type [com.alibaba.cloud.nacos.NacosConfigAutoConfiguration] is not eligible for getting processed by all BeanPostProcessors (for example: not eligible for auto-proxying). The currently created BeanPostProcessor [nacosAnnotationProcessor] is declared through a non-static factory method on that class; consider declaring it as static instead.
2025-12-13 21:12:18.957 [main] WARN  o.s.c.s.PostProcessorRegistrationDelegate$BeanPostProcessorChecker - Bean 'nacosConfigProperties' of type [com.alibaba.cloud.nacos.NacosConfigProperties] is not eligible for getting processed by all BeanPostProcessors (for example: not eligible for auto-proxying). Is this bean getting eagerly injected/applied to a currently created BeanPostProcessor [nacosAnnotationProcessor]? Check the corresponding BeanPostProcessor declaration and its dependencies/advisors. If this bean does not have to be post-processed, declare it with ROLE_INFRASTRUCTURE.
2025-12-13 21:12:19.135 [main] INFO  c.a.n.p.a.s.c.ClientAuthPluginManager - [ClientAuthPluginManager] Load ClientAuthService com.alibaba.nacos.client.auth.impl.NacosClientAuthServiceImpl success.
2025-12-13 21:12:19.135 [main] INFO  c.a.n.p.a.s.c.ClientAuthPluginManager - [ClientAuthPluginManager] Load ClientAuthService com.alibaba.nacos.client.auth.ram.RamClientAuthServiceImpl success.
2025-12-13 21:12:19.141 [main] WARN  o.s.c.s.PostProcessorRegistrationDelegate$BeanPostProcessorChecker - Bean 'nacosConfigManager' of type [com.alibaba.cloud.nacos.NacosConfigManager] is not eligible for getting processed by all BeanPostProcessors (for example: not eligible for auto-proxying). Is this bean getting eagerly injected/applied to a currently created BeanPostProcessor [nacosAnnotationProcessor]? Check the corresponding BeanPostProcessor declaration and its dependencies/advisors. If this bean does not have to be post-processed, declare it with ROLE_INFRASTRUCTURE.
2025-12-13 21:12:19.943 [main] INFO  o.s.b.w.e.tomcat.TomcatWebServer - Tomcat initialized with port 8080 (http)
2025-12-13 21:12:19.966 [main] INFO  o.a.coyote.http11.Http11NioProtocol - Initializing ProtocolHandler ["http-nio-8080"]
2025-12-13 21:12:19.973 [main] INFO  o.a.catalina.core.StandardService - Starting service [Tomcat]
2025-12-13 21:12:19.974 [main] INFO  o.a.catalina.core.StandardEngine - Starting Servlet engine: [Apache Tomcat/10.1.31]
2025-12-13 21:12:20.148 [main] INFO  o.a.c.c.C.[.[localhost].[/api] - Initializing Spring embedded WebApplicationContext
2025-12-13 21:12:20.148 [main] INFO  o.s.b.w.s.c.ServletWebServerApplicationContext - Root WebApplicationContext: initialization completed in 4462 ms
2025-12-13 21:12:21.546 [main] DEBUG c.z.e.filter.UserJwtAuthFilter - Filter 'userJwtAuthFilter' configured for use
2025-12-13 21:12:21.546 [main] DEBUG c.z.e.filter.AdminJwtAuthFilter - Filter 'adminJwtAuthFilter' configured for use
2025-12-13 21:12:21.816 [main] INFO  c.z.e.s.i.admin.AdminSmsServiceImpl - 开始初始化阿里云短信客户端...
2025-12-13 21:12:22.224 [main] INFO  c.z.e.s.i.admin.AdminSmsServiceImpl - 阿里云短信客户端初始化完成
2025-12-13 21:12:23.476 [main] INFO  c.z.e.d.a.SensitiveWordsAdvisor - 敏感词初始化完成，共加载 137 个敏感词
2025-12-13 21:12:26.112 [main] INFO  c.z.i.ImageSearchMcpApplication - Starting ImageSearchMcpApplication v0.0.1-SNAPSHOT using Java 21.0.9 with PID 6812 (C:\Users\shini\IdeaProjects\EasyApplyResume\Image-Search-Mcp\target\Image-Search-Mcp-0.0.1-SNAPSHOT.jar started by shini in C:\Users\shini\IdeaProjects\EasyApplyResume)
2025-12-13 21:12:26.114 [main] INFO  c.z.i.ImageSearchMcpApplication - The following 1 profile is active: "stdio"
2025-12-13 21:12:27.790 [pool-1-thread-1] INFO  i.m.server.McpAsyncServer - Client initialize request - Protocol: 2024-11-05, Capabilities: ClientCapabilities[experimental=null, roots=null, sampling=null], Info: Implementation[name=spring-ai-mcp-client, version=1.0.0]
2025-12-13 21:12:27.891 [pool-4-thread-1] INFO  i.m.client.McpAsyncClient - Server response with Protocol: 2024-11-05, Capabilities: ServerCapabilities[experimental=null, logging=LoggingCapabilities[], prompts=null, resources=null, tools=ToolCapabilities[listChanged=true]], Info: Implementation[name=image-search-mcp-server, version=0.0.1] and Instructions null
2025-12-13 21:12:27.936 [main] INFO  c.z.i.ImageSearchMcpApplication - Started ImageSearchMcpApplication in 2.54 seconds (process running for 3.662)
2025-12-13 21:12:30.516 [pool-9-thread-1] INFO  i.m.c.transport.StdioClientTransport - STDERR Message received: Amap Maps MCP Server running on stdio
2025-12-13 21:12:30.534 [pool-7-thread-1] INFO  i.m.client.McpAsyncClient - Server response with Protocol: 2024-11-05, Capabilities: ServerCapabilities[experimental=null, logging=null, prompts=null, resources=null, tools=ToolCapabilities[listChanged=null]], Info: Implementation[name=mcp-server/amap-maps, version=0.1.0] and Instructions null
2025-12-13 21:12:31.024 [main] INFO  o.s.a.t.splitter.TextSplitter - Splitting up document into 2 chunks.
2025-12-13 21:12:31.031 [main] INFO  o.s.a.t.splitter.TextSplitter - Splitting up document into 2 chunks.
2025-12-13 21:12:31.039 [main] INFO  o.s.a.t.splitter.TextSplitter - Splitting up document into 2 chunks.
2025-12-13 21:12:35.627 [main] INFO  o.s.ai.vectorstore.SimpleVectorStore - Calling EmbeddingModel for document id = 7d51b40a-d02c-487b-8589-e244c1ed5519
2025-12-13 21:12:35.829 [main] INFO  o.s.ai.vectorstore.SimpleVectorStore - Calling EmbeddingModel for document id = 6b4283ca-834b-493a-989a-11e57b8dd847
2025-12-13 21:12:36.027 [main] INFO  o.s.ai.vectorstore.SimpleVectorStore - Calling EmbeddingModel for document id = 74839828-6476-48bd-8cae-6fbffd19eedf
2025-12-13 21:12:36.255 [main] INFO  c.z.e.s.impl.user.UserSmsServiceImpl - 开始初始化阿里云短信客户端...
2025-12-13 21:12:36.282 [main] INFO  c.z.e.s.impl.user.UserSmsServiceImpl - 阿里云短信客户端初始化完成
2025-12-13 21:12:36.319 [main] WARN  c.b.m.core.metadata.TableInfoHelper - Can not find table primary key in Class: "com.zyh.easyapplyresume.model.pojo.user.UserCollections".
2025-12-13 21:12:36.320 [main] WARN  c.b.m.c.injector.DefaultSqlInjector - class com.zyh.easyapplyresume.model.pojo.user.UserCollections ,Not found @TableId annotation, Cannot use Mybatis-Plus 'xxById' Method.
2025-12-13 21:12:36.773 [main] WARN  c.b.m.e.s.MybatisSqlSessionFactoryBean - Property 'mapperLocations' was specified but matching resources are not found.
2025-12-13 21:12:36.922 [main] INFO  o.s.a.v.pgvector.PgVectorStore - Using the vector table name: vector_store. Is empty: false
2025-12-13 21:12:36.926 [main] INFO  o.s.a.v.pgvector.PgVectorStore - Initializing PGVectorStore schema for table: vector_store in schema: public
2025-12-13 21:12:36.926 [main] INFO  o.s.a.v.pgvector.PgVectorStore - vectorTableValidationsEnabled false
2025-12-13 21:12:36.933 [main] INFO  com.zaxxer.hikari.HikariDataSource - HikariPool-1 - Starting...
2025-12-13 21:12:37.423 [main] INFO  com.zaxxer.hikari.pool.HikariPool - HikariPool-1 - Added connection org.postgresql.jdbc.PgConnection@1ba75ca6
2025-12-13 21:12:37.425 [main] INFO  com.zaxxer.hikari.HikariDataSource - HikariPool-1 - Start completed.
2025-12-13 21:12:37.995 [main] WARN  o.s.b.a.s.s.UserDetailsServiceAutoConfiguration - 

Using generated security password: fc85366b-0b8b-4d1d-8c2f-b6f8eec2da42

This generated password is for development use only. Your security configuration must be updated before running your application in production.

2025-12-13 21:12:38.012 [main] INFO  o.s.s.c.a.a.c.InitializeUserDetailsBeanManagerConfigurer$InitializeUserDetailsManagerConfigurer - Global AuthenticationManager configured with UserDetailsService bean with name inMemoryUserDetailsManager
2025-12-13 21:12:39.476 [main] INFO  o.a.coyote.http11.Http11NioProtocol - Starting ProtocolHandler ["http-nio-8080"]
2025-12-13 21:12:39.495 [main] INFO  o.s.b.w.e.tomcat.TomcatWebServer - Tomcat started on port 8080 (http) with context path '/api'
2025-12-13 21:12:39.520 [main] INFO  c.z.e.EasyApplyResumeApplication - Started EasyApplyResumeApplication in 25.035 seconds (process running for 26.223)
2025-12-13 21:12:56.963 [http-nio-8080-exec-1] INFO  o.a.c.c.C.[.[localhost].[/api] - Initializing Spring DispatcherServlet 'dispatcherServlet'
2025-12-13 21:12:56.963 [http-nio-8080-exec-1] INFO  o.s.web.servlet.DispatcherServlet - Initializing Servlet 'dispatcherServlet'
2025-12-13 21:12:56.972 [http-nio-8080-exec-1] INFO  o.s.web.servlet.DispatcherServlet - Completed initialization in 7 ms
2025-12-13 21:12:57.990 [http-nio-8080-exec-1] INFO  com.zaxxer.hikari.HikariDataSource - HikariPool-2 - Starting...
2025-12-13 21:13:00.356 [http-nio-8080-exec-1] INFO  com.zaxxer.hikari.pool.HikariPool - HikariPool-2 - Added connection com.mysql.cj.jdbc.ConnectionImpl@353a8bba
2025-12-13 21:13:00.356 [http-nio-8080-exec-1] INFO  com.zaxxer.hikari.HikariDataSource - HikariPool-2 - Start completed.
2025-12-13 21:13:00.365 [http-nio-8080-exec-1] DEBUG c.z.e.m.m.a.AdminMapper.selectById - ==>  Preparing: SELECT admin_id,admin_account,admin_username,admin_email,admin_phone,admin_password,admin_image,admin_introduce,admin_state,admin_login_time,deleted FROM admin_admin WHERE admin_id=? AND deleted=0
2025-12-13 21:13:00.473 [http-nio-8080-exec-1] DEBUG c.z.e.m.m.a.AdminMapper.selectById - ==> Parameters: 1(Integer)
2025-12-13 21:13:00.727 [http-nio-8080-exec-1] DEBUG c.z.e.m.m.a.AdminMapper.selectById - <==      Total: 1
2025-12-13 21:13:00.733 [http-nio-8080-exec-1] DEBUG c.z.e.m.m.a.A.findAdminInfoById - ==>  Preparing: select * from admin_admin left join admin_admin_role on admin_admin.admin_id = admin_admin_role.adminId left join admin_role on admin_admin_role.roleId = admin_role.role_id left join admin_role_permission on admin_role.role_id = admin_role.role_id left join admin_permission on admin_role_permission.permissionId = admin_permission.permission_id where admin_admin.admin_id = ? and admin_admin.deleted = 0
2025-12-13 21:13:00.734 [http-nio-8080-exec-1] DEBUG c.z.e.m.m.a.A.findAdminInfoById - ==> Parameters: 1(Integer)
2025-12-13 21:13:00.777 [http-nio-8080-exec-1] DEBUG c.z.e.m.m.a.A.findAdminInfoById - <==      Total: 1
2025-12-13 21:13:02.188 [http-nio-8080-exec-1] DEBUG c.z.e.m.m.a.R.findRecruitPositionInfoById - ==>  Preparing: select * from general_recruitPosition left join general_industryMap on general_recruitPosition.recruitPosition_industryCode = general_industryMap.industryMap_industryCode where general_recruitPosition.recruitPosition_id = ?
2025-12-13 21:13:02.189 [http-nio-8080-exec-1] DEBUG c.z.e.m.m.a.R.findRecruitPositionInfoById - ==> Parameters: 1(Integer)
2025-12-13 21:13:02.229 [http-nio-8080-exec-1] DEBUG c.z.e.m.m.a.R.findRecruitPositionInfoById - <==      Total: 1
2025-12-13 21:13:16.009 [http-nio-8080-exec-3] DEBUG c.z.e.m.m.a.AdminMapper.selectById - ==>  Preparing: SELECT admin_id,admin_account,admin_username,admin_email,admin_phone,admin_password,admin_image,admin_introduce,admin_state,admin_login_time,deleted FROM admin_admin WHERE admin_id=? AND deleted=0
2025-12-13 21:13:16.010 [http-nio-8080-exec-3] DEBUG c.z.e.m.m.a.AdminMapper.selectById - ==> Parameters: 1(Integer)
2025-12-13 21:13:16.055 [http-nio-8080-exec-3] DEBUG c.z.e.m.m.a.AdminMapper.selectById - <==      Total: 1
2025-12-13 21:13:16.056 [http-nio-8080-exec-3] DEBUG c.z.e.m.m.a.A.findAdminInfoById - ==>  Preparing: select * from admin_admin left join admin_admin_role on admin_admin.admin_id = admin_admin_role.adminId left join admin_role on admin_admin_role.roleId = admin_role.role_id left join admin_role_permission on admin_role.role_id = admin_role.role_id left join admin_permission on admin_role_permission.permissionId = admin_permission.permission_id where admin_admin.admin_id = ? and admin_admin.deleted = 0
2025-12-13 21:13:16.057 [http-nio-8080-exec-3] DEBUG c.z.e.m.m.a.A.findAdminInfoById - ==> Parameters: 1(Integer)
2025-12-13 21:13:16.097 [http-nio-8080-exec-3] DEBUG c.z.e.m.m.a.A.findAdminInfoById - <==      Total: 1
2025-12-13 21:30:08.667 [HikariPool-2 housekeeper] WARN  com.zaxxer.hikari.pool.HikariPool - HikariPool-2 - Thread starvation or clock leap detected (housekeeper delta=17m8s201ms585µs).
2025-12-13 21:30:08.669 [HikariPool-1 housekeeper] WARN  com.zaxxer.hikari.pool.HikariPool - HikariPool-1 - Thread starvation or clock leap detected (housekeeper delta=17m1s130ms416µs800ns).
2025-12-13 21:30:08.671 [http-nio-8080-exec-3] DEBUG c.z.e.m.m.a.R.findRecruitPositionInfoById - ==>  Preparing: select * from general_recruitPosition left join general_industryMap on general_recruitPosition.recruitPosition_industryCode = general_industryMap.industryMap_industryCode where general_recruitPosition.recruitPosition_id = ?
2025-12-13 21:30:08.672 [http-nio-8080-exec-3] DEBUG c.z.e.m.m.a.R.findRecruitPositionInfoById - ==> Parameters: 1(Integer)
2025-12-13 21:30:08.717 [http-nio-8080-exec-3] DEBUG c.z.e.m.m.a.R.findRecruitPositionInfoById - <==      Total: 1
2025-12-13 21:30:15.237 [http-nio-8080-exec-4] DEBUG c.z.e.m.m.a.AdminMapper.selectById - ==>  Preparing: SELECT admin_id,admin_account,admin_username,admin_email,admin_phone,admin_password,admin_image,admin_introduce,admin_state,admin_login_time,deleted FROM admin_admin WHERE admin_id=? AND deleted=0
2025-12-13 21:30:15.238 [http-nio-8080-exec-4] DEBUG c.z.e.m.m.a.AdminMapper.selectById - ==> Parameters: 1(Integer)
2025-12-13 21:30:15.277 [http-nio-8080-exec-4] DEBUG c.z.e.m.m.a.AdminMapper.selectById - <==      Total: 1
2025-12-13 21:30:15.278 [http-nio-8080-exec-4] DEBUG c.z.e.m.m.a.A.findAdminInfoById - ==>  Preparing: select * from admin_admin left join admin_admin_role on admin_admin.admin_id = admin_admin_role.adminId left join admin_role on admin_admin_role.roleId = admin_role.role_id left join admin_role_permission on admin_role.role_id = admin_role.role_id left join admin_permission on admin_role_permission.permissionId = admin_permission.permission_id where admin_admin.admin_id = ? and admin_admin.deleted = 0
2025-12-13 21:30:15.280 [http-nio-8080-exec-4] DEBUG c.z.e.m.m.a.A.findAdminInfoById - ==> Parameters: 1(Integer)
2025-12-13 21:30:15.321 [http-nio-8080-exec-4] DEBUG c.z.e.m.m.a.A.findAdminInfoById - <==      Total: 1
2025-12-13 21:34:14.055 [HikariPool-1 housekeeper] WARN  com.zaxxer.hikari.pool.HikariPool - HikariPool-1 - Thread starvation or clock leap detected (housekeeper delta=4m5s385ms808µs800ns).
2025-12-13 21:34:14.055 [HikariPool-2 housekeeper] WARN  com.zaxxer.hikari.pool.HikariPool - HikariPool-2 - Thread starvation or clock leap detected (housekeeper delta=4m5s388ms332µs900ns).
2025-12-13 21:34:14.059 [http-nio-8080-exec-4] DEBUG c.z.e.m.m.a.R.findRecruitPositionInfoById - ==>  Preparing: select * from general_recruitPosition left join general_industryMap on general_recruitPosition.recruitPosition_industryCode = general_industryMap.industryMap_industryCode where general_recruitPosition.recruitPosition_id = ?
2025-12-13 21:34:14.060 [http-nio-8080-exec-4] DEBUG c.z.e.m.m.a.R.findRecruitPositionInfoById - ==> Parameters: 1(Integer)
2025-12-13 21:34:14.098 [http-nio-8080-exec-4] DEBUG c.z.e.m.m.a.R.findRecruitPositionInfoById - <==      Total: 1
2025-12-13 21:39:00.794 [HikariPool-2 housekeeper] WARN  com.zaxxer.hikari.pool.HikariPool - HikariPool-2 - Thread starvation or clock leap detected (housekeeper delta=4m46s738ms657µs200ns).
2025-12-13 21:39:00.795 [HikariPool-1 housekeeper] WARN  com.zaxxer.hikari.pool.HikariPool - HikariPool-1 - Thread starvation or clock leap detected (housekeeper delta=4m46s739ms659µs500ns).
2025-12-13 21:39:00.882 [Thread-15] WARN  c.a.n.c.http.HttpClientBeanHolder - [HttpClientBeanHolder] Start destroying common HttpClient
2025-12-13 21:39:00.882 [Thread-1] WARN  c.a.n.c.executor.ThreadPoolManager - [ThreadPoolManager] Start destroying ThreadPool
2025-12-13 21:39:00.883 [Thread-15] WARN  c.a.n.c.http.HttpClientBeanHolder - [HttpClientBeanHolder] Destruction of the end
2025-12-13 21:39:00.883 [Thread-1] WARN  c.a.n.c.executor.ThreadPoolManager - [ThreadPoolManager] Destruction of the end
2025-12-13 21:39:00.955 [SpringApplicationShutdownHook] INFO  com.zaxxer.hikari.HikariDataSource - HikariPool-1 - Shutdown initiated...
2025-12-13 21:39:00.959 [SpringApplicationShutdownHook] INFO  com.zaxxer.hikari.HikariDataSource - HikariPool-1 - Shutdown completed.
2025-12-13 21:39:00.960 [SpringApplicationShutdownHook] INFO  c.z.e.s.impl.user.UserSmsServiceImpl - 关闭阿里云短信客户端...
2025-12-13 21:39:00.963 [SpringApplicationShutdownHook] INFO  c.z.e.s.impl.user.UserSmsServiceImpl - 阿里云短信客户端已关闭
2025-12-13 21:39:00.964 [SpringApplicationShutdownHook] INFO  c.z.e.s.i.admin.AdminSmsServiceImpl - 关闭阿里云短信客户端...
2025-12-13 21:39:00.966 [SpringApplicationShutdownHook] INFO  c.z.e.s.i.admin.AdminSmsServiceImpl - 阿里云短信客户端已关闭
2025-12-13 21:39:00.973 [SpringApplicationShutdownHook] INFO  com.zaxxer.hikari.HikariDataSource - HikariPool-2 - Shutdown initiated...
2025-12-13 21:39:00.985 [SpringApplicationShutdownHook] INFO  com.zaxxer.hikari.HikariDataSource - HikariPool-2 - Shutdown completed.
2025-12-13 21:39:04.987 [main] INFO  c.a.n.client.logging.NacosLogging - Nacos Logging Adapter Builder: com.alibaba.nacos.logger.adapter.logback12.LogbackNacosLoggingAdapterBuilder
2025-12-13 21:39:04.991 [main] INFO  c.a.n.client.logging.NacosLogging - Nacos Logging Adapter Builder: com.alibaba.nacos.logger.adapter.logback14.LogbackNacosLoggingAdapterBuilder
2025-12-13 21:39:04.992 [main] INFO  c.a.n.client.logging.NacosLogging - Nacos Logging Adapter: com.alibaba.nacos.logger.adapter.logback14.LogbackNacosLoggingAdapter match ch.qos.logback.classic.Logger success.
2025-12-13 21:39:05.003 [main] INFO  c.a.n.client.logging.NacosLogging - Nacos Logging Adapter Builder: com.alibaba.nacos.logger.adapter.log4j2.Log4j2NacosLoggingAdapterBuilder
2025-12-13 21:39:05.017 [background-preinit] INFO  o.h.validator.internal.util.Version - HV000001: Hibernate Validator 8.0.1.Final
2025-12-13 21:39:05.187 [main] INFO  c.z.e.EasyApplyResumeApplication - Starting EasyApplyResumeApplication using Java 21.0.9 with PID 26568 (C:\Users\shini\IdeaProjects\EasyApplyResume\target\classes started by shini in C:\Users\shini\IdeaProjects\EasyApplyResume)
2025-12-13 21:39:05.188 [main] DEBUG c.z.e.EasyApplyResumeApplication - Running with Spring Boot v3.3.5, Spring v6.1.14
2025-12-13 21:39:05.189 [main] INFO  c.z.e.EasyApplyResumeApplication - The following 1 profile is active: "dev"
2025-12-13 21:39:07.640 [main] INFO  o.s.d.r.c.RepositoryConfigurationDelegate - Multiple Spring Data modules found, entering strict repository configuration mode
2025-12-13 21:39:07.645 [main] INFO  o.s.d.r.c.RepositoryConfigurationDelegate - Bootstrapping Spring Data Redis repositories in DEFAULT mode.
2025-12-13 21:39:07.735 [main] INFO  o.s.d.r.c.RepositoryConfigurationDelegate - Finished Spring Data repository scanning in 65 ms. Found 0 Redis repository interfaces.
2025-12-13 21:39:07.977 [main] WARN  o.m.s.mapper.ClassPathMapperScanner - Cannot use both: sqlSessionTemplate and sqlSessionFactory together. sqlSessionFactory is ignored.
2025-12-13 21:39:07.978 [main] WARN  o.m.s.mapper.ClassPathMapperScanner - Cannot use both: sqlSessionTemplate and sqlSessionFactory together. sqlSessionFactory is ignored.
2025-12-13 21:39:07.978 [main] WARN  o.m.s.mapper.ClassPathMapperScanner - Cannot use both: sqlSessionTemplate and sqlSessionFactory together. sqlSessionFactory is ignored.
2025-12-13 21:39:07.979 [main] WARN  o.m.s.mapper.ClassPathMapperScanner - Cannot use both: sqlSessionTemplate and sqlSessionFactory together. sqlSessionFactory is ignored.
2025-12-13 21:39:07.980 [main] WARN  o.m.s.mapper.ClassPathMapperScanner - Cannot use both: sqlSessionTemplate and sqlSessionFactory together. sqlSessionFactory is ignored.
2025-12-13 21:39:07.981 [main] WARN  o.m.s.mapper.ClassPathMapperScanner - Cannot use both: sqlSessionTemplate and sqlSessionFactory together. sqlSessionFactory is ignored.
2025-12-13 21:39:07.982 [main] WARN  o.m.s.mapper.ClassPathMapperScanner - Cannot use both: sqlSessionTemplate and sqlSessionFactory together. sqlSessionFactory is ignored.
2025-12-13 21:39:07.983 [main] WARN  o.m.s.mapper.ClassPathMapperScanner - Cannot use both: sqlSessionTemplate and sqlSessionFactory together. sqlSessionFactory is ignored.
2025-12-13 21:39:07.985 [main] WARN  o.m.s.mapper.ClassPathMapperScanner - Cannot use both: sqlSessionTemplate and sqlSessionFactory together. sqlSessionFactory is ignored.
2025-12-13 21:39:07.986 [main] WARN  o.m.s.mapper.ClassPathMapperScanner - Cannot use both: sqlSessionTemplate and sqlSessionFactory together. sqlSessionFactory is ignored.
2025-12-13 21:39:07.987 [main] WARN  o.m.s.mapper.ClassPathMapperScanner - Cannot use both: sqlSessionTemplate and sqlSessionFactory together. sqlSessionFactory is ignored.
2025-12-13 21:39:07.988 [main] WARN  o.m.s.mapper.ClassPathMapperScanner - Cannot use both: sqlSessionTemplate and sqlSessionFactory together. sqlSessionFactory is ignored.
2025-12-13 21:39:07.989 [main] WARN  o.m.s.mapper.ClassPathMapperScanner - Cannot use both: sqlSessionTemplate and sqlSessionFactory together. sqlSessionFactory is ignored.
2025-12-13 21:39:07.990 [main] WARN  o.m.s.mapper.ClassPathMapperScanner - Cannot use both: sqlSessionTemplate and sqlSessionFactory together. sqlSessionFactory is ignored.
2025-12-13 21:39:07.991 [main] WARN  o.m.s.mapper.ClassPathMapperScanner - Cannot use both: sqlSessionTemplate and sqlSessionFactory together. sqlSessionFactory is ignored.
2025-12-13 21:39:07.992 [main] WARN  o.m.s.mapper.ClassPathMapperScanner - Cannot use both: sqlSessionTemplate and sqlSessionFactory together. sqlSessionFactory is ignored.
2025-12-13 21:39:07.993 [main] WARN  o.m.s.mapper.ClassPathMapperScanner - Cannot use both: sqlSessionTemplate and sqlSessionFactory together. sqlSessionFactory is ignored.
2025-12-13 21:39:07.994 [main] WARN  o.m.s.mapper.ClassPathMapperScanner - Cannot use both: sqlSessionTemplate and sqlSessionFactory together. sqlSessionFactory is ignored.
2025-12-13 21:39:07.995 [main] WARN  o.m.s.mapper.ClassPathMapperScanner - Cannot use both: sqlSessionTemplate and sqlSessionFactory together. sqlSessionFactory is ignored.
2025-12-13 21:39:07.996 [main] WARN  o.m.s.mapper.ClassPathMapperScanner - Cannot use both: sqlSessionTemplate and sqlSessionFactory together. sqlSessionFactory is ignored.
2025-12-13 21:39:07.996 [main] WARN  o.m.s.mapper.ClassPathMapperScanner - Cannot use both: sqlSessionTemplate and sqlSessionFactory together. sqlSessionFactory is ignored.
2025-12-13 21:39:07.997 [main] WARN  o.m.s.mapper.ClassPathMapperScanner - Cannot use both: sqlSessionTemplate and sqlSessionFactory together. sqlSessionFactory is ignored.
2025-12-13 21:39:07.997 [main] WARN  o.m.s.mapper.ClassPathMapperScanner - Cannot use both: sqlSessionTemplate and sqlSessionFactory together. sqlSessionFactory is ignored.
2025-12-13 21:39:07.998 [main] WARN  o.m.s.mapper.ClassPathMapperScanner - Cannot use both: sqlSessionTemplate and sqlSessionFactory together. sqlSessionFactory is ignored.
2025-12-13 21:39:07.999 [main] WARN  o.m.s.mapper.ClassPathMapperScanner - Cannot use both: sqlSessionTemplate and sqlSessionFactory together. sqlSessionFactory is ignored.
2025-12-13 21:39:08.000 [main] WARN  o.m.s.mapper.ClassPathMapperScanner - Cannot use both: sqlSessionTemplate and sqlSessionFactory together. sqlSessionFactory is ignored.
2025-12-13 21:39:08.004 [main] WARN  o.m.s.mapper.ClassPathMapperScanner - No MyBatis mapper was found in '[com.zyh.easyapplyresume.mapper.pgvector]' package. Please check your configuration.
2025-12-13 21:39:08.495 [main] WARN  o.s.c.s.PostProcessorRegistrationDelegate$BeanPostProcessorChecker - Bean 'com.alibaba.cloud.nacos.NacosConfigAutoConfiguration' of type [com.alibaba.cloud.nacos.NacosConfigAutoConfiguration] is not eligible for getting processed by all BeanPostProcessors (for example: not eligible for auto-proxying). The currently created BeanPostProcessor [nacosAnnotationProcessor] is declared through a non-static factory method on that class; consider declaring it as static instead.
2025-12-13 21:39:08.508 [main] WARN  o.s.c.s.PostProcessorRegistrationDelegate$BeanPostProcessorChecker - Bean 'nacosConfigProperties' of type [com.alibaba.cloud.nacos.NacosConfigProperties] is not eligible for getting processed by all BeanPostProcessors (for example: not eligible for auto-proxying). Is this bean getting eagerly injected/applied to a currently created BeanPostProcessor [nacosAnnotationProcessor]? Check the corresponding BeanPostProcessor declaration and its dependencies/advisors. If this bean does not have to be post-processed, declare it with ROLE_INFRASTRUCTURE.
2025-12-13 21:39:08.684 [main] INFO  c.a.n.p.a.s.c.ClientAuthPluginManager - [ClientAuthPluginManager] Load ClientAuthService com.alibaba.nacos.client.auth.impl.NacosClientAuthServiceImpl success.
2025-12-13 21:39:08.684 [main] INFO  c.a.n.p.a.s.c.ClientAuthPluginManager - [ClientAuthPluginManager] Load ClientAuthService com.alibaba.nacos.client.auth.ram.RamClientAuthServiceImpl success.
2025-12-13 21:39:08.689 [main] WARN  o.s.c.s.PostProcessorRegistrationDelegate$BeanPostProcessorChecker - Bean 'nacosConfigManager' of type [com.alibaba.cloud.nacos.NacosConfigManager] is not eligible for getting processed by all BeanPostProcessors (for example: not eligible for auto-proxying). Is this bean getting eagerly injected/applied to a currently created BeanPostProcessor [nacosAnnotationProcessor]? Check the corresponding BeanPostProcessor declaration and its dependencies/advisors. If this bean does not have to be post-processed, declare it with ROLE_INFRASTRUCTURE.
2025-12-13 21:39:09.470 [main] INFO  o.s.b.w.e.tomcat.TomcatWebServer - Tomcat initialized with port 8080 (http)
2025-12-13 21:39:09.492 [main] INFO  o.a.coyote.http11.Http11NioProtocol - Initializing ProtocolHandler ["http-nio-8080"]
2025-12-13 21:39:09.500 [main] INFO  o.a.catalina.core.StandardService - Starting service [Tomcat]
2025-12-13 21:39:09.501 [main] INFO  o.a.catalina.core.StandardEngine - Starting Servlet engine: [Apache Tomcat/10.1.31]
2025-12-13 21:39:09.652 [main] INFO  o.a.c.c.C.[.[localhost].[/api] - Initializing Spring embedded WebApplicationContext
2025-12-13 21:39:09.653 [main] INFO  o.s.b.w.s.c.ServletWebServerApplicationContext - Root WebApplicationContext: initialization completed in 4351 ms
2025-12-13 21:39:10.982 [main] DEBUG c.z.e.filter.UserJwtAuthFilter - Filter 'userJwtAuthFilter' configured for use
2025-12-13 21:39:10.983 [main] DEBUG c.z.e.filter.AdminJwtAuthFilter - Filter 'adminJwtAuthFilter' configured for use
2025-12-13 21:39:11.238 [main] INFO  c.z.e.s.i.admin.AdminSmsServiceImpl - 开始初始化阿里云短信客户端...
2025-12-13 21:39:11.653 [main] INFO  c.z.e.s.i.admin.AdminSmsServiceImpl - 阿里云短信客户端初始化完成
2025-12-13 21:39:12.884 [main] INFO  c.z.e.d.a.SensitiveWordsAdvisor - 敏感词初始化完成，共加载 137 个敏感词
2025-12-13 21:39:15.393 [main] INFO  c.z.i.ImageSearchMcpApplication - Starting ImageSearchMcpApplication v0.0.1-SNAPSHOT using Java 21.0.9 with PID 33632 (C:\Users\shini\IdeaProjects\EasyApplyResume\Image-Search-Mcp\target\Image-Search-Mcp-0.0.1-SNAPSHOT.jar started by shini in C:\Users\shini\IdeaProjects\EasyApplyResume)
2025-12-13 21:39:15.396 [main] INFO  c.z.i.ImageSearchMcpApplication - The following 1 profile is active: "stdio"
2025-12-13 21:39:17.067 [pool-1-thread-1] INFO  i.m.server.McpAsyncServer - Client initialize request - Protocol: 2024-11-05, Capabilities: ClientCapabilities[experimental=null, roots=null, sampling=null], Info: Implementation[name=spring-ai-mcp-client, version=1.0.0]
2025-12-13 21:39:17.160 [pool-4-thread-1] INFO  i.m.client.McpAsyncClient - Server response with Protocol: 2024-11-05, Capabilities: ServerCapabilities[experimental=null, logging=LoggingCapabilities[], prompts=null, resources=null, tools=ToolCapabilities[listChanged=true]], Info: Implementation[name=image-search-mcp-server, version=0.0.1] and Instructions null
2025-12-13 21:39:17.204 [main] INFO  c.z.i.ImageSearchMcpApplication - Started ImageSearchMcpApplication in 2.497 seconds (process running for 3.675)
2025-12-13 21:39:21.603 [pool-9-thread-1] INFO  i.m.c.transport.StdioClientTransport - STDERR Message received: Amap Maps MCP Server running on stdio
2025-12-13 21:39:21.617 [pool-7-thread-1] INFO  i.m.client.McpAsyncClient - Server response with Protocol: 2024-11-05, Capabilities: ServerCapabilities[experimental=null, logging=null, prompts=null, resources=null, tools=ToolCapabilities[listChanged=null]], Info: Implementation[name=mcp-server/amap-maps, version=0.1.0] and Instructions null
2025-12-13 21:39:22.154 [main] INFO  o.s.a.t.splitter.TextSplitter - Splitting up document into 2 chunks.
2025-12-13 21:39:22.161 [main] INFO  o.s.a.t.splitter.TextSplitter - Splitting up document into 2 chunks.
2025-12-13 21:39:22.169 [main] INFO  o.s.a.t.splitter.TextSplitter - Splitting up document into 2 chunks.
2025-12-13 21:39:26.418 [main] INFO  o.s.ai.vectorstore.SimpleVectorStore - Calling EmbeddingModel for document id = 4d7f8859-bdc5-4d2c-9d24-6423a4bc7d48
2025-12-13 21:39:26.620 [main] INFO  o.s.ai.vectorstore.SimpleVectorStore - Calling EmbeddingModel for document id = f958de03-9d75-45fa-b602-e5af8773408c
2025-12-13 21:39:26.840 [main] INFO  o.s.ai.vectorstore.SimpleVectorStore - Calling EmbeddingModel for document id = 93239459-ef95-48db-b529-7f97a2c3c96b
2025-12-13 21:39:27.080 [main] INFO  c.z.e.s.impl.user.UserSmsServiceImpl - 开始初始化阿里云短信客户端...
2025-12-13 21:39:27.104 [main] INFO  c.z.e.s.impl.user.UserSmsServiceImpl - 阿里云短信客户端初始化完成
2025-12-13 21:39:27.145 [main] WARN  c.b.m.core.metadata.TableInfoHelper - Can not find table primary key in Class: "com.zyh.easyapplyresume.model.pojo.user.UserCollections".
2025-12-13 21:39:27.146 [main] WARN  c.b.m.c.injector.DefaultSqlInjector - class com.zyh.easyapplyresume.model.pojo.user.UserCollections ,Not found @TableId annotation, Cannot use Mybatis-Plus 'xxById' Method.
2025-12-13 21:39:27.549 [main] WARN  c.b.m.e.s.MybatisSqlSessionFactoryBean - Property 'mapperLocations' was specified but matching resources are not found.
2025-12-13 21:39:27.704 [main] INFO  o.s.a.v.pgvector.PgVectorStore - Using the vector table name: vector_store. Is empty: false
2025-12-13 21:39:27.708 [main] INFO  o.s.a.v.pgvector.PgVectorStore - Initializing PGVectorStore schema for table: vector_store in schema: public
2025-12-13 21:39:27.708 [main] INFO  o.s.a.v.pgvector.PgVectorStore - vectorTableValidationsEnabled false
2025-12-13 21:39:27.720 [main] INFO  com.zaxxer.hikari.HikariDataSource - HikariPool-1 - Starting...
2025-12-13 21:39:28.257 [main] INFO  com.zaxxer.hikari.pool.HikariPool - HikariPool-1 - Added connection org.postgresql.jdbc.PgConnection@2162474e
2025-12-13 21:39:28.259 [main] INFO  com.zaxxer.hikari.HikariDataSource - HikariPool-1 - Start completed.
2025-12-13 21:39:28.836 [main] WARN  o.s.b.a.s.s.UserDetailsServiceAutoConfiguration - 

Using generated security password: 4ce6b3a7-c3f8-482a-9052-dd326d1aea40

This generated password is for development use only. Your security configuration must be updated before running your application in production.

2025-12-13 21:39:28.849 [main] INFO  o.s.s.c.a.a.c.InitializeUserDetailsBeanManagerConfigurer$InitializeUserDetailsManagerConfigurer - Global AuthenticationManager configured with UserDetailsService bean with name inMemoryUserDetailsManager
2025-12-13 21:39:30.189 [main] INFO  o.a.coyote.http11.Http11NioProtocol - Starting ProtocolHandler ["http-nio-8080"]
2025-12-13 21:39:30.207 [main] INFO  o.s.b.w.e.tomcat.TomcatWebServer - Tomcat started on port 8080 (http) with context path '/api'
2025-12-13 21:39:30.234 [main] INFO  c.z.e.EasyApplyResumeApplication - Started EasyApplyResumeApplication in 26.097 seconds (process running for 27.404)
2025-12-13 21:44:20.314 [http-nio-8080-exec-1] INFO  o.a.c.c.C.[.[localhost].[/api] - Initializing Spring DispatcherServlet 'dispatcherServlet'
2025-12-13 21:44:20.315 [http-nio-8080-exec-1] INFO  o.s.web.servlet.DispatcherServlet - Initializing Servlet 'dispatcherServlet'
2025-12-13 21:44:20.321 [http-nio-8080-exec-1] INFO  o.s.web.servlet.DispatcherServlet - Completed initialization in 6 ms
2025-12-13 21:44:21.970 [http-nio-8080-exec-1] INFO  com.zaxxer.hikari.HikariDataSource - HikariPool-2 - Starting...
2025-12-13 21:44:23.263 [http-nio-8080-exec-1] INFO  com.zaxxer.hikari.pool.HikariPool - HikariPool-2 - Added connection com.mysql.cj.jdbc.ConnectionImpl@790c1060
2025-12-13 21:44:23.264 [http-nio-8080-exec-1] INFO  com.zaxxer.hikari.HikariDataSource - HikariPool-2 - Start completed.
2025-12-13 21:44:23.278 [http-nio-8080-exec-1] DEBUG c.z.e.m.m.a.AdminMapper.selectById - ==>  Preparing: SELECT admin_id,admin_account,admin_username,admin_email,admin_phone,admin_password,admin_image,admin_introduce,admin_state,admin_login_time,deleted FROM admin_admin WHERE admin_id=? AND deleted=0
2025-12-13 21:44:23.379 [http-nio-8080-exec-1] DEBUG c.z.e.m.m.a.AdminMapper.selectById - ==> Parameters: 1(Integer)
2025-12-13 21:44:23.646 [http-nio-8080-exec-1] DEBUG c.z.e.m.m.a.AdminMapper.selectById - <==      Total: 1
2025-12-13 21:44:23.706 [http-nio-8080-exec-1] DEBUG c.z.e.m.m.a.A.findAdminInfoById - ==>  Preparing: select * from admin_admin left join admin_admin_role on admin_admin.admin_id = admin_admin_role.adminId left join admin_role on admin_admin_role.roleId = admin_role.role_id left join admin_role_permission on admin_role.role_id = admin_role.role_id left join admin_permission on admin_role_permission.permissionId = admin_permission.permission_id where admin_admin.admin_id = ? and admin_admin.deleted = 0
2025-12-13 21:44:23.722 [http-nio-8080-exec-1] DEBUG c.z.e.m.m.a.A.findAdminInfoById - ==> Parameters: 1(Integer)
2025-12-13 21:44:23.783 [http-nio-8080-exec-1] DEBUG c.z.e.m.m.a.A.findAdminInfoById - <==      Total: 1
2025-12-13 21:44:24.823 [http-nio-8080-exec-1] DEBUG c.z.e.m.m.a.R.queryRecruitPositionPage - ==>  Preparing: SELECT rp.recruitPosition_id AS recruitPositionId, rp.recruitPosition_name AS recruitPositionName, rp.recruitPosition_industryCode AS recruitPositionIndustryCode, -- 连表字段：行业名称（从行业映射表查询） gim.industryMap_industryName AS recruitPositionIndustryName, rp.recruitPosition_minMonthSalary AS minMonthSalary, rp.recruitPosition_maxMonthSalary AS maxMonthSalary, rp.recruitPosition_weekWorkDayNum AS weekWorkDayNum, rp.recruitPosition_goodWelfare AS goodWelfare, rp.recruitPosition_createdTime AS createdTime, rp.recruitPosition_updatedTime AS updatedTime FROM general_recruitPosition rp -- 招聘岗位表别名rp -- 连表：通用行业映射表（别名gim），LEFT JOIN避免行业编码无效时丢失岗位数据 LEFT JOIN general_industryMap gim ON rp.recruitPosition_industryCode = gim.industryMap_industryCode ORDER BY rp.recruitPosition_updatedTime DESC
2025-12-13 21:44:24.852 [http-nio-8080-exec-1] DEBUG c.z.e.m.m.a.R.queryRecruitPositionPage - ==> Parameters: 
2025-12-13 21:44:24.904 [http-nio-8080-exec-1] DEBUG c.z.e.m.m.a.R.queryRecruitPositionPage - <==      Total: 1
2025-12-13 21:44:36.593 [http-nio-8080-exec-3] DEBUG c.z.e.m.m.a.AdminMapper.selectById - ==>  Preparing: SELECT admin_id,admin_account,admin_username,admin_email,admin_phone,admin_password,admin_image,admin_introduce,admin_state,admin_login_time,deleted FROM admin_admin WHERE admin_id=? AND deleted=0
2025-12-13 21:44:36.594 [http-nio-8080-exec-3] DEBUG c.z.e.m.m.a.AdminMapper.selectById - ==> Parameters: 1(Integer)
2025-12-13 21:44:36.645 [http-nio-8080-exec-3] DEBUG c.z.e.m.m.a.AdminMapper.selectById - <==      Total: 1
2025-12-13 21:44:36.646 [http-nio-8080-exec-3] DEBUG c.z.e.m.m.a.A.findAdminInfoById - ==>  Preparing: select * from admin_admin left join admin_admin_role on admin_admin.admin_id = admin_admin_role.adminId left join admin_role on admin_admin_role.roleId = admin_role.role_id left join admin_role_permission on admin_role.role_id = admin_role.role_id left join admin_permission on admin_role_permission.permissionId = admin_permission.permission_id where admin_admin.admin_id = ? and admin_admin.deleted = 0
2025-12-13 21:44:36.651 [http-nio-8080-exec-3] DEBUG c.z.e.m.m.a.A.findAdminInfoById - ==> Parameters: 1(Integer)
2025-12-13 21:44:36.717 [http-nio-8080-exec-3] DEBUG c.z.e.m.m.a.A.findAdminInfoById - <==      Total: 1
2025-12-13 21:44:38.689 [http-nio-8080-exec-3] DEBUG c.z.e.m.m.a.R.findRecruitPositionInfoById - ==>  Preparing: select * from general_recruitPosition left join general_industryMap on general_recruitPosition.recruitPosition_industryCode = general_industryMap.industryMap_industryCode where general_recruitPosition.recruitPosition_id = ?
2025-12-13 21:44:38.689 [http-nio-8080-exec-3] DEBUG c.z.e.m.m.a.R.findRecruitPositionInfoById - ==> Parameters: 1(Integer)
2025-12-13 21:44:38.728 [http-nio-8080-exec-3] DEBUG c.z.e.m.m.a.R.findRecruitPositionInfoById - <==      Total: 1
2025-12-13 21:44:55.489 [http-nio-8080-exec-2] DEBUG c.z.e.m.m.a.AdminMapper.selectById - ==>  Preparing: SELECT admin_id,admin_account,admin_username,admin_email,admin_phone,admin_password,admin_image,admin_introduce,admin_state,admin_login_time,deleted FROM admin_admin WHERE admin_id=? AND deleted=0
2025-12-13 21:44:55.490 [http-nio-8080-exec-2] DEBUG c.z.e.m.m.a.AdminMapper.selectById - ==> Parameters: 1(Integer)
2025-12-13 21:44:55.528 [http-nio-8080-exec-2] DEBUG c.z.e.m.m.a.AdminMapper.selectById - <==      Total: 1
2025-12-13 21:44:55.529 [http-nio-8080-exec-2] DEBUG c.z.e.m.m.a.A.findAdminInfoById - ==>  Preparing: select * from admin_admin left join admin_admin_role on admin_admin.admin_id = admin_admin_role.adminId left join admin_role on admin_admin_role.roleId = admin_role.role_id left join admin_role_permission on admin_role.role_id = admin_role.role_id left join admin_permission on admin_role_permission.permissionId = admin_permission.permission_id where admin_admin.admin_id = ? and admin_admin.deleted = 0
2025-12-13 21:44:55.531 [http-nio-8080-exec-2] DEBUG c.z.e.m.m.a.A.findAdminInfoById - ==> Parameters: 1(Integer)
2025-12-13 21:44:55.570 [http-nio-8080-exec-2] DEBUG c.z.e.m.m.a.A.findAdminInfoById - <==      Total: 1
2025-12-13 21:44:57.424 [http-nio-8080-exec-2] DEBUG c.z.e.m.m.a.R.findRecruitPositionInfoById - ==>  Preparing: select * from general_recruitPosition left join general_industryMap on general_recruitPosition.recruitPosition_industryCode = general_industryMap.industryMap_industryCode where general_recruitPosition.recruitPosition_id = ?
2025-12-13 21:44:57.425 [http-nio-8080-exec-2] DEBUG c.z.e.m.m.a.R.findRecruitPositionInfoById - ==> Parameters: 1(Integer)
2025-12-13 21:44:57.464 [http-nio-8080-exec-2] DEBUG c.z.e.m.m.a.R.findRecruitPositionInfoById - <==      Total: 1
2025-12-13 21:46:01.579 [HikariPool-1 housekeeper] WARN  com.zaxxer.hikari.pool.HikariPool - HikariPool-1 - Thread starvation or clock leap detected (housekeeper delta=1m33s190ms836µs).
2025-12-13 21:46:01.579 [HikariPool-2 housekeeper] WARN  com.zaxxer.hikari.pool.HikariPool - HikariPool-2 - Thread starvation or clock leap detected (housekeeper delta=1m8s188ms47µs300ns).
2025-12-13 21:46:01.676 [Thread-15] WARN  c.a.n.c.http.HttpClientBeanHolder - [HttpClientBeanHolder] Start destroying common HttpClient
2025-12-13 21:46:01.676 [Thread-1] WARN  c.a.n.c.executor.ThreadPoolManager - [ThreadPoolManager] Start destroying ThreadPool
2025-12-13 21:46:01.677 [Thread-1] WARN  c.a.n.c.executor.ThreadPoolManager - [ThreadPoolManager] Destruction of the end
2025-12-13 21:46:01.677 [Thread-15] WARN  c.a.n.c.http.HttpClientBeanHolder - [HttpClientBeanHolder] Destruction of the end
2025-12-13 21:46:01.746 [SpringApplicationShutdownHook] INFO  com.zaxxer.hikari.HikariDataSource - HikariPool-1 - Shutdown initiated...
2025-12-13 21:46:01.751 [SpringApplicationShutdownHook] INFO  com.zaxxer.hikari.HikariDataSource - HikariPool-1 - Shutdown completed.
2025-12-13 21:46:01.752 [SpringApplicationShutdownHook] INFO  c.z.e.s.impl.user.UserSmsServiceImpl - 关闭阿里云短信客户端...
2025-12-13 21:46:01.755 [SpringApplicationShutdownHook] INFO  c.z.e.s.impl.user.UserSmsServiceImpl - 阿里云短信客户端已关闭
2025-12-13 21:46:01.756 [SpringApplicationShutdownHook] INFO  c.z.e.s.i.admin.AdminSmsServiceImpl - 关闭阿里云短信客户端...
2025-12-13 21:46:01.757 [SpringApplicationShutdownHook] INFO  c.z.e.s.i.admin.AdminSmsServiceImpl - 阿里云短信客户端已关闭
2025-12-13 21:46:01.763 [SpringApplicationShutdownHook] INFO  com.zaxxer.hikari.HikariDataSource - HikariPool-2 - Shutdown initiated...
2025-12-13 21:46:01.770 [SpringApplicationShutdownHook] INFO  com.zaxxer.hikari.HikariDataSource - HikariPool-2 - Shutdown completed.
2025-12-13 21:46:05.902 [main] INFO  c.a.n.client.logging.NacosLogging - Nacos Logging Adapter Builder: com.alibaba.nacos.logger.adapter.logback12.LogbackNacosLoggingAdapterBuilder
2025-12-13 21:46:05.906 [main] INFO  c.a.n.client.logging.NacosLogging - Nacos Logging Adapter Builder: com.alibaba.nacos.logger.adapter.logback14.LogbackNacosLoggingAdapterBuilder
2025-12-13 21:46:05.907 [main] INFO  c.a.n.client.logging.NacosLogging - Nacos Logging Adapter: com.alibaba.nacos.logger.adapter.logback14.LogbackNacosLoggingAdapter match ch.qos.logback.classic.Logger success.
2025-12-13 21:46:05.917 [main] INFO  c.a.n.client.logging.NacosLogging - Nacos Logging Adapter Builder: com.alibaba.nacos.logger.adapter.log4j2.Log4j2NacosLoggingAdapterBuilder
2025-12-13 21:46:05.931 [background-preinit] INFO  o.h.validator.internal.util.Version - HV000001: Hibernate Validator 8.0.1.Final
2025-12-13 21:46:06.109 [main] INFO  c.z.e.EasyApplyResumeApplication - Starting EasyApplyResumeApplication using Java 21.0.9 with PID 700 (C:\Users\shini\IdeaProjects\EasyApplyResume\target\classes started by shini in C:\Users\shini\IdeaProjects\EasyApplyResume)
2025-12-13 21:46:06.110 [main] DEBUG c.z.e.EasyApplyResumeApplication - Running with Spring Boot v3.3.5, Spring v6.1.14
2025-12-13 21:46:06.111 [main] INFO  c.z.e.EasyApplyResumeApplication - The following 1 profile is active: "dev"
2025-12-13 21:46:19.034 [main] INFO  o.s.d.r.c.RepositoryConfigurationDelegate - Multiple Spring Data modules found, entering strict repository configuration mode
2025-12-13 21:46:19.050 [main] INFO  o.s.d.r.c.RepositoryConfigurationDelegate - Bootstrapping Spring Data Redis repositories in DEFAULT mode.
2025-12-13 21:46:19.375 [main] INFO  o.s.d.r.c.RepositoryConfigurationDelegate - Finished Spring Data repository scanning in 257 ms. Found 0 Redis repository interfaces.
2025-12-13 21:46:20.157 [main] WARN  o.m.s.mapper.ClassPathMapperScanner - Cannot use both: sqlSessionTemplate and sqlSessionFactory together. sqlSessionFactory is ignored.
2025-12-13 21:46:20.162 [main] WARN  o.m.s.mapper.ClassPathMapperScanner - Cannot use both: sqlSessionTemplate and sqlSessionFactory together. sqlSessionFactory is ignored.
2025-12-13 21:46:20.164 [main] WARN  o.m.s.mapper.ClassPathMapperScanner - Cannot use both: sqlSessionTemplate and sqlSessionFactory together. sqlSessionFactory is ignored.
2025-12-13 21:46:20.166 [main] WARN  o.m.s.mapper.ClassPathMapperScanner - Cannot use both: sqlSessionTemplate and sqlSessionFactory together. sqlSessionFactory is ignored.
2025-12-13 21:46:20.167 [main] WARN  o.m.s.mapper.ClassPathMapperScanner - Cannot use both: sqlSessionTemplate and sqlSessionFactory together. sqlSessionFactory is ignored.
2025-12-13 21:46:20.172 [main] WARN  o.m.s.mapper.ClassPathMapperScanner - Cannot use both: sqlSessionTemplate and sqlSessionFactory together. sqlSessionFactory is ignored.
2025-12-13 21:46:20.173 [main] WARN  o.m.s.mapper.ClassPathMapperScanner - Cannot use both: sqlSessionTemplate and sqlSessionFactory together. sqlSessionFactory is ignored.
2025-12-13 21:46:20.178 [main] WARN  o.m.s.mapper.ClassPathMapperScanner - Cannot use both: sqlSessionTemplate and sqlSessionFactory together. sqlSessionFactory is ignored.
2025-12-13 21:46:20.182 [main] WARN  o.m.s.mapper.ClassPathMapperScanner - Cannot use both: sqlSessionTemplate and sqlSessionFactory together. sqlSessionFactory is ignored.
2025-12-13 21:46:20.184 [main] WARN  o.m.s.mapper.ClassPathMapperScanner - Cannot use both: sqlSessionTemplate and sqlSessionFactory together. sqlSessionFactory is ignored.
2025-12-13 21:46:20.186 [main] WARN  o.m.s.mapper.ClassPathMapperScanner - Cannot use both: sqlSessionTemplate and sqlSessionFactory together. sqlSessionFactory is ignored.
2025-12-13 21:46:20.188 [main] WARN  o.m.s.mapper.ClassPathMapperScanner - Cannot use both: sqlSessionTemplate and sqlSessionFactory together. sqlSessionFactory is ignored.
2025-12-13 21:46:20.191 [main] WARN  o.m.s.mapper.ClassPathMapperScanner - Cannot use both: sqlSessionTemplate and sqlSessionFactory together. sqlSessionFactory is ignored.
2025-12-13 21:46:20.195 [main] WARN  o.m.s.mapper.ClassPathMapperScanner - Cannot use both: sqlSessionTemplate and sqlSessionFactory together. sqlSessionFactory is ignored.
2025-12-13 21:46:20.197 [main] WARN  o.m.s.mapper.ClassPathMapperScanner - Cannot use both: sqlSessionTemplate and sqlSessionFactory together. sqlSessionFactory is ignored.
2025-12-13 21:46:20.198 [main] WARN  o.m.s.mapper.ClassPathMapperScanner - Cannot use both: sqlSessionTemplate and sqlSessionFactory together. sqlSessionFactory is ignored.
2025-12-13 21:46:20.200 [main] WARN  o.m.s.mapper.ClassPathMapperScanner - Cannot use both: sqlSessionTemplate and sqlSessionFactory together. sqlSessionFactory is ignored.
2025-12-13 21:46:20.204 [main] WARN  o.m.s.mapper.ClassPathMapperScanner - Cannot use both: sqlSessionTemplate and sqlSessionFactory together. sqlSessionFactory is ignored.
2025-12-13 21:46:20.208 [main] WARN  o.m.s.mapper.ClassPathMapperScanner - Cannot use both: sqlSessionTemplate and sqlSessionFactory together. sqlSessionFactory is ignored.
2025-12-13 21:46:20.212 [main] WARN  o.m.s.mapper.ClassPathMapperScanner - Cannot use both: sqlSessionTemplate and sqlSessionFactory together. sqlSessionFactory is ignored.
2025-12-13 21:46:20.214 [main] WARN  o.m.s.mapper.ClassPathMapperScanner - Cannot use both: sqlSessionTemplate and sqlSessionFactory together. sqlSessionFactory is ignored.
2025-12-13 21:46:20.217 [main] WARN  o.m.s.mapper.ClassPathMapperScanner - Cannot use both: sqlSessionTemplate and sqlSessionFactory together. sqlSessionFactory is ignored.
2025-12-13 21:46:20.219 [main] WARN  o.m.s.mapper.ClassPathMapperScanner - Cannot use both: sqlSessionTemplate and sqlSessionFactory together. sqlSessionFactory is ignored.
2025-12-13 21:46:20.222 [main] WARN  o.m.s.mapper.ClassPathMapperScanner - Cannot use both: sqlSessionTemplate and sqlSessionFactory together. sqlSessionFactory is ignored.
2025-12-13 21:46:20.226 [main] WARN  o.m.s.mapper.ClassPathMapperScanner - Cannot use both: sqlSessionTemplate and sqlSessionFactory together. sqlSessionFactory is ignored.
2025-12-13 21:46:20.229 [main] WARN  o.m.s.mapper.ClassPathMapperScanner - Cannot use both: sqlSessionTemplate and sqlSessionFactory together. sqlSessionFactory is ignored.
2025-12-13 21:46:20.242 [main] WARN  o.m.s.mapper.ClassPathMapperScanner - No MyBatis mapper was found in '[com.zyh.easyapplyresume.mapper.pgvector]' package. Please check your configuration.
2025-12-13 21:46:22.716 [main] WARN  o.s.c.s.PostProcessorRegistrationDelegate$BeanPostProcessorChecker - Bean 'com.alibaba.cloud.nacos.NacosConfigAutoConfiguration' of type [com.alibaba.cloud.nacos.NacosConfigAutoConfiguration] is not eligible for getting processed by all BeanPostProcessors (for example: not eligible for auto-proxying). The currently created BeanPostProcessor [nacosAnnotationProcessor] is declared through a non-static factory method on that class; consider declaring it as static instead.
2025-12-13 21:46:22.778 [main] WARN  o.s.c.s.PostProcessorRegistrationDelegate$BeanPostProcessorChecker - Bean 'nacosConfigProperties' of type [com.alibaba.cloud.nacos.NacosConfigProperties] is not eligible for getting processed by all BeanPostProcessors (for example: not eligible for auto-proxying). Is this bean getting eagerly injected/applied to a currently created BeanPostProcessor [nacosAnnotationProcessor]? Check the corresponding BeanPostProcessor declaration and its dependencies/advisors. If this bean does not have to be post-processed, declare it with ROLE_INFRASTRUCTURE.
2025-12-13 21:46:24.148 [main] INFO  c.a.n.p.a.s.c.ClientAuthPluginManager - [ClientAuthPluginManager] Load ClientAuthService com.alibaba.nacos.client.auth.impl.NacosClientAuthServiceImpl success.
2025-12-13 21:46:24.149 [main] INFO  c.a.n.p.a.s.c.ClientAuthPluginManager - [ClientAuthPluginManager] Load ClientAuthService com.alibaba.nacos.client.auth.ram.RamClientAuthServiceImpl success.
2025-12-13 21:46:24.160 [main] WARN  o.s.c.s.PostProcessorRegistrationDelegate$BeanPostProcessorChecker - Bean 'nacosConfigManager' of type [com.alibaba.cloud.nacos.NacosConfigManager] is not eligible for getting processed by all BeanPostProcessors (for example: not eligible for auto-proxying). Is this bean getting eagerly injected/applied to a currently created BeanPostProcessor [nacosAnnotationProcessor]? Check the corresponding BeanPostProcessor declaration and its dependencies/advisors. If this bean does not have to be post-processed, declare it with ROLE_INFRASTRUCTURE.
2025-12-13 21:46:30.446 [main] INFO  o.s.b.w.e.tomcat.TomcatWebServer - Tomcat initialized with port 8080 (http)
2025-12-13 21:46:30.483 [main] INFO  o.a.coyote.http11.Http11NioProtocol - Initializing ProtocolHandler ["http-nio-8080"]
2025-12-13 21:46:30.497 [main] INFO  o.a.catalina.core.StandardService - Starting service [Tomcat]
2025-12-13 21:46:30.498 [main] INFO  o.a.catalina.core.StandardEngine - Starting Servlet engine: [Apache Tomcat/10.1.31]
2025-12-13 21:46:31.049 [main] INFO  o.a.c.c.C.[.[localhost].[/api] - Initializing Spring embedded WebApplicationContext
2025-12-13 21:46:31.051 [main] INFO  o.s.b.w.s.c.ServletWebServerApplicationContext - Root WebApplicationContext: initialization completed in 24676 ms
2025-12-13 21:46:38.307 [main] DEBUG c.z.e.filter.UserJwtAuthFilter - Filter 'userJwtAuthFilter' configured for use
2025-12-13 21:46:38.309 [main] DEBUG c.z.e.filter.AdminJwtAuthFilter - Filter 'adminJwtAuthFilter' configured for use
2025-12-13 21:46:43.147 [main] INFO  c.z.e.s.i.admin.AdminSmsServiceImpl - 开始初始化阿里云短信客户端...
2025-12-13 21:46:45.015 [main] INFO  c.z.e.s.i.admin.AdminSmsServiceImpl - 阿里云短信客户端初始化完成
2025-12-13 21:46:48.991 [main] INFO  c.z.e.d.a.SensitiveWordsAdvisor - 敏感词初始化完成，共加载 137 个敏感词
2025-12-13 21:46:51.632 [main] INFO  c.z.i.ImageSearchMcpApplication - Starting ImageSearchMcpApplication v0.0.1-SNAPSHOT using Java 21.0.9 with PID 31028 (C:\Users\shini\IdeaProjects\EasyApplyResume\Image-Search-Mcp\target\Image-Search-Mcp-0.0.1-SNAPSHOT.jar started by shini in C:\Users\shini\IdeaProjects\EasyApplyResume)
2025-12-13 21:46:51.635 [main] INFO  c.z.i.ImageSearchMcpApplication - The following 1 profile is active: "stdio"
2025-12-13 21:46:53.212 [pool-1-thread-1] INFO  i.m.server.McpAsyncServer - Client initialize request - Protocol: 2024-11-05, Capabilities: ClientCapabilities[experimental=null, roots=null, sampling=null], Info: Implementation[name=spring-ai-mcp-client, version=1.0.0]
2025-12-13 21:46:53.313 [pool-4-thread-1] INFO  i.m.client.McpAsyncClient - Server response with Protocol: 2024-11-05, Capabilities: ServerCapabilities[experimental=null, logging=LoggingCapabilities[], prompts=null, resources=null, tools=ToolCapabilities[listChanged=true]], Info: Implementation[name=image-search-mcp-server, version=0.0.1] and Instructions null
2025-12-13 21:46:53.358 [main] INFO  c.z.i.ImageSearchMcpApplication - Started ImageSearchMcpApplication in 2.438 seconds (process running for 3.594)
2025-12-13 21:46:55.943 [pool-9-thread-1] INFO  i.m.c.transport.StdioClientTransport - STDERR Message received: Amap Maps MCP Server running on stdio
2025-12-13 21:46:55.958 [pool-7-thread-1] INFO  i.m.client.McpAsyncClient - Server response with Protocol: 2024-11-05, Capabilities: ServerCapabilities[experimental=null, logging=null, prompts=null, resources=null, tools=ToolCapabilities[listChanged=null]], Info: Implementation[name=mcp-server/amap-maps, version=0.1.0] and Instructions null
2025-12-13 21:46:56.480 [main] INFO  o.s.a.t.splitter.TextSplitter - Splitting up document into 2 chunks.
2025-12-13 21:46:56.487 [main] INFO  o.s.a.t.splitter.TextSplitter - Splitting up document into 2 chunks.
2025-12-13 21:46:56.493 [main] INFO  o.s.a.t.splitter.TextSplitter - Splitting up document into 2 chunks.
2025-12-13 21:47:01.396 [main] INFO  o.s.ai.vectorstore.SimpleVectorStore - Calling EmbeddingModel for document id = f548065a-9f69-483a-8da0-94e640ff70aa
2025-12-13 21:47:01.681 [main] INFO  o.s.ai.vectorstore.SimpleVectorStore - Calling EmbeddingModel for document id = 4900f7b6-0214-47a6-947f-ccad52b7a16b
2025-12-13 21:47:01.975 [main] INFO  o.s.ai.vectorstore.SimpleVectorStore - Calling EmbeddingModel for document id = 52084d0c-417a-4604-bfe1-f2c4e2e50e17
2025-12-13 21:47:02.230 [main] INFO  c.z.e.s.impl.user.UserSmsServiceImpl - 开始初始化阿里云短信客户端...
2025-12-13 21:47:02.258 [main] INFO  c.z.e.s.impl.user.UserSmsServiceImpl - 阿里云短信客户端初始化完成
2025-12-13 21:47:02.292 [main] WARN  c.b.m.core.metadata.TableInfoHelper - Can not find table primary key in Class: "com.zyh.easyapplyresume.model.pojo.user.UserCollections".
2025-12-13 21:47:02.292 [main] WARN  c.b.m.c.injector.DefaultSqlInjector - class com.zyh.easyapplyresume.model.pojo.user.UserCollections ,Not found @TableId annotation, Cannot use Mybatis-Plus 'xxById' Method.
2025-12-13 21:47:02.717 [main] WARN  c.b.m.e.s.MybatisSqlSessionFactoryBean - Property 'mapperLocations' was specified but matching resources are not found.
2025-12-13 21:47:02.843 [main] INFO  o.s.a.v.pgvector.PgVectorStore - Using the vector table name: vector_store. Is empty: false
2025-12-13 21:47:02.846 [main] INFO  o.s.a.v.pgvector.PgVectorStore - Initializing PGVectorStore schema for table: vector_store in schema: public
2025-12-13 21:47:02.846 [main] INFO  o.s.a.v.pgvector.PgVectorStore - vectorTableValidationsEnabled false
2025-12-13 21:47:02.852 [main] INFO  com.zaxxer.hikari.HikariDataSource - HikariPool-1 - Starting...
2025-12-13 21:47:03.362 [main] INFO  com.zaxxer.hikari.pool.HikariPool - HikariPool-1 - Added connection org.postgresql.jdbc.PgConnection@ab72818
2025-12-13 21:47:03.365 [main] INFO  com.zaxxer.hikari.HikariDataSource - HikariPool-1 - Start completed.
2025-12-13 21:47:03.945 [main] WARN  o.s.b.a.s.s.UserDetailsServiceAutoConfiguration - 

Using generated security password: 1893b8fd-9d18-4409-a776-5d3575e894aa

This generated password is for development use only. Your security configuration must be updated before running your application in production.

2025-12-13 21:47:03.958 [main] INFO  o.s.s.c.a.a.c.InitializeUserDetailsBeanManagerConfigurer$InitializeUserDetailsManagerConfigurer - Global AuthenticationManager configured with UserDetailsService bean with name inMemoryUserDetailsManager
2025-12-13 21:47:05.359 [main] INFO  o.a.coyote.http11.Http11NioProtocol - Starting ProtocolHandler ["http-nio-8080"]
2025-12-13 21:47:05.378 [main] INFO  o.s.b.w.e.tomcat.TomcatWebServer - Tomcat started on port 8080 (http) with context path '/api'
2025-12-13 21:47:05.401 [main] INFO  c.z.e.EasyApplyResumeApplication - Started EasyApplyResumeApplication in 60.343 seconds (process running for 61.46)
2025-12-13 21:47:16.738 [http-nio-8080-exec-1] INFO  o.a.c.c.C.[.[localhost].[/api] - Initializing Spring DispatcherServlet 'dispatcherServlet'
2025-12-13 21:47:16.739 [http-nio-8080-exec-1] INFO  o.s.web.servlet.DispatcherServlet - Initializing Servlet 'dispatcherServlet'
2025-12-13 21:47:16.741 [http-nio-8080-exec-1] INFO  o.s.web.servlet.DispatcherServlet - Completed initialization in 2 ms
2025-12-13 21:47:17.454 [http-nio-8080-exec-1] INFO  com.zaxxer.hikari.HikariDataSource - HikariPool-2 - Starting...
2025-12-13 21:47:18.769 [http-nio-8080-exec-1] INFO  com.zaxxer.hikari.pool.HikariPool - HikariPool-2 - Added connection com.mysql.cj.jdbc.ConnectionImpl@1811ddc5
2025-12-13 21:47:18.770 [http-nio-8080-exec-1] INFO  com.zaxxer.hikari.HikariDataSource - HikariPool-2 - Start completed.
2025-12-13 21:47:19.243 [http-nio-8080-exec-1] DEBUG c.z.e.m.m.a.AdminMapper.selectById - ==>  Preparing: SELECT admin_id,admin_account,admin_username,admin_email,admin_phone,admin_password,admin_image,admin_introduce,admin_state,admin_login_time,deleted FROM admin_admin WHERE admin_id=? AND deleted=0
2025-12-13 21:47:19.554 [http-nio-8080-exec-1] DEBUG c.z.e.m.m.a.AdminMapper.selectById - ==> Parameters: 1(Integer)
2025-12-13 21:47:19.718 [http-nio-8080-exec-1] DEBUG c.z.e.m.m.a.AdminMapper.selectById - <==      Total: 1
2025-12-13 21:47:19.735 [http-nio-8080-exec-1] DEBUG c.z.e.m.m.a.A.findAdminInfoById - ==>  Preparing: select * from admin_admin left join admin_admin_role on admin_admin.admin_id = admin_admin_role.adminId left join admin_role on admin_admin_role.roleId = admin_role.role_id left join admin_role_permission on admin_role.role_id = admin_role.role_id left join admin_permission on admin_role_permission.permissionId = admin_permission.permission_id where admin_admin.admin_id = ? and admin_admin.deleted = 0
2025-12-13 21:47:19.739 [http-nio-8080-exec-1] DEBUG c.z.e.m.m.a.A.findAdminInfoById - ==> Parameters: 1(Integer)
2025-12-13 21:47:19.794 [http-nio-8080-exec-1] DEBUG c.z.e.m.m.a.A.findAdminInfoById - <==      Total: 1
2025-12-13 21:47:23.986 [http-nio-8080-exec-1] DEBUG c.z.e.m.m.a.R.findRecruitPositionInfoById - ==>  Preparing: select * from general_recruitPosition left join general_industryMap on general_recruitPosition.recruitPosition_industryCode = general_industryMap.industryMap_industryCode where general_recruitPosition.recruitPosition_id = ?
2025-12-13 21:47:23.987 [http-nio-8080-exec-1] DEBUG c.z.e.m.m.a.R.findRecruitPositionInfoById - ==> Parameters: 1(Integer)
2025-12-13 21:47:24.027 [http-nio-8080-exec-1] DEBUG c.z.e.m.m.a.R.findRecruitPositionInfoById - <==      Total: 1
2025-12-13 21:47:39.161 [http-nio-8080-exec-2] DEBUG c.z.e.m.m.a.AdminMapper.selectById - ==>  Preparing: SELECT admin_id,admin_account,admin_username,admin_email,admin_phone,admin_password,admin_image,admin_introduce,admin_state,admin_login_time,deleted FROM admin_admin WHERE admin_id=? AND deleted=0
2025-12-13 21:47:39.163 [http-nio-8080-exec-2] DEBUG c.z.e.m.m.a.AdminMapper.selectById - ==> Parameters: 1(Integer)
2025-12-13 21:47:39.200 [http-nio-8080-exec-2] DEBUG c.z.e.m.m.a.AdminMapper.selectById - <==      Total: 1
2025-12-13 21:47:39.201 [http-nio-8080-exec-2] DEBUG c.z.e.m.m.a.A.findAdminInfoById - ==>  Preparing: select * from admin_admin left join admin_admin_role on admin_admin.admin_id = admin_admin_role.adminId left join admin_role on admin_admin_role.roleId = admin_role.role_id left join admin_role_permission on admin_role.role_id = admin_role.role_id left join admin_permission on admin_role_permission.permissionId = admin_permission.permission_id where admin_admin.admin_id = ? and admin_admin.deleted = 0
2025-12-13 21:47:39.203 [http-nio-8080-exec-2] DEBUG c.z.e.m.m.a.A.findAdminInfoById - ==> Parameters: 1(Integer)
2025-12-13 21:47:39.250 [http-nio-8080-exec-2] DEBUG c.z.e.m.m.a.A.findAdminInfoById - <==      Total: 1
2025-12-13 21:47:42.462 [http-nio-8080-exec-2] DEBUG c.z.e.m.m.a.R.findRecruitPositionInfoById - ==>  Preparing: select * from general_recruitPosition left join general_industryMap on general_recruitPosition.recruitPosition_industryCode = general_industryMap.industryMap_industryCode where general_recruitPosition.recruitPosition_id = ?
2025-12-13 21:47:42.462 [http-nio-8080-exec-2] DEBUG c.z.e.m.m.a.R.findRecruitPositionInfoById - ==> Parameters: 1(Integer)
2025-12-13 21:47:42.500 [http-nio-8080-exec-2] DEBUG c.z.e.m.m.a.R.findRecruitPositionInfoById - <==      Total: 1
2025-12-13 21:48:55.138 [HikariPool-2 housekeeper] WARN  com.zaxxer.hikari.pool.HikariPool - HikariPool-2 - Thread starvation or clock leap detected (housekeeper delta=1m35s906ms733µs100ns).
2025-12-13 21:48:55.138 [HikariPool-1 housekeeper] WARN  com.zaxxer.hikari.pool.HikariPool - HikariPool-1 - Thread starvation or clock leap detected (housekeeper delta=1m16s75ms550µs200ns).
2025-12-13 21:48:55.230 [Thread-15] WARN  c.a.n.c.http.HttpClientBeanHolder - [HttpClientBeanHolder] Start destroying common HttpClient
2025-12-13 21:48:55.230 [Thread-1] WARN  c.a.n.c.executor.ThreadPoolManager - [ThreadPoolManager] Start destroying ThreadPool
2025-12-13 21:48:55.232 [Thread-1] WARN  c.a.n.c.executor.ThreadPoolManager - [ThreadPoolManager] Destruction of the end
2025-12-13 21:48:55.232 [Thread-15] WARN  c.a.n.c.http.HttpClientBeanHolder - [HttpClientBeanHolder] Destruction of the end
2025-12-13 21:48:55.290 [SpringApplicationShutdownHook] INFO  com.zaxxer.hikari.HikariDataSource - HikariPool-1 - Shutdown initiated...
2025-12-13 21:48:55.297 [SpringApplicationShutdownHook] INFO  com.zaxxer.hikari.HikariDataSource - HikariPool-1 - Shutdown completed.
2025-12-13 21:48:55.298 [SpringApplicationShutdownHook] INFO  c.z.e.s.impl.user.UserSmsServiceImpl - 关闭阿里云短信客户端...
2025-12-13 21:48:55.303 [SpringApplicationShutdownHook] INFO  c.z.e.s.impl.user.UserSmsServiceImpl - 阿里云短信客户端已关闭
2025-12-13 21:48:55.304 [SpringApplicationShutdownHook] INFO  c.z.e.s.i.admin.AdminSmsServiceImpl - 关闭阿里云短信客户端...
2025-12-13 21:48:55.305 [SpringApplicationShutdownHook] INFO  c.z.e.s.i.admin.AdminSmsServiceImpl - 阿里云短信客户端已关闭
2025-12-13 21:48:55.310 [SpringApplicationShutdownHook] INFO  com.zaxxer.hikari.HikariDataSource - HikariPool-2 - Shutdown initiated...
2025-12-13 21:48:55.317 [SpringApplicationShutdownHook] INFO  com.zaxxer.hikari.HikariDataSource - HikariPool-2 - Shutdown completed.
2025-12-13 21:48:58.792 [main] INFO  c.a.n.client.logging.NacosLogging - Nacos Logging Adapter Builder: com.alibaba.nacos.logger.adapter.logback12.LogbackNacosLoggingAdapterBuilder
2025-12-13 21:48:58.796 [main] INFO  c.a.n.client.logging.NacosLogging - Nacos Logging Adapter Builder: com.alibaba.nacos.logger.adapter.logback14.LogbackNacosLoggingAdapterBuilder
2025-12-13 21:48:58.797 [main] INFO  c.a.n.client.logging.NacosLogging - Nacos Logging Adapter: com.alibaba.nacos.logger.adapter.logback14.LogbackNacosLoggingAdapter match ch.qos.logback.classic.Logger success.
2025-12-13 21:48:58.806 [main] INFO  c.a.n.client.logging.NacosLogging - Nacos Logging Adapter Builder: com.alibaba.nacos.logger.adapter.log4j2.Log4j2NacosLoggingAdapterBuilder
2025-12-13 21:48:58.822 [background-preinit] INFO  o.h.validator.internal.util.Version - HV000001: Hibernate Validator 8.0.1.Final
2025-12-13 21:48:58.976 [main] INFO  c.z.e.EasyApplyResumeApplication - Starting EasyApplyResumeApplication using Java 21.0.9 with PID 31200 (C:\Users\shini\IdeaProjects\EasyApplyResume\target\classes started by shini in C:\Users\shini\IdeaProjects\EasyApplyResume)
2025-12-13 21:48:58.977 [main] DEBUG c.z.e.EasyApplyResumeApplication - Running with Spring Boot v3.3.5, Spring v6.1.14
2025-12-13 21:48:58.977 [main] INFO  c.z.e.EasyApplyResumeApplication - The following 1 profile is active: "dev"
2025-12-13 21:49:01.293 [main] INFO  o.s.d.r.c.RepositoryConfigurationDelegate - Multiple Spring Data modules found, entering strict repository configuration mode
2025-12-13 21:49:01.297 [main] INFO  o.s.d.r.c.RepositoryConfigurationDelegate - Bootstrapping Spring Data Redis repositories in DEFAULT mode.
2025-12-13 21:49:01.391 [main] INFO  o.s.d.r.c.RepositoryConfigurationDelegate - Finished Spring Data repository scanning in 67 ms. Found 0 Redis repository interfaces.
2025-12-13 21:49:01.651 [main] WARN  o.m.s.mapper.ClassPathMapperScanner - Cannot use both: sqlSessionTemplate and sqlSessionFactory together. sqlSessionFactory is ignored.
2025-12-13 21:49:01.653 [main] WARN  o.m.s.mapper.ClassPathMapperScanner - Cannot use both: sqlSessionTemplate and sqlSessionFactory together. sqlSessionFactory is ignored.
2025-12-13 21:49:01.653 [main] WARN  o.m.s.mapper.ClassPathMapperScanner - Cannot use both: sqlSessionTemplate and sqlSessionFactory together. sqlSessionFactory is ignored.
2025-12-13 21:49:01.654 [main] WARN  o.m.s.mapper.ClassPathMapperScanner - Cannot use both: sqlSessionTemplate and sqlSessionFactory together. sqlSessionFactory is ignored.
2025-12-13 21:49:01.655 [main] WARN  o.m.s.mapper.ClassPathMapperScanner - Cannot use both: sqlSessionTemplate and sqlSessionFactory together. sqlSessionFactory is ignored.
2025-12-13 21:49:01.656 [main] WARN  o.m.s.mapper.ClassPathMapperScanner - Cannot use both: sqlSessionTemplate and sqlSessionFactory together. sqlSessionFactory is ignored.
2025-12-13 21:49:01.656 [main] WARN  o.m.s.mapper.ClassPathMapperScanner - Cannot use both: sqlSessionTemplate and sqlSessionFactory together. sqlSessionFactory is ignored.
2025-12-13 21:49:01.657 [main] WARN  o.m.s.mapper.ClassPathMapperScanner - Cannot use both: sqlSessionTemplate and sqlSessionFactory together. sqlSessionFactory is ignored.
2025-12-13 21:49:01.658 [main] WARN  o.m.s.mapper.ClassPathMapperScanner - Cannot use both: sqlSessionTemplate and sqlSessionFactory together. sqlSessionFactory is ignored.
2025-12-13 21:49:01.659 [main] WARN  o.m.s.mapper.ClassPathMapperScanner - Cannot use both: sqlSessionTemplate and sqlSessionFactory together. sqlSessionFactory is ignored.
2025-12-13 21:49:01.660 [main] WARN  o.m.s.mapper.ClassPathMapperScanner - Cannot use both: sqlSessionTemplate and sqlSessionFactory together. sqlSessionFactory is ignored.
2025-12-13 21:49:01.661 [main] WARN  o.m.s.mapper.ClassPathMapperScanner - Cannot use both: sqlSessionTemplate and sqlSessionFactory together. sqlSessionFactory is ignored.
2025-12-13 21:49:01.662 [main] WARN  o.m.s.mapper.ClassPathMapperScanner - Cannot use both: sqlSessionTemplate and sqlSessionFactory together. sqlSessionFactory is ignored.
2025-12-13 21:49:01.663 [main] WARN  o.m.s.mapper.ClassPathMapperScanner - Cannot use both: sqlSessionTemplate and sqlSessionFactory together. sqlSessionFactory is ignored.
2025-12-13 21:49:01.664 [main] WARN  o.m.s.mapper.ClassPathMapperScanner - Cannot use both: sqlSessionTemplate and sqlSessionFactory together. sqlSessionFactory is ignored.
2025-12-13 21:49:01.665 [main] WARN  o.m.s.mapper.ClassPathMapperScanner - Cannot use both: sqlSessionTemplate and sqlSessionFactory together. sqlSessionFactory is ignored.
2025-12-13 21:49:01.666 [main] WARN  o.m.s.mapper.ClassPathMapperScanner - Cannot use both: sqlSessionTemplate and sqlSessionFactory together. sqlSessionFactory is ignored.
2025-12-13 21:49:01.666 [main] WARN  o.m.s.mapper.ClassPathMapperScanner - Cannot use both: sqlSessionTemplate and sqlSessionFactory together. sqlSessionFactory is ignored.
2025-12-13 21:49:01.668 [main] WARN  o.m.s.mapper.ClassPathMapperScanner - Cannot use both: sqlSessionTemplate and sqlSessionFactory together. sqlSessionFactory is ignored.
2025-12-13 21:49:01.669 [main] WARN  o.m.s.mapper.ClassPathMapperScanner - Cannot use both: sqlSessionTemplate and sqlSessionFactory together. sqlSessionFactory is ignored.
2025-12-13 21:49:01.670 [main] WARN  o.m.s.mapper.ClassPathMapperScanner - Cannot use both: sqlSessionTemplate and sqlSessionFactory together. sqlSessionFactory is ignored.
2025-12-13 21:49:01.671 [main] WARN  o.m.s.mapper.ClassPathMapperScanner - Cannot use both: sqlSessionTemplate and sqlSessionFactory together. sqlSessionFactory is ignored.
2025-12-13 21:49:01.672 [main] WARN  o.m.s.mapper.ClassPathMapperScanner - Cannot use both: sqlSessionTemplate and sqlSessionFactory together. sqlSessionFactory is ignored.
2025-12-13 21:49:01.672 [main] WARN  o.m.s.mapper.ClassPathMapperScanner - Cannot use both: sqlSessionTemplate and sqlSessionFactory together. sqlSessionFactory is ignored.
2025-12-13 21:49:01.673 [main] WARN  o.m.s.mapper.ClassPathMapperScanner - Cannot use both: sqlSessionTemplate and sqlSessionFactory together. sqlSessionFactory is ignored.
2025-12-13 21:49:01.673 [main] WARN  o.m.s.mapper.ClassPathMapperScanner - Cannot use both: sqlSessionTemplate and sqlSessionFactory together. sqlSessionFactory is ignored.
2025-12-13 21:49:01.677 [main] WARN  o.m.s.mapper.ClassPathMapperScanner - No MyBatis mapper was found in '[com.zyh.easyapplyresume.mapper.pgvector]' package. Please check your configuration.
2025-12-13 21:49:02.120 [main] WARN  o.s.c.s.PostProcessorRegistrationDelegate$BeanPostProcessorChecker - Bean 'com.alibaba.cloud.nacos.NacosConfigAutoConfiguration' of type [com.alibaba.cloud.nacos.NacosConfigAutoConfiguration] is not eligible for getting processed by all BeanPostProcessors (for example: not eligible for auto-proxying). The currently created BeanPostProcessor [nacosAnnotationProcessor] is declared through a non-static factory method on that class; consider declaring it as static instead.
2025-12-13 21:49:02.145 [main] WARN  o.s.c.s.PostProcessorRegistrationDelegate$BeanPostProcessorChecker - Bean 'nacosConfigProperties' of type [com.alibaba.cloud.nacos.NacosConfigProperties] is not eligible for getting processed by all BeanPostProcessors (for example: not eligible for auto-proxying). Is this bean getting eagerly injected/applied to a currently created BeanPostProcessor [nacosAnnotationProcessor]? Check the corresponding BeanPostProcessor declaration and its dependencies/advisors. If this bean does not have to be post-processed, declare it with ROLE_INFRASTRUCTURE.
2025-12-13 21:49:02.324 [main] INFO  c.a.n.p.a.s.c.ClientAuthPluginManager - [ClientAuthPluginManager] Load ClientAuthService com.alibaba.nacos.client.auth.impl.NacosClientAuthServiceImpl success.
2025-12-13 21:49:02.324 [main] INFO  c.a.n.p.a.s.c.ClientAuthPluginManager - [ClientAuthPluginManager] Load ClientAuthService com.alibaba.nacos.client.auth.ram.RamClientAuthServiceImpl success.
2025-12-13 21:49:02.329 [main] WARN  o.s.c.s.PostProcessorRegistrationDelegate$BeanPostProcessorChecker - Bean 'nacosConfigManager' of type [com.alibaba.cloud.nacos.NacosConfigManager] is not eligible for getting processed by all BeanPostProcessors (for example: not eligible for auto-proxying). Is this bean getting eagerly injected/applied to a currently created BeanPostProcessor [nacosAnnotationProcessor]? Check the corresponding BeanPostProcessor declaration and its dependencies/advisors. If this bean does not have to be post-processed, declare it with ROLE_INFRASTRUCTURE.
2025-12-13 21:49:03.125 [main] INFO  o.s.b.w.e.tomcat.TomcatWebServer - Tomcat initialized with port 8080 (http)
2025-12-13 21:49:03.149 [main] INFO  o.a.coyote.http11.Http11NioProtocol - Initializing ProtocolHandler ["http-nio-8080"]
2025-12-13 21:49:03.155 [main] INFO  o.a.catalina.core.StandardService - Starting service [Tomcat]
2025-12-13 21:49:03.155 [main] INFO  o.a.catalina.core.StandardEngine - Starting Servlet engine: [Apache Tomcat/10.1.31]
2025-12-13 21:49:03.321 [main] INFO  o.a.c.c.C.[.[localhost].[/api] - Initializing Spring embedded WebApplicationContext
2025-12-13 21:49:03.322 [main] INFO  o.s.b.w.s.c.ServletWebServerApplicationContext - Root WebApplicationContext: initialization completed in 4257 ms
2025-12-13 21:49:04.675 [main] DEBUG c.z.e.filter.UserJwtAuthFilter - Filter 'userJwtAuthFilter' configured for use
2025-12-13 21:49:04.676 [main] DEBUG c.z.e.filter.AdminJwtAuthFilter - Filter 'adminJwtAuthFilter' configured for use
2025-12-13 21:49:04.923 [main] INFO  c.z.e.s.i.admin.AdminSmsServiceImpl - 开始初始化阿里云短信客户端...
2025-12-13 21:49:05.305 [main] INFO  c.z.e.s.i.admin.AdminSmsServiceImpl - 阿里云短信客户端初始化完成
2025-12-13 21:49:06.496 [main] INFO  c.z.e.d.a.SensitiveWordsAdvisor - 敏感词初始化完成，共加载 137 个敏感词
2025-12-13 21:49:08.864 [main] INFO  c.z.i.ImageSearchMcpApplication - Starting ImageSearchMcpApplication v0.0.1-SNAPSHOT using Java 21.0.9 with PID 16304 (C:\Users\shini\IdeaProjects\EasyApplyResume\Image-Search-Mcp\target\Image-Search-Mcp-0.0.1-SNAPSHOT.jar started by shini in C:\Users\shini\IdeaProjects\EasyApplyResume)
2025-12-13 21:49:08.865 [main] INFO  c.z.i.ImageSearchMcpApplication - The following 1 profile is active: "stdio"
2025-12-13 21:49:10.368 [pool-1-thread-1] INFO  i.m.server.McpAsyncServer - Client initialize request - Protocol: 2024-11-05, Capabilities: ClientCapabilities[experimental=null, roots=null, sampling=null], Info: Implementation[name=spring-ai-mcp-client, version=1.0.0]
2025-12-13 21:49:10.457 [pool-4-thread-1] INFO  i.m.client.McpAsyncClient - Server response with Protocol: 2024-11-05, Capabilities: ServerCapabilities[experimental=null, logging=LoggingCapabilities[], prompts=null, resources=null, tools=ToolCapabilities[listChanged=true]], Info: Implementation[name=image-search-mcp-server, version=0.0.1] and Instructions null
2025-12-13 21:49:10.513 [main] INFO  c.z.i.ImageSearchMcpApplication - Started ImageSearchMcpApplication in 2.345 seconds (process running for 3.377)
2025-12-13 21:49:13.212 [pool-9-thread-1] INFO  i.m.c.transport.StdioClientTransport - STDERR Message received: Amap Maps MCP Server running on stdio
2025-12-13 21:49:13.229 [pool-7-thread-1] INFO  i.m.client.McpAsyncClient - Server response with Protocol: 2024-11-05, Capabilities: ServerCapabilities[experimental=null, logging=null, prompts=null, resources=null, tools=ToolCapabilities[listChanged=null]], Info: Implementation[name=mcp-server/amap-maps, version=0.1.0] and Instructions null
2025-12-13 21:49:13.735 [main] INFO  o.s.a.t.splitter.TextSplitter - Splitting up document into 2 chunks.
2025-12-13 21:49:13.742 [main] INFO  o.s.a.t.splitter.TextSplitter - Splitting up document into 2 chunks.
2025-12-13 21:49:13.749 [main] INFO  o.s.a.t.splitter.TextSplitter - Splitting up document into 2 chunks.
2025-12-13 21:49:18.937 [main] INFO  o.s.ai.vectorstore.SimpleVectorStore - Calling EmbeddingModel for document id = d3a71a49-a1a5-483a-b154-46458d66812e
2025-12-13 21:49:19.305 [main] INFO  o.s.ai.vectorstore.SimpleVectorStore - Calling EmbeddingModel for document id = dda01495-6b54-4f5a-9415-5b079a76aac6
2025-12-13 21:49:19.614 [main] INFO  o.s.ai.vectorstore.SimpleVectorStore - Calling EmbeddingModel for document id = f98bf9ce-fde7-4877-92bf-8b1f4c102bb3
2025-12-13 21:49:19.854 [main] INFO  c.z.e.s.impl.user.UserSmsServiceImpl - 开始初始化阿里云短信客户端...
2025-12-13 21:49:19.874 [main] INFO  c.z.e.s.impl.user.UserSmsServiceImpl - 阿里云短信客户端初始化完成
2025-12-13 21:49:19.906 [main] WARN  c.b.m.core.metadata.TableInfoHelper - Can not find table primary key in Class: "com.zyh.easyapplyresume.model.pojo.user.UserCollections".
2025-12-13 21:49:19.906 [main] WARN  c.b.m.c.injector.DefaultSqlInjector - class com.zyh.easyapplyresume.model.pojo.user.UserCollections ,Not found @TableId annotation, Cannot use Mybatis-Plus 'xxById' Method.
2025-12-13 21:49:20.306 [main] WARN  c.b.m.e.s.MybatisSqlSessionFactoryBean - Property 'mapperLocations' was specified but matching resources are not found.
2025-12-13 21:49:20.440 [main] INFO  o.s.a.v.pgvector.PgVectorStore - Using the vector table name: vector_store. Is empty: false
2025-12-13 21:49:20.443 [main] INFO  o.s.a.v.pgvector.PgVectorStore - Initializing PGVectorStore schema for table: vector_store in schema: public
2025-12-13 21:49:20.444 [main] INFO  o.s.a.v.pgvector.PgVectorStore - vectorTableValidationsEnabled false
2025-12-13 21:49:20.449 [main] INFO  com.zaxxer.hikari.HikariDataSource - HikariPool-1 - Starting...
2025-12-13 21:49:20.952 [main] INFO  com.zaxxer.hikari.pool.HikariPool - HikariPool-1 - Added connection org.postgresql.jdbc.PgConnection@3c71a749
2025-12-13 21:49:20.955 [main] INFO  com.zaxxer.hikari.HikariDataSource - HikariPool-1 - Start completed.
2025-12-13 21:49:21.496 [main] WARN  o.s.b.a.s.s.UserDetailsServiceAutoConfiguration - 

Using generated security password: b0bd88a0-dd2d-4ec9-bd5b-cae314f41caf

This generated password is for development use only. Your security configuration must be updated before running your application in production.

2025-12-13 21:49:21.508 [main] INFO  o.s.s.c.a.a.c.InitializeUserDetailsBeanManagerConfigurer$InitializeUserDetailsManagerConfigurer - Global AuthenticationManager configured with UserDetailsService bean with name inMemoryUserDetailsManager
2025-12-13 21:49:22.902 [main] INFO  o.a.coyote.http11.Http11NioProtocol - Starting ProtocolHandler ["http-nio-8080"]
2025-12-13 21:49:22.924 [main] INFO  o.s.b.w.e.tomcat.TomcatWebServer - Tomcat started on port 8080 (http) with context path '/api'
2025-12-13 21:49:22.946 [main] INFO  c.z.e.EasyApplyResumeApplication - Started EasyApplyResumeApplication in 24.922 seconds (process running for 25.994)
2025-12-13 21:49:53.497 [http-nio-8080-exec-2] INFO  o.a.c.c.C.[.[localhost].[/api] - Initializing Spring DispatcherServlet 'dispatcherServlet'
2025-12-13 21:49:53.498 [http-nio-8080-exec-2] INFO  o.s.web.servlet.DispatcherServlet - Initializing Servlet 'dispatcherServlet'
2025-12-13 21:49:53.510 [http-nio-8080-exec-2] INFO  o.s.web.servlet.DispatcherServlet - Completed initialization in 12 ms
2025-12-13 21:49:54.228 [http-nio-8080-exec-2] INFO  com.zaxxer.hikari.HikariDataSource - HikariPool-2 - Starting...
2025-12-13 21:49:55.163 [http-nio-8080-exec-2] INFO  com.zaxxer.hikari.pool.HikariPool - HikariPool-2 - Added connection com.mysql.cj.jdbc.ConnectionImpl@33112f15
2025-12-13 21:49:55.163 [http-nio-8080-exec-2] INFO  com.zaxxer.hikari.HikariDataSource - HikariPool-2 - Start completed.
2025-12-13 21:49:55.173 [http-nio-8080-exec-2] DEBUG c.z.e.m.m.a.AdminMapper.selectById - ==>  Preparing: SELECT admin_id,admin_account,admin_username,admin_email,admin_phone,admin_password,admin_image,admin_introduce,admin_state,admin_login_time,deleted FROM admin_admin WHERE admin_id=? AND deleted=0
2025-12-13 21:49:55.468 [http-nio-8080-exec-2] DEBUG c.z.e.m.m.a.AdminMapper.selectById - ==> Parameters: 1(Integer)
2025-12-13 21:49:55.625 [http-nio-8080-exec-2] DEBUG c.z.e.m.m.a.AdminMapper.selectById - <==      Total: 1
2025-12-13 21:49:56.166 [http-nio-8080-exec-2] DEBUG c.z.e.m.m.a.A.findAdminInfoById - ==>  Preparing: select * from admin_admin left join admin_admin_role on admin_admin.admin_id = admin_admin_role.adminId left join admin_role on admin_admin_role.roleId = admin_role.role_id left join admin_role_permission on admin_role.role_id = admin_role.role_id left join admin_permission on admin_role_permission.permissionId = admin_permission.permission_id where admin_admin.admin_id = ? and admin_admin.deleted = 0
2025-12-13 21:49:56.189 [http-nio-8080-exec-2] DEBUG c.z.e.m.m.a.A.findAdminInfoById - ==> Parameters: 1(Integer)
2025-12-13 21:49:56.307 [http-nio-8080-exec-2] DEBUG c.z.e.m.m.a.A.findAdminInfoById - <==      Total: 1
2025-12-13 21:50:02.429 [http-nio-8080-exec-2] DEBUG c.z.e.m.m.a.R.findRecruitPositionInfoById - ==>  Preparing: select * from general_recruitPosition left join general_industryMap on general_recruitPosition.recruitPosition_industryCode = general_industryMap.industryMap_industryCode where general_recruitPosition.recruitPosition_id = ?
2025-12-13 21:50:02.429 [http-nio-8080-exec-2] DEBUG c.z.e.m.m.a.R.findRecruitPositionInfoById - ==> Parameters: 1(Integer)
2025-12-13 21:50:02.467 [http-nio-8080-exec-2] DEBUG c.z.e.m.m.a.R.findRecruitPositionInfoById - <==      Total: 1
2025-12-13 21:50:12.821 [http-nio-8080-exec-1] DEBUG c.z.e.m.m.a.AdminMapper.selectById - ==>  Preparing: SELECT admin_id,admin_account,admin_username,admin_email,admin_phone,admin_password,admin_image,admin_introduce,admin_state,admin_login_time,deleted FROM admin_admin WHERE admin_id=? AND deleted=0
2025-12-13 21:50:12.822 [http-nio-8080-exec-1] DEBUG c.z.e.m.m.a.AdminMapper.selectById - ==> Parameters: 1(Integer)
2025-12-13 21:50:12.859 [http-nio-8080-exec-1] DEBUG c.z.e.m.m.a.AdminMapper.selectById - <==      Total: 1
2025-12-13 21:50:12.861 [http-nio-8080-exec-1] DEBUG c.z.e.m.m.a.A.findAdminInfoById - ==>  Preparing: select * from admin_admin left join admin_admin_role on admin_admin.admin_id = admin_admin_role.adminId left join admin_role on admin_admin_role.roleId = admin_role.role_id left join admin_role_permission on admin_role.role_id = admin_role.role_id left join admin_permission on admin_role_permission.permissionId = admin_permission.permission_id where admin_admin.admin_id = ? and admin_admin.deleted = 0
2025-12-13 21:50:12.863 [http-nio-8080-exec-1] DEBUG c.z.e.m.m.a.A.findAdminInfoById - ==> Parameters: 1(Integer)
2025-12-13 21:50:12.901 [http-nio-8080-exec-1] DEBUG c.z.e.m.m.a.A.findAdminInfoById - <==      Total: 1
2025-12-13 21:50:14.996 [http-nio-8080-exec-1] DEBUG c.z.e.m.m.a.R.findRecruitPositionInfoById - ==>  Preparing: select * from general_recruitPosition left join general_industryMap on general_recruitPosition.recruitPosition_industryCode = general_industryMap.industryMap_industryCode where general_recruitPosition.recruitPosition_id = ?
2025-12-13 21:50:14.996 [http-nio-8080-exec-1] DEBUG c.z.e.m.m.a.R.findRecruitPositionInfoById - ==> Parameters: 1(Integer)
2025-12-13 21:50:15.033 [http-nio-8080-exec-1] DEBUG c.z.e.m.m.a.R.findRecruitPositionInfoById - <==      Total: 1
2025-12-13 21:50:23.549 [http-nio-8080-exec-3] DEBUG c.z.e.m.m.a.AdminMapper.selectById - ==>  Preparing: SELECT admin_id,admin_account,admin_username,admin_email,admin_phone,admin_password,admin_image,admin_introduce,admin_state,admin_login_time,deleted FROM admin_admin WHERE admin_id=? AND deleted=0
2025-12-13 21:50:23.550 [http-nio-8080-exec-3] DEBUG c.z.e.m.m.a.AdminMapper.selectById - ==> Parameters: 1(Integer)
2025-12-13 21:50:23.695 [http-nio-8080-exec-3] DEBUG c.z.e.m.m.a.AdminMapper.selectById - <==      Total: 1
2025-12-13 21:50:23.696 [http-nio-8080-exec-3] DEBUG c.z.e.m.m.a.A.findAdminInfoById - ==>  Preparing: select * from admin_admin left join admin_admin_role on admin_admin.admin_id = admin_admin_role.adminId left join admin_role on admin_admin_role.roleId = admin_role.role_id left join admin_role_permission on admin_role.role_id = admin_role.role_id left join admin_permission on admin_role_permission.permissionId = admin_permission.permission_id where admin_admin.admin_id = ? and admin_admin.deleted = 0
2025-12-13 21:50:23.697 [http-nio-8080-exec-3] DEBUG c.z.e.m.m.a.A.findAdminInfoById - ==> Parameters: 1(Integer)
2025-12-13 21:50:23.799 [http-nio-8080-exec-3] DEBUG c.z.e.m.m.a.A.findAdminInfoById - <==      Total: 1
2025-12-13 21:50:23.899 [http-nio-8080-exec-3] DEBUG c.z.e.m.m.a.R.findRecruitPositionInfoById - ==>  Preparing: select * from general_recruitPosition left join general_industryMap on general_recruitPosition.recruitPosition_industryCode = general_industryMap.industryMap_industryCode where general_recruitPosition.recruitPosition_id = ?
2025-12-13 21:50:23.900 [http-nio-8080-exec-3] DEBUG c.z.e.m.m.a.R.findRecruitPositionInfoById - ==> Parameters: 1(Integer)
2025-12-13 21:50:24.003 [http-nio-8080-exec-3] DEBUG c.z.e.m.m.a.R.findRecruitPositionInfoById - <==      Total: 1
2025-12-13 21:50:32.698 [http-nio-8080-exec-4] DEBUG c.z.e.m.m.a.AdminMapper.selectById - ==>  Preparing: SELECT admin_id,admin_account,admin_username,admin_email,admin_phone,admin_password,admin_image,admin_introduce,admin_state,admin_login_time,deleted FROM admin_admin WHERE admin_id=? AND deleted=0
2025-12-13 21:50:32.699 [http-nio-8080-exec-4] DEBUG c.z.e.m.m.a.AdminMapper.selectById - ==> Parameters: 1(Integer)
2025-12-13 21:50:32.736 [http-nio-8080-exec-4] DEBUG c.z.e.m.m.a.AdminMapper.selectById - <==      Total: 1
2025-12-13 21:50:32.737 [http-nio-8080-exec-4] DEBUG c.z.e.m.m.a.A.findAdminInfoById - ==>  Preparing: select * from admin_admin left join admin_admin_role on admin_admin.admin_id = admin_admin_role.adminId left join admin_role on admin_admin_role.roleId = admin_role.role_id left join admin_role_permission on admin_role.role_id = admin_role.role_id left join admin_permission on admin_role_permission.permissionId = admin_permission.permission_id where admin_admin.admin_id = ? and admin_admin.deleted = 0
2025-12-13 21:50:32.738 [http-nio-8080-exec-4] DEBUG c.z.e.m.m.a.A.findAdminInfoById - ==> Parameters: 1(Integer)
2025-12-13 21:50:32.776 [http-nio-8080-exec-4] DEBUG c.z.e.m.m.a.A.findAdminInfoById - <==      Total: 1
2025-12-13 21:50:32.816 [http-nio-8080-exec-4] DEBUG c.z.e.m.m.a.R.findRecruitPositionInfoById - ==>  Preparing: select * from general_recruitPosition left join general_industryMap on general_recruitPosition.recruitPosition_industryCode = general_industryMap.industryMap_industryCode where general_recruitPosition.recruitPosition_id = ?
2025-12-13 21:50:32.817 [http-nio-8080-exec-4] DEBUG c.z.e.m.m.a.R.findRecruitPositionInfoById - ==> Parameters: 1(Integer)
2025-12-13 21:50:32.854 [http-nio-8080-exec-4] DEBUG c.z.e.m.m.a.R.findRecruitPositionInfoById - <==      Total: 1
2025-12-13 21:50:34.803 [http-nio-8080-exec-5] DEBUG c.z.e.m.m.a.AdminMapper.selectById - ==>  Preparing: SELECT admin_id,admin_account,admin_username,admin_email,admin_phone,admin_password,admin_image,admin_introduce,admin_state,admin_login_time,deleted FROM admin_admin WHERE admin_id=? AND deleted=0
2025-12-13 21:50:34.804 [http-nio-8080-exec-5] DEBUG c.z.e.m.m.a.AdminMapper.selectById - ==> Parameters: 1(Integer)
2025-12-13 21:50:34.857 [http-nio-8080-exec-5] DEBUG c.z.e.m.m.a.AdminMapper.selectById - <==      Total: 1
2025-12-13 21:50:34.858 [http-nio-8080-exec-5] DEBUG c.z.e.m.m.a.A.findAdminInfoById - ==>  Preparing: select * from admin_admin left join admin_admin_role on admin_admin.admin_id = admin_admin_role.adminId left join admin_role on admin_admin_role.roleId = admin_role.role_id left join admin_role_permission on admin_role.role_id = admin_role.role_id left join admin_permission on admin_role_permission.permissionId = admin_permission.permission_id where admin_admin.admin_id = ? and admin_admin.deleted = 0
2025-12-13 21:50:34.859 [http-nio-8080-exec-5] DEBUG c.z.e.m.m.a.A.findAdminInfoById - ==> Parameters: 1(Integer)
2025-12-13 21:50:34.960 [http-nio-8080-exec-5] DEBUG c.z.e.m.m.a.A.findAdminInfoById - <==      Total: 1
2025-12-13 21:50:35.061 [http-nio-8080-exec-5] DEBUG c.z.e.m.m.a.R.findRecruitPositionInfoById - ==>  Preparing: select * from general_recruitPosition left join general_industryMap on general_recruitPosition.recruitPosition_industryCode = general_industryMap.industryMap_industryCode where general_recruitPosition.recruitPosition_id = ?
2025-12-13 21:50:35.062 [http-nio-8080-exec-5] DEBUG c.z.e.m.m.a.R.findRecruitPositionInfoById - ==> Parameters: 1(Integer)
2025-12-13 21:50:35.120 [http-nio-8080-exec-5] DEBUG c.z.e.m.m.a.R.findRecruitPositionInfoById - <==      Total: 1
2025-12-13 21:51:03.050 [http-nio-8080-exec-6] DEBUG c.z.e.m.m.a.AdminMapper.selectById - ==>  Preparing: SELECT admin_id,admin_account,admin_username,admin_email,admin_phone,admin_password,admin_image,admin_introduce,admin_state,admin_login_time,deleted FROM admin_admin WHERE admin_id=? AND deleted=0
2025-12-13 21:51:03.051 [http-nio-8080-exec-6] DEBUG c.z.e.m.m.a.AdminMapper.selectById - ==> Parameters: 1(Integer)
2025-12-13 21:51:03.119 [http-nio-8080-exec-6] DEBUG c.z.e.m.m.a.AdminMapper.selectById - <==      Total: 1
2025-12-13 21:51:03.120 [http-nio-8080-exec-6] DEBUG c.z.e.m.m.a.A.findAdminInfoById - ==>  Preparing: select * from admin_admin left join admin_admin_role on admin_admin.admin_id = admin_admin_role.adminId left join admin_role on admin_admin_role.roleId = admin_role.role_id left join admin_role_permission on admin_role.role_id = admin_role.role_id left join admin_permission on admin_role_permission.permissionId = admin_permission.permission_id where admin_admin.admin_id = ? and admin_admin.deleted = 0
2025-12-13 21:51:03.120 [http-nio-8080-exec-6] DEBUG c.z.e.m.m.a.A.findAdminInfoById - ==> Parameters: 1(Integer)
2025-12-13 21:51:03.158 [http-nio-8080-exec-6] DEBUG c.z.e.m.m.a.A.findAdminInfoById - <==      Total: 1
2025-12-13 21:51:03.200 [http-nio-8080-exec-6] DEBUG c.z.e.m.m.a.R.findRecruitPositionInfoById - ==>  Preparing: select * from general_recruitPosition left join general_industryMap on general_recruitPosition.recruitPosition_industryCode = general_industryMap.industryMap_industryCode where general_recruitPosition.recruitPosition_id = ?
2025-12-13 21:51:03.200 [http-nio-8080-exec-6] DEBUG c.z.e.m.m.a.R.findRecruitPositionInfoById - ==> Parameters: 1(Integer)
2025-12-13 21:51:03.238 [http-nio-8080-exec-6] DEBUG c.z.e.m.m.a.R.findRecruitPositionInfoById - <==      Total: 1
2025-12-13 21:52:17.368 [Thread-15] WARN  c.a.n.c.http.HttpClientBeanHolder - [HttpClientBeanHolder] Start destroying common HttpClient
2025-12-13 21:52:17.368 [Thread-1] WARN  c.a.n.c.executor.ThreadPoolManager - [ThreadPoolManager] Start destroying ThreadPool
2025-12-13 21:52:17.369 [Thread-15] WARN  c.a.n.c.http.HttpClientBeanHolder - [HttpClientBeanHolder] Destruction of the end
2025-12-13 21:52:17.370 [Thread-1] WARN  c.a.n.c.executor.ThreadPoolManager - [ThreadPoolManager] Destruction of the end
2025-12-13 21:52:17.433 [SpringApplicationShutdownHook] INFO  com.zaxxer.hikari.HikariDataSource - HikariPool-1 - Shutdown initiated...
2025-12-13 21:52:17.437 [SpringApplicationShutdownHook] INFO  com.zaxxer.hikari.HikariDataSource - HikariPool-1 - Shutdown completed.
2025-12-13 21:52:17.438 [SpringApplicationShutdownHook] INFO  c.z.e.s.impl.user.UserSmsServiceImpl - 关闭阿里云短信客户端...
2025-12-13 21:52:17.441 [SpringApplicationShutdownHook] INFO  c.z.e.s.impl.user.UserSmsServiceImpl - 阿里云短信客户端已关闭
2025-12-13 21:52:17.441 [SpringApplicationShutdownHook] INFO  c.z.e.s.i.admin.AdminSmsServiceImpl - 关闭阿里云短信客户端...
2025-12-13 21:52:17.442 [SpringApplicationShutdownHook] INFO  c.z.e.s.i.admin.AdminSmsServiceImpl - 阿里云短信客户端已关闭
2025-12-13 21:52:17.448 [SpringApplicationShutdownHook] INFO  com.zaxxer.hikari.HikariDataSource - HikariPool-2 - Shutdown initiated...
2025-12-13 21:52:17.458 [SpringApplicationShutdownHook] INFO  com.zaxxer.hikari.HikariDataSource - HikariPool-2 - Shutdown completed.
2025-12-13 21:52:21.373 [main] INFO  c.a.n.client.logging.NacosLogging - Nacos Logging Adapter Builder: com.alibaba.nacos.logger.adapter.logback12.LogbackNacosLoggingAdapterBuilder
2025-12-13 21:52:21.378 [main] INFO  c.a.n.client.logging.NacosLogging - Nacos Logging Adapter Builder: com.alibaba.nacos.logger.adapter.logback14.LogbackNacosLoggingAdapterBuilder
2025-12-13 21:52:21.379 [main] INFO  c.a.n.client.logging.NacosLogging - Nacos Logging Adapter: com.alibaba.nacos.logger.adapter.logback14.LogbackNacosLoggingAdapter match ch.qos.logback.classic.Logger success.
2025-12-13 21:52:21.389 [main] INFO  c.a.n.client.logging.NacosLogging - Nacos Logging Adapter Builder: com.alibaba.nacos.logger.adapter.log4j2.Log4j2NacosLoggingAdapterBuilder
2025-12-13 21:52:21.402 [background-preinit] INFO  o.h.validator.internal.util.Version - HV000001: Hibernate Validator 8.0.1.Final
2025-12-13 21:52:21.562 [main] INFO  c.z.e.EasyApplyResumeApplication - Starting EasyApplyResumeApplication using Java 21.0.9 with PID 15916 (C:\Users\shini\IdeaProjects\EasyApplyResume\target\classes started by shini in C:\Users\shini\IdeaProjects\EasyApplyResume)
2025-12-13 21:52:21.563 [main] DEBUG c.z.e.EasyApplyResumeApplication - Running with Spring Boot v3.3.5, Spring v6.1.14
2025-12-13 21:52:21.565 [main] INFO  c.z.e.EasyApplyResumeApplication - The following 1 profile is active: "dev"
2025-12-13 21:52:23.944 [main] INFO  o.s.d.r.c.RepositoryConfigurationDelegate - Multiple Spring Data modules found, entering strict repository configuration mode
2025-12-13 21:52:23.950 [main] INFO  o.s.d.r.c.RepositoryConfigurationDelegate - Bootstrapping Spring Data Redis repositories in DEFAULT mode.
2025-12-13 21:52:24.045 [main] INFO  o.s.d.r.c.RepositoryConfigurationDelegate - Finished Spring Data repository scanning in 71 ms. Found 0 Redis repository interfaces.
2025-12-13 21:52:24.272 [main] WARN  o.m.s.mapper.ClassPathMapperScanner - Cannot use both: sqlSessionTemplate and sqlSessionFactory together. sqlSessionFactory is ignored.
2025-12-13 21:52:24.273 [main] WARN  o.m.s.mapper.ClassPathMapperScanner - Cannot use both: sqlSessionTemplate and sqlSessionFactory together. sqlSessionFactory is ignored.
2025-12-13 21:52:24.273 [main] WARN  o.m.s.mapper.ClassPathMapperScanner - Cannot use both: sqlSessionTemplate and sqlSessionFactory together. sqlSessionFactory is ignored.
2025-12-13 21:52:24.274 [main] WARN  o.m.s.mapper.ClassPathMapperScanner - Cannot use both: sqlSessionTemplate and sqlSessionFactory together. sqlSessionFactory is ignored.
2025-12-13 21:52:24.275 [main] WARN  o.m.s.mapper.ClassPathMapperScanner - Cannot use both: sqlSessionTemplate and sqlSessionFactory together. sqlSessionFactory is ignored.
2025-12-13 21:52:24.276 [main] WARN  o.m.s.mapper.ClassPathMapperScanner - Cannot use both: sqlSessionTemplate and sqlSessionFactory together. sqlSessionFactory is ignored.
2025-12-13 21:52:24.277 [main] WARN  o.m.s.mapper.ClassPathMapperScanner - Cannot use both: sqlSessionTemplate and sqlSessionFactory together. sqlSessionFactory is ignored.
2025-12-13 21:52:24.278 [main] WARN  o.m.s.mapper.ClassPathMapperScanner - Cannot use both: sqlSessionTemplate and sqlSessionFactory together. sqlSessionFactory is ignored.
2025-12-13 21:52:24.279 [main] WARN  o.m.s.mapper.ClassPathMapperScanner - Cannot use both: sqlSessionTemplate and sqlSessionFactory together. sqlSessionFactory is ignored.
2025-12-13 21:52:24.279 [main] WARN  o.m.s.mapper.ClassPathMapperScanner - Cannot use both: sqlSessionTemplate and sqlSessionFactory together. sqlSessionFactory is ignored.
2025-12-13 21:52:24.280 [main] WARN  o.m.s.mapper.ClassPathMapperScanner - Cannot use both: sqlSessionTemplate and sqlSessionFactory together. sqlSessionFactory is ignored.
2025-12-13 21:52:24.281 [main] WARN  o.m.s.mapper.ClassPathMapperScanner - Cannot use both: sqlSessionTemplate and sqlSessionFactory together. sqlSessionFactory is ignored.
2025-12-13 21:52:24.282 [main] WARN  o.m.s.mapper.ClassPathMapperScanner - Cannot use both: sqlSessionTemplate and sqlSessionFactory together. sqlSessionFactory is ignored.
2025-12-13 21:52:24.283 [main] WARN  o.m.s.mapper.ClassPathMapperScanner - Cannot use both: sqlSessionTemplate and sqlSessionFactory together. sqlSessionFactory is ignored.
2025-12-13 21:52:24.284 [main] WARN  o.m.s.mapper.ClassPathMapperScanner - Cannot use both: sqlSessionTemplate and sqlSessionFactory together. sqlSessionFactory is ignored.
2025-12-13 21:52:24.285 [main] WARN  o.m.s.mapper.ClassPathMapperScanner - Cannot use both: sqlSessionTemplate and sqlSessionFactory together. sqlSessionFactory is ignored.
2025-12-13 21:52:24.286 [main] WARN  o.m.s.mapper.ClassPathMapperScanner - Cannot use both: sqlSessionTemplate and sqlSessionFactory together. sqlSessionFactory is ignored.
2025-12-13 21:52:24.287 [main] WARN  o.m.s.mapper.ClassPathMapperScanner - Cannot use both: sqlSessionTemplate and sqlSessionFactory together. sqlSessionFactory is ignored.
2025-12-13 21:52:24.288 [main] WARN  o.m.s.mapper.ClassPathMapperScanner - Cannot use both: sqlSessionTemplate and sqlSessionFactory together. sqlSessionFactory is ignored.
2025-12-13 21:52:24.289 [main] WARN  o.m.s.mapper.ClassPathMapperScanner - Cannot use both: sqlSessionTemplate and sqlSessionFactory together. sqlSessionFactory is ignored.
2025-12-13 21:52:24.290 [main] WARN  o.m.s.mapper.ClassPathMapperScanner - Cannot use both: sqlSessionTemplate and sqlSessionFactory together. sqlSessionFactory is ignored.
2025-12-13 21:52:24.290 [main] WARN  o.m.s.mapper.ClassPathMapperScanner - Cannot use both: sqlSessionTemplate and sqlSessionFactory together. sqlSessionFactory is ignored.
2025-12-13 21:52:24.291 [main] WARN  o.m.s.mapper.ClassPathMapperScanner - Cannot use both: sqlSessionTemplate and sqlSessionFactory together. sqlSessionFactory is ignored.
2025-12-13 21:52:24.291 [main] WARN  o.m.s.mapper.ClassPathMapperScanner - Cannot use both: sqlSessionTemplate and sqlSessionFactory together. sqlSessionFactory is ignored.
2025-12-13 21:52:24.292 [main] WARN  o.m.s.mapper.ClassPathMapperScanner - Cannot use both: sqlSessionTemplate and sqlSessionFactory together. sqlSessionFactory is ignored.
2025-12-13 21:52:24.293 [main] WARN  o.m.s.mapper.ClassPathMapperScanner - Cannot use both: sqlSessionTemplate and sqlSessionFactory together. sqlSessionFactory is ignored.
2025-12-13 21:52:24.298 [main] WARN  o.m.s.mapper.ClassPathMapperScanner - No MyBatis mapper was found in '[com.zyh.easyapplyresume.mapper.pgvector]' package. Please check your configuration.
2025-12-13 21:52:24.764 [main] WARN  o.s.c.s.PostProcessorRegistrationDelegate$BeanPostProcessorChecker - Bean 'com.alibaba.cloud.nacos.NacosConfigAutoConfiguration' of type [com.alibaba.cloud.nacos.NacosConfigAutoConfiguration] is not eligible for getting processed by all BeanPostProcessors (for example: not eligible for auto-proxying). The currently created BeanPostProcessor [nacosAnnotationProcessor] is declared through a non-static factory method on that class; consider declaring it as static instead.
2025-12-13 21:52:24.776 [main] WARN  o.s.c.s.PostProcessorRegistrationDelegate$BeanPostProcessorChecker - Bean 'nacosConfigProperties' of type [com.alibaba.cloud.nacos.NacosConfigProperties] is not eligible for getting processed by all BeanPostProcessors (for example: not eligible for auto-proxying). Is this bean getting eagerly injected/applied to a currently created BeanPostProcessor [nacosAnnotationProcessor]? Check the corresponding BeanPostProcessor declaration and its dependencies/advisors. If this bean does not have to be post-processed, declare it with ROLE_INFRASTRUCTURE.
2025-12-13 21:52:24.955 [main] INFO  c.a.n.p.a.s.c.ClientAuthPluginManager - [ClientAuthPluginManager] Load ClientAuthService com.alibaba.nacos.client.auth.impl.NacosClientAuthServiceImpl success.
2025-12-13 21:52:24.955 [main] INFO  c.a.n.p.a.s.c.ClientAuthPluginManager - [ClientAuthPluginManager] Load ClientAuthService com.alibaba.nacos.client.auth.ram.RamClientAuthServiceImpl success.
2025-12-13 21:52:24.959 [main] WARN  o.s.c.s.PostProcessorRegistrationDelegate$BeanPostProcessorChecker - Bean 'nacosConfigManager' of type [com.alibaba.cloud.nacos.NacosConfigManager] is not eligible for getting processed by all BeanPostProcessors (for example: not eligible for auto-proxying). Is this bean getting eagerly injected/applied to a currently created BeanPostProcessor [nacosAnnotationProcessor]? Check the corresponding BeanPostProcessor declaration and its dependencies/advisors. If this bean does not have to be post-processed, declare it with ROLE_INFRASTRUCTURE.
2025-12-13 21:52:25.738 [main] INFO  o.s.b.w.e.tomcat.TomcatWebServer - Tomcat initialized with port 8080 (http)
2025-12-13 21:52:25.758 [main] INFO  o.a.coyote.http11.Http11NioProtocol - Initializing ProtocolHandler ["http-nio-8080"]
2025-12-13 21:52:25.766 [main] INFO  o.a.catalina.core.StandardService - Starting service [Tomcat]
2025-12-13 21:52:25.767 [main] INFO  o.a.catalina.core.StandardEngine - Starting Servlet engine: [Apache Tomcat/10.1.31]
2025-12-13 21:52:25.929 [main] INFO  o.a.c.c.C.[.[localhost].[/api] - Initializing Spring embedded WebApplicationContext
2025-12-13 21:52:25.930 [main] INFO  o.s.b.w.s.c.ServletWebServerApplicationContext - Root WebApplicationContext: initialization completed in 4244 ms
2025-12-13 21:52:27.328 [main] DEBUG c.z.e.filter.UserJwtAuthFilter - Filter 'userJwtAuthFilter' configured for use
2025-12-13 21:52:27.329 [main] DEBUG c.z.e.filter.AdminJwtAuthFilter - Filter 'adminJwtAuthFilter' configured for use
2025-12-13 21:52:27.591 [main] INFO  c.z.e.s.i.admin.AdminSmsServiceImpl - 开始初始化阿里云短信客户端...
2025-12-13 21:52:27.961 [main] INFO  c.z.e.s.i.admin.AdminSmsServiceImpl - 阿里云短信客户端初始化完成
2025-12-13 21:52:29.133 [main] INFO  c.z.e.d.a.SensitiveWordsAdvisor - 敏感词初始化完成，共加载 137 个敏感词
2025-12-13 21:52:31.572 [main] INFO  c.z.i.ImageSearchMcpApplication - Starting ImageSearchMcpApplication v0.0.1-SNAPSHOT using Java 21.0.9 with PID 31604 (C:\Users\shini\IdeaProjects\EasyApplyResume\Image-Search-Mcp\target\Image-Search-Mcp-0.0.1-SNAPSHOT.jar started by shini in C:\Users\shini\IdeaProjects\EasyApplyResume)
2025-12-13 21:52:31.574 [main] INFO  c.z.i.ImageSearchMcpApplication - The following 1 profile is active: "stdio"
2025-12-13 21:52:33.187 [pool-1-thread-1] INFO  i.m.server.McpAsyncServer - Client initialize request - Protocol: 2024-11-05, Capabilities: ClientCapabilities[experimental=null, roots=null, sampling=null], Info: Implementation[name=spring-ai-mcp-client, version=1.0.0]
2025-12-13 21:52:33.290 [pool-4-thread-1] INFO  i.m.client.McpAsyncClient - Server response with Protocol: 2024-11-05, Capabilities: ServerCapabilities[experimental=null, logging=LoggingCapabilities[], prompts=null, resources=null, tools=ToolCapabilities[listChanged=true]], Info: Implementation[name=image-search-mcp-server, version=0.0.1] and Instructions null
2025-12-13 21:52:33.328 [main] INFO  c.z.i.ImageSearchMcpApplication - Started ImageSearchMcpApplication in 2.445 seconds (process running for 3.532)
2025-12-13 21:52:35.760 [pool-9-thread-1] INFO  i.m.c.transport.StdioClientTransport - STDERR Message received: Amap Maps MCP Server running on stdio
2025-12-13 21:52:35.778 [pool-7-thread-1] INFO  i.m.client.McpAsyncClient - Server response with Protocol: 2024-11-05, Capabilities: ServerCapabilities[experimental=null, logging=null, prompts=null, resources=null, tools=ToolCapabilities[listChanged=null]], Info: Implementation[name=mcp-server/amap-maps, version=0.1.0] and Instructions null
2025-12-13 21:52:36.258 [main] INFO  o.s.a.t.splitter.TextSplitter - Splitting up document into 2 chunks.
2025-12-13 21:52:36.266 [main] INFO  o.s.a.t.splitter.TextSplitter - Splitting up document into 2 chunks.
2025-12-13 21:52:36.271 [main] INFO  o.s.a.t.splitter.TextSplitter - Splitting up document into 2 chunks.
2025-12-13 21:52:41.932 [main] INFO  o.s.ai.vectorstore.SimpleVectorStore - Calling EmbeddingModel for document id = c9c39d15-ab01-4da9-a8dd-91dac484d90c
2025-12-13 21:52:42.140 [main] INFO  o.s.ai.vectorstore.SimpleVectorStore - Calling EmbeddingModel for document id = f30beeba-f748-498b-ba23-9cd2d5cf63de
2025-12-13 21:52:42.344 [main] INFO  o.s.ai.vectorstore.SimpleVectorStore - Calling EmbeddingModel for document id = e75c3127-dbae-4b14-bf9e-2cda14019fde
2025-12-13 21:52:42.581 [main] INFO  c.z.e.s.impl.user.UserSmsServiceImpl - 开始初始化阿里云短信客户端...
2025-12-13 21:52:42.605 [main] INFO  c.z.e.s.impl.user.UserSmsServiceImpl - 阿里云短信客户端初始化完成
2025-12-13 21:52:42.632 [main] WARN  c.b.m.core.metadata.TableInfoHelper - Can not find table primary key in Class: "com.zyh.easyapplyresume.model.pojo.user.UserCollections".
2025-12-13 21:52:42.632 [main] WARN  c.b.m.c.injector.DefaultSqlInjector - class com.zyh.easyapplyresume.model.pojo.user.UserCollections ,Not found @TableId annotation, Cannot use Mybatis-Plus 'xxById' Method.
2025-12-13 21:52:43.061 [main] WARN  c.b.m.e.s.MybatisSqlSessionFactoryBean - Property 'mapperLocations' was specified but matching resources are not found.
2025-12-13 21:52:43.212 [main] INFO  o.s.a.v.pgvector.PgVectorStore - Using the vector table name: vector_store. Is empty: false
2025-12-13 21:52:43.215 [main] INFO  o.s.a.v.pgvector.PgVectorStore - Initializing PGVectorStore schema for table: vector_store in schema: public
2025-12-13 21:52:43.216 [main] INFO  o.s.a.v.pgvector.PgVectorStore - vectorTableValidationsEnabled false
2025-12-13 21:52:43.224 [main] INFO  com.zaxxer.hikari.HikariDataSource - HikariPool-1 - Starting...
2025-12-13 21:52:43.737 [main] INFO  com.zaxxer.hikari.pool.HikariPool - HikariPool-1 - Added connection org.postgresql.jdbc.PgConnection@348c409a
2025-12-13 21:52:43.740 [main] INFO  com.zaxxer.hikari.HikariDataSource - HikariPool-1 - Start completed.
2025-12-13 21:52:44.294 [main] WARN  o.s.b.a.s.s.UserDetailsServiceAutoConfiguration - 

Using generated security password: 06cc1590-e29f-48c9-8ac8-b46d1ba4ab73

This generated password is for development use only. Your security configuration must be updated before running your application in production.

2025-12-13 21:52:44.311 [main] INFO  o.s.s.c.a.a.c.InitializeUserDetailsBeanManagerConfigurer$InitializeUserDetailsManagerConfigurer - Global AuthenticationManager configured with UserDetailsService bean with name inMemoryUserDetailsManager
2025-12-13 21:52:45.723 [main] INFO  o.a.coyote.http11.Http11NioProtocol - Starting ProtocolHandler ["http-nio-8080"]
2025-12-13 21:52:45.743 [main] INFO  o.s.b.w.e.tomcat.TomcatWebServer - Tomcat started on port 8080 (http) with context path '/api'
2025-12-13 21:52:45.768 [main] INFO  c.z.e.EasyApplyResumeApplication - Started EasyApplyResumeApplication in 25.215 seconds (process running for 26.358)
2025-12-13 21:53:47.007 [http-nio-8080-exec-1] INFO  o.a.c.c.C.[.[localhost].[/api] - Initializing Spring DispatcherServlet 'dispatcherServlet'
2025-12-13 21:53:47.008 [http-nio-8080-exec-1] INFO  o.s.web.servlet.DispatcherServlet - Initializing Servlet 'dispatcherServlet'
2025-12-13 21:53:47.013 [http-nio-8080-exec-1] INFO  o.s.web.servlet.DispatcherServlet - Completed initialization in 5 ms
2025-12-13 21:53:48.619 [http-nio-8080-exec-1] INFO  com.zaxxer.hikari.HikariDataSource - HikariPool-2 - Starting...
2025-12-13 21:53:49.749 [http-nio-8080-exec-1] INFO  com.zaxxer.hikari.pool.HikariPool - HikariPool-2 - Added connection com.mysql.cj.jdbc.ConnectionImpl@16e363f0
2025-12-13 21:53:49.749 [http-nio-8080-exec-1] INFO  com.zaxxer.hikari.HikariDataSource - HikariPool-2 - Start completed.
2025-12-13 21:53:49.753 [http-nio-8080-exec-1] DEBUG c.z.e.m.m.a.AdminMapper.selectById - ==>  Preparing: SELECT admin_id,admin_account,admin_username,admin_email,admin_phone,admin_password,admin_image,admin_introduce,admin_state,admin_login_time,deleted FROM admin_admin WHERE admin_id=? AND deleted=0
2025-12-13 21:53:49.802 [http-nio-8080-exec-1] DEBUG c.z.e.m.m.a.AdminMapper.selectById - ==> Parameters: 1(Integer)
2025-12-13 21:53:49.877 [http-nio-8080-exec-1] DEBUG c.z.e.m.m.a.AdminMapper.selectById - <==      Total: 1
2025-12-13 21:53:49.883 [http-nio-8080-exec-1] DEBUG c.z.e.m.m.a.A.findAdminInfoById - ==>  Preparing: select * from admin_admin left join admin_admin_role on admin_admin.admin_id = admin_admin_role.adminId left join admin_role on admin_admin_role.roleId = admin_role.role_id left join admin_role_permission on admin_role.role_id = admin_role.role_id left join admin_permission on admin_role_permission.permissionId = admin_permission.permission_id where admin_admin.admin_id = ? and admin_admin.deleted = 0
2025-12-13 21:53:49.884 [http-nio-8080-exec-1] DEBUG c.z.e.m.m.a.A.findAdminInfoById - ==> Parameters: 1(Integer)
2025-12-13 21:53:49.922 [http-nio-8080-exec-1] DEBUG c.z.e.m.m.a.A.findAdminInfoById - <==      Total: 1
2025-12-13 21:53:50.130 [http-nio-8080-exec-1] DEBUG c.z.e.m.m.a.R.findRecruitPositionInfoById - ==>  Preparing: select * from general_recruitPosition left join general_industryMap on general_recruitPosition.recruitPosition_industryCode = general_industryMap.industryMap_industryCode where general_recruitPosition.recruitPosition_id = ?
2025-12-13 21:53:50.131 [http-nio-8080-exec-1] DEBUG c.z.e.m.m.a.R.findRecruitPositionInfoById - ==> Parameters: 1(Integer)
2025-12-13 21:53:50.197 [http-nio-8080-exec-1] DEBUG c.z.e.m.m.a.R.findRecruitPositionInfoById - <==      Total: 1
2025-12-13 21:53:59.997 [http-nio-8080-exec-2] DEBUG c.z.e.m.m.a.AdminMapper.selectById - ==>  Preparing: SELECT admin_id,admin_account,admin_username,admin_email,admin_phone,admin_password,admin_image,admin_introduce,admin_state,admin_login_time,deleted FROM admin_admin WHERE admin_id=? AND deleted=0
2025-12-13 21:53:59.998 [http-nio-8080-exec-2] DEBUG c.z.e.m.m.a.AdminMapper.selectById - ==> Parameters: 1(Integer)
2025-12-13 21:54:00.035 [http-nio-8080-exec-2] DEBUG c.z.e.m.m.a.AdminMapper.selectById - <==      Total: 1
2025-12-13 21:54:00.036 [http-nio-8080-exec-2] DEBUG c.z.e.m.m.a.A.findAdminInfoById - ==>  Preparing: select * from admin_admin left join admin_admin_role on admin_admin.admin_id = admin_admin_role.adminId left join admin_role on admin_admin_role.roleId = admin_role.role_id left join admin_role_permission on admin_role.role_id = admin_role.role_id left join admin_permission on admin_role_permission.permissionId = admin_permission.permission_id where admin_admin.admin_id = ? and admin_admin.deleted = 0
2025-12-13 21:54:00.037 [http-nio-8080-exec-2] DEBUG c.z.e.m.m.a.A.findAdminInfoById - ==> Parameters: 1(Integer)
2025-12-13 21:54:00.075 [http-nio-8080-exec-2] DEBUG c.z.e.m.m.a.A.findAdminInfoById - <==      Total: 1
2025-12-13 21:54:00.113 [http-nio-8080-exec-2] DEBUG c.z.e.m.m.a.R.findRecruitPositionInfoById - ==>  Preparing: select * from general_recruitPosition left join general_industryMap on general_recruitPosition.recruitPosition_industryCode = general_industryMap.industryMap_industryCode where general_recruitPosition.recruitPosition_id = ?
2025-12-13 21:54:00.113 [http-nio-8080-exec-2] DEBUG c.z.e.m.m.a.R.findRecruitPositionInfoById - ==> Parameters: 1(Integer)
2025-12-13 21:54:00.152 [http-nio-8080-exec-2] DEBUG c.z.e.m.m.a.R.findRecruitPositionInfoById - <==      Total: 1
2025-12-13 21:54:07.693 [http-nio-8080-exec-4] DEBUG c.z.e.m.m.a.AdminMapper.selectById - ==>  Preparing: SELECT admin_id,admin_account,admin_username,admin_email,admin_phone,admin_password,admin_image,admin_introduce,admin_state,admin_login_time,deleted FROM admin_admin WHERE admin_id=? AND deleted=0
2025-12-13 21:54:07.694 [http-nio-8080-exec-4] DEBUG c.z.e.m.m.a.AdminMapper.selectById - ==> Parameters: 1(Integer)
2025-12-13 21:54:07.735 [http-nio-8080-exec-4] DEBUG c.z.e.m.m.a.AdminMapper.selectById - <==      Total: 1
2025-12-13 21:54:07.736 [http-nio-8080-exec-4] DEBUG c.z.e.m.m.a.A.findAdminInfoById - ==>  Preparing: select * from admin_admin left join admin_admin_role on admin_admin.admin_id = admin_admin_role.adminId left join admin_role on admin_admin_role.roleId = admin_role.role_id left join admin_role_permission on admin_role.role_id = admin_role.role_id left join admin_permission on admin_role_permission.permissionId = admin_permission.permission_id where admin_admin.admin_id = ? and admin_admin.deleted = 0
2025-12-13 21:54:07.737 [http-nio-8080-exec-4] DEBUG c.z.e.m.m.a.A.findAdminInfoById - ==> Parameters: 1(Integer)
2025-12-13 21:54:07.774 [http-nio-8080-exec-4] DEBUG c.z.e.m.m.a.A.findAdminInfoById - <==      Total: 1
2025-12-13 21:54:07.898 [http-nio-8080-exec-4] DEBUG c.z.e.m.m.a.I.selectList - ==>  Preparing: SELECT industryMap_industryCode,industryMap_industryName,industryMap_createdTime AS createdTime,industryMap_updatedTime AS updatedTime FROM general_industryMap
2025-12-13 21:54:07.899 [http-nio-8080-exec-4] DEBUG c.z.e.m.m.a.I.selectList - ==> Parameters: 
2025-12-13 21:54:07.951 [http-nio-8080-exec-4] DEBUG c.z.e.m.m.a.I.selectList - <==      Total: 2
2025-12-13 21:54:08.275 [http-nio-8080-exec-5] DEBUG c.z.e.m.m.a.AdminMapper.selectById - ==>  Preparing: SELECT admin_id,admin_account,admin_username,admin_email,admin_phone,admin_password,admin_image,admin_introduce,admin_state,admin_login_time,deleted FROM admin_admin WHERE admin_id=? AND deleted=0
2025-12-13 21:54:08.276 [http-nio-8080-exec-5] DEBUG c.z.e.m.m.a.AdminMapper.selectById - ==> Parameters: 1(Integer)
2025-12-13 21:54:08.314 [http-nio-8080-exec-5] DEBUG c.z.e.m.m.a.AdminMapper.selectById - <==      Total: 1
2025-12-13 21:54:08.315 [http-nio-8080-exec-5] DEBUG c.z.e.m.m.a.A.findAdminInfoById - ==>  Preparing: select * from admin_admin left join admin_admin_role on admin_admin.admin_id = admin_admin_role.adminId left join admin_role on admin_admin_role.roleId = admin_role.role_id left join admin_role_permission on admin_role.role_id = admin_role.role_id left join admin_permission on admin_role_permission.permissionId = admin_permission.permission_id where admin_admin.admin_id = ? and admin_admin.deleted = 0
2025-12-13 21:54:08.323 [http-nio-8080-exec-5] DEBUG c.z.e.m.m.a.A.findAdminInfoById - ==> Parameters: 1(Integer)
2025-12-13 21:54:08.361 [http-nio-8080-exec-5] DEBUG c.z.e.m.m.a.A.findAdminInfoById - <==      Total: 1
2025-12-13 21:54:08.409 [http-nio-8080-exec-5] DEBUG c.z.e.m.m.a.P.selectList - ==>  Preparing: SELECT provinceMap_pid,provinceMap_pname FROM general_provinceMap
2025-12-13 21:54:08.409 [http-nio-8080-exec-5] DEBUG c.z.e.m.m.a.P.selectList - ==> Parameters: 
2025-12-13 21:54:08.474 [http-nio-8080-exec-5] DEBUG c.z.e.m.m.a.P.selectList - <==      Total: 34
2025-12-13 21:54:08.710 [http-nio-8080-exec-3] DEBUG c.z.e.m.m.a.AdminMapper.selectById - ==>  Preparing: SELECT admin_id,admin_account,admin_username,admin_email,admin_phone,admin_password,admin_image,admin_introduce,admin_state,admin_login_time,deleted FROM admin_admin WHERE admin_id=? AND deleted=0
2025-12-13 21:54:08.712 [http-nio-8080-exec-3] DEBUG c.z.e.m.m.a.AdminMapper.selectById - ==> Parameters: 1(Integer)
2025-12-13 21:54:08.750 [http-nio-8080-exec-3] DEBUG c.z.e.m.m.a.AdminMapper.selectById - <==      Total: 1
2025-12-13 21:54:08.751 [http-nio-8080-exec-3] DEBUG c.z.e.m.m.a.A.findAdminInfoById - ==>  Preparing: select * from admin_admin left join admin_admin_role on admin_admin.admin_id = admin_admin_role.adminId left join admin_role on admin_admin_role.roleId = admin_role.role_id left join admin_role_permission on admin_role.role_id = admin_role.role_id left join admin_permission on admin_role_permission.permissionId = admin_permission.permission_id where admin_admin.admin_id = ? and admin_admin.deleted = 0
2025-12-13 21:54:08.751 [http-nio-8080-exec-3] DEBUG c.z.e.m.m.a.A.findAdminInfoById - ==> Parameters: 1(Integer)
2025-12-13 21:54:08.790 [http-nio-8080-exec-3] DEBUG c.z.e.m.m.a.A.findAdminInfoById - <==      Total: 1
2025-12-13 21:54:08.857 [http-nio-8080-exec-3] DEBUG c.z.e.m.m.a.R.selectList - ==>  Preparing: SELECT recruitPosition_id AS recruitPositionId,recruitPosition_name,recruitPosition_createdTime AS createdTime,recruitPosition_updatedTime AS updatedTime,recruitPosition_industryCode,recruitPosition_minMonthSalary AS minMonthSalary,recruitPosition_maxMonthSalary AS maxMonthSalary,recruitPosition_weekWorkDayNum AS weekWorkDayNum,recruitPosition_goodWelfare AS goodWelfare FROM general_recruitPosition
2025-12-13 21:54:08.858 [http-nio-8080-exec-3] DEBUG c.z.e.m.m.a.R.selectList - ==> Parameters: 
2025-12-13 21:54:08.897 [http-nio-8080-exec-3] DEBUG c.z.e.m.m.a.R.selectList - <==      Total: 1
2025-12-13 21:54:09.408 [http-nio-8080-exec-6] DEBUG c.z.e.m.m.a.AdminMapper.selectById - ==>  Preparing: SELECT admin_id,admin_account,admin_username,admin_email,admin_phone,admin_password,admin_image,admin_introduce,admin_state,admin_login_time,deleted FROM admin_admin WHERE admin_id=? AND deleted=0
2025-12-13 21:54:09.409 [http-nio-8080-exec-6] DEBUG c.z.e.m.m.a.AdminMapper.selectById - ==> Parameters: 1(Integer)
2025-12-13 21:54:09.446 [http-nio-8080-exec-6] DEBUG c.z.e.m.m.a.AdminMapper.selectById - <==      Total: 1
2025-12-13 21:54:09.446 [http-nio-8080-exec-6] DEBUG c.z.e.m.m.a.A.findAdminInfoById - ==>  Preparing: select * from admin_admin left join admin_admin_role on admin_admin.admin_id = admin_admin_role.adminId left join admin_role on admin_admin_role.roleId = admin_role.role_id left join admin_role_permission on admin_role.role_id = admin_role.role_id left join admin_permission on admin_role_permission.permissionId = admin_permission.permission_id where admin_admin.admin_id = ? and admin_admin.deleted = 0
2025-12-13 21:54:09.447 [http-nio-8080-exec-6] DEBUG c.z.e.m.m.a.A.findAdminInfoById - ==> Parameters: 1(Integer)
2025-12-13 21:54:09.485 [http-nio-8080-exec-6] DEBUG c.z.e.m.m.a.A.findAdminInfoById - <==      Total: 1
2025-12-13 21:54:09.802 [http-nio-8080-exec-6] DEBUG c.z.e.m.m.a.E.selectList - ==>  Preparing: SELECT employmentInformation_id,employmentInformation_code,employmentInformation_companyName,employmentInformation_industryCategories,employmentInformation_companyType,employmentInformation_batch,employmentInformation_recruitPosition,employmentInformation_recruitObject,employmentInformation_recruitLocationFirst,employmentInformation_recruitLocationSecond,employmentInformation_recruitLocationDetail,employmentInformation_startTime,employmentInformation_stopTime,employmentInformation_updatedTime,employmentInformation_onlineApplicationStatus,employmentInformation_officialAnnouncement,employmentInformation_submissionWay,employmentInformation_employeeReferralCode,deleted FROM general_employmentInformation WHERE deleted=0 AND (deleted = ?)
2025-12-13 21:54:09.803 [http-nio-8080-exec-6] DEBUG c.z.e.m.m.a.E.selectList - ==> Parameters: 0(Integer)
2025-12-13 21:54:09.839 [http-nio-8080-exec-6] DEBUG c.z.e.m.m.a.E.selectList - <==      Total: 0
2025-12-13 21:54:15.847 [http-nio-8080-exec-7] DEBUG c.z.e.m.m.a.AdminMapper.selectById - ==>  Preparing: SELECT admin_id,admin_account,admin_username,admin_email,admin_phone,admin_password,admin_image,admin_introduce,admin_state,admin_login_time,deleted FROM admin_admin WHERE admin_id=? AND deleted=0
2025-12-13 21:54:15.848 [http-nio-8080-exec-7] DEBUG c.z.e.m.m.a.AdminMapper.selectById - ==> Parameters: 1(Integer)
2025-12-13 21:54:15.885 [http-nio-8080-exec-7] DEBUG c.z.e.m.m.a.AdminMapper.selectById - <==      Total: 1
2025-12-13 21:54:15.887 [http-nio-8080-exec-7] DEBUG c.z.e.m.m.a.A.findAdminInfoById - ==>  Preparing: select * from admin_admin left join admin_admin_role on admin_admin.admin_id = admin_admin_role.adminId left join admin_role on admin_admin_role.roleId = admin_role.role_id left join admin_role_permission on admin_role.role_id = admin_role.role_id left join admin_permission on admin_role_permission.permissionId = admin_permission.permission_id where admin_admin.admin_id = ? and admin_admin.deleted = 0
2025-12-13 21:54:15.901 [http-nio-8080-exec-7] DEBUG c.z.e.m.m.a.A.findAdminInfoById - ==> Parameters: 1(Integer)
2025-12-13 21:54:15.939 [http-nio-8080-exec-7] DEBUG c.z.e.m.m.a.A.findAdminInfoById - <==      Total: 1
2025-12-13 21:54:15.976 [http-nio-8080-exec-7] DEBUG c.z.e.m.m.a.I.selectList - ==>  Preparing: SELECT industryMap_industryCode,industryMap_industryName,industryMap_createdTime AS createdTime,industryMap_updatedTime AS updatedTime FROM general_industryMap
2025-12-13 21:54:15.977 [http-nio-8080-exec-7] DEBUG c.z.e.m.m.a.I.selectList - ==> Parameters: 
2025-12-13 21:54:16.017 [http-nio-8080-exec-7] DEBUG c.z.e.m.m.a.I.selectList - <==      Total: 2
2025-12-13 21:54:16.458 [http-nio-8080-exec-8] DEBUG c.z.e.m.m.a.AdminMapper.selectById - ==>  Preparing: SELECT admin_id,admin_account,admin_username,admin_email,admin_phone,admin_password,admin_image,admin_introduce,admin_state,admin_login_time,deleted FROM admin_admin WHERE admin_id=? AND deleted=0
2025-12-13 21:54:16.459 [http-nio-8080-exec-8] DEBUG c.z.e.m.m.a.AdminMapper.selectById - ==> Parameters: 1(Integer)
2025-12-13 21:54:16.497 [http-nio-8080-exec-8] DEBUG c.z.e.m.m.a.AdminMapper.selectById - <==      Total: 1
2025-12-13 21:54:16.497 [http-nio-8080-exec-8] DEBUG c.z.e.m.m.a.A.findAdminInfoById - ==>  Preparing: select * from admin_admin left join admin_admin_role on admin_admin.admin_id = admin_admin_role.adminId left join admin_role on admin_admin_role.roleId = admin_role.role_id left join admin_role_permission on admin_role.role_id = admin_role.role_id left join admin_permission on admin_role_permission.permissionId = admin_permission.permission_id where admin_admin.admin_id = ? and admin_admin.deleted = 0
2025-12-13 21:54:16.498 [http-nio-8080-exec-8] DEBUG c.z.e.m.m.a.A.findAdminInfoById - ==> Parameters: 1(Integer)
2025-12-13 21:54:16.536 [http-nio-8080-exec-8] DEBUG c.z.e.m.m.a.A.findAdminInfoById - <==      Total: 1
2025-12-13 21:54:16.656 [http-nio-8080-exec-8] DEBUG c.z.e.m.m.a.R.selectList - ==>  Preparing: SELECT resumeTemplate_id,resumeTemplate_name,resumeTemplate_reactCode,resumeTemplate_industry,resumeTemplate_isActive,resumeTemplate_createdTime,resumeTemplate_updatedTime,deleted FROM general_resumeTemplate WHERE deleted=0 AND (deleted = ?)
2025-12-13 21:54:16.657 [http-nio-8080-exec-8] DEBUG c.z.e.m.m.a.R.selectList - ==> Parameters: 0(Integer)
2025-12-13 21:54:24.856 [http-nio-8080-exec-9] DEBUG c.z.e.m.m.a.AdminMapper.selectById - ==>  Preparing: SELECT admin_id,admin_account,admin_username,admin_email,admin_phone,admin_password,admin_image,admin_introduce,admin_state,admin_login_time,deleted FROM admin_admin WHERE admin_id=? AND deleted=0
2025-12-13 21:54:24.857 [http-nio-8080-exec-9] DEBUG c.z.e.m.m.a.AdminMapper.selectById - ==> Parameters: 1(Integer)
2025-12-13 21:54:24.896 [http-nio-8080-exec-9] DEBUG c.z.e.m.m.a.AdminMapper.selectById - <==      Total: 1
2025-12-13 21:54:24.897 [http-nio-8080-exec-9] DEBUG c.z.e.m.m.a.A.findAdminInfoById - ==>  Preparing: select * from admin_admin left join admin_admin_role on admin_admin.admin_id = admin_admin_role.adminId left join admin_role on admin_admin_role.roleId = admin_role.role_id left join admin_role_permission on admin_role.role_id = admin_role.role_id left join admin_permission on admin_role_permission.permissionId = admin_permission.permission_id where admin_admin.admin_id = ? and admin_admin.deleted = 0
2025-12-13 21:54:24.898 [http-nio-8080-exec-9] DEBUG c.z.e.m.m.a.A.findAdminInfoById - ==> Parameters: 1(Integer)
2025-12-13 21:54:24.940 [http-nio-8080-exec-9] DEBUG c.z.e.m.m.a.A.findAdminInfoById - <==      Total: 1
2025-12-13 21:54:24.981 [http-nio-8080-exec-9] DEBUG c.z.e.m.m.a.I.selectList - ==>  Preparing: SELECT industryMap_industryCode,industryMap_industryName,industryMap_createdTime AS createdTime,industryMap_updatedTime AS updatedTime FROM general_industryMap
2025-12-13 21:54:24.982 [http-nio-8080-exec-9] DEBUG c.z.e.m.m.a.I.selectList - ==> Parameters: 
2025-12-13 21:54:25.020 [http-nio-8080-exec-9] DEBUG c.z.e.m.m.a.I.selectList - <==      Total: 2
2025-12-13 21:54:25.484 [http-nio-8080-exec-10] DEBUG c.z.e.m.m.a.AdminMapper.selectById - ==>  Preparing: SELECT admin_id,admin_account,admin_username,admin_email,admin_phone,admin_password,admin_image,admin_introduce,admin_state,admin_login_time,deleted FROM admin_admin WHERE admin_id=? AND deleted=0
2025-12-13 21:54:25.485 [http-nio-8080-exec-10] DEBUG c.z.e.m.m.a.AdminMapper.selectById - ==> Parameters: 1(Integer)
2025-12-13 21:54:25.522 [http-nio-8080-exec-10] DEBUG c.z.e.m.m.a.AdminMapper.selectById - <==      Total: 1
2025-12-13 21:54:25.523 [http-nio-8080-exec-10] DEBUG c.z.e.m.m.a.A.findAdminInfoById - ==>  Preparing: select * from admin_admin left join admin_admin_role on admin_admin.admin_id = admin_admin_role.adminId left join admin_role on admin_admin_role.roleId = admin_role.role_id left join admin_role_permission on admin_role.role_id = admin_role.role_id left join admin_permission on admin_role_permission.permissionId = admin_permission.permission_id where admin_admin.admin_id = ? and admin_admin.deleted = 0
2025-12-13 21:54:25.524 [http-nio-8080-exec-10] DEBUG c.z.e.m.m.a.A.findAdminInfoById - ==> Parameters: 1(Integer)
2025-12-13 21:54:25.561 [http-nio-8080-exec-10] DEBUG c.z.e.m.m.a.A.findAdminInfoById - <==      Total: 1
2025-12-13 21:54:25.600 [http-nio-8080-exec-10] DEBUG c.z.e.m.m.a.P.selectList - ==>  Preparing: SELECT provinceMap_pid,provinceMap_pname FROM general_provinceMap
2025-12-13 21:54:25.601 [http-nio-8080-exec-10] DEBUG c.z.e.m.m.a.P.selectList - ==> Parameters: 
2025-12-13 21:54:25.640 [http-nio-8080-exec-10] DEBUG c.z.e.m.m.a.P.selectList - <==      Total: 34
2025-12-13 21:54:25.784 [http-nio-8080-exec-1] DEBUG c.z.e.m.m.a.AdminMapper.selectById - ==>  Preparing: SELECT admin_id,admin_account,admin_username,admin_email,admin_phone,admin_password,admin_image,admin_introduce,admin_state,admin_login_time,deleted FROM admin_admin WHERE admin_id=? AND deleted=0
2025-12-13 21:54:25.786 [http-nio-8080-exec-1] DEBUG c.z.e.m.m.a.AdminMapper.selectById - ==> Parameters: 1(Integer)
2025-12-13 21:54:25.827 [http-nio-8080-exec-1] DEBUG c.z.e.m.m.a.AdminMapper.selectById - <==      Total: 1
2025-12-13 21:54:25.831 [http-nio-8080-exec-1] DEBUG c.z.e.m.m.a.A.findAdminInfoById - ==>  Preparing: select * from admin_admin left join admin_admin_role on admin_admin.admin_id = admin_admin_role.adminId left join admin_role on admin_admin_role.roleId = admin_role.role_id left join admin_role_permission on admin_role.role_id = admin_role.role_id left join admin_permission on admin_role_permission.permissionId = admin_permission.permission_id where admin_admin.admin_id = ? and admin_admin.deleted = 0
2025-12-13 21:54:25.831 [http-nio-8080-exec-1] DEBUG c.z.e.m.m.a.A.findAdminInfoById - ==> Parameters: 1(Integer)
2025-12-13 21:54:25.869 [http-nio-8080-exec-1] DEBUG c.z.e.m.m.a.A.findAdminInfoById - <==      Total: 1
2025-12-13 21:54:25.909 [http-nio-8080-exec-1] DEBUG c.z.e.m.m.a.R.selectList - ==>  Preparing: SELECT recruitPosition_id AS recruitPositionId,recruitPosition_name,recruitPosition_createdTime AS createdTime,recruitPosition_updatedTime AS updatedTime,recruitPosition_industryCode,recruitPosition_minMonthSalary AS minMonthSalary,recruitPosition_maxMonthSalary AS maxMonthSalary,recruitPosition_weekWorkDayNum AS weekWorkDayNum,recruitPosition_goodWelfare AS goodWelfare FROM general_recruitPosition
2025-12-13 21:54:25.910 [http-nio-8080-exec-1] DEBUG c.z.e.m.m.a.R.selectList - ==> Parameters: 
2025-12-13 21:54:25.947 [http-nio-8080-exec-1] DEBUG c.z.e.m.m.a.R.selectList - <==      Total: 1
2025-12-13 21:54:26.460 [http-nio-8080-exec-2] DEBUG c.z.e.m.m.a.AdminMapper.selectById - ==>  Preparing: SELECT admin_id,admin_account,admin_username,admin_email,admin_phone,admin_password,admin_image,admin_introduce,admin_state,admin_login_time,deleted FROM admin_admin WHERE admin_id=? AND deleted=0
2025-12-13 21:54:26.461 [http-nio-8080-exec-2] DEBUG c.z.e.m.m.a.AdminMapper.selectById - ==> Parameters: 1(Integer)
2025-12-13 21:54:26.500 [http-nio-8080-exec-2] DEBUG c.z.e.m.m.a.AdminMapper.selectById - <==      Total: 1
2025-12-13 21:54:26.502 [http-nio-8080-exec-2] DEBUG c.z.e.m.m.a.A.findAdminInfoById - ==>  Preparing: select * from admin_admin left join admin_admin_role on admin_admin.admin_id = admin_admin_role.adminId left join admin_role on admin_admin_role.roleId = admin_role.role_id left join admin_role_permission on admin_role.role_id = admin_role.role_id left join admin_permission on admin_role_permission.permissionId = admin_permission.permission_id where admin_admin.admin_id = ? and admin_admin.deleted = 0
2025-12-13 21:54:26.503 [http-nio-8080-exec-2] DEBUG c.z.e.m.m.a.A.findAdminInfoById - ==> Parameters: 1(Integer)
2025-12-13 21:54:26.505 [http-nio-8080-exec-4] DEBUG c.z.e.m.m.a.AdminMapper.selectById - ==>  Preparing: SELECT admin_id,admin_account,admin_username,admin_email,admin_phone,admin_password,admin_image,admin_introduce,admin_state,admin_login_time,deleted FROM admin_admin WHERE admin_id=? AND deleted=0
2025-12-13 21:54:26.505 [http-nio-8080-exec-4] DEBUG c.z.e.m.m.a.AdminMapper.selectById - ==> Parameters: 1(Integer)
2025-12-13 21:54:26.526 [http-nio-8080-exec-5] DEBUG c.z.e.m.m.a.AdminMapper.selectById - ==>  Preparing: SELECT admin_id,admin_account,admin_username,admin_email,admin_phone,admin_password,admin_image,admin_introduce,admin_state,admin_login_time,deleted FROM admin_admin WHERE admin_id=? AND deleted=0
2025-12-13 21:54:26.527 [http-nio-8080-exec-5] DEBUG c.z.e.m.m.a.AdminMapper.selectById - ==> Parameters: 1(Integer)
2025-12-13 21:54:26.539 [http-nio-8080-exec-2] DEBUG c.z.e.m.m.a.A.findAdminInfoById - <==      Total: 1
2025-12-13 21:54:26.540 [http-nio-8080-exec-4] DEBUG c.z.e.m.m.a.AdminMapper.selectById - <==      Total: 1
2025-12-13 21:54:26.542 [http-nio-8080-exec-4] DEBUG c.z.e.m.m.a.A.findAdminInfoById - ==>  Preparing: select * from admin_admin left join admin_admin_role on admin_admin.admin_id = admin_admin_role.adminId left join admin_role on admin_admin_role.roleId = admin_role.role_id left join admin_role_permission on admin_role.role_id = admin_role.role_id left join admin_permission on admin_role_permission.permissionId = admin_permission.permission_id where admin_admin.admin_id = ? and admin_admin.deleted = 0
2025-12-13 21:54:26.543 [http-nio-8080-exec-4] DEBUG c.z.e.m.m.a.A.findAdminInfoById - ==> Parameters: 1(Integer)
2025-12-13 21:54:26.564 [http-nio-8080-exec-5] DEBUG c.z.e.m.m.a.AdminMapper.selectById - <==      Total: 1
2025-12-13 21:54:26.567 [http-nio-8080-exec-5] DEBUG c.z.e.m.m.a.A.findAdminInfoById - ==>  Preparing: select * from admin_admin left join admin_admin_role on admin_admin.admin_id = admin_admin_role.adminId left join admin_role on admin_admin_role.roleId = admin_role.role_id left join admin_role_permission on admin_role.role_id = admin_role.role_id left join admin_permission on admin_role_permission.permissionId = admin_permission.permission_id where admin_admin.admin_id = ? and admin_admin.deleted = 0
2025-12-13 21:54:26.568 [http-nio-8080-exec-5] DEBUG c.z.e.m.m.a.A.findAdminInfoById - ==> Parameters: 1(Integer)
2025-12-13 21:54:26.581 [http-nio-8080-exec-4] DEBUG c.z.e.m.m.a.A.findAdminInfoById - <==      Total: 1
2025-12-13 21:54:26.610 [http-nio-8080-exec-5] DEBUG c.z.e.m.m.a.A.findAdminInfoById - <==      Total: 1
2025-12-13 21:54:26.620 [http-nio-8080-exec-4] DEBUG c.z.e.m.m.a.I.selectList - ==>  Preparing: SELECT industryMap_industryCode,industryMap_industryName,industryMap_createdTime AS createdTime,industryMap_updatedTime AS updatedTime FROM general_industryMap
2025-12-13 21:54:26.621 [http-nio-8080-exec-4] DEBUG c.z.e.m.m.a.I.selectList - ==> Parameters: 
2025-12-13 21:54:26.659 [http-nio-8080-exec-4] DEBUG c.z.e.m.m.a.I.selectList - <==      Total: 2
2025-12-13 21:54:26.667 [http-nio-8080-exec-5] DEBUG c.z.e.m.m.a.E.selectList - ==>  Preparing: SELECT employmentInformation_id,employmentInformation_code,employmentInformation_companyName,employmentInformation_industryCategories,employmentInformation_companyType,employmentInformation_batch,employmentInformation_recruitPosition,employmentInformation_recruitObject,employmentInformation_recruitLocationFirst,employmentInformation_recruitLocationSecond,employmentInformation_recruitLocationDetail,employmentInformation_startTime,employmentInformation_stopTime,employmentInformation_updatedTime,employmentInformation_onlineApplicationStatus,employmentInformation_officialAnnouncement,employmentInformation_submissionWay,employmentInformation_employeeReferralCode,deleted FROM general_employmentInformation WHERE deleted=0 AND (deleted = ?)
2025-12-13 21:54:26.669 [http-nio-8080-exec-5] DEBUG c.z.e.m.m.a.E.selectList - ==> Parameters: 0(Integer)
2025-12-13 21:54:26.669 [http-nio-8080-exec-2] DEBUG c.z.e.m.m.a.R.queryRecruitPositionPage - ==>  Preparing: SELECT rp.recruitPosition_id AS recruitPositionId, rp.recruitPosition_name AS recruitPositionName, rp.recruitPosition_industryCode AS recruitPositionIndustryCode, -- 连表字段：行业名称（从行业映射表查询） gim.industryMap_industryName AS recruitPositionIndustryName, rp.recruitPosition_minMonthSalary AS minMonthSalary, rp.recruitPosition_maxMonthSalary AS maxMonthSalary, rp.recruitPosition_weekWorkDayNum AS weekWorkDayNum, rp.recruitPosition_goodWelfare AS goodWelfare, rp.recruitPosition_createdTime AS createdTime, rp.recruitPosition_updatedTime AS updatedTime FROM general_recruitPosition rp -- 招聘岗位表别名rp -- 连表：通用行业映射表（别名gim），LEFT JOIN避免行业编码无效时丢失岗位数据 LEFT JOIN general_industryMap gim ON rp.recruitPosition_industryCode = gim.industryMap_industryCode ORDER BY rp.recruitPosition_updatedTime DESC
2025-12-13 21:54:26.679 [http-nio-8080-exec-2] DEBUG c.z.e.m.m.a.R.queryRecruitPositionPage - ==> Parameters: 
2025-12-13 21:54:26.706 [http-nio-8080-exec-5] DEBUG c.z.e.m.m.a.E.selectList - <==      Total: 0
2025-12-13 21:54:26.717 [http-nio-8080-exec-2] DEBUG c.z.e.m.m.a.R.queryRecruitPositionPage - <==      Total: 1
2025-12-13 21:54:29.926 [http-nio-8080-exec-3] DEBUG c.z.e.m.m.a.AdminMapper.selectById - ==>  Preparing: SELECT admin_id,admin_account,admin_username,admin_email,admin_phone,admin_password,admin_image,admin_introduce,admin_state,admin_login_time,deleted FROM admin_admin WHERE admin_id=? AND deleted=0
2025-12-13 21:54:29.928 [http-nio-8080-exec-3] DEBUG c.z.e.m.m.a.AdminMapper.selectById - ==> Parameters: 1(Integer)
2025-12-13 21:54:29.967 [http-nio-8080-exec-3] DEBUG c.z.e.m.m.a.AdminMapper.selectById - <==      Total: 1
2025-12-13 21:54:29.968 [http-nio-8080-exec-3] DEBUG c.z.e.m.m.a.A.findAdminInfoById - ==>  Preparing: select * from admin_admin left join admin_admin_role on admin_admin.admin_id = admin_admin_role.adminId left join admin_role on admin_admin_role.roleId = admin_role.role_id left join admin_role_permission on admin_role.role_id = admin_role.role_id left join admin_permission on admin_role_permission.permissionId = admin_permission.permission_id where admin_admin.admin_id = ? and admin_admin.deleted = 0
2025-12-13 21:54:29.969 [http-nio-8080-exec-3] DEBUG c.z.e.m.m.a.A.findAdminInfoById - ==> Parameters: 1(Integer)
2025-12-13 21:54:30.007 [http-nio-8080-exec-3] DEBUG c.z.e.m.m.a.A.findAdminInfoById - <==      Total: 1
2025-12-13 21:54:30.046 [http-nio-8080-exec-3] DEBUG c.z.e.m.m.a.I.selectList - ==>  Preparing: SELECT industryMap_industryCode,industryMap_industryName,industryMap_createdTime AS createdTime,industryMap_updatedTime AS updatedTime FROM general_industryMap
2025-12-13 21:54:30.047 [http-nio-8080-exec-3] DEBUG c.z.e.m.m.a.I.selectList - ==> Parameters: 
2025-12-13 21:54:30.084 [http-nio-8080-exec-3] DEBUG c.z.e.m.m.a.I.selectList - <==      Total: 2
2025-12-13 21:54:30.528 [http-nio-8080-exec-6] DEBUG c.z.e.m.m.a.AdminMapper.selectById - ==>  Preparing: SELECT admin_id,admin_account,admin_username,admin_email,admin_phone,admin_password,admin_image,admin_introduce,admin_state,admin_login_time,deleted FROM admin_admin WHERE admin_id=? AND deleted=0
2025-12-13 21:54:30.528 [http-nio-8080-exec-6] DEBUG c.z.e.m.m.a.AdminMapper.selectById - ==> Parameters: 1(Integer)
2025-12-13 21:54:30.565 [http-nio-8080-exec-6] DEBUG c.z.e.m.m.a.AdminMapper.selectById - <==      Total: 1
2025-12-13 21:54:30.566 [http-nio-8080-exec-6] DEBUG c.z.e.m.m.a.A.findAdminInfoById - ==>  Preparing: select * from admin_admin left join admin_admin_role on admin_admin.admin_id = admin_admin_role.adminId left join admin_role on admin_admin_role.roleId = admin_role.role_id left join admin_role_permission on admin_role.role_id = admin_role.role_id left join admin_permission on admin_role_permission.permissionId = admin_permission.permission_id where admin_admin.admin_id = ? and admin_admin.deleted = 0
2025-12-13 21:54:30.567 [http-nio-8080-exec-6] DEBUG c.z.e.m.m.a.A.findAdminInfoById - ==> Parameters: 1(Integer)
2025-12-13 21:54:30.604 [http-nio-8080-exec-6] DEBUG c.z.e.m.m.a.A.findAdminInfoById - <==      Total: 1
2025-12-13 21:54:30.641 [http-nio-8080-exec-6] DEBUG c.z.e.m.m.a.P.selectList - ==>  Preparing: SELECT provinceMap_pid,provinceMap_pname FROM general_provinceMap
2025-12-13 21:54:30.643 [http-nio-8080-exec-6] DEBUG c.z.e.m.m.a.P.selectList - ==> Parameters: 
2025-12-13 21:54:30.693 [http-nio-8080-exec-6] DEBUG c.z.e.m.m.a.P.selectList - <==      Total: 34
2025-12-13 21:54:30.818 [http-nio-8080-exec-7] DEBUG c.z.e.m.m.a.AdminMapper.selectById - ==>  Preparing: SELECT admin_id,admin_account,admin_username,admin_email,admin_phone,admin_password,admin_image,admin_introduce,admin_state,admin_login_time,deleted FROM admin_admin WHERE admin_id=? AND deleted=0
2025-12-13 21:54:30.819 [http-nio-8080-exec-7] DEBUG c.z.e.m.m.a.AdminMapper.selectById - ==> Parameters: 1(Integer)
2025-12-13 21:54:30.856 [http-nio-8080-exec-7] DEBUG c.z.e.m.m.a.AdminMapper.selectById - <==      Total: 1
2025-12-13 21:54:30.857 [http-nio-8080-exec-7] DEBUG c.z.e.m.m.a.A.findAdminInfoById - ==>  Preparing: select * from admin_admin left join admin_admin_role on admin_admin.admin_id = admin_admin_role.adminId left join admin_role on admin_admin_role.roleId = admin_role.role_id left join admin_role_permission on admin_role.role_id = admin_role.role_id left join admin_permission on admin_role_permission.permissionId = admin_permission.permission_id where admin_admin.admin_id = ? and admin_admin.deleted = 0
2025-12-13 21:54:30.859 [http-nio-8080-exec-7] DEBUG c.z.e.m.m.a.A.findAdminInfoById - ==> Parameters: 1(Integer)
2025-12-13 21:54:30.896 [http-nio-8080-exec-7] DEBUG c.z.e.m.m.a.A.findAdminInfoById - <==      Total: 1
2025-12-13 21:54:30.933 [http-nio-8080-exec-7] DEBUG c.z.e.m.m.a.R.selectList - ==>  Preparing: SELECT recruitPosition_id AS recruitPositionId,recruitPosition_name,recruitPosition_createdTime AS createdTime,recruitPosition_updatedTime AS updatedTime,recruitPosition_industryCode,recruitPosition_minMonthSalary AS minMonthSalary,recruitPosition_maxMonthSalary AS maxMonthSalary,recruitPosition_weekWorkDayNum AS weekWorkDayNum,recruitPosition_goodWelfare AS goodWelfare FROM general_recruitPosition
2025-12-13 21:54:30.935 [http-nio-8080-exec-7] DEBUG c.z.e.m.m.a.R.selectList - ==> Parameters: 
2025-12-13 21:54:30.973 [http-nio-8080-exec-7] DEBUG c.z.e.m.m.a.R.selectList - <==      Total: 1
2025-12-13 21:54:31.405 [http-nio-8080-exec-8] DEBUG c.z.e.m.m.a.AdminMapper.selectById - ==>  Preparing: SELECT admin_id,admin_account,admin_username,admin_email,admin_phone,admin_password,admin_image,admin_introduce,admin_state,admin_login_time,deleted FROM admin_admin WHERE admin_id=? AND deleted=0
2025-12-13 21:54:31.405 [http-nio-8080-exec-8] DEBUG c.z.e.m.m.a.AdminMapper.selectById - ==> Parameters: 1(Integer)
2025-12-13 21:54:31.442 [http-nio-8080-exec-8] DEBUG c.z.e.m.m.a.AdminMapper.selectById - <==      Total: 1
2025-12-13 21:54:31.443 [http-nio-8080-exec-8] DEBUG c.z.e.m.m.a.A.findAdminInfoById - ==>  Preparing: select * from admin_admin left join admin_admin_role on admin_admin.admin_id = admin_admin_role.adminId left join admin_role on admin_admin_role.roleId = admin_role.role_id left join admin_role_permission on admin_role.role_id = admin_role.role_id left join admin_permission on admin_role_permission.permissionId = admin_permission.permission_id where admin_admin.admin_id = ? and admin_admin.deleted = 0
2025-12-13 21:54:31.444 [http-nio-8080-exec-8] DEBUG c.z.e.m.m.a.A.findAdminInfoById - ==> Parameters: 1(Integer)
2025-12-13 21:54:31.481 [http-nio-8080-exec-8] DEBUG c.z.e.m.m.a.A.findAdminInfoById - <==      Total: 1
2025-12-13 21:54:31.524 [http-nio-8080-exec-8] DEBUG c.z.e.m.m.a.E.selectList - ==>  Preparing: SELECT employmentInformation_id,employmentInformation_code,employmentInformation_companyName,employmentInformation_industryCategories,employmentInformation_companyType,employmentInformation_batch,employmentInformation_recruitPosition,employmentInformation_recruitObject,employmentInformation_recruitLocationFirst,employmentInformation_recruitLocationSecond,employmentInformation_recruitLocationDetail,employmentInformation_startTime,employmentInformation_stopTime,employmentInformation_updatedTime,employmentInformation_onlineApplicationStatus,employmentInformation_officialAnnouncement,employmentInformation_submissionWay,employmentInformation_employeeReferralCode,deleted FROM general_employmentInformation WHERE deleted=0 AND (deleted = ?)
2025-12-13 21:54:31.525 [http-nio-8080-exec-8] DEBUG c.z.e.m.m.a.E.selectList - ==> Parameters: 0(Integer)
2025-12-13 21:54:31.561 [http-nio-8080-exec-8] DEBUG c.z.e.m.m.a.E.selectList - <==      Total: 0
2025-12-13 22:28:28.335 [http-nio-8080-exec-9] ERROR c.z.e.filter.AdminJwtAuthFilter - 管理端 Token 验证失败: Redis command timed out
2025-12-13 22:28:28.502 [HikariPool-1 housekeeper] WARN  com.zaxxer.hikari.pool.HikariPool - HikariPool-1 - Thread starvation or clock leap detected (housekeeper delta=22m14s471ms970µs200ns).
2025-12-13 22:28:31.387 [http-nio-8080-exec-10] ERROR c.z.e.filter.AdminJwtAuthFilter - 管理端 Token 验证失败: Redis command timed out
2025-12-13 22:28:31.667 [http-nio-8080-exec-1] ERROR c.z.e.filter.AdminJwtAuthFilter - 管理端 Token 验证失败: Redis command timed out
2025-12-13 22:28:31.679 [http-nio-8080-exec-4] ERROR c.z.e.filter.AdminJwtAuthFilter - 管理端 Token 验证失败: Redis command timed out
2025-12-13 22:28:34.538 [HikariPool-2 housekeeper] WARN  com.zaxxer.hikari.pool.HikariPool - HikariPool-2 - Thread starvation or clock leap detected (housekeeper delta=22m14s472ms41µs301ns).
2025-12-13 22:28:34.742 [http-nio-8080-exec-5] ERROR c.z.e.filter.AdminJwtAuthFilter - 管理端 Token 验证失败: Redis command timed out
2025-12-13 22:28:38.087 [http-nio-8080-exec-2] ERROR c.z.e.filter.AdminJwtAuthFilter - 管理端 Token 验证失败: Redis command timed out
2025-12-13 22:28:38.995 [http-nio-8080-exec-3] ERROR c.z.e.filter.AdminJwtAuthFilter - 管理端 Token 验证失败: Redis command timed out
2025-12-13 22:28:44.722 [lettuce-eventExecutorLoop-1-2] INFO  i.l.core.protocol.ConnectionWatchdog - Reconnecting, last destination was /117.50.184.138:37211
2025-12-13 22:28:44.919 [lettuce-nioEventLoop-6-2] INFO  i.l.c.protocol.ReconnectionHandler - Reconnected to 117.50.184.138/<unresolved>:37211
2025-12-13 22:28:44.989 [http-nio-8080-exec-6] DEBUG c.z.e.m.m.a.AdminMapper.selectById - ==>  Preparing: SELECT admin_id,admin_account,admin_username,admin_email,admin_phone,admin_password,admin_image,admin_introduce,admin_state,admin_login_time,deleted FROM admin_admin WHERE admin_id=? AND deleted=0
2025-12-13 22:28:44.989 [http-nio-8080-exec-6] DEBUG c.z.e.m.m.a.AdminMapper.selectById - ==> Parameters: 1(Integer)
2025-12-13 22:28:45.027 [http-nio-8080-exec-6] DEBUG c.z.e.m.m.a.AdminMapper.selectById - <==      Total: 1
2025-12-13 22:28:45.027 [http-nio-8080-exec-6] DEBUG c.z.e.m.m.a.A.findAdminInfoById - ==>  Preparing: select * from admin_admin left join admin_admin_role on admin_admin.admin_id = admin_admin_role.adminId left join admin_role on admin_admin_role.roleId = admin_role.role_id left join admin_role_permission on admin_role.role_id = admin_role.role_id left join admin_permission on admin_role_permission.permissionId = admin_permission.permission_id where admin_admin.admin_id = ? and admin_admin.deleted = 0
2025-12-13 22:28:45.028 [http-nio-8080-exec-6] DEBUG c.z.e.m.m.a.A.findAdminInfoById - ==> Parameters: 1(Integer)
2025-12-13 22:28:45.066 [http-nio-8080-exec-6] DEBUG c.z.e.m.m.a.A.findAdminInfoById - <==      Total: 1
2025-12-13 22:28:45.119 [http-nio-8080-exec-6] DEBUG c.z.e.m.m.a.J.selectList - ==>  Preparing: SELECT jobAdviceArticle_id,jobAdviceArticle_title,jobAdviceArticle_content,jobAdviceArticle_category,jobAdviceArticle_tags,jobAdviceArticle_authorName,jobAdviceArticle_publishedStatus,jobAdviceArticle_publishedTime,jobAdviceArticle_updatedTime,deleted FROM general_jobAdviceArticle WHERE deleted=0 AND (deleted = ?)
2025-12-13 22:28:45.119 [http-nio-8080-exec-6] DEBUG c.z.e.m.m.a.J.selectList - ==> Parameters: 0(Integer)
2025-12-13 22:28:45.168 [http-nio-8080-exec-6] DEBUG c.z.e.m.m.a.J.selectList - <==      Total: 1
2025-12-13 22:28:47.541 [http-nio-8080-exec-7] DEBUG c.z.e.m.m.a.AdminMapper.selectById - ==>  Preparing: SELECT admin_id,admin_account,admin_username,admin_email,admin_phone,admin_password,admin_image,admin_introduce,admin_state,admin_login_time,deleted FROM admin_admin WHERE admin_id=? AND deleted=0
2025-12-13 22:28:47.542 [http-nio-8080-exec-7] DEBUG c.z.e.m.m.a.AdminMapper.selectById - ==> Parameters: 1(Integer)
2025-12-13 22:28:47.647 [http-nio-8080-exec-7] DEBUG c.z.e.m.m.a.AdminMapper.selectById - <==      Total: 1
2025-12-13 22:28:47.648 [http-nio-8080-exec-7] DEBUG c.z.e.m.m.a.A.findAdminInfoById - ==>  Preparing: select * from admin_admin left join admin_admin_role on admin_admin.admin_id = admin_admin_role.adminId left join admin_role on admin_admin_role.roleId = admin_role.role_id left join admin_role_permission on admin_role.role_id = admin_role.role_id left join admin_permission on admin_role_permission.permissionId = admin_permission.permission_id where admin_admin.admin_id = ? and admin_admin.deleted = 0
2025-12-13 22:28:47.649 [http-nio-8080-exec-7] DEBUG c.z.e.m.m.a.A.findAdminInfoById - ==> Parameters: 1(Integer)
2025-12-13 22:28:47.749 [http-nio-8080-exec-7] DEBUG c.z.e.m.m.a.A.findAdminInfoById - <==      Total: 1
2025-12-13 22:28:47.850 [http-nio-8080-exec-7] DEBUG c.z.e.m.m.a.I.selectList - ==>  Preparing: SELECT industryMap_industryCode,industryMap_industryName,industryMap_createdTime AS createdTime,industryMap_updatedTime AS updatedTime FROM general_industryMap
2025-12-13 22:28:47.851 [http-nio-8080-exec-7] DEBUG c.z.e.m.m.a.I.selectList - ==> Parameters: 
2025-12-13 22:28:47.889 [http-nio-8080-exec-7] DEBUG c.z.e.m.m.a.I.selectList - <==      Total: 2
2025-12-13 22:28:48.117 [http-nio-8080-exec-8] DEBUG c.z.e.m.m.a.AdminMapper.selectById - ==>  Preparing: SELECT admin_id,admin_account,admin_username,admin_email,admin_phone,admin_password,admin_image,admin_introduce,admin_state,admin_login_time,deleted FROM admin_admin WHERE admin_id=? AND deleted=0
2025-12-13 22:28:48.118 [http-nio-8080-exec-8] DEBUG c.z.e.m.m.a.AdminMapper.selectById - ==> Parameters: 1(Integer)
2025-12-13 22:28:48.171 [http-nio-8080-exec-8] DEBUG c.z.e.m.m.a.AdminMapper.selectById - <==      Total: 1
2025-12-13 22:28:48.171 [http-nio-8080-exec-8] DEBUG c.z.e.m.m.a.A.findAdminInfoById - ==>  Preparing: select * from admin_admin left join admin_admin_role on admin_admin.admin_id = admin_admin_role.adminId left join admin_role on admin_admin_role.roleId = admin_role.role_id left join admin_role_permission on admin_role.role_id = admin_role.role_id left join admin_permission on admin_role_permission.permissionId = admin_permission.permission_id where admin_admin.admin_id = ? and admin_admin.deleted = 0
2025-12-13 22:28:48.173 [http-nio-8080-exec-8] DEBUG c.z.e.m.m.a.A.findAdminInfoById - ==> Parameters: 1(Integer)
2025-12-13 22:28:48.363 [http-nio-8080-exec-8] DEBUG c.z.e.m.m.a.A.findAdminInfoById - <==      Total: 1
2025-12-13 22:28:48.465 [http-nio-8080-exec-8] DEBUG c.z.e.m.m.a.P.selectList - ==>  Preparing: SELECT provinceMap_pid,provinceMap_pname FROM general_provinceMap
2025-12-13 22:28:48.466 [http-nio-8080-exec-8] DEBUG c.z.e.m.m.a.P.selectList - ==> Parameters: 
2025-12-13 22:28:48.609 [http-nio-8080-exec-8] DEBUG c.z.e.m.m.a.P.selectList - <==      Total: 34
2025-12-13 22:28:48.874 [http-nio-8080-exec-9] DEBUG c.z.e.m.m.a.AdminMapper.selectById - ==>  Preparing: SELECT admin_id,admin_account,admin_username,admin_email,admin_phone,admin_password,admin_image,admin_introduce,admin_state,admin_login_time,deleted FROM admin_admin WHERE admin_id=? AND deleted=0
2025-12-13 22:28:48.875 [http-nio-8080-exec-9] DEBUG c.z.e.m.m.a.AdminMapper.selectById - ==> Parameters: 1(Integer)
2025-12-13 22:28:48.920 [http-nio-8080-exec-9] DEBUG c.z.e.m.m.a.AdminMapper.selectById - <==      Total: 1
2025-12-13 22:28:48.921 [http-nio-8080-exec-9] DEBUG c.z.e.m.m.a.A.findAdminInfoById - ==>  Preparing: select * from admin_admin left join admin_admin_role on admin_admin.admin_id = admin_admin_role.adminId left join admin_role on admin_admin_role.roleId = admin_role.role_id left join admin_role_permission on admin_role.role_id = admin_role.role_id left join admin_permission on admin_role_permission.permissionId = admin_permission.permission_id where admin_admin.admin_id = ? and admin_admin.deleted = 0
2025-12-13 22:28:48.922 [http-nio-8080-exec-9] DEBUG c.z.e.m.m.a.A.findAdminInfoById - ==> Parameters: 1(Integer)
2025-12-13 22:28:48.977 [http-nio-8080-exec-9] DEBUG c.z.e.m.m.a.A.findAdminInfoById - <==      Total: 1
2025-12-13 22:28:49.080 [http-nio-8080-exec-9] DEBUG c.z.e.m.m.a.R.selectList - ==>  Preparing: SELECT recruitPosition_id AS recruitPositionId,recruitPosition_name,recruitPosition_createdTime AS createdTime,recruitPosition_updatedTime AS updatedTime,recruitPosition_industryCode,recruitPosition_minMonthSalary AS minMonthSalary,recruitPosition_maxMonthSalary AS maxMonthSalary,recruitPosition_weekWorkDayNum AS weekWorkDayNum,recruitPosition_goodWelfare AS goodWelfare FROM general_recruitPosition
2025-12-13 22:28:49.081 [http-nio-8080-exec-9] DEBUG c.z.e.m.m.a.R.selectList - ==> Parameters: 
2025-12-13 22:28:49.181 [http-nio-8080-exec-9] DEBUG c.z.e.m.m.a.R.selectList - <==      Total: 1
2025-12-13 22:28:49.315 [http-nio-8080-exec-10] DEBUG c.z.e.m.m.a.AdminMapper.selectById - ==>  Preparing: SELECT admin_id,admin_account,admin_username,admin_email,admin_phone,admin_password,admin_image,admin_introduce,admin_state,admin_login_time,deleted FROM admin_admin WHERE admin_id=? AND deleted=0
2025-12-13 22:28:49.319 [http-nio-8080-exec-10] DEBUG c.z.e.m.m.a.AdminMapper.selectById - ==> Parameters: 1(Integer)
2025-12-13 22:28:49.373 [http-nio-8080-exec-1] DEBUG c.z.e.m.m.a.AdminMapper.selectById - ==>  Preparing: SELECT admin_id,admin_account,admin_username,admin_email,admin_phone,admin_password,admin_image,admin_introduce,admin_state,admin_login_time,deleted FROM admin_admin WHERE admin_id=? AND deleted=0
2025-12-13 22:28:49.374 [http-nio-8080-exec-1] DEBUG c.z.e.m.m.a.AdminMapper.selectById - ==> Parameters: 1(Integer)
2025-12-13 22:28:49.374 [http-nio-8080-exec-10] DEBUG c.z.e.m.m.a.AdminMapper.selectById - <==      Total: 1
2025-12-13 22:28:49.375 [http-nio-8080-exec-10] DEBUG c.z.e.m.m.a.A.findAdminInfoById - ==>  Preparing: select * from admin_admin left join admin_admin_role on admin_admin.admin_id = admin_admin_role.adminId left join admin_role on admin_admin_role.roleId = admin_role.role_id left join admin_role_permission on admin_role.role_id = admin_role.role_id left join admin_permission on admin_role_permission.permissionId = admin_permission.permission_id where admin_admin.admin_id = ? and admin_admin.deleted = 0
2025-12-13 22:28:49.376 [http-nio-8080-exec-10] DEBUG c.z.e.m.m.a.A.findAdminInfoById - ==> Parameters: 1(Integer)
2025-12-13 22:28:49.491 [http-nio-8080-exec-1] DEBUG c.z.e.m.m.a.AdminMapper.selectById - <==      Total: 1
2025-12-13 22:28:49.492 [http-nio-8080-exec-1] DEBUG c.z.e.m.m.a.A.findAdminInfoById - ==>  Preparing: select * from admin_admin left join admin_admin_role on admin_admin.admin_id = admin_admin_role.adminId left join admin_role on admin_admin_role.roleId = admin_role.role_id left join admin_role_permission on admin_role.role_id = admin_role.role_id left join admin_permission on admin_role_permission.permissionId = admin_permission.permission_id where admin_admin.admin_id = ? and admin_admin.deleted = 0
2025-12-13 22:28:49.492 [http-nio-8080-exec-1] DEBUG c.z.e.m.m.a.A.findAdminInfoById - ==> Parameters: 1(Integer)
2025-12-13 22:28:49.493 [http-nio-8080-exec-10] DEBUG c.z.e.m.m.a.A.findAdminInfoById - <==      Total: 1
2025-12-13 22:28:49.535 [http-nio-8080-exec-1] DEBUG c.z.e.m.m.a.A.findAdminInfoById - <==      Total: 1
2025-12-13 22:28:49.591 [http-nio-8080-exec-1] DEBUG c.z.e.m.m.a.I.selectList - ==>  Preparing: SELECT industryMap_industryCode,industryMap_industryName,industryMap_createdTime AS createdTime,industryMap_updatedTime AS updatedTime FROM general_industryMap
2025-12-13 22:28:49.591 [http-nio-8080-exec-10] DEBUG c.z.e.m.m.a.R.queryRecruitPositionPage - ==>  Preparing: SELECT rp.recruitPosition_id AS recruitPositionId, rp.recruitPosition_name AS recruitPositionName, rp.recruitPosition_industryCode AS recruitPositionIndustryCode, -- 连表字段：行业名称（从行业映射表查询） gim.industryMap_industryName AS recruitPositionIndustryName, rp.recruitPosition_minMonthSalary AS minMonthSalary, rp.recruitPosition_maxMonthSalary AS maxMonthSalary, rp.recruitPosition_weekWorkDayNum AS weekWorkDayNum, rp.recruitPosition_goodWelfare AS goodWelfare, rp.recruitPosition_createdTime AS createdTime, rp.recruitPosition_updatedTime AS updatedTime FROM general_recruitPosition rp -- 招聘岗位表别名rp -- 连表：通用行业映射表（别名gim），LEFT JOIN避免行业编码无效时丢失岗位数据 LEFT JOIN general_industryMap gim ON rp.recruitPosition_industryCode = gim.industryMap_industryCode ORDER BY rp.recruitPosition_updatedTime DESC
2025-12-13 22:28:49.591 [http-nio-8080-exec-1] DEBUG c.z.e.m.m.a.I.selectList - ==> Parameters: 
2025-12-13 22:28:49.592 [http-nio-8080-exec-10] DEBUG c.z.e.m.m.a.R.queryRecruitPositionPage - ==> Parameters: 
2025-12-13 22:28:49.628 [http-nio-8080-exec-1] DEBUG c.z.e.m.m.a.I.selectList - <==      Total: 2
2025-12-13 22:28:49.632 [http-nio-8080-exec-10] DEBUG c.z.e.m.m.a.R.queryRecruitPositionPage - <==      Total: 1
2025-12-13 22:28:49.801 [http-nio-8080-exec-4] DEBUG c.z.e.m.m.a.AdminMapper.selectById - ==>  Preparing: SELECT admin_id,admin_account,admin_username,admin_email,admin_phone,admin_password,admin_image,admin_introduce,admin_state,admin_login_time,deleted FROM admin_admin WHERE admin_id=? AND deleted=0
2025-12-13 22:28:49.802 [http-nio-8080-exec-4] DEBUG c.z.e.m.m.a.AdminMapper.selectById - ==> Parameters: 1(Integer)
2025-12-13 22:28:49.861 [http-nio-8080-exec-4] DEBUG c.z.e.m.m.a.AdminMapper.selectById - <==      Total: 1
2025-12-13 22:28:49.862 [http-nio-8080-exec-4] DEBUG c.z.e.m.m.a.A.findAdminInfoById - ==>  Preparing: select * from admin_admin left join admin_admin_role on admin_admin.admin_id = admin_admin_role.adminId left join admin_role on admin_admin_role.roleId = admin_role.role_id left join admin_role_permission on admin_role.role_id = admin_role.role_id left join admin_permission on admin_role_permission.permissionId = admin_permission.permission_id where admin_admin.admin_id = ? and admin_admin.deleted = 0
2025-12-13 22:28:49.862 [http-nio-8080-exec-4] DEBUG c.z.e.m.m.a.A.findAdminInfoById - ==> Parameters: 1(Integer)
2025-12-13 22:28:49.967 [http-nio-8080-exec-4] DEBUG c.z.e.m.m.a.A.findAdminInfoById - <==      Total: 1
2025-12-13 22:28:50.006 [http-nio-8080-exec-4] DEBUG c.z.e.m.m.a.E.selectList - ==>  Preparing: SELECT employmentInformation_id,employmentInformation_code,employmentInformation_companyName,employmentInformation_industryCategories,employmentInformation_companyType,employmentInformation_batch,employmentInformation_recruitPosition,employmentInformation_recruitObject,employmentInformation_recruitLocationFirst,employmentInformation_recruitLocationSecond,employmentInformation_recruitLocationDetail,employmentInformation_startTime,employmentInformation_stopTime,employmentInformation_updatedTime,employmentInformation_onlineApplicationStatus,employmentInformation_officialAnnouncement,employmentInformation_submissionWay,employmentInformation_employeeReferralCode,deleted FROM general_employmentInformation WHERE deleted=0 AND (deleted = ?)
2025-12-13 22:28:50.006 [http-nio-8080-exec-4] DEBUG c.z.e.m.m.a.E.selectList - ==> Parameters: 0(Integer)
2025-12-13 22:28:50.258 [http-nio-8080-exec-4] DEBUG c.z.e.m.m.a.E.selectList - <==      Total: 0
2025-12-13 22:29:00.406 [http-nio-8080-exec-5] DEBUG c.z.e.m.m.a.AdminMapper.selectById - ==>  Preparing: SELECT admin_id,admin_account,admin_username,admin_email,admin_phone,admin_password,admin_image,admin_introduce,admin_state,admin_login_time,deleted FROM admin_admin WHERE admin_id=? AND deleted=0
2025-12-13 22:29:00.406 [http-nio-8080-exec-5] DEBUG c.z.e.m.m.a.AdminMapper.selectById - ==> Parameters: 1(Integer)
2025-12-13 22:29:00.442 [http-nio-8080-exec-5] DEBUG c.z.e.m.m.a.AdminMapper.selectById - <==      Total: 1
2025-12-13 22:29:00.443 [http-nio-8080-exec-5] DEBUG c.z.e.m.m.a.A.findAdminInfoById - ==>  Preparing: select * from admin_admin left join admin_admin_role on admin_admin.admin_id = admin_admin_role.adminId left join admin_role on admin_admin_role.roleId = admin_role.role_id left join admin_role_permission on admin_role.role_id = admin_role.role_id left join admin_permission on admin_role_permission.permissionId = admin_permission.permission_id where admin_admin.admin_id = ? and admin_admin.deleted = 0
2025-12-13 22:29:00.444 [http-nio-8080-exec-5] DEBUG c.z.e.m.m.a.A.findAdminInfoById - ==> Parameters: 1(Integer)
2025-12-13 22:29:00.482 [http-nio-8080-exec-5] DEBUG c.z.e.m.m.a.A.findAdminInfoById - <==      Total: 1
2025-12-13 22:29:00.549 [http-nio-8080-exec-5] DEBUG c.z.e.m.m.a.I.selectList - ==>  Preparing: SELECT industryMap_industryCode,industryMap_industryName,industryMap_createdTime AS createdTime,industryMap_updatedTime AS updatedTime FROM general_industryMap
2025-12-13 22:29:00.550 [http-nio-8080-exec-5] DEBUG c.z.e.m.m.a.I.selectList - ==> Parameters: 
2025-12-13 22:29:00.650 [http-nio-8080-exec-5] DEBUG c.z.e.m.m.a.I.selectList - <==      Total: 2
2025-12-13 22:29:00.862 [http-nio-8080-exec-2] DEBUG c.z.e.m.m.a.AdminMapper.selectById - ==>  Preparing: SELECT admin_id,admin_account,admin_username,admin_email,admin_phone,admin_password,admin_image,admin_introduce,admin_state,admin_login_time,deleted FROM admin_admin WHERE admin_id=? AND deleted=0
2025-12-13 22:29:00.863 [http-nio-8080-exec-2] DEBUG c.z.e.m.m.a.AdminMapper.selectById - ==> Parameters: 1(Integer)
2025-12-13 22:29:00.921 [http-nio-8080-exec-2] DEBUG c.z.e.m.m.a.AdminMapper.selectById - <==      Total: 1
2025-12-13 22:29:00.921 [http-nio-8080-exec-2] DEBUG c.z.e.m.m.a.A.findAdminInfoById - ==>  Preparing: select * from admin_admin left join admin_admin_role on admin_admin.admin_id = admin_admin_role.adminId left join admin_role on admin_admin_role.roleId = admin_role.role_id left join admin_role_permission on admin_role.role_id = admin_role.role_id left join admin_permission on admin_role_permission.permissionId = admin_permission.permission_id where admin_admin.admin_id = ? and admin_admin.deleted = 0
2025-12-13 22:29:00.922 [http-nio-8080-exec-2] DEBUG c.z.e.m.m.a.A.findAdminInfoById - ==> Parameters: 1(Integer)
2025-12-13 22:29:00.959 [http-nio-8080-exec-2] DEBUG c.z.e.m.m.a.A.findAdminInfoById - <==      Total: 1
2025-12-13 22:29:01.060 [http-nio-8080-exec-2] DEBUG c.z.e.m.m.a.P.selectList - ==>  Preparing: SELECT provinceMap_pid,provinceMap_pname FROM general_provinceMap
2025-12-13 22:29:01.060 [http-nio-8080-exec-2] DEBUG c.z.e.m.m.a.P.selectList - ==> Parameters: 
2025-12-13 22:29:01.163 [http-nio-8080-exec-2] DEBUG c.z.e.m.m.a.P.selectList - <==      Total: 34
2025-12-13 22:29:01.777 [http-nio-8080-exec-3] DEBUG c.z.e.m.m.a.AdminMapper.selectById - ==>  Preparing: SELECT admin_id,admin_account,admin_username,admin_email,admin_phone,admin_password,admin_image,admin_introduce,admin_state,admin_login_time,deleted FROM admin_admin WHERE admin_id=? AND deleted=0
2025-12-13 22:29:01.778 [http-nio-8080-exec-3] DEBUG c.z.e.m.m.a.AdminMapper.selectById - ==> Parameters: 1(Integer)
2025-12-13 22:29:01.815 [http-nio-8080-exec-3] DEBUG c.z.e.m.m.a.AdminMapper.selectById - <==      Total: 1
2025-12-13 22:29:01.816 [http-nio-8080-exec-3] DEBUG c.z.e.m.m.a.A.findAdminInfoById - ==>  Preparing: select * from admin_admin left join admin_admin_role on admin_admin.admin_id = admin_admin_role.adminId left join admin_role on admin_admin_role.roleId = admin_role.role_id left join admin_role_permission on admin_role.role_id = admin_role.role_id left join admin_permission on admin_role_permission.permissionId = admin_permission.permission_id where admin_admin.admin_id = ? and admin_admin.deleted = 0
2025-12-13 22:29:01.817 [http-nio-8080-exec-3] DEBUG c.z.e.m.m.a.A.findAdminInfoById - ==> Parameters: 1(Integer)
2025-12-13 22:29:01.879 [http-nio-8080-exec-3] DEBUG c.z.e.m.m.a.A.findAdminInfoById - <==      Total: 1
2025-12-13 22:29:01.935 [http-nio-8080-exec-3] DEBUG c.z.e.m.m.a.R.selectList - ==>  Preparing: SELECT recruitPosition_id AS recruitPositionId,recruitPosition_name,recruitPosition_createdTime AS createdTime,recruitPosition_updatedTime AS updatedTime,recruitPosition_industryCode,recruitPosition_minMonthSalary AS minMonthSalary,recruitPosition_maxMonthSalary AS maxMonthSalary,recruitPosition_weekWorkDayNum AS weekWorkDayNum,recruitPosition_goodWelfare AS goodWelfare FROM general_recruitPosition
2025-12-13 22:29:01.936 [http-nio-8080-exec-3] DEBUG c.z.e.m.m.a.R.selectList - ==> Parameters: 
2025-12-13 22:29:01.981 [http-nio-8080-exec-3] DEBUG c.z.e.m.m.a.R.selectList - <==      Total: 1
2025-12-13 22:29:02.241 [http-nio-8080-exec-6] DEBUG c.z.e.m.m.a.AdminMapper.selectById - ==>  Preparing: SELECT admin_id,admin_account,admin_username,admin_email,admin_phone,admin_password,admin_image,admin_introduce,admin_state,admin_login_time,deleted FROM admin_admin WHERE admin_id=? AND deleted=0
2025-12-13 22:29:02.242 [http-nio-8080-exec-6] DEBUG c.z.e.m.m.a.AdminMapper.selectById - ==> Parameters: 1(Integer)
2025-12-13 22:29:02.289 [http-nio-8080-exec-6] DEBUG c.z.e.m.m.a.AdminMapper.selectById - <==      Total: 1
2025-12-13 22:29:02.289 [http-nio-8080-exec-6] DEBUG c.z.e.m.m.a.A.findAdminInfoById - ==>  Preparing: select * from admin_admin left join admin_admin_role on admin_admin.admin_id = admin_admin_role.adminId left join admin_role on admin_admin_role.roleId = admin_role.role_id left join admin_role_permission on admin_role.role_id = admin_role.role_id left join admin_permission on admin_role_permission.permissionId = admin_permission.permission_id where admin_admin.admin_id = ? and admin_admin.deleted = 0
2025-12-13 22:29:02.291 [http-nio-8080-exec-6] DEBUG c.z.e.m.m.a.A.findAdminInfoById - ==> Parameters: 1(Integer)
2025-12-13 22:29:02.350 [http-nio-8080-exec-6] DEBUG c.z.e.m.m.a.A.findAdminInfoById - <==      Total: 1
2025-12-13 22:29:02.393 [http-nio-8080-exec-6] DEBUG c.z.e.m.m.a.E.selectList - ==>  Preparing: SELECT employmentInformation_id,employmentInformation_code,employmentInformation_companyName,employmentInformation_industryCategories,employmentInformation_companyType,employmentInformation_batch,employmentInformation_recruitPosition,employmentInformation_recruitObject,employmentInformation_recruitLocationFirst,employmentInformation_recruitLocationSecond,employmentInformation_recruitLocationDetail,employmentInformation_startTime,employmentInformation_stopTime,employmentInformation_updatedTime,employmentInformation_onlineApplicationStatus,employmentInformation_officialAnnouncement,employmentInformation_submissionWay,employmentInformation_employeeReferralCode,deleted FROM general_employmentInformation WHERE deleted=0 AND (deleted = ?)
2025-12-13 22:29:02.393 [http-nio-8080-exec-6] DEBUG c.z.e.m.m.a.E.selectList - ==> Parameters: 0(Integer)
2025-12-13 22:29:02.499 [http-nio-8080-exec-6] DEBUG c.z.e.m.m.a.E.selectList - <==      Total: 0
2025-12-13 22:29:07.203 [http-nio-8080-exec-7] DEBUG c.z.e.m.m.a.AdminMapper.selectById - ==>  Preparing: SELECT admin_id,admin_account,admin_username,admin_email,admin_phone,admin_password,admin_image,admin_introduce,admin_state,admin_login_time,deleted FROM admin_admin WHERE admin_id=? AND deleted=0
2025-12-13 22:29:07.204 [http-nio-8080-exec-7] DEBUG c.z.e.m.m.a.AdminMapper.selectById - ==> Parameters: 1(Integer)
2025-12-13 22:29:07.270 [http-nio-8080-exec-7] DEBUG c.z.e.m.m.a.AdminMapper.selectById - <==      Total: 1
2025-12-13 22:29:07.271 [http-nio-8080-exec-7] DEBUG c.z.e.m.m.a.A.findAdminInfoById - ==>  Preparing: select * from admin_admin left join admin_admin_role on admin_admin.admin_id = admin_admin_role.adminId left join admin_role on admin_admin_role.roleId = admin_role.role_id left join admin_role_permission on admin_role.role_id = admin_role.role_id left join admin_permission on admin_role_permission.permissionId = admin_permission.permission_id where admin_admin.admin_id = ? and admin_admin.deleted = 0
2025-12-13 22:29:07.272 [http-nio-8080-exec-7] DEBUG c.z.e.m.m.a.A.findAdminInfoById - ==> Parameters: 1(Integer)
2025-12-13 22:29:07.409 [http-nio-8080-exec-7] DEBUG c.z.e.m.m.a.A.findAdminInfoById - <==      Total: 1
2025-12-13 22:29:07.523 [http-nio-8080-exec-7] DEBUG c.z.e.m.m.a.I.selectList - ==>  Preparing: SELECT industryMap_industryCode,industryMap_industryName,industryMap_createdTime AS createdTime,industryMap_updatedTime AS updatedTime FROM general_industryMap
2025-12-13 22:29:07.530 [http-nio-8080-exec-7] DEBUG c.z.e.m.m.a.I.selectList - ==> Parameters: 
2025-12-13 22:29:07.614 [http-nio-8080-exec-7] DEBUG c.z.e.m.m.a.I.selectList - <==      Total: 2
2025-12-13 22:29:10.256 [http-nio-8080-exec-8] DEBUG c.z.e.m.m.a.AdminMapper.selectById - ==>  Preparing: SELECT admin_id,admin_account,admin_username,admin_email,admin_phone,admin_password,admin_image,admin_introduce,admin_state,admin_login_time,deleted FROM admin_admin WHERE admin_id=? AND deleted=0
2025-12-13 22:29:10.256 [http-nio-8080-exec-8] DEBUG c.z.e.m.m.a.AdminMapper.selectById - ==> Parameters: 1(Integer)
2025-12-13 22:29:10.371 [http-nio-8080-exec-8] DEBUG c.z.e.m.m.a.AdminMapper.selectById - <==      Total: 1
2025-12-13 22:29:10.372 [http-nio-8080-exec-8] DEBUG c.z.e.m.m.a.A.findAdminInfoById - ==>  Preparing: select * from admin_admin left join admin_admin_role on admin_admin.admin_id = admin_admin_role.adminId left join admin_role on admin_admin_role.roleId = admin_role.role_id left join admin_role_permission on admin_role.role_id = admin_role.role_id left join admin_permission on admin_role_permission.permissionId = admin_permission.permission_id where admin_admin.admin_id = ? and admin_admin.deleted = 0
2025-12-13 22:29:10.373 [http-nio-8080-exec-8] DEBUG c.z.e.m.m.a.A.findAdminInfoById - ==> Parameters: 1(Integer)
2025-12-13 22:29:10.411 [http-nio-8080-exec-8] DEBUG c.z.e.m.m.a.A.findAdminInfoById - <==      Total: 1
2025-12-13 22:29:10.480 [http-nio-8080-exec-8] DEBUG c.z.e.m.m.a.I.selectList - ==>  Preparing: SELECT industryMap_industryCode,industryMap_industryName,industryMap_createdTime AS createdTime,industryMap_updatedTime AS updatedTime FROM general_industryMap
2025-12-13 22:29:10.480 [http-nio-8080-exec-8] DEBUG c.z.e.m.m.a.I.selectList - ==> Parameters: 
2025-12-13 22:29:10.585 [http-nio-8080-exec-8] DEBUG c.z.e.m.m.a.I.selectList - <==      Total: 2
2025-12-13 22:29:11.053 [http-nio-8080-exec-9] DEBUG c.z.e.m.m.a.AdminMapper.selectById - ==>  Preparing: SELECT admin_id,admin_account,admin_username,admin_email,admin_phone,admin_password,admin_image,admin_introduce,admin_state,admin_login_time,deleted FROM admin_admin WHERE admin_id=? AND deleted=0
2025-12-13 22:29:11.054 [http-nio-8080-exec-9] DEBUG c.z.e.m.m.a.AdminMapper.selectById - ==> Parameters: 1(Integer)
2025-12-13 22:29:11.114 [http-nio-8080-exec-9] DEBUG c.z.e.m.m.a.AdminMapper.selectById - <==      Total: 1
2025-12-13 22:29:11.116 [http-nio-8080-exec-9] DEBUG c.z.e.m.m.a.A.findAdminInfoById - ==>  Preparing: select * from admin_admin left join admin_admin_role on admin_admin.admin_id = admin_admin_role.adminId left join admin_role on admin_admin_role.roleId = admin_role.role_id left join admin_role_permission on admin_role.role_id = admin_role.role_id left join admin_permission on admin_role_permission.permissionId = admin_permission.permission_id where admin_admin.admin_id = ? and admin_admin.deleted = 0
2025-12-13 22:29:11.116 [http-nio-8080-exec-9] DEBUG c.z.e.m.m.a.A.findAdminInfoById - ==> Parameters: 1(Integer)
2025-12-13 22:29:11.197 [http-nio-8080-exec-9] DEBUG c.z.e.m.m.a.A.findAdminInfoById - <==      Total: 1
2025-12-13 22:29:11.272 [http-nio-8080-exec-9] DEBUG c.z.e.m.m.a.R.selectList - ==>  Preparing: SELECT resumeTemplate_id,resumeTemplate_name,resumeTemplate_reactCode,resumeTemplate_industry,resumeTemplate_isActive,resumeTemplate_createdTime,resumeTemplate_updatedTime,deleted FROM general_resumeTemplate WHERE deleted=0 AND (deleted = ?)
2025-12-13 22:29:11.272 [http-nio-8080-exec-9] DEBUG c.z.e.m.m.a.R.selectList - ==> Parameters: 0(Integer)
2025-12-13 22:35:31.169 [http-nio-8080-exec-1] DEBUG c.z.e.m.m.a.AdminMapper.selectById - ==>  Preparing: SELECT admin_id,admin_account,admin_username,admin_email,admin_phone,admin_password,admin_image,admin_introduce,admin_state,admin_login_time,deleted FROM admin_admin WHERE admin_id=? AND deleted=0
2025-12-13 22:35:31.170 [http-nio-8080-exec-1] DEBUG c.z.e.m.m.a.AdminMapper.selectById - ==> Parameters: 1(Integer)
2025-12-13 22:35:31.209 [http-nio-8080-exec-1] DEBUG c.z.e.m.m.a.AdminMapper.selectById - <==      Total: 1
2025-12-13 22:35:31.209 [http-nio-8080-exec-1] DEBUG c.z.e.m.m.a.A.findAdminInfoById - ==>  Preparing: select * from admin_admin left join admin_admin_role on admin_admin.admin_id = admin_admin_role.adminId left join admin_role on admin_admin_role.roleId = admin_role.role_id left join admin_role_permission on admin_role.role_id = admin_role.role_id left join admin_permission on admin_role_permission.permissionId = admin_permission.permission_id where admin_admin.admin_id = ? and admin_admin.deleted = 0
2025-12-13 22:35:31.210 [http-nio-8080-exec-1] DEBUG c.z.e.m.m.a.A.findAdminInfoById - ==> Parameters: 1(Integer)
2025-12-13 22:35:31.252 [http-nio-8080-exec-1] DEBUG c.z.e.m.m.a.A.findAdminInfoById - <==      Total: 1
2025-12-13 22:35:31.297 [http-nio-8080-exec-1] DEBUG c.z.e.m.m.a.I.selectList - ==>  Preparing: SELECT industryMap_industryCode,industryMap_industryName,industryMap_createdTime AS createdTime,industryMap_updatedTime AS updatedTime FROM general_industryMap
2025-12-13 22:35:31.297 [http-nio-8080-exec-1] DEBUG c.z.e.m.m.a.I.selectList - ==> Parameters: 
2025-12-13 22:35:31.332 [http-nio-8080-exec-1] DEBUG c.z.e.m.m.a.I.selectList - <==      Total: 2
2025-12-13 22:35:31.506 [http-nio-8080-exec-10] DEBUG c.z.e.m.m.a.AdminMapper.selectById - ==>  Preparing: SELECT admin_id,admin_account,admin_username,admin_email,admin_phone,admin_password,admin_image,admin_introduce,admin_state,admin_login_time,deleted FROM admin_admin WHERE admin_id=? AND deleted=0
2025-12-13 22:35:31.507 [http-nio-8080-exec-10] DEBUG c.z.e.m.m.a.AdminMapper.selectById - ==> Parameters: 1(Integer)
2025-12-13 22:35:31.547 [http-nio-8080-exec-10] DEBUG c.z.e.m.m.a.AdminMapper.selectById - <==      Total: 1
2025-12-13 22:35:31.548 [http-nio-8080-exec-10] DEBUG c.z.e.m.m.a.A.findAdminInfoById - ==>  Preparing: select * from admin_admin left join admin_admin_role on admin_admin.admin_id = admin_admin_role.adminId left join admin_role on admin_admin_role.roleId = admin_role.role_id left join admin_role_permission on admin_role.role_id = admin_role.role_id left join admin_permission on admin_role_permission.permissionId = admin_permission.permission_id where admin_admin.admin_id = ? and admin_admin.deleted = 0
2025-12-13 22:35:31.549 [http-nio-8080-exec-10] DEBUG c.z.e.m.m.a.A.findAdminInfoById - ==> Parameters: 1(Integer)
2025-12-13 22:35:31.596 [http-nio-8080-exec-10] DEBUG c.z.e.m.m.a.A.findAdminInfoById - <==      Total: 1
2025-12-13 22:35:31.648 [http-nio-8080-exec-10] DEBUG c.z.e.m.m.a.R.selectList - ==>  Preparing: SELECT resumeTemplate_id,resumeTemplate_name,resumeTemplate_reactCode,resumeTemplate_industry,resumeTemplate_isActive,resumeTemplate_createdTime,resumeTemplate_updatedTime,deleted FROM general_resumeTemplate WHERE deleted=0 AND (deleted = ?)
2025-12-13 22:35:31.649 [http-nio-8080-exec-10] DEBUG c.z.e.m.m.a.R.selectList - ==> Parameters: 0(Integer)
2025-12-13 22:35:38.852 [http-nio-8080-exec-4] DEBUG c.z.e.m.m.a.AdminMapper.selectById - ==>  Preparing: SELECT admin_id,admin_account,admin_username,admin_email,admin_phone,admin_password,admin_image,admin_introduce,admin_state,admin_login_time,deleted FROM admin_admin WHERE admin_id=? AND deleted=0
2025-12-13 22:35:38.852 [http-nio-8080-exec-4] DEBUG c.z.e.m.m.a.AdminMapper.selectById - ==> Parameters: 1(Integer)
2025-12-13 22:35:39.344 [http-nio-8080-exec-4] DEBUG c.z.e.m.m.a.AdminMapper.selectById - <==      Total: 1
2025-12-13 22:35:39.347 [http-nio-8080-exec-4] DEBUG c.z.e.m.m.a.A.findAdminInfoById - ==>  Preparing: select * from admin_admin left join admin_admin_role on admin_admin.admin_id = admin_admin_role.adminId left join admin_role on admin_admin_role.roleId = admin_role.role_id left join admin_role_permission on admin_role.role_id = admin_role.role_id left join admin_permission on admin_role_permission.permissionId = admin_permission.permission_id where admin_admin.admin_id = ? and admin_admin.deleted = 0
2025-12-13 22:35:39.347 [http-nio-8080-exec-4] DEBUG c.z.e.m.m.a.A.findAdminInfoById - ==> Parameters: 1(Integer)
2025-12-13 22:35:39.389 [http-nio-8080-exec-4] DEBUG c.z.e.m.m.a.A.findAdminInfoById - <==      Total: 1
2025-12-13 22:35:39.430 [http-nio-8080-exec-4] DEBUG c.z.e.m.m.a.R.selectList - ==>  Preparing: SELECT resumeTemplate_id,resumeTemplate_name,resumeTemplate_reactCode,resumeTemplate_industry,resumeTemplate_isActive,resumeTemplate_createdTime,resumeTemplate_updatedTime,deleted FROM general_resumeTemplate WHERE deleted=0 AND (deleted = ?)
2025-12-13 22:35:39.430 [http-nio-8080-exec-4] DEBUG c.z.e.m.m.a.R.selectList - ==> Parameters: 0(Integer)
2025-12-13 22:35:55.516 [http-nio-8080-exec-5] DEBUG c.z.e.m.m.a.AdminMapper.selectById - ==>  Preparing: SELECT admin_id,admin_account,admin_username,admin_email,admin_phone,admin_password,admin_image,admin_introduce,admin_state,admin_login_time,deleted FROM admin_admin WHERE admin_id=? AND deleted=0
2025-12-13 22:35:55.516 [http-nio-8080-exec-5] DEBUG c.z.e.m.m.a.AdminMapper.selectById - ==> Parameters: 1(Integer)
2025-12-13 22:35:55.551 [http-nio-8080-exec-5] DEBUG c.z.e.m.m.a.AdminMapper.selectById - <==      Total: 1
2025-12-13 22:35:55.553 [http-nio-8080-exec-5] DEBUG c.z.e.m.m.a.A.findAdminInfoById - ==>  Preparing: select * from admin_admin left join admin_admin_role on admin_admin.admin_id = admin_admin_role.adminId left join admin_role on admin_admin_role.roleId = admin_role.role_id left join admin_role_permission on admin_role.role_id = admin_role.role_id left join admin_permission on admin_role_permission.permissionId = admin_permission.permission_id where admin_admin.admin_id = ? and admin_admin.deleted = 0
2025-12-13 22:35:55.553 [http-nio-8080-exec-5] DEBUG c.z.e.m.m.a.A.findAdminInfoById - ==> Parameters: 1(Integer)
2025-12-13 22:35:55.593 [http-nio-8080-exec-5] DEBUG c.z.e.m.m.a.A.findAdminInfoById - <==      Total: 1
2025-12-13 22:35:55.630 [http-nio-8080-exec-5] DEBUG c.z.e.m.m.a.I.selectList - ==>  Preparing: SELECT industryMap_industryCode,industryMap_industryName,industryMap_createdTime AS createdTime,industryMap_updatedTime AS updatedTime FROM general_industryMap
2025-12-13 22:35:55.631 [http-nio-8080-exec-5] DEBUG c.z.e.m.m.a.I.selectList - ==> Parameters: 
2025-12-13 22:35:55.666 [http-nio-8080-exec-5] DEBUG c.z.e.m.m.a.I.selectList - <==      Total: 2
2025-12-13 22:35:56.109 [http-nio-8080-exec-2] DEBUG c.z.e.m.m.a.AdminMapper.selectById - ==>  Preparing: SELECT admin_id,admin_account,admin_username,admin_email,admin_phone,admin_password,admin_image,admin_introduce,admin_state,admin_login_time,deleted FROM admin_admin WHERE admin_id=? AND deleted=0
2025-12-13 22:35:56.110 [http-nio-8080-exec-2] DEBUG c.z.e.m.m.a.AdminMapper.selectById - ==> Parameters: 1(Integer)
2025-12-13 22:35:56.148 [http-nio-8080-exec-2] DEBUG c.z.e.m.m.a.AdminMapper.selectById - <==      Total: 1
2025-12-13 22:35:56.149 [http-nio-8080-exec-2] DEBUG c.z.e.m.m.a.A.findAdminInfoById - ==>  Preparing: select * from admin_admin left join admin_admin_role on admin_admin.admin_id = admin_admin_role.adminId left join admin_role on admin_admin_role.roleId = admin_role.role_id left join admin_role_permission on admin_role.role_id = admin_role.role_id left join admin_permission on admin_role_permission.permissionId = admin_permission.permission_id where admin_admin.admin_id = ? and admin_admin.deleted = 0
2025-12-13 22:35:56.149 [http-nio-8080-exec-2] DEBUG c.z.e.m.m.a.A.findAdminInfoById - ==> Parameters: 1(Integer)
2025-12-13 22:35:56.187 [http-nio-8080-exec-2] DEBUG c.z.e.m.m.a.A.findAdminInfoById - <==      Total: 1
2025-12-13 22:35:56.228 [http-nio-8080-exec-2] DEBUG c.z.e.m.m.a.P.selectList - ==>  Preparing: SELECT provinceMap_pid,provinceMap_pname FROM general_provinceMap
2025-12-13 22:35:56.229 [http-nio-8080-exec-2] DEBUG c.z.e.m.m.a.P.selectList - ==> Parameters: 
2025-12-13 22:35:56.266 [http-nio-8080-exec-2] DEBUG c.z.e.m.m.a.P.selectList - <==      Total: 34
2025-12-13 22:35:56.406 [http-nio-8080-exec-3] DEBUG c.z.e.m.m.a.AdminMapper.selectById - ==>  Preparing: SELECT admin_id,admin_account,admin_username,admin_email,admin_phone,admin_password,admin_image,admin_introduce,admin_state,admin_login_time,deleted FROM admin_admin WHERE admin_id=? AND deleted=0
2025-12-13 22:35:56.407 [http-nio-8080-exec-3] DEBUG c.z.e.m.m.a.AdminMapper.selectById - ==> Parameters: 1(Integer)
2025-12-13 22:35:56.444 [http-nio-8080-exec-3] DEBUG c.z.e.m.m.a.AdminMapper.selectById - <==      Total: 1
2025-12-13 22:35:56.444 [http-nio-8080-exec-3] DEBUG c.z.e.m.m.a.A.findAdminInfoById - ==>  Preparing: select * from admin_admin left join admin_admin_role on admin_admin.admin_id = admin_admin_role.adminId left join admin_role on admin_admin_role.roleId = admin_role.role_id left join admin_role_permission on admin_role.role_id = admin_role.role_id left join admin_permission on admin_role_permission.permissionId = admin_permission.permission_id where admin_admin.admin_id = ? and admin_admin.deleted = 0
2025-12-13 22:35:56.445 [http-nio-8080-exec-3] DEBUG c.z.e.m.m.a.A.findAdminInfoById - ==> Parameters: 1(Integer)
2025-12-13 22:35:56.482 [http-nio-8080-exec-3] DEBUG c.z.e.m.m.a.A.findAdminInfoById - <==      Total: 1
2025-12-13 22:35:56.520 [http-nio-8080-exec-3] DEBUG c.z.e.m.m.a.R.selectList - ==>  Preparing: SELECT recruitPosition_id AS recruitPositionId,recruitPosition_name,recruitPosition_createdTime AS createdTime,recruitPosition_updatedTime AS updatedTime,recruitPosition_industryCode,recruitPosition_minMonthSalary AS minMonthSalary,recruitPosition_maxMonthSalary AS maxMonthSalary,recruitPosition_weekWorkDayNum AS weekWorkDayNum,recruitPosition_goodWelfare AS goodWelfare FROM general_recruitPosition
2025-12-13 22:35:56.520 [http-nio-8080-exec-3] DEBUG c.z.e.m.m.a.R.selectList - ==> Parameters: 
2025-12-13 22:35:56.558 [http-nio-8080-exec-3] DEBUG c.z.e.m.m.a.R.selectList - <==      Total: 1
2025-12-13 22:35:57.049 [http-nio-8080-exec-6] DEBUG c.z.e.m.m.a.AdminMapper.selectById - ==>  Preparing: SELECT admin_id,admin_account,admin_username,admin_email,admin_phone,admin_password,admin_image,admin_introduce,admin_state,admin_login_time,deleted FROM admin_admin WHERE admin_id=? AND deleted=0
2025-12-13 22:35:57.054 [http-nio-8080-exec-6] DEBUG c.z.e.m.m.a.AdminMapper.selectById - ==> Parameters: 1(Integer)
2025-12-13 22:35:57.091 [http-nio-8080-exec-6] DEBUG c.z.e.m.m.a.AdminMapper.selectById - <==      Total: 1
2025-12-13 22:35:57.091 [http-nio-8080-exec-6] DEBUG c.z.e.m.m.a.A.findAdminInfoById - ==>  Preparing: select * from admin_admin left join admin_admin_role on admin_admin.admin_id = admin_admin_role.adminId left join admin_role on admin_admin_role.roleId = admin_role.role_id left join admin_role_permission on admin_role.role_id = admin_role.role_id left join admin_permission on admin_role_permission.permissionId = admin_permission.permission_id where admin_admin.admin_id = ? and admin_admin.deleted = 0
2025-12-13 22:35:57.091 [http-nio-8080-exec-6] DEBUG c.z.e.m.m.a.A.findAdminInfoById - ==> Parameters: 1(Integer)
2025-12-13 22:35:57.132 [http-nio-8080-exec-6] DEBUG c.z.e.m.m.a.A.findAdminInfoById - <==      Total: 1
2025-12-13 22:35:57.197 [http-nio-8080-exec-6] DEBUG c.z.e.m.m.a.E.selectList - ==>  Preparing: SELECT employmentInformation_id,employmentInformation_code,employmentInformation_companyName,employmentInformation_industryCategories,employmentInformation_companyType,employmentInformation_batch,employmentInformation_recruitPosition,employmentInformation_recruitObject,employmentInformation_recruitLocationFirst,employmentInformation_recruitLocationSecond,employmentInformation_recruitLocationDetail,employmentInformation_startTime,employmentInformation_stopTime,employmentInformation_updatedTime,employmentInformation_onlineApplicationStatus,employmentInformation_officialAnnouncement,employmentInformation_submissionWay,employmentInformation_employeeReferralCode,deleted FROM general_employmentInformation WHERE deleted=0 AND (deleted = ?)
2025-12-13 22:35:57.198 [http-nio-8080-exec-6] DEBUG c.z.e.m.m.a.E.selectList - ==> Parameters: 0(Integer)
2025-12-13 22:35:57.237 [http-nio-8080-exec-6] DEBUG c.z.e.m.m.a.E.selectList - <==      Total: 0
2025-12-13 22:38:09.056 [http-nio-8080-exec-7] DEBUG c.z.e.m.m.a.AdminMapper.selectById - ==>  Preparing: SELECT admin_id,admin_account,admin_username,admin_email,admin_phone,admin_password,admin_image,admin_introduce,admin_state,admin_login_time,deleted FROM admin_admin WHERE admin_id=? AND deleted=0
2025-12-13 22:38:09.056 [http-nio-8080-exec-7] DEBUG c.z.e.m.m.a.AdminMapper.selectById - ==> Parameters: 1(Integer)
2025-12-13 22:38:09.096 [http-nio-8080-exec-7] DEBUG c.z.e.m.m.a.AdminMapper.selectById - <==      Total: 1
2025-12-13 22:38:09.096 [http-nio-8080-exec-7] DEBUG c.z.e.m.m.a.A.findAdminInfoById - ==>  Preparing: select * from admin_admin left join admin_admin_role on admin_admin.admin_id = admin_admin_role.adminId left join admin_role on admin_admin_role.roleId = admin_role.role_id left join admin_role_permission on admin_role.role_id = admin_role.role_id left join admin_permission on admin_role_permission.permissionId = admin_permission.permission_id where admin_admin.admin_id = ? and admin_admin.deleted = 0
2025-12-13 22:38:09.096 [http-nio-8080-exec-7] DEBUG c.z.e.m.m.a.A.findAdminInfoById - ==> Parameters: 1(Integer)
2025-12-13 22:38:09.134 [http-nio-8080-exec-7] DEBUG c.z.e.m.m.a.A.findAdminInfoById - <==      Total: 1
2025-12-13 22:38:09.172 [http-nio-8080-exec-7] DEBUG c.z.e.m.m.a.I.selectList - ==>  Preparing: SELECT industryMap_industryCode,industryMap_industryName,industryMap_createdTime AS createdTime,industryMap_updatedTime AS updatedTime FROM general_industryMap
2025-12-13 22:38:09.172 [http-nio-8080-exec-7] DEBUG c.z.e.m.m.a.I.selectList - ==> Parameters: 
2025-12-13 22:38:09.207 [http-nio-8080-exec-7] DEBUG c.z.e.m.m.a.I.selectList - <==      Total: 2
2025-12-13 22:38:09.366 [http-nio-8080-exec-8] DEBUG c.z.e.m.m.a.AdminMapper.selectById - ==>  Preparing: SELECT admin_id,admin_account,admin_username,admin_email,admin_phone,admin_password,admin_image,admin_introduce,admin_state,admin_login_time,deleted FROM admin_admin WHERE admin_id=? AND deleted=0
2025-12-13 22:38:09.366 [http-nio-8080-exec-8] DEBUG c.z.e.m.m.a.AdminMapper.selectById - ==> Parameters: 1(Integer)
2025-12-13 22:38:09.403 [http-nio-8080-exec-8] DEBUG c.z.e.m.m.a.AdminMapper.selectById - <==      Total: 1
2025-12-13 22:38:09.403 [http-nio-8080-exec-8] DEBUG c.z.e.m.m.a.A.findAdminInfoById - ==>  Preparing: select * from admin_admin left join admin_admin_role on admin_admin.admin_id = admin_admin_role.adminId left join admin_role on admin_admin_role.roleId = admin_role.role_id left join admin_role_permission on admin_role.role_id = admin_role.role_id left join admin_permission on admin_role_permission.permissionId = admin_permission.permission_id where admin_admin.admin_id = ? and admin_admin.deleted = 0
2025-12-13 22:38:09.404 [http-nio-8080-exec-8] DEBUG c.z.e.m.m.a.A.findAdminInfoById - ==> Parameters: 1(Integer)
2025-12-13 22:38:09.439 [http-nio-8080-exec-8] DEBUG c.z.e.m.m.a.A.findAdminInfoById - <==      Total: 1
2025-12-13 22:38:09.476 [http-nio-8080-exec-8] DEBUG c.z.e.m.m.a.P.selectList - ==>  Preparing: SELECT provinceMap_pid,provinceMap_pname FROM general_provinceMap
2025-12-13 22:38:09.476 [http-nio-8080-exec-8] DEBUG c.z.e.m.m.a.P.selectList - ==> Parameters: 
2025-12-13 22:38:09.513 [http-nio-8080-exec-8] DEBUG c.z.e.m.m.a.P.selectList - <==      Total: 34
2025-12-13 22:38:10.152 [http-nio-8080-exec-9] DEBUG c.z.e.m.m.a.AdminMapper.selectById - ==>  Preparing: SELECT admin_id,admin_account,admin_username,admin_email,admin_phone,admin_password,admin_image,admin_introduce,admin_state,admin_login_time,deleted FROM admin_admin WHERE admin_id=? AND deleted=0
2025-12-13 22:38:10.153 [http-nio-8080-exec-9] DEBUG c.z.e.m.m.a.AdminMapper.selectById - ==> Parameters: 1(Integer)
2025-12-13 22:38:10.188 [http-nio-8080-exec-9] DEBUG c.z.e.m.m.a.AdminMapper.selectById - <==      Total: 1
2025-12-13 22:38:10.188 [http-nio-8080-exec-9] DEBUG c.z.e.m.m.a.A.findAdminInfoById - ==>  Preparing: select * from admin_admin left join admin_admin_role on admin_admin.admin_id = admin_admin_role.adminId left join admin_role on admin_admin_role.roleId = admin_role.role_id left join admin_role_permission on admin_role.role_id = admin_role.role_id left join admin_permission on admin_role_permission.permissionId = admin_permission.permission_id where admin_admin.admin_id = ? and admin_admin.deleted = 0
2025-12-13 22:38:10.189 [http-nio-8080-exec-9] DEBUG c.z.e.m.m.a.A.findAdminInfoById - ==> Parameters: 1(Integer)
2025-12-13 22:38:10.225 [http-nio-8080-exec-9] DEBUG c.z.e.m.m.a.A.findAdminInfoById - <==      Total: 1
2025-12-13 22:38:10.262 [http-nio-8080-exec-9] DEBUG c.z.e.m.m.a.R.selectList - ==>  Preparing: SELECT recruitPosition_id AS recruitPositionId,recruitPosition_name,recruitPosition_createdTime AS createdTime,recruitPosition_updatedTime AS updatedTime,recruitPosition_industryCode,recruitPosition_minMonthSalary AS minMonthSalary,recruitPosition_maxMonthSalary AS maxMonthSalary,recruitPosition_weekWorkDayNum AS weekWorkDayNum,recruitPosition_goodWelfare AS goodWelfare FROM general_recruitPosition
2025-12-13 22:38:10.263 [http-nio-8080-exec-9] DEBUG c.z.e.m.m.a.R.selectList - ==> Parameters: 
2025-12-13 22:38:10.298 [http-nio-8080-exec-9] DEBUG c.z.e.m.m.a.R.selectList - <==      Total: 1
2025-12-13 22:38:10.502 [http-nio-8080-exec-1] DEBUG c.z.e.m.m.a.AdminMapper.selectById - ==>  Preparing: SELECT admin_id,admin_account,admin_username,admin_email,admin_phone,admin_password,admin_image,admin_introduce,admin_state,admin_login_time,deleted FROM admin_admin WHERE admin_id=? AND deleted=0
2025-12-13 22:38:10.502 [http-nio-8080-exec-1] DEBUG c.z.e.m.m.a.AdminMapper.selectById - ==> Parameters: 1(Integer)
2025-12-13 22:38:10.539 [http-nio-8080-exec-1] DEBUG c.z.e.m.m.a.AdminMapper.selectById - <==      Total: 1
2025-12-13 22:38:10.539 [http-nio-8080-exec-1] DEBUG c.z.e.m.m.a.A.findAdminInfoById - ==>  Preparing: select * from admin_admin left join admin_admin_role on admin_admin.admin_id = admin_admin_role.adminId left join admin_role on admin_admin_role.roleId = admin_role.role_id left join admin_role_permission on admin_role.role_id = admin_role.role_id left join admin_permission on admin_role_permission.permissionId = admin_permission.permission_id where admin_admin.admin_id = ? and admin_admin.deleted = 0
2025-12-13 22:38:10.544 [http-nio-8080-exec-1] DEBUG c.z.e.m.m.a.A.findAdminInfoById - ==> Parameters: 1(Integer)
2025-12-13 22:38:10.581 [http-nio-8080-exec-1] DEBUG c.z.e.m.m.a.A.findAdminInfoById - <==      Total: 1
2025-12-13 22:38:10.620 [http-nio-8080-exec-1] DEBUG c.z.e.m.m.a.E.selectList - ==>  Preparing: SELECT employmentInformation_id,employmentInformation_code,employmentInformation_companyName,employmentInformation_industryCategories,employmentInformation_companyType,employmentInformation_batch,employmentInformation_recruitPosition,employmentInformation_recruitObject,employmentInformation_recruitLocationFirst,employmentInformation_recruitLocationSecond,employmentInformation_recruitLocationDetail,employmentInformation_startTime,employmentInformation_stopTime,employmentInformation_updatedTime,employmentInformation_onlineApplicationStatus,employmentInformation_officialAnnouncement,employmentInformation_submissionWay,employmentInformation_employeeReferralCode,deleted FROM general_employmentInformation WHERE deleted=0 AND (deleted = ?)
2025-12-13 22:38:10.620 [http-nio-8080-exec-1] DEBUG c.z.e.m.m.a.E.selectList - ==> Parameters: 0(Integer)
2025-12-13 22:38:10.655 [http-nio-8080-exec-1] DEBUG c.z.e.m.m.a.E.selectList - <==      Total: 0
2025-12-13 22:39:10.808 [http-nio-8080-exec-4] DEBUG c.z.e.m.m.a.AdminMapper.selectById - ==>  Preparing: SELECT admin_id,admin_account,admin_username,admin_email,admin_phone,admin_password,admin_image,admin_introduce,admin_state,admin_login_time,deleted FROM admin_admin WHERE admin_id=? AND deleted=0
2025-12-13 22:39:10.809 [http-nio-8080-exec-4] DEBUG c.z.e.m.m.a.AdminMapper.selectById - ==> Parameters: 1(Integer)
2025-12-13 22:39:10.849 [http-nio-8080-exec-4] DEBUG c.z.e.m.m.a.AdminMapper.selectById - <==      Total: 1
2025-12-13 22:39:10.859 [http-nio-8080-exec-10] DEBUG c.z.e.m.m.a.AdminMapper.selectById - ==>  Preparing: SELECT admin_id,admin_account,admin_username,admin_email,admin_phone,admin_password,admin_image,admin_introduce,admin_state,admin_login_time,deleted FROM admin_admin WHERE admin_id=? AND deleted=0
2025-12-13 22:39:10.861 [http-nio-8080-exec-10] DEBUG c.z.e.m.m.a.AdminMapper.selectById - ==> Parameters: 1(Integer)
2025-12-13 22:39:10.900 [http-nio-8080-exec-10] DEBUG c.z.e.m.m.a.AdminMapper.selectById - <==      Total: 1
2025-12-13 22:39:10.908 [http-nio-8080-exec-10] DEBUG c.z.e.m.m.a.A.findAdminInfoById - ==>  Preparing: select * from admin_admin left join admin_admin_role on admin_admin.admin_id = admin_admin_role.adminId left join admin_role on admin_admin_role.roleId = admin_role.role_id left join admin_role_permission on admin_role.role_id = admin_role.role_id left join admin_permission on admin_role_permission.permissionId = admin_permission.permission_id where admin_admin.admin_id = ? and admin_admin.deleted = 0
2025-12-13 22:39:10.909 [http-nio-8080-exec-10] DEBUG c.z.e.m.m.a.A.findAdminInfoById - ==> Parameters: 1(Integer)
2025-12-13 22:39:10.923 [http-nio-8080-exec-4] DEBUG c.z.e.m.m.a.A.findAdminInfoById - ==>  Preparing: select * from admin_admin left join admin_admin_role on admin_admin.admin_id = admin_admin_role.adminId left join admin_role on admin_admin_role.roleId = admin_role.role_id left join admin_role_permission on admin_role.role_id = admin_role.role_id left join admin_permission on admin_role_permission.permissionId = admin_permission.permission_id where admin_admin.admin_id = ? and admin_admin.deleted = 0
2025-12-13 22:39:10.924 [http-nio-8080-exec-4] DEBUG c.z.e.m.m.a.A.findAdminInfoById - ==> Parameters: 1(Integer)
2025-12-13 22:39:11.129 [http-nio-8080-exec-4] DEBUG c.z.e.m.m.a.A.findAdminInfoById - <==      Total: 1
2025-12-13 22:39:11.153 [http-nio-8080-exec-10] DEBUG c.z.e.m.m.a.A.findAdminInfoById - <==      Total: 1
2025-12-13 22:39:13.176 [http-nio-8080-exec-4] DEBUG c.z.e.m.m.a.R.queryRecruitPositionPage - ==>  Preparing: SELECT rp.recruitPosition_id AS recruitPositionId, rp.recruitPosition_name AS recruitPositionName, rp.recruitPosition_industryCode AS recruitPositionIndustryCode, -- 连表字段：行业名称（从行业映射表查询） gim.industryMap_industryName AS recruitPositionIndustryName, rp.recruitPosition_minMonthSalary AS minMonthSalary, rp.recruitPosition_maxMonthSalary AS maxMonthSalary, rp.recruitPosition_weekWorkDayNum AS weekWorkDayNum, rp.recruitPosition_goodWelfare AS goodWelfare, rp.recruitPosition_createdTime AS createdTime, rp.recruitPosition_updatedTime AS updatedTime FROM general_recruitPosition rp -- 招聘岗位表别名rp -- 连表：通用行业映射表（别名gim），LEFT JOIN避免行业编码无效时丢失岗位数据 LEFT JOIN general_industryMap gim ON rp.recruitPosition_industryCode = gim.industryMap_industryCode ORDER BY rp.recruitPosition_updatedTime DESC
2025-12-13 22:39:13.179 [http-nio-8080-exec-4] DEBUG c.z.e.m.m.a.R.queryRecruitPositionPage - ==> Parameters: 
2025-12-13 22:39:13.213 [http-nio-8080-exec-10] DEBUG c.z.e.m.m.a.I.selectList - ==>  Preparing: SELECT industryMap_industryCode,industryMap_industryName,industryMap_createdTime AS createdTime,industryMap_updatedTime AS updatedTime FROM general_industryMap
2025-12-13 22:39:13.214 [http-nio-8080-exec-10] DEBUG c.z.e.m.m.a.I.selectList - ==> Parameters: 
2025-12-13 22:39:13.218 [http-nio-8080-exec-4] DEBUG c.z.e.m.m.a.R.queryRecruitPositionPage - <==      Total: 1
2025-12-13 22:39:13.251 [http-nio-8080-exec-10] DEBUG c.z.e.m.m.a.I.selectList - <==      Total: 2
2025-12-13 22:39:18.500 [http-nio-8080-exec-5] DEBUG c.z.e.m.m.a.AdminMapper.selectById - ==>  Preparing: SELECT admin_id,admin_account,admin_username,admin_email,admin_phone,admin_password,admin_image,admin_introduce,admin_state,admin_login_time,deleted FROM admin_admin WHERE admin_id=? AND deleted=0
2025-12-13 22:39:18.501 [http-nio-8080-exec-5] DEBUG c.z.e.m.m.a.AdminMapper.selectById - ==> Parameters: 1(Integer)
2025-12-13 22:39:18.538 [http-nio-8080-exec-5] DEBUG c.z.e.m.m.a.AdminMapper.selectById - <==      Total: 1
2025-12-13 22:39:18.540 [http-nio-8080-exec-5] DEBUG c.z.e.m.m.a.A.findAdminInfoById - ==>  Preparing: select * from admin_admin left join admin_admin_role on admin_admin.admin_id = admin_admin_role.adminId left join admin_role on admin_admin_role.roleId = admin_role.role_id left join admin_role_permission on admin_role.role_id = admin_role.role_id left join admin_permission on admin_role_permission.permissionId = admin_permission.permission_id where admin_admin.admin_id = ? and admin_admin.deleted = 0
2025-12-13 22:39:18.540 [http-nio-8080-exec-5] DEBUG c.z.e.m.m.a.A.findAdminInfoById - ==> Parameters: 1(Integer)
2025-12-13 22:39:18.578 [http-nio-8080-exec-5] DEBUG c.z.e.m.m.a.A.findAdminInfoById - <==      Total: 1
2025-12-13 22:39:18.633 [http-nio-8080-exec-5] DEBUG c.z.e.m.m.a.I.selectList - ==>  Preparing: SELECT industryMap_industryCode,industryMap_industryName,industryMap_createdTime AS createdTime,industryMap_updatedTime AS updatedTime FROM general_industryMap
2025-12-13 22:39:18.633 [http-nio-8080-exec-5] DEBUG c.z.e.m.m.a.I.selectList - ==> Parameters: 
2025-12-13 22:39:18.670 [http-nio-8080-exec-5] DEBUG c.z.e.m.m.a.I.selectList - <==      Total: 2
2025-12-13 22:39:18.875 [http-nio-8080-exec-2] DEBUG c.z.e.m.m.a.AdminMapper.selectById - ==>  Preparing: SELECT admin_id,admin_account,admin_username,admin_email,admin_phone,admin_password,admin_image,admin_introduce,admin_state,admin_login_time,deleted FROM admin_admin WHERE admin_id=? AND deleted=0
2025-12-13 22:39:18.875 [http-nio-8080-exec-2] DEBUG c.z.e.m.m.a.AdminMapper.selectById - ==> Parameters: 1(Integer)
2025-12-13 22:39:18.914 [http-nio-8080-exec-2] DEBUG c.z.e.m.m.a.AdminMapper.selectById - <==      Total: 1
2025-12-13 22:39:18.915 [http-nio-8080-exec-2] DEBUG c.z.e.m.m.a.A.findAdminInfoById - ==>  Preparing: select * from admin_admin left join admin_admin_role on admin_admin.admin_id = admin_admin_role.adminId left join admin_role on admin_admin_role.roleId = admin_role.role_id left join admin_role_permission on admin_role.role_id = admin_role.role_id left join admin_permission on admin_role_permission.permissionId = admin_permission.permission_id where admin_admin.admin_id = ? and admin_admin.deleted = 0
2025-12-13 22:39:18.915 [http-nio-8080-exec-2] DEBUG c.z.e.m.m.a.A.findAdminInfoById - ==> Parameters: 1(Integer)
2025-12-13 22:39:18.957 [http-nio-8080-exec-2] DEBUG c.z.e.m.m.a.A.findAdminInfoById - <==      Total: 1
2025-12-13 22:39:19.001 [http-nio-8080-exec-2] DEBUG c.z.e.m.m.a.P.selectList - ==>  Preparing: SELECT provinceMap_pid,provinceMap_pname FROM general_provinceMap
2025-12-13 22:39:19.002 [http-nio-8080-exec-2] DEBUG c.z.e.m.m.a.P.selectList - ==> Parameters: 
2025-12-13 22:39:19.040 [http-nio-8080-exec-2] DEBUG c.z.e.m.m.a.P.selectList - <==      Total: 34
2025-12-13 22:39:19.505 [http-nio-8080-exec-3] DEBUG c.z.e.m.m.a.AdminMapper.selectById - ==>  Preparing: SELECT admin_id,admin_account,admin_username,admin_email,admin_phone,admin_password,admin_image,admin_introduce,admin_state,admin_login_time,deleted FROM admin_admin WHERE admin_id=? AND deleted=0
2025-12-13 22:39:19.507 [http-nio-8080-exec-3] DEBUG c.z.e.m.m.a.AdminMapper.selectById - ==> Parameters: 1(Integer)
2025-12-13 22:39:19.567 [http-nio-8080-exec-3] DEBUG c.z.e.m.m.a.AdminMapper.selectById - <==      Total: 1
2025-12-13 22:39:19.568 [http-nio-8080-exec-3] DEBUG c.z.e.m.m.a.A.findAdminInfoById - ==>  Preparing: select * from admin_admin left join admin_admin_role on admin_admin.admin_id = admin_admin_role.adminId left join admin_role on admin_admin_role.roleId = admin_role.role_id left join admin_role_permission on admin_role.role_id = admin_role.role_id left join admin_permission on admin_role_permission.permissionId = admin_permission.permission_id where admin_admin.admin_id = ? and admin_admin.deleted = 0
2025-12-13 22:39:19.569 [http-nio-8080-exec-3] DEBUG c.z.e.m.m.a.A.findAdminInfoById - ==> Parameters: 1(Integer)
2025-12-13 22:39:19.607 [http-nio-8080-exec-3] DEBUG c.z.e.m.m.a.A.findAdminInfoById - <==      Total: 1
2025-12-13 22:39:19.648 [http-nio-8080-exec-3] DEBUG c.z.e.m.m.a.R.selectList - ==>  Preparing: SELECT recruitPosition_id AS recruitPositionId,recruitPosition_name,recruitPosition_createdTime AS createdTime,recruitPosition_updatedTime AS updatedTime,recruitPosition_industryCode,recruitPosition_minMonthSalary AS minMonthSalary,recruitPosition_maxMonthSalary AS maxMonthSalary,recruitPosition_weekWorkDayNum AS weekWorkDayNum,recruitPosition_goodWelfare AS goodWelfare FROM general_recruitPosition
2025-12-13 22:39:19.649 [http-nio-8080-exec-3] DEBUG c.z.e.m.m.a.R.selectList - ==> Parameters: 
2025-12-13 22:39:19.687 [http-nio-8080-exec-3] DEBUG c.z.e.m.m.a.R.selectList - <==      Total: 1
2025-12-13 22:39:19.980 [http-nio-8080-exec-6] DEBUG c.z.e.m.m.a.AdminMapper.selectById - ==>  Preparing: SELECT admin_id,admin_account,admin_username,admin_email,admin_phone,admin_password,admin_image,admin_introduce,admin_state,admin_login_time,deleted FROM admin_admin WHERE admin_id=? AND deleted=0
2025-12-13 22:39:20.014 [http-nio-8080-exec-6] DEBUG c.z.e.m.m.a.AdminMapper.selectById - ==> Parameters: 1(Integer)
2025-12-13 22:39:20.052 [http-nio-8080-exec-6] DEBUG c.z.e.m.m.a.AdminMapper.selectById - <==      Total: 1
2025-12-13 22:39:20.054 [http-nio-8080-exec-6] DEBUG c.z.e.m.m.a.A.findAdminInfoById - ==>  Preparing: select * from admin_admin left join admin_admin_role on admin_admin.admin_id = admin_admin_role.adminId left join admin_role on admin_admin_role.roleId = admin_role.role_id left join admin_role_permission on admin_role.role_id = admin_role.role_id left join admin_permission on admin_role_permission.permissionId = admin_permission.permission_id where admin_admin.admin_id = ? and admin_admin.deleted = 0
2025-12-13 22:39:20.054 [http-nio-8080-exec-6] DEBUG c.z.e.m.m.a.A.findAdminInfoById - ==> Parameters: 1(Integer)
2025-12-13 22:39:20.125 [http-nio-8080-exec-6] DEBUG c.z.e.m.m.a.A.findAdminInfoById - <==      Total: 1
2025-12-13 22:39:20.237 [http-nio-8080-exec-6] DEBUG c.z.e.m.m.a.E.selectList - ==>  Preparing: SELECT employmentInformation_id,employmentInformation_code,employmentInformation_companyName,employmentInformation_industryCategories,employmentInformation_companyType,employmentInformation_batch,employmentInformation_recruitPosition,employmentInformation_recruitObject,employmentInformation_recruitLocationFirst,employmentInformation_recruitLocationSecond,employmentInformation_recruitLocationDetail,employmentInformation_startTime,employmentInformation_stopTime,employmentInformation_updatedTime,employmentInformation_onlineApplicationStatus,employmentInformation_officialAnnouncement,employmentInformation_submissionWay,employmentInformation_employeeReferralCode,deleted FROM general_employmentInformation WHERE deleted=0 AND (deleted = ?)
2025-12-13 22:39:20.239 [http-nio-8080-exec-6] DEBUG c.z.e.m.m.a.E.selectList - ==> Parameters: 0(Integer)
2025-12-13 22:39:20.275 [http-nio-8080-exec-6] DEBUG c.z.e.m.m.a.E.selectList - <==      Total: 0
2025-12-13 22:39:26.986 [http-nio-8080-exec-7] DEBUG c.z.e.m.m.a.AdminMapper.selectById - ==>  Preparing: SELECT admin_id,admin_account,admin_username,admin_email,admin_phone,admin_password,admin_image,admin_introduce,admin_state,admin_login_time,deleted FROM admin_admin WHERE admin_id=? AND deleted=0
2025-12-13 22:39:26.986 [http-nio-8080-exec-7] DEBUG c.z.e.m.m.a.AdminMapper.selectById - ==> Parameters: 1(Integer)
2025-12-13 22:39:27.024 [http-nio-8080-exec-7] DEBUG c.z.e.m.m.a.AdminMapper.selectById - <==      Total: 1
2025-12-13 22:39:27.025 [http-nio-8080-exec-7] DEBUG c.z.e.m.m.a.A.findAdminInfoById - ==>  Preparing: select * from admin_admin left join admin_admin_role on admin_admin.admin_id = admin_admin_role.adminId left join admin_role on admin_admin_role.roleId = admin_role.role_id left join admin_role_permission on admin_role.role_id = admin_role.role_id left join admin_permission on admin_role_permission.permissionId = admin_permission.permission_id where admin_admin.admin_id = ? and admin_admin.deleted = 0
2025-12-13 22:39:27.028 [http-nio-8080-exec-7] DEBUG c.z.e.m.m.a.A.findAdminInfoById - ==> Parameters: 1(Integer)
2025-12-13 22:39:27.084 [http-nio-8080-exec-7] DEBUG c.z.e.m.m.a.A.findAdminInfoById - <==      Total: 1
2025-12-13 22:39:27.149 [http-nio-8080-exec-7] DEBUG c.z.e.m.m.a.I.selectList - ==>  Preparing: SELECT industryMap_industryCode,industryMap_industryName,industryMap_createdTime AS createdTime,industryMap_updatedTime AS updatedTime FROM general_industryMap
2025-12-13 22:39:27.149 [http-nio-8080-exec-7] DEBUG c.z.e.m.m.a.I.selectList - ==> Parameters: 
2025-12-13 22:39:27.187 [http-nio-8080-exec-7] DEBUG c.z.e.m.m.a.I.selectList - <==      Total: 2
2025-12-13 22:40:18.730 [http-nio-8080-exec-8] DEBUG c.z.e.m.m.a.AdminMapper.selectById - ==>  Preparing: SELECT admin_id,admin_account,admin_username,admin_email,admin_phone,admin_password,admin_image,admin_introduce,admin_state,admin_login_time,deleted FROM admin_admin WHERE admin_id=? AND deleted=0
2025-12-13 22:40:18.731 [http-nio-8080-exec-8] DEBUG c.z.e.m.m.a.AdminMapper.selectById - ==> Parameters: 1(Integer)
2025-12-13 22:40:18.767 [http-nio-8080-exec-8] DEBUG c.z.e.m.m.a.AdminMapper.selectById - <==      Total: 1
2025-12-13 22:40:18.768 [http-nio-8080-exec-8] DEBUG c.z.e.m.m.a.A.findAdminInfoById - ==>  Preparing: select * from admin_admin left join admin_admin_role on admin_admin.admin_id = admin_admin_role.adminId left join admin_role on admin_admin_role.roleId = admin_role.role_id left join admin_role_permission on admin_role.role_id = admin_role.role_id left join admin_permission on admin_role_permission.permissionId = admin_permission.permission_id where admin_admin.admin_id = ? and admin_admin.deleted = 0
2025-12-13 22:40:18.771 [http-nio-8080-exec-8] DEBUG c.z.e.m.m.a.A.findAdminInfoById - ==> Parameters: 1(Integer)
2025-12-13 22:40:18.811 [http-nio-8080-exec-8] DEBUG c.z.e.m.m.a.A.findAdminInfoById - <==      Total: 1
2025-12-13 22:40:18.973 [http-nio-8080-exec-8] DEBUG c.z.e.m.m.a.I.selectList - ==>  Preparing: SELECT industryMap_industryCode,industryMap_industryName,industryMap_createdTime AS createdTime,industryMap_updatedTime AS updatedTime FROM general_industryMap
2025-12-13 22:40:18.974 [http-nio-8080-exec-8] DEBUG c.z.e.m.m.a.I.selectList - ==> Parameters: 
2025-12-13 22:40:19.012 [http-nio-8080-exec-8] DEBUG c.z.e.m.m.a.I.selectList - <==      Total: 2
2025-12-13 22:42:14.090 [http-nio-8080-exec-9] DEBUG c.z.e.m.m.a.AdminMapper.selectById - ==>  Preparing: SELECT admin_id,admin_account,admin_username,admin_email,admin_phone,admin_password,admin_image,admin_introduce,admin_state,admin_login_time,deleted FROM admin_admin WHERE admin_id=? AND deleted=0
2025-12-13 22:42:14.091 [http-nio-8080-exec-9] DEBUG c.z.e.m.m.a.AdminMapper.selectById - ==> Parameters: 1(Integer)
2025-12-13 22:42:14.128 [http-nio-8080-exec-9] DEBUG c.z.e.m.m.a.AdminMapper.selectById - <==      Total: 1
2025-12-13 22:42:14.129 [http-nio-8080-exec-9] DEBUG c.z.e.m.m.a.A.findAdminInfoById - ==>  Preparing: select * from admin_admin left join admin_admin_role on admin_admin.admin_id = admin_admin_role.adminId left join admin_role on admin_admin_role.roleId = admin_role.role_id left join admin_role_permission on admin_role.role_id = admin_role.role_id left join admin_permission on admin_role_permission.permissionId = admin_permission.permission_id where admin_admin.admin_id = ? and admin_admin.deleted = 0
2025-12-13 22:42:14.130 [http-nio-8080-exec-9] DEBUG c.z.e.m.m.a.A.findAdminInfoById - ==> Parameters: 1(Integer)
2025-12-13 22:42:14.167 [http-nio-8080-exec-9] DEBUG c.z.e.m.m.a.A.findAdminInfoById - <==      Total: 1
2025-12-13 22:42:14.206 [http-nio-8080-exec-9] DEBUG c.z.e.m.m.a.I.selectList - ==>  Preparing: SELECT industryMap_industryCode,industryMap_industryName,industryMap_createdTime AS createdTime,industryMap_updatedTime AS updatedTime FROM general_industryMap
2025-12-13 22:42:14.207 [http-nio-8080-exec-9] DEBUG c.z.e.m.m.a.I.selectList - ==> Parameters: 
2025-12-13 22:42:14.246 [http-nio-8080-exec-9] DEBUG c.z.e.m.m.a.I.selectList - <==      Total: 2
2025-12-13 22:43:32.149 [http-nio-8080-exec-1] DEBUG c.z.e.m.m.a.AdminMapper.selectById - ==>  Preparing: SELECT admin_id,admin_account,admin_username,admin_email,admin_phone,admin_password,admin_image,admin_introduce,admin_state,admin_login_time,deleted FROM admin_admin WHERE admin_id=? AND deleted=0
2025-12-13 22:43:32.149 [http-nio-8080-exec-1] DEBUG c.z.e.m.m.a.AdminMapper.selectById - ==> Parameters: 1(Integer)
2025-12-13 22:43:32.188 [http-nio-8080-exec-1] DEBUG c.z.e.m.m.a.AdminMapper.selectById - <==      Total: 1
2025-12-13 22:43:32.189 [http-nio-8080-exec-1] DEBUG c.z.e.m.m.a.A.findAdminInfoById - ==>  Preparing: select * from admin_admin left join admin_admin_role on admin_admin.admin_id = admin_admin_role.adminId left join admin_role on admin_admin_role.roleId = admin_role.role_id left join admin_role_permission on admin_role.role_id = admin_role.role_id left join admin_permission on admin_role_permission.permissionId = admin_permission.permission_id where admin_admin.admin_id = ? and admin_admin.deleted = 0
2025-12-13 22:43:32.190 [http-nio-8080-exec-1] DEBUG c.z.e.m.m.a.A.findAdminInfoById - ==> Parameters: 1(Integer)
2025-12-13 22:43:32.274 [http-nio-8080-exec-1] DEBUG c.z.e.m.m.a.A.findAdminInfoById - <==      Total: 1
2025-12-13 22:43:32.320 [http-nio-8080-exec-1] DEBUG c.z.e.m.m.a.R.queryRecruitPositionPage - ==>  Preparing: SELECT rp.recruitPosition_id AS recruitPositionId, rp.recruitPosition_name AS recruitPositionName, rp.recruitPosition_industryCode AS recruitPositionIndustryCode, -- 连表字段：行业名称（从行业映射表查询） gim.industryMap_industryName AS recruitPositionIndustryName, rp.recruitPosition_minMonthSalary AS minMonthSalary, rp.recruitPosition_maxMonthSalary AS maxMonthSalary, rp.recruitPosition_weekWorkDayNum AS weekWorkDayNum, rp.recruitPosition_goodWelfare AS goodWelfare, rp.recruitPosition_createdTime AS createdTime, rp.recruitPosition_updatedTime AS updatedTime FROM general_recruitPosition rp -- 招聘岗位表别名rp -- 连表：通用行业映射表（别名gim），LEFT JOIN避免行业编码无效时丢失岗位数据 LEFT JOIN general_industryMap gim ON rp.recruitPosition_industryCode = gim.industryMap_industryCode ORDER BY rp.recruitPosition_updatedTime DESC
2025-12-13 22:43:32.320 [http-nio-8080-exec-1] DEBUG c.z.e.m.m.a.R.queryRecruitPositionPage - ==> Parameters: 
2025-12-13 22:43:32.357 [http-nio-8080-exec-1] DEBUG c.z.e.m.m.a.R.queryRecruitPositionPage - <==      Total: 1
2025-12-13 22:43:32.457 [http-nio-8080-exec-4] DEBUG c.z.e.m.m.a.AdminMapper.selectById - ==>  Preparing: SELECT admin_id,admin_account,admin_username,admin_email,admin_phone,admin_password,admin_image,admin_introduce,admin_state,admin_login_time,deleted FROM admin_admin WHERE admin_id=? AND deleted=0
2025-12-13 22:43:32.457 [http-nio-8080-exec-4] DEBUG c.z.e.m.m.a.AdminMapper.selectById - ==> Parameters: 1(Integer)
2025-12-13 22:43:32.493 [http-nio-8080-exec-4] DEBUG c.z.e.m.m.a.AdminMapper.selectById - <==      Total: 1
2025-12-13 22:43:32.493 [http-nio-8080-exec-4] DEBUG c.z.e.m.m.a.A.findAdminInfoById - ==>  Preparing: select * from admin_admin left join admin_admin_role on admin_admin.admin_id = admin_admin_role.adminId left join admin_role on admin_admin_role.roleId = admin_role.role_id left join admin_role_permission on admin_role.role_id = admin_role.role_id left join admin_permission on admin_role_permission.permissionId = admin_permission.permission_id where admin_admin.admin_id = ? and admin_admin.deleted = 0
2025-12-13 22:43:32.494 [http-nio-8080-exec-4] DEBUG c.z.e.m.m.a.A.findAdminInfoById - ==> Parameters: 1(Integer)
2025-12-13 22:43:32.530 [http-nio-8080-exec-4] DEBUG c.z.e.m.m.a.A.findAdminInfoById - <==      Total: 1
2025-12-13 22:43:32.568 [http-nio-8080-exec-4] DEBUG c.z.e.m.m.a.I.selectList - ==>  Preparing: SELECT industryMap_industryCode,industryMap_industryName,industryMap_createdTime AS createdTime,industryMap_updatedTime AS updatedTime FROM general_industryMap
2025-12-13 22:43:32.569 [http-nio-8080-exec-4] DEBUG c.z.e.m.m.a.I.selectList - ==> Parameters: 
2025-12-13 22:43:32.605 [http-nio-8080-exec-4] DEBUG c.z.e.m.m.a.I.selectList - <==      Total: 2
2025-12-13 22:43:41.590 [http-nio-8080-exec-5] DEBUG c.z.e.m.m.a.AdminMapper.selectById - ==>  Preparing: SELECT admin_id,admin_account,admin_username,admin_email,admin_phone,admin_password,admin_image,admin_introduce,admin_state,admin_login_time,deleted FROM admin_admin WHERE admin_id=? AND deleted=0
2025-12-13 22:43:41.590 [http-nio-8080-exec-5] DEBUG c.z.e.m.m.a.AdminMapper.selectById - ==> Parameters: 1(Integer)
2025-12-13 22:43:41.597 [http-nio-8080-exec-10] DEBUG c.z.e.m.m.a.AdminMapper.selectById - ==>  Preparing: SELECT admin_id,admin_account,admin_username,admin_email,admin_phone,admin_password,admin_image,admin_introduce,admin_state,admin_login_time,deleted FROM admin_admin WHERE admin_id=? AND deleted=0
2025-12-13 22:43:41.598 [http-nio-8080-exec-10] DEBUG c.z.e.m.m.a.AdminMapper.selectById - ==> Parameters: 1(Integer)
2025-12-13 22:43:41.628 [http-nio-8080-exec-5] DEBUG c.z.e.m.m.a.AdminMapper.selectById - <==      Total: 1
2025-12-13 22:43:41.628 [http-nio-8080-exec-5] DEBUG c.z.e.m.m.a.A.findAdminInfoById - ==>  Preparing: select * from admin_admin left join admin_admin_role on admin_admin.admin_id = admin_admin_role.adminId left join admin_role on admin_admin_role.roleId = admin_role.role_id left join admin_role_permission on admin_role.role_id = admin_role.role_id left join admin_permission on admin_role_permission.permissionId = admin_permission.permission_id where admin_admin.admin_id = ? and admin_admin.deleted = 0
2025-12-13 22:43:41.629 [http-nio-8080-exec-5] DEBUG c.z.e.m.m.a.A.findAdminInfoById - ==> Parameters: 1(Integer)
2025-12-13 22:43:41.636 [http-nio-8080-exec-10] DEBUG c.z.e.m.m.a.AdminMapper.selectById - <==      Total: 1
2025-12-13 22:43:41.637 [http-nio-8080-exec-10] DEBUG c.z.e.m.m.a.A.findAdminInfoById - ==>  Preparing: select * from admin_admin left join admin_admin_role on admin_admin.admin_id = admin_admin_role.adminId left join admin_role on admin_admin_role.roleId = admin_role.role_id left join admin_role_permission on admin_role.role_id = admin_role.role_id left join admin_permission on admin_role_permission.permissionId = admin_permission.permission_id where admin_admin.admin_id = ? and admin_admin.deleted = 0
2025-12-13 22:43:41.638 [http-nio-8080-exec-10] DEBUG c.z.e.m.m.a.A.findAdminInfoById - ==> Parameters: 1(Integer)
2025-12-13 22:43:41.666 [http-nio-8080-exec-5] DEBUG c.z.e.m.m.a.A.findAdminInfoById - <==      Total: 1
2025-12-13 22:43:41.677 [http-nio-8080-exec-10] DEBUG c.z.e.m.m.a.A.findAdminInfoById - <==      Total: 1
2025-12-13 22:43:41.711 [http-nio-8080-exec-5] DEBUG c.z.e.m.m.a.R.queryRecruitPositionPage - ==>  Preparing: SELECT rp.recruitPosition_id AS recruitPositionId, rp.recruitPosition_name AS recruitPositionName, rp.recruitPosition_industryCode AS recruitPositionIndustryCode, -- 连表字段：行业名称（从行业映射表查询） gim.industryMap_industryName AS recruitPositionIndustryName, rp.recruitPosition_minMonthSalary AS minMonthSalary, rp.recruitPosition_maxMonthSalary AS maxMonthSalary, rp.recruitPosition_weekWorkDayNum AS weekWorkDayNum, rp.recruitPosition_goodWelfare AS goodWelfare, rp.recruitPosition_createdTime AS createdTime, rp.recruitPosition_updatedTime AS updatedTime FROM general_recruitPosition rp -- 招聘岗位表别名rp -- 连表：通用行业映射表（别名gim），LEFT JOIN避免行业编码无效时丢失岗位数据 LEFT JOIN general_industryMap gim ON rp.recruitPosition_industryCode = gim.industryMap_industryCode ORDER BY rp.recruitPosition_updatedTime DESC
2025-12-13 22:43:41.712 [http-nio-8080-exec-5] DEBUG c.z.e.m.m.a.R.queryRecruitPositionPage - ==> Parameters: 
2025-12-13 22:43:41.713 [http-nio-8080-exec-10] DEBUG c.z.e.m.m.a.I.selectList - ==>  Preparing: SELECT industryMap_industryCode,industryMap_industryName,industryMap_createdTime AS createdTime,industryMap_updatedTime AS updatedTime FROM general_industryMap
2025-12-13 22:43:41.714 [http-nio-8080-exec-10] DEBUG c.z.e.m.m.a.I.selectList - ==> Parameters: 
2025-12-13 22:43:41.749 [http-nio-8080-exec-10] DEBUG c.z.e.m.m.a.I.selectList - <==      Total: 2
2025-12-13 22:43:41.749 [http-nio-8080-exec-5] DEBUG c.z.e.m.m.a.R.queryRecruitPositionPage - <==      Total: 1
2025-12-13 22:45:44.660 [http-nio-8080-exec-2] DEBUG c.z.e.m.m.a.AdminMapper.selectById - ==>  Preparing: SELECT admin_id,admin_account,admin_username,admin_email,admin_phone,admin_password,admin_image,admin_introduce,admin_state,admin_login_time,deleted FROM admin_admin WHERE admin_id=? AND deleted=0
2025-12-13 22:45:44.662 [http-nio-8080-exec-2] DEBUG c.z.e.m.m.a.AdminMapper.selectById - ==> Parameters: 1(Integer)
2025-12-13 22:45:44.700 [http-nio-8080-exec-2] DEBUG c.z.e.m.m.a.AdminMapper.selectById - <==      Total: 1
2025-12-13 22:45:44.701 [http-nio-8080-exec-2] DEBUG c.z.e.m.m.a.A.findAdminInfoById - ==>  Preparing: select * from admin_admin left join admin_admin_role on admin_admin.admin_id = admin_admin_role.adminId left join admin_role on admin_admin_role.roleId = admin_role.role_id left join admin_role_permission on admin_role.role_id = admin_role.role_id left join admin_permission on admin_role_permission.permissionId = admin_permission.permission_id where admin_admin.admin_id = ? and admin_admin.deleted = 0
2025-12-13 22:45:44.702 [http-nio-8080-exec-2] DEBUG c.z.e.m.m.a.A.findAdminInfoById - ==> Parameters: 1(Integer)
2025-12-13 22:45:44.740 [http-nio-8080-exec-2] DEBUG c.z.e.m.m.a.A.findAdminInfoById - <==      Total: 1
2025-12-13 22:45:44.782 [http-nio-8080-exec-2] DEBUG c.z.e.m.m.a.E.selectList - ==>  Preparing: SELECT employmentInformation_id,employmentInformation_code,employmentInformation_companyName,employmentInformation_industryCategories,employmentInformation_companyType,employmentInformation_batch,employmentInformation_recruitPosition,employmentInformation_recruitObject,employmentInformation_recruitLocationFirst,employmentInformation_recruitLocationSecond,employmentInformation_recruitLocationDetail,employmentInformation_startTime,employmentInformation_stopTime,employmentInformation_updatedTime,employmentInformation_onlineApplicationStatus,employmentInformation_officialAnnouncement,employmentInformation_submissionWay,employmentInformation_employeeReferralCode,deleted FROM general_employmentInformation WHERE deleted=0 AND (deleted = ?)
2025-12-13 22:45:44.783 [http-nio-8080-exec-2] DEBUG c.z.e.m.m.a.E.selectList - ==> Parameters: 0(Integer)
2025-12-13 22:45:44.819 [http-nio-8080-exec-2] DEBUG c.z.e.m.m.a.E.selectList - <==      Total: 0
2025-12-13 22:51:35.899 [http-nio-8080-exec-5] INFO  o.s.api.AbstractOpenApiResource - Init duration for springdoc-openapi is: 15814 ms
2025-12-13 22:51:49.033 [http-nio-8080-exec-1] DEBUG c.z.e.m.m.a.AdminMapper.selectById - ==>  Preparing: SELECT admin_id,admin_account,admin_username,admin_email,admin_phone,admin_password,admin_image,admin_introduce,admin_state,admin_login_time,deleted FROM admin_admin WHERE admin_id=? AND deleted=0
2025-12-13 22:51:49.034 [http-nio-8080-exec-1] DEBUG c.z.e.m.m.a.AdminMapper.selectById - ==> Parameters: 1(Integer)
2025-12-13 22:51:49.074 [http-nio-8080-exec-1] DEBUG c.z.e.m.m.a.AdminMapper.selectById - <==      Total: 1
2025-12-13 22:51:49.075 [http-nio-8080-exec-1] DEBUG c.z.e.m.m.a.A.findAdminInfoById - ==>  Preparing: select * from admin_admin left join admin_admin_role on admin_admin.admin_id = admin_admin_role.adminId left join admin_role on admin_admin_role.roleId = admin_role.role_id left join admin_role_permission on admin_role.role_id = admin_role.role_id left join admin_permission on admin_role_permission.permissionId = admin_permission.permission_id where admin_admin.admin_id = ? and admin_admin.deleted = 0
2025-12-13 22:51:49.076 [http-nio-8080-exec-1] DEBUG c.z.e.m.m.a.A.findAdminInfoById - ==> Parameters: 1(Integer)
2025-12-13 22:51:49.115 [http-nio-8080-exec-1] DEBUG c.z.e.m.m.a.A.findAdminInfoById - <==      Total: 1
2025-12-13 22:51:49.163 [http-nio-8080-exec-1] DEBUG c.z.e.m.m.a.E.selectList - ==>  Preparing: SELECT employmentInformation_id,employmentInformation_code,employmentInformation_companyName,employmentInformation_industryCategories,employmentInformation_companyType,employmentInformation_batch,employmentInformation_recruitPosition,employmentInformation_recruitObject,employmentInformation_recruitLocationFirst,employmentInformation_recruitLocationSecond,employmentInformation_recruitLocationDetail,employmentInformation_startTime,employmentInformation_stopTime,employmentInformation_updatedTime,employmentInformation_onlineApplicationStatus,employmentInformation_officialAnnouncement,employmentInformation_submissionWay,employmentInformation_employeeReferralCode,deleted FROM general_employmentInformation WHERE deleted=0 AND (deleted = ?)
2025-12-13 22:51:49.163 [http-nio-8080-exec-1] DEBUG c.z.e.m.m.a.E.selectList - ==> Parameters: 0(Integer)
2025-12-13 22:51:49.198 [http-nio-8080-exec-1] DEBUG c.z.e.m.m.a.E.selectList - <==      Total: 0
2025-12-13 22:58:47.600 [http-nio-8080-exec-7] DEBUG c.z.e.m.m.a.AdminMapper.selectById - ==>  Preparing: SELECT admin_id,admin_account,admin_username,admin_email,admin_phone,admin_password,admin_image,admin_introduce,admin_state,admin_login_time,deleted FROM admin_admin WHERE admin_id=? AND deleted=0
2025-12-13 22:58:47.600 [http-nio-8080-exec-5] DEBUG c.z.e.m.m.a.AdminMapper.selectById - ==>  Preparing: SELECT admin_id,admin_account,admin_username,admin_email,admin_phone,admin_password,admin_image,admin_introduce,admin_state,admin_login_time,deleted FROM admin_admin WHERE admin_id=? AND deleted=0
2025-12-13 22:58:47.601 [http-nio-8080-exec-5] DEBUG c.z.e.m.m.a.AdminMapper.selectById - ==> Parameters: 1(Integer)
2025-12-13 22:58:47.601 [http-nio-8080-exec-7] DEBUG c.z.e.m.m.a.AdminMapper.selectById - ==> Parameters: 1(Integer)
2025-12-13 22:58:47.602 [http-nio-8080-exec-6] DEBUG c.z.e.m.m.a.AdminMapper.selectById - ==>  Preparing: SELECT admin_id,admin_account,admin_username,admin_email,admin_phone,admin_password,admin_image,admin_introduce,admin_state,admin_login_time,deleted FROM admin_admin WHERE admin_id=? AND deleted=0
2025-12-13 22:58:47.602 [http-nio-8080-exec-6] DEBUG c.z.e.m.m.a.AdminMapper.selectById - ==> Parameters: 1(Integer)
2025-12-13 22:58:47.637 [http-nio-8080-exec-5] DEBUG c.z.e.m.m.a.AdminMapper.selectById - <==      Total: 1
2025-12-13 22:58:47.637 [http-nio-8080-exec-7] DEBUG c.z.e.m.m.a.AdminMapper.selectById - <==      Total: 1
2025-12-13 22:58:47.637 [http-nio-8080-exec-1] DEBUG c.z.e.m.m.a.AdminMapper.selectById - ==>  Preparing: SELECT admin_id,admin_account,admin_username,admin_email,admin_phone,admin_password,admin_image,admin_introduce,admin_state,admin_login_time,deleted FROM admin_admin WHERE admin_id=? AND deleted=0
2025-12-13 22:58:47.639 [http-nio-8080-exec-6] DEBUG c.z.e.m.m.a.AdminMapper.selectById - <==      Total: 1
2025-12-13 22:58:47.639 [http-nio-8080-exec-7] DEBUG c.z.e.m.m.a.A.findAdminInfoById - ==>  Preparing: select * from admin_admin left join admin_admin_role on admin_admin.admin_id = admin_admin_role.adminId left join admin_role on admin_admin_role.roleId = admin_role.role_id left join admin_role_permission on admin_role.role_id = admin_role.role_id left join admin_permission on admin_role_permission.permissionId = admin_permission.permission_id where admin_admin.admin_id = ? and admin_admin.deleted = 0
2025-12-13 22:58:47.639 [http-nio-8080-exec-6] DEBUG c.z.e.m.m.a.A.findAdminInfoById - ==>  Preparing: select * from admin_admin left join admin_admin_role on admin_admin.admin_id = admin_admin_role.adminId left join admin_role on admin_admin_role.roleId = admin_role.role_id left join admin_role_permission on admin_role.role_id = admin_role.role_id left join admin_permission on admin_role_permission.permissionId = admin_permission.permission_id where admin_admin.admin_id = ? and admin_admin.deleted = 0
2025-12-13 22:58:47.639 [http-nio-8080-exec-1] DEBUG c.z.e.m.m.a.AdminMapper.selectById - ==> Parameters: 1(Integer)
2025-12-13 22:58:47.639 [http-nio-8080-exec-5] DEBUG c.z.e.m.m.a.A.findAdminInfoById - ==>  Preparing: select * from admin_admin left join admin_admin_role on admin_admin.admin_id = admin_admin_role.adminId left join admin_role on admin_admin_role.roleId = admin_role.role_id left join admin_role_permission on admin_role.role_id = admin_role.role_id left join admin_permission on admin_role_permission.permissionId = admin_permission.permission_id where admin_admin.admin_id = ? and admin_admin.deleted = 0
2025-12-13 22:58:47.639 [http-nio-8080-exec-6] DEBUG c.z.e.m.m.a.A.findAdminInfoById - ==> Parameters: 1(Integer)
2025-12-13 22:58:47.639 [http-nio-8080-exec-7] DEBUG c.z.e.m.m.a.A.findAdminInfoById - ==> Parameters: 1(Integer)
2025-12-13 22:58:47.639 [http-nio-8080-exec-5] DEBUG c.z.e.m.m.a.A.findAdminInfoById - ==> Parameters: 1(Integer)
2025-12-13 22:58:47.676 [http-nio-8080-exec-1] DEBUG c.z.e.m.m.a.AdminMapper.selectById - <==      Total: 1
2025-12-13 22:58:47.676 [http-nio-8080-exec-6] DEBUG c.z.e.m.m.a.A.findAdminInfoById - <==      Total: 1
2025-12-13 22:58:47.677 [http-nio-8080-exec-1] DEBUG c.z.e.m.m.a.A.findAdminInfoById - ==>  Preparing: select * from admin_admin left join admin_admin_role on admin_admin.admin_id = admin_admin_role.adminId left join admin_role on admin_admin_role.roleId = admin_role.role_id left join admin_role_permission on admin_role.role_id = admin_role.role_id left join admin_permission on admin_role_permission.permissionId = admin_permission.permission_id where admin_admin.admin_id = ? and admin_admin.deleted = 0
2025-12-13 22:58:47.677 [http-nio-8080-exec-7] DEBUG c.z.e.m.m.a.A.findAdminInfoById - <==      Total: 1
2025-12-13 22:58:47.677 [http-nio-8080-exec-1] DEBUG c.z.e.m.m.a.A.findAdminInfoById - ==> Parameters: 1(Integer)
2025-12-13 22:58:47.683 [http-nio-8080-exec-5] DEBUG c.z.e.m.m.a.A.findAdminInfoById - <==      Total: 1
2025-12-13 22:58:47.712 [http-nio-8080-exec-6] DEBUG c.z.e.m.m.a.P.selectList - ==>  Preparing: SELECT provinceMap_pid,provinceMap_pname FROM general_provinceMap
2025-12-13 22:58:47.712 [http-nio-8080-exec-7] DEBUG c.z.e.m.m.a.I.selectList - ==>  Preparing: SELECT industryMap_industryCode,industryMap_industryName,industryMap_createdTime AS createdTime,industryMap_updatedTime AS updatedTime FROM general_industryMap
2025-12-13 22:58:47.713 [http-nio-8080-exec-6] DEBUG c.z.e.m.m.a.P.selectList - ==> Parameters: 
2025-12-13 22:58:47.713 [http-nio-8080-exec-7] DEBUG c.z.e.m.m.a.I.selectList - ==> Parameters: 
2025-12-13 22:58:47.720 [http-nio-8080-exec-5] DEBUG c.z.e.m.m.a.R.selectList - ==>  Preparing: SELECT recruitPosition_id AS recruitPositionId,recruitPosition_name,recruitPosition_createdTime AS createdTime,recruitPosition_updatedTime AS updatedTime,recruitPosition_industryCode,recruitPosition_minMonthSalary AS minMonthSalary,recruitPosition_maxMonthSalary AS maxMonthSalary,recruitPosition_weekWorkDayNum AS weekWorkDayNum,recruitPosition_goodWelfare AS goodWelfare FROM general_recruitPosition
2025-12-13 22:58:47.720 [http-nio-8080-exec-5] DEBUG c.z.e.m.m.a.R.selectList - ==> Parameters: 
2025-12-13 22:58:47.724 [http-nio-8080-exec-1] DEBUG c.z.e.m.m.a.A.findAdminInfoById - <==      Total: 1
2025-12-13 22:58:47.749 [http-nio-8080-exec-7] DEBUG c.z.e.m.m.a.I.selectList - <==      Total: 2
2025-12-13 22:58:47.749 [http-nio-8080-exec-6] DEBUG c.z.e.m.m.a.P.selectList - <==      Total: 34
2025-12-13 22:58:47.757 [http-nio-8080-exec-5] DEBUG c.z.e.m.m.a.R.selectList - <==      Total: 1
2025-12-13 22:58:47.769 [http-nio-8080-exec-1] DEBUG c.z.e.m.m.a.E.selectList - ==>  Preparing: SELECT employmentInformation_id,employmentInformation_code,employmentInformation_companyName,employmentInformation_industryCategories,employmentInformation_companyType,employmentInformation_batch,employmentInformation_recruitPosition,employmentInformation_recruitObject,employmentInformation_recruitLocationFirst,employmentInformation_recruitLocationSecond,employmentInformation_recruitLocationDetail,employmentInformation_startTime,employmentInformation_stopTime,employmentInformation_updatedTime,employmentInformation_onlineApplicationStatus,employmentInformation_officialAnnouncement,employmentInformation_submissionWay,employmentInformation_employeeReferralCode,deleted FROM general_employmentInformation WHERE deleted=0 AND (deleted = ?)
2025-12-13 22:58:47.770 [http-nio-8080-exec-1] DEBUG c.z.e.m.m.a.E.selectList - ==> Parameters: 0(Integer)
2025-12-13 22:58:47.806 [http-nio-8080-exec-1] DEBUG c.z.e.m.m.a.E.selectList - <==      Total: 0
2025-12-13 23:14:05.906 [http-nio-8080-exec-2] DEBUG c.z.e.m.m.a.AdminMapper.selectById - ==>  Preparing: SELECT admin_id,admin_account,admin_username,admin_email,admin_phone,admin_password,admin_image,admin_introduce,admin_state,admin_login_time,deleted FROM admin_admin WHERE admin_id=? AND deleted=0
2025-12-13 23:14:05.906 [http-nio-8080-exec-2] DEBUG c.z.e.m.m.a.AdminMapper.selectById - ==> Parameters: 1(Integer)
2025-12-13 23:14:05.945 [http-nio-8080-exec-2] DEBUG c.z.e.m.m.a.AdminMapper.selectById - <==      Total: 1
2025-12-13 23:14:05.967 [http-nio-8080-exec-2] DEBUG c.z.e.m.m.a.A.findAdminInfoById - ==>  Preparing: select * from admin_admin left join admin_admin_role on admin_admin.admin_id = admin_admin_role.adminId left join admin_role on admin_admin_role.roleId = admin_role.role_id left join admin_role_permission on admin_role.role_id = admin_role.role_id left join admin_permission on admin_role_permission.permissionId = admin_permission.permission_id where admin_admin.admin_id = ? and admin_admin.deleted = 0
2025-12-13 23:14:05.969 [http-nio-8080-exec-2] DEBUG c.z.e.m.m.a.A.findAdminInfoById - ==> Parameters: 1(Integer)
2025-12-13 23:14:06.009 [http-nio-8080-exec-2] DEBUG c.z.e.m.m.a.A.findAdminInfoById - <==      Total: 1
2025-12-13 23:14:06.119 [http-nio-8080-exec-2] DEBUG c.z.e.m.m.a.E.selectList - ==>  Preparing: SELECT employmentInformation_id,employmentInformation_code,employmentInformation_companyName,employmentInformation_industryCategories,employmentInformation_companyType,employmentInformation_batch,employmentInformation_recruitPosition,employmentInformation_recruitObject,employmentInformation_recruitLocationFirst,employmentInformation_recruitLocationSecond,employmentInformation_recruitLocationDetail,employmentInformation_startTime,employmentInformation_stopTime,employmentInformation_updatedTime,employmentInformation_onlineApplicationStatus,employmentInformation_officialAnnouncement,employmentInformation_submissionWay,employmentInformation_employeeReferralCode,deleted FROM general_employmentInformation WHERE deleted=0 AND (deleted = ?)
2025-12-13 23:14:06.121 [http-nio-8080-exec-2] DEBUG c.z.e.m.m.a.E.selectList - ==> Parameters: 0(Integer)
2025-12-13 23:14:06.158 [http-nio-8080-exec-2] DEBUG c.z.e.m.m.a.E.selectList - <==      Total: 0
2025-12-13 23:14:13.856 [http-nio-8080-exec-8] DEBUG c.z.e.m.m.a.AdminMapper.selectById - ==>  Preparing: SELECT admin_id,admin_account,admin_username,admin_email,admin_phone,admin_password,admin_image,admin_introduce,admin_state,admin_login_time,deleted FROM admin_admin WHERE admin_id=? AND deleted=0
2025-12-13 23:14:13.858 [http-nio-8080-exec-8] DEBUG c.z.e.m.m.a.AdminMapper.selectById - ==> Parameters: 1(Integer)
2025-12-13 23:14:13.858 [http-nio-8080-exec-4] DEBUG c.z.e.m.m.a.AdminMapper.selectById - ==>  Preparing: SELECT admin_id,admin_account,admin_username,admin_email,admin_phone,admin_password,admin_image,admin_introduce,admin_state,admin_login_time,deleted FROM admin_admin WHERE admin_id=? AND deleted=0
2025-12-13 23:14:13.859 [http-nio-8080-exec-4] DEBUG c.z.e.m.m.a.AdminMapper.selectById - ==> Parameters: 1(Integer)
2025-12-13 23:14:13.896 [http-nio-8080-exec-8] DEBUG c.z.e.m.m.a.AdminMapper.selectById - <==      Total: 1
2025-12-13 23:14:13.897 [http-nio-8080-exec-4] DEBUG c.z.e.m.m.a.AdminMapper.selectById - <==      Total: 1
2025-12-13 23:14:13.897 [http-nio-8080-exec-4] DEBUG c.z.e.m.m.a.A.findAdminInfoById - ==>  Preparing: select * from admin_admin left join admin_admin_role on admin_admin.admin_id = admin_admin_role.adminId left join admin_role on admin_admin_role.roleId = admin_role.role_id left join admin_role_permission on admin_role.role_id = admin_role.role_id left join admin_permission on admin_role_permission.permissionId = admin_permission.permission_id where admin_admin.admin_id = ? and admin_admin.deleted = 0
2025-12-13 23:14:13.897 [http-nio-8080-exec-8] DEBUG c.z.e.m.m.a.A.findAdminInfoById - ==>  Preparing: select * from admin_admin left join admin_admin_role on admin_admin.admin_id = admin_admin_role.adminId left join admin_role on admin_admin_role.roleId = admin_role.role_id left join admin_role_permission on admin_role.role_id = admin_role.role_id left join admin_permission on admin_role_permission.permissionId = admin_permission.permission_id where admin_admin.admin_id = ? and admin_admin.deleted = 0
2025-12-13 23:14:13.898 [http-nio-8080-exec-8] DEBUG c.z.e.m.m.a.A.findAdminInfoById - ==> Parameters: 1(Integer)
2025-12-13 23:14:13.900 [http-nio-8080-exec-4] DEBUG c.z.e.m.m.a.A.findAdminInfoById - ==> Parameters: 1(Integer)
2025-12-13 23:14:13.923 [http-nio-8080-exec-9] DEBUG c.z.e.m.m.a.AdminMapper.selectById - ==>  Preparing: SELECT admin_id,admin_account,admin_username,admin_email,admin_phone,admin_password,admin_image,admin_introduce,admin_state,admin_login_time,deleted FROM admin_admin WHERE admin_id=? AND deleted=0
2025-12-13 23:14:13.924 [http-nio-8080-exec-9] DEBUG c.z.e.m.m.a.AdminMapper.selectById - ==> Parameters: 1(Integer)
2025-12-13 23:14:13.947 [http-nio-8080-exec-4] DEBUG c.z.e.m.m.a.A.findAdminInfoById - <==      Total: 1
2025-12-13 23:14:13.962 [http-nio-8080-exec-9] DEBUG c.z.e.m.m.a.AdminMapper.selectById - <==      Total: 1
2025-12-13 23:14:13.963 [http-nio-8080-exec-9] DEBUG c.z.e.m.m.a.A.findAdminInfoById - ==>  Preparing: select * from admin_admin left join admin_admin_role on admin_admin.admin_id = admin_admin_role.adminId left join admin_role on admin_admin_role.roleId = admin_role.role_id left join admin_role_permission on admin_role.role_id = admin_role.role_id left join admin_permission on admin_role_permission.permissionId = admin_permission.permission_id where admin_admin.admin_id = ? and admin_admin.deleted = 0
2025-12-13 23:14:13.966 [http-nio-8080-exec-9] DEBUG c.z.e.m.m.a.A.findAdminInfoById - ==> Parameters: 1(Integer)
2025-12-13 23:14:13.989 [http-nio-8080-exec-8] DEBUG c.z.e.m.m.a.A.findAdminInfoById - <==      Total: 1
2025-12-13 23:14:14.039 [http-nio-8080-exec-4] DEBUG c.z.e.m.m.a.R.selectList - ==>  Preparing: SELECT recruitPosition_id AS recruitPositionId,recruitPosition_name,recruitPosition_createdTime AS createdTime,recruitPosition_updatedTime AS updatedTime,recruitPosition_industryCode,recruitPosition_minMonthSalary AS minMonthSalary,recruitPosition_maxMonthSalary AS maxMonthSalary,recruitPosition_weekWorkDayNum AS weekWorkDayNum,recruitPosition_goodWelfare AS goodWelfare FROM general_recruitPosition
2025-12-13 23:14:14.040 [http-nio-8080-exec-4] DEBUG c.z.e.m.m.a.R.selectList - ==> Parameters: 
2025-12-13 23:14:14.042 [http-nio-8080-exec-9] DEBUG c.z.e.m.m.a.A.findAdminInfoById - <==      Total: 1
2025-12-13 23:14:14.081 [http-nio-8080-exec-4] DEBUG c.z.e.m.m.a.R.selectList - <==      Total: 1
2025-12-13 23:14:14.155 [http-nio-8080-exec-8] DEBUG c.z.e.m.m.a.I.selectList - ==>  Preparing: SELECT industryMap_industryCode,industryMap_industryName,industryMap_createdTime AS createdTime,industryMap_updatedTime AS updatedTime FROM general_industryMap
2025-12-13 23:14:14.156 [http-nio-8080-exec-8] DEBUG c.z.e.m.m.a.I.selectList - ==> Parameters: 
2025-12-13 23:14:14.190 [http-nio-8080-exec-9] DEBUG c.z.e.m.m.a.E.selectList - ==>  Preparing: SELECT employmentInformation_id,employmentInformation_code,employmentInformation_companyName,employmentInformation_industryCategories,employmentInformation_companyType,employmentInformation_batch,employmentInformation_recruitPosition,employmentInformation_recruitObject,employmentInformation_recruitLocationFirst,employmentInformation_recruitLocationSecond,employmentInformation_recruitLocationDetail,employmentInformation_startTime,employmentInformation_stopTime,employmentInformation_updatedTime,employmentInformation_onlineApplicationStatus,employmentInformation_officialAnnouncement,employmentInformation_submissionWay,employmentInformation_employeeReferralCode,deleted FROM general_employmentInformation WHERE deleted=0 AND (deleted = ?)
2025-12-13 23:14:14.191 [http-nio-8080-exec-9] DEBUG c.z.e.m.m.a.E.selectList - ==> Parameters: 0(Integer)
2025-12-13 23:14:14.195 [http-nio-8080-exec-8] DEBUG c.z.e.m.m.a.I.selectList - <==      Total: 2
2025-12-13 23:14:14.238 [http-nio-8080-exec-9] DEBUG c.z.e.m.m.a.E.selectList - <==      Total: 0
2025-12-13 23:14:14.314 [http-nio-8080-exec-3] DEBUG c.z.e.m.m.a.AdminMapper.selectById - ==>  Preparing: SELECT admin_id,admin_account,admin_username,admin_email,admin_phone,admin_password,admin_image,admin_introduce,admin_state,admin_login_time,deleted FROM admin_admin WHERE admin_id=? AND deleted=0
2025-12-13 23:14:14.318 [http-nio-8080-exec-3] DEBUG c.z.e.m.m.a.AdminMapper.selectById - ==> Parameters: 1(Integer)
2025-12-13 23:14:14.355 [http-nio-8080-exec-3] DEBUG c.z.e.m.m.a.AdminMapper.selectById - <==      Total: 1
2025-12-13 23:14:14.358 [http-nio-8080-exec-3] DEBUG c.z.e.m.m.a.A.findAdminInfoById - ==>  Preparing: select * from admin_admin left join admin_admin_role on admin_admin.admin_id = admin_admin_role.adminId left join admin_role on admin_admin_role.roleId = admin_role.role_id left join admin_role_permission on admin_role.role_id = admin_role.role_id left join admin_permission on admin_role_permission.permissionId = admin_permission.permission_id where admin_admin.admin_id = ? and admin_admin.deleted = 0
2025-12-13 23:14:14.372 [http-nio-8080-exec-3] DEBUG c.z.e.m.m.a.A.findAdminInfoById - ==> Parameters: 1(Integer)
2025-12-13 23:14:14.425 [http-nio-8080-exec-3] DEBUG c.z.e.m.m.a.A.findAdminInfoById - <==      Total: 1
2025-12-13 23:14:14.519 [http-nio-8080-exec-3] DEBUG c.z.e.m.m.a.P.selectList - ==>  Preparing: SELECT provinceMap_pid,provinceMap_pname FROM general_provinceMap
2025-12-13 23:14:14.520 [http-nio-8080-exec-3] DEBUG c.z.e.m.m.a.P.selectList - ==> Parameters: 
2025-12-13 23:14:14.561 [http-nio-8080-exec-3] DEBUG c.z.e.m.m.a.P.selectList - <==      Total: 34
2025-12-13 23:17:03.320 [http-nio-8080-exec-7] DEBUG c.z.e.m.m.a.AdminMapper.selectById - ==>  Preparing: SELECT admin_id,admin_account,admin_username,admin_email,admin_phone,admin_password,admin_image,admin_introduce,admin_state,admin_login_time,deleted FROM admin_admin WHERE admin_id=? AND deleted=0
2025-12-13 23:17:03.321 [http-nio-8080-exec-7] DEBUG c.z.e.m.m.a.AdminMapper.selectById - ==> Parameters: 1(Integer)
2025-12-13 23:17:03.325 [http-nio-8080-exec-6] DEBUG c.z.e.m.m.a.AdminMapper.selectById - ==>  Preparing: SELECT admin_id,admin_account,admin_username,admin_email,admin_phone,admin_password,admin_image,admin_introduce,admin_state,admin_login_time,deleted FROM admin_admin WHERE admin_id=? AND deleted=0
2025-12-13 23:17:03.326 [http-nio-8080-exec-6] DEBUG c.z.e.m.m.a.AdminMapper.selectById - ==> Parameters: 1(Integer)
2025-12-13 23:17:03.358 [http-nio-8080-exec-7] DEBUG c.z.e.m.m.a.AdminMapper.selectById - <==      Total: 1
2025-12-13 23:17:03.360 [http-nio-8080-exec-7] DEBUG c.z.e.m.m.a.A.findAdminInfoById - ==>  Preparing: select * from admin_admin left join admin_admin_role on admin_admin.admin_id = admin_admin_role.adminId left join admin_role on admin_admin_role.roleId = admin_role.role_id left join admin_role_permission on admin_role.role_id = admin_role.role_id left join admin_permission on admin_role_permission.permissionId = admin_permission.permission_id where admin_admin.admin_id = ? and admin_admin.deleted = 0
2025-12-13 23:17:03.360 [http-nio-8080-exec-7] DEBUG c.z.e.m.m.a.A.findAdminInfoById - ==> Parameters: 1(Integer)
2025-12-13 23:17:03.362 [http-nio-8080-exec-6] DEBUG c.z.e.m.m.a.AdminMapper.selectById - <==      Total: 1
2025-12-13 23:17:03.363 [http-nio-8080-exec-6] DEBUG c.z.e.m.m.a.A.findAdminInfoById - ==>  Preparing: select * from admin_admin left join admin_admin_role on admin_admin.admin_id = admin_admin_role.adminId left join admin_role on admin_admin_role.roleId = admin_role.role_id left join admin_role_permission on admin_role.role_id = admin_role.role_id left join admin_permission on admin_role_permission.permissionId = admin_permission.permission_id where admin_admin.admin_id = ? and admin_admin.deleted = 0
2025-12-13 23:17:03.363 [http-nio-8080-exec-6] DEBUG c.z.e.m.m.a.A.findAdminInfoById - ==> Parameters: 1(Integer)
2025-12-13 23:17:03.400 [http-nio-8080-exec-7] DEBUG c.z.e.m.m.a.A.findAdminInfoById - <==      Total: 1
2025-12-13 23:17:03.406 [http-nio-8080-exec-6] DEBUG c.z.e.m.m.a.A.findAdminInfoById - <==      Total: 1
2025-12-13 23:17:03.425 [http-nio-8080-exec-10] DEBUG c.z.e.m.m.a.AdminMapper.selectById - ==>  Preparing: SELECT admin_id,admin_account,admin_username,admin_email,admin_phone,admin_password,admin_image,admin_introduce,admin_state,admin_login_time,deleted FROM admin_admin WHERE admin_id=? AND deleted=0
2025-12-13 23:17:03.425 [http-nio-8080-exec-10] DEBUG c.z.e.m.m.a.AdminMapper.selectById - ==> Parameters: 1(Integer)
2025-12-13 23:17:03.427 [http-nio-8080-exec-5] DEBUG c.z.e.m.m.a.AdminMapper.selectById - ==>  Preparing: SELECT admin_id,admin_account,admin_username,admin_email,admin_phone,admin_password,admin_image,admin_introduce,admin_state,admin_login_time,deleted FROM admin_admin WHERE admin_id=? AND deleted=0
2025-12-13 23:17:03.428 [http-nio-8080-exec-5] DEBUG c.z.e.m.m.a.AdminMapper.selectById - ==> Parameters: 1(Integer)
2025-12-13 23:17:03.466 [http-nio-8080-exec-10] DEBUG c.z.e.m.m.a.AdminMapper.selectById - <==      Total: 1
2025-12-13 23:17:03.469 [http-nio-8080-exec-10] DEBUG c.z.e.m.m.a.A.findAdminInfoById - ==>  Preparing: select * from admin_admin left join admin_admin_role on admin_admin.admin_id = admin_admin_role.adminId left join admin_role on admin_admin_role.roleId = admin_role.role_id left join admin_role_permission on admin_role.role_id = admin_role.role_id left join admin_permission on admin_role_permission.permissionId = admin_permission.permission_id where admin_admin.admin_id = ? and admin_admin.deleted = 0
2025-12-13 23:17:03.469 [http-nio-8080-exec-10] DEBUG c.z.e.m.m.a.A.findAdminInfoById - ==> Parameters: 1(Integer)
2025-12-13 23:17:03.471 [http-nio-8080-exec-5] DEBUG c.z.e.m.m.a.AdminMapper.selectById - <==      Total: 1
2025-12-13 23:17:03.472 [http-nio-8080-exec-5] DEBUG c.z.e.m.m.a.A.findAdminInfoById - ==>  Preparing: select * from admin_admin left join admin_admin_role on admin_admin.admin_id = admin_admin_role.adminId left join admin_role on admin_admin_role.roleId = admin_role.role_id left join admin_role_permission on admin_role.role_id = admin_role.role_id left join admin_permission on admin_role_permission.permissionId = admin_permission.permission_id where admin_admin.admin_id = ? and admin_admin.deleted = 0
2025-12-13 23:17:03.475 [http-nio-8080-exec-5] DEBUG c.z.e.m.m.a.A.findAdminInfoById - ==> Parameters: 1(Integer)
2025-12-13 23:17:03.496 [http-nio-8080-exec-6] DEBUG c.z.e.m.m.a.R.selectList - ==>  Preparing: SELECT recruitPosition_id AS recruitPositionId,recruitPosition_name,recruitPosition_createdTime AS createdTime,recruitPosition_updatedTime AS updatedTime,recruitPosition_industryCode,recruitPosition_minMonthSalary AS minMonthSalary,recruitPosition_maxMonthSalary AS maxMonthSalary,recruitPosition_weekWorkDayNum AS weekWorkDayNum,recruitPosition_goodWelfare AS goodWelfare FROM general_recruitPosition
2025-12-13 23:17:03.497 [http-nio-8080-exec-6] DEBUG c.z.e.m.m.a.R.selectList - ==> Parameters: 
2025-12-13 23:17:03.512 [http-nio-8080-exec-5] DEBUG c.z.e.m.m.a.A.findAdminInfoById - <==      Total: 1
2025-12-13 23:17:03.512 [http-nio-8080-exec-10] DEBUG c.z.e.m.m.a.A.findAdminInfoById - <==      Total: 1
2025-12-13 23:17:03.534 [http-nio-8080-exec-6] DEBUG c.z.e.m.m.a.R.selectList - <==      Total: 1
2025-12-13 23:17:03.551 [http-nio-8080-exec-5] DEBUG c.z.e.m.m.a.P.selectList - ==>  Preparing: SELECT provinceMap_pid,provinceMap_pname FROM general_provinceMap
2025-12-13 23:17:03.551 [http-nio-8080-exec-5] DEBUG c.z.e.m.m.a.P.selectList - ==> Parameters: 
2025-12-13 23:17:03.593 [http-nio-8080-exec-5] DEBUG c.z.e.m.m.a.P.selectList - <==      Total: 34
2025-12-13 23:17:03.695 [http-nio-8080-exec-10] DEBUG c.z.e.m.m.a.I.selectList - ==>  Preparing: SELECT industryMap_industryCode,industryMap_industryName,industryMap_createdTime AS createdTime,industryMap_updatedTime AS updatedTime FROM general_industryMap
2025-12-13 23:17:03.696 [http-nio-8080-exec-10] DEBUG c.z.e.m.m.a.I.selectList - ==> Parameters: 
2025-12-13 23:17:03.701 [http-nio-8080-exec-7] DEBUG c.z.e.m.m.a.E.selectList - ==>  Preparing: SELECT employmentInformation_id,employmentInformation_code,employmentInformation_companyName,employmentInformation_industryCategories,employmentInformation_companyType,employmentInformation_batch,employmentInformation_recruitPosition,employmentInformation_recruitObject,employmentInformation_recruitLocationFirst,employmentInformation_recruitLocationSecond,employmentInformation_recruitLocationDetail,employmentInformation_startTime,employmentInformation_stopTime,employmentInformation_updatedTime,employmentInformation_onlineApplicationStatus,employmentInformation_officialAnnouncement,employmentInformation_submissionWay,employmentInformation_employeeReferralCode,deleted FROM general_employmentInformation WHERE deleted=0 AND (deleted = ?)
2025-12-13 23:17:03.702 [http-nio-8080-exec-7] DEBUG c.z.e.m.m.a.E.selectList - ==> Parameters: 0(Integer)
2025-12-13 23:17:03.742 [http-nio-8080-exec-10] DEBUG c.z.e.m.m.a.I.selectList - <==      Total: 2
2025-12-13 23:17:03.909 [http-nio-8080-exec-7] DEBUG c.z.e.m.m.a.E.selectList - <==      Total: 0
2025-12-13 23:21:03.686 [http-nio-8080-exec-4] DEBUG c.z.e.m.m.a.AdminMapper.selectById - ==>  Preparing: SELECT admin_id,admin_account,admin_username,admin_email,admin_phone,admin_password,admin_image,admin_introduce,admin_state,admin_login_time,deleted FROM admin_admin WHERE admin_id=? AND deleted=0
2025-12-13 23:21:03.686 [http-nio-8080-exec-8] DEBUG c.z.e.m.m.a.AdminMapper.selectById - ==>  Preparing: SELECT admin_id,admin_account,admin_username,admin_email,admin_phone,admin_password,admin_image,admin_introduce,admin_state,admin_login_time,deleted FROM admin_admin WHERE admin_id=? AND deleted=0
2025-12-13 23:21:03.687 [http-nio-8080-exec-8] DEBUG c.z.e.m.m.a.AdminMapper.selectById - ==> Parameters: 1(Integer)
2025-12-13 23:21:03.687 [http-nio-8080-exec-4] DEBUG c.z.e.m.m.a.AdminMapper.selectById - ==> Parameters: 1(Integer)
2025-12-13 23:21:03.698 [http-nio-8080-exec-2] DEBUG c.z.e.m.m.a.AdminMapper.selectById - ==>  Preparing: SELECT admin_id,admin_account,admin_username,admin_email,admin_phone,admin_password,admin_image,admin_introduce,admin_state,admin_login_time,deleted FROM admin_admin WHERE admin_id=? AND deleted=0
2025-12-13 23:21:03.698 [http-nio-8080-exec-2] DEBUG c.z.e.m.m.a.AdminMapper.selectById - ==> Parameters: 1(Integer)
2025-12-13 23:21:03.701 [http-nio-8080-exec-1] DEBUG c.z.e.m.m.a.AdminMapper.selectById - ==>  Preparing: SELECT admin_id,admin_account,admin_username,admin_email,admin_phone,admin_password,admin_image,admin_introduce,admin_state,admin_login_time,deleted FROM admin_admin WHERE admin_id=? AND deleted=0
2025-12-13 23:21:03.702 [http-nio-8080-exec-1] DEBUG c.z.e.m.m.a.AdminMapper.selectById - ==> Parameters: 1(Integer)
2025-12-13 23:21:03.724 [http-nio-8080-exec-4] DEBUG c.z.e.m.m.a.AdminMapper.selectById - <==      Total: 1
2025-12-13 23:21:03.724 [http-nio-8080-exec-8] DEBUG c.z.e.m.m.a.AdminMapper.selectById - <==      Total: 1
2025-12-13 23:21:03.725 [http-nio-8080-exec-4] DEBUG c.z.e.m.m.a.A.findAdminInfoById - ==>  Preparing: select * from admin_admin left join admin_admin_role on admin_admin.admin_id = admin_admin_role.adminId left join admin_role on admin_admin_role.roleId = admin_role.role_id left join admin_role_permission on admin_role.role_id = admin_role.role_id left join admin_permission on admin_role_permission.permissionId = admin_permission.permission_id where admin_admin.admin_id = ? and admin_admin.deleted = 0
2025-12-13 23:21:03.725 [http-nio-8080-exec-8] DEBUG c.z.e.m.m.a.A.findAdminInfoById - ==>  Preparing: select * from admin_admin left join admin_admin_role on admin_admin.admin_id = admin_admin_role.adminId left join admin_role on admin_admin_role.roleId = admin_role.role_id left join admin_role_permission on admin_role.role_id = admin_role.role_id left join admin_permission on admin_role_permission.permissionId = admin_permission.permission_id where admin_admin.admin_id = ? and admin_admin.deleted = 0
2025-12-13 23:21:03.726 [http-nio-8080-exec-4] DEBUG c.z.e.m.m.a.A.findAdminInfoById - ==> Parameters: 1(Integer)
2025-12-13 23:21:03.726 [http-nio-8080-exec-8] DEBUG c.z.e.m.m.a.A.findAdminInfoById - ==> Parameters: 1(Integer)
2025-12-13 23:21:03.735 [http-nio-8080-exec-2] DEBUG c.z.e.m.m.a.AdminMapper.selectById - <==      Total: 1
2025-12-13 23:21:03.737 [http-nio-8080-exec-2] DEBUG c.z.e.m.m.a.A.findAdminInfoById - ==>  Preparing: select * from admin_admin left join admin_admin_role on admin_admin.admin_id = admin_admin_role.adminId left join admin_role on admin_admin_role.roleId = admin_role.role_id left join admin_role_permission on admin_role.role_id = admin_role.role_id left join admin_permission on admin_role_permission.permissionId = admin_permission.permission_id where admin_admin.admin_id = ? and admin_admin.deleted = 0
2025-12-13 23:21:03.737 [http-nio-8080-exec-2] DEBUG c.z.e.m.m.a.A.findAdminInfoById - ==> Parameters: 1(Integer)
2025-12-13 23:21:03.738 [http-nio-8080-exec-1] DEBUG c.z.e.m.m.a.AdminMapper.selectById - <==      Total: 1
2025-12-13 23:21:03.739 [http-nio-8080-exec-1] DEBUG c.z.e.m.m.a.A.findAdminInfoById - ==>  Preparing: select * from admin_admin left join admin_admin_role on admin_admin.admin_id = admin_admin_role.adminId left join admin_role on admin_admin_role.roleId = admin_role.role_id left join admin_role_permission on admin_role.role_id = admin_role.role_id left join admin_permission on admin_role_permission.permissionId = admin_permission.permission_id where admin_admin.admin_id = ? and admin_admin.deleted = 0
2025-12-13 23:21:03.739 [http-nio-8080-exec-1] DEBUG c.z.e.m.m.a.A.findAdminInfoById - ==> Parameters: 1(Integer)
2025-12-13 23:21:03.766 [http-nio-8080-exec-4] DEBUG c.z.e.m.m.a.A.findAdminInfoById - <==      Total: 1
2025-12-13 23:21:03.766 [http-nio-8080-exec-8] DEBUG c.z.e.m.m.a.A.findAdminInfoById - <==      Total: 1
2025-12-13 23:21:03.774 [http-nio-8080-exec-2] DEBUG c.z.e.m.m.a.A.findAdminInfoById - <==      Total: 1
2025-12-13 23:21:03.775 [http-nio-8080-exec-1] DEBUG c.z.e.m.m.a.A.findAdminInfoById - <==      Total: 1
2025-12-13 23:21:03.803 [http-nio-8080-exec-4] DEBUG c.z.e.m.m.a.P.selectList - ==>  Preparing: SELECT provinceMap_pid,provinceMap_pname FROM general_provinceMap
2025-12-13 23:21:03.804 [http-nio-8080-exec-4] DEBUG c.z.e.m.m.a.P.selectList - ==> Parameters: 
2025-12-13 23:21:03.804 [http-nio-8080-exec-8] DEBUG c.z.e.m.m.a.E.selectList - ==>  Preparing: SELECT employmentInformation_id,employmentInformation_code,employmentInformation_companyName,employmentInformation_industryCategories,employmentInformation_companyType,employmentInformation_batch,employmentInformation_recruitPosition,employmentInformation_recruitObject,employmentInformation_recruitLocationFirst,employmentInformation_recruitLocationSecond,employmentInformation_recruitLocationDetail,employmentInformation_startTime,employmentInformation_stopTime,employmentInformation_updatedTime,employmentInformation_onlineApplicationStatus,employmentInformation_officialAnnouncement,employmentInformation_submissionWay,employmentInformation_employeeReferralCode,deleted FROM general_employmentInformation WHERE deleted=0 AND (deleted = ?)
2025-12-13 23:21:03.804 [http-nio-8080-exec-8] DEBUG c.z.e.m.m.a.E.selectList - ==> Parameters: 0(Integer)
2025-12-13 23:21:03.812 [http-nio-8080-exec-2] DEBUG c.z.e.m.m.a.R.selectList - ==>  Preparing: SELECT recruitPosition_id AS recruitPositionId,recruitPosition_name,recruitPosition_createdTime AS createdTime,recruitPosition_updatedTime AS updatedTime,recruitPosition_industryCode,recruitPosition_minMonthSalary AS minMonthSalary,recruitPosition_maxMonthSalary AS maxMonthSalary,recruitPosition_weekWorkDayNum AS weekWorkDayNum,recruitPosition_goodWelfare AS goodWelfare FROM general_recruitPosition
2025-12-13 23:21:03.812 [http-nio-8080-exec-1] DEBUG c.z.e.m.m.a.I.selectList - ==>  Preparing: SELECT industryMap_industryCode,industryMap_industryName,industryMap_createdTime AS createdTime,industryMap_updatedTime AS updatedTime FROM general_industryMap
2025-12-13 23:21:03.813 [http-nio-8080-exec-1] DEBUG c.z.e.m.m.a.I.selectList - ==> Parameters: 
2025-12-13 23:21:03.813 [http-nio-8080-exec-2] DEBUG c.z.e.m.m.a.R.selectList - ==> Parameters: 
2025-12-13 23:21:03.840 [http-nio-8080-exec-8] DEBUG c.z.e.m.m.a.E.selectList - <==      Total: 0
2025-12-13 23:21:03.841 [http-nio-8080-exec-4] DEBUG c.z.e.m.m.a.P.selectList - <==      Total: 34
2025-12-13 23:21:03.849 [http-nio-8080-exec-1] DEBUG c.z.e.m.m.a.I.selectList - <==      Total: 2
2025-12-13 23:21:03.854 [http-nio-8080-exec-2] DEBUG c.z.e.m.m.a.R.selectList - <==      Total: 1
2025-12-13 23:21:59.879 [http-nio-8080-exec-9] DEBUG c.z.e.m.m.a.AdminMapper.selectById - ==>  Preparing: SELECT admin_id,admin_account,admin_username,admin_email,admin_phone,admin_password,admin_image,admin_introduce,admin_state,admin_login_time,deleted FROM admin_admin WHERE admin_id=? AND deleted=0
2025-12-13 23:21:59.879 [http-nio-8080-exec-9] DEBUG c.z.e.m.m.a.AdminMapper.selectById - ==> Parameters: 1(Integer)
2025-12-13 23:21:59.918 [http-nio-8080-exec-9] DEBUG c.z.e.m.m.a.AdminMapper.selectById - <==      Total: 1
2025-12-13 23:21:59.919 [http-nio-8080-exec-9] DEBUG c.z.e.m.m.a.A.findAdminInfoById - ==>  Preparing: select * from admin_admin left join admin_admin_role on admin_admin.admin_id = admin_admin_role.adminId left join admin_role on admin_admin_role.roleId = admin_role.role_id left join admin_role_permission on admin_role.role_id = admin_role.role_id left join admin_permission on admin_role_permission.permissionId = admin_permission.permission_id where admin_admin.admin_id = ? and admin_admin.deleted = 0
2025-12-13 23:21:59.921 [http-nio-8080-exec-9] DEBUG c.z.e.m.m.a.A.findAdminInfoById - ==> Parameters: 1(Integer)
2025-12-13 23:22:03.277 [http-nio-8080-exec-9] DEBUG c.z.e.m.m.a.A.findAdminInfoById - <==      Total: 1
2025-12-13 23:22:03.327 [http-nio-8080-exec-9] DEBUG c.z.e.m.m.a.I.selectList - ==>  Preparing: SELECT industryMap_industryCode,industryMap_industryName,industryMap_createdTime AS createdTime,industryMap_updatedTime AS updatedTime FROM general_industryMap
2025-12-13 23:22:03.327 [http-nio-8080-exec-9] DEBUG c.z.e.m.m.a.I.selectList - ==> Parameters: 
2025-12-13 23:22:03.364 [http-nio-8080-exec-9] DEBUG c.z.e.m.m.a.I.selectList - <==      Total: 2
2025-12-13 23:22:03.611 [http-nio-8080-exec-3] DEBUG c.z.e.m.m.a.AdminMapper.selectById - ==>  Preparing: SELECT admin_id,admin_account,admin_username,admin_email,admin_phone,admin_password,admin_image,admin_introduce,admin_state,admin_login_time,deleted FROM admin_admin WHERE admin_id=? AND deleted=0
2025-12-13 23:22:03.612 [http-nio-8080-exec-3] DEBUG c.z.e.m.m.a.AdminMapper.selectById - ==> Parameters: 1(Integer)
2025-12-13 23:22:03.651 [http-nio-8080-exec-3] DEBUG c.z.e.m.m.a.AdminMapper.selectById - <==      Total: 1
2025-12-13 23:22:03.655 [http-nio-8080-exec-3] DEBUG c.z.e.m.m.a.A.findAdminInfoById - ==>  Preparing: select * from admin_admin left join admin_admin_role on admin_admin.admin_id = admin_admin_role.adminId left join admin_role on admin_admin_role.roleId = admin_role.role_id left join admin_role_permission on admin_role.role_id = admin_role.role_id left join admin_permission on admin_role_permission.permissionId = admin_permission.permission_id where admin_admin.admin_id = ? and admin_admin.deleted = 0
2025-12-13 23:22:03.656 [http-nio-8080-exec-3] DEBUG c.z.e.m.m.a.A.findAdminInfoById - ==> Parameters: 1(Integer)
2025-12-13 23:22:03.693 [http-nio-8080-exec-3] DEBUG c.z.e.m.m.a.A.findAdminInfoById - <==      Total: 1
2025-12-13 23:22:03.745 [http-nio-8080-exec-3] DEBUG c.z.e.m.m.a.R.selectList - ==>  Preparing: SELECT resumeTemplate_id,resumeTemplate_name,resumeTemplate_reactCode,resumeTemplate_industry,resumeTemplate_isActive,resumeTemplate_createdTime,resumeTemplate_updatedTime,deleted FROM general_resumeTemplate WHERE deleted=0 AND (deleted = ?)
2025-12-13 23:22:03.823 [http-nio-8080-exec-3] DEBUG c.z.e.m.m.a.R.selectList - ==> Parameters: 0(Integer)
2025-12-13 23:22:21.578 [HikariPool-1 housekeeper] WARN  com.zaxxer.hikari.pool.HikariPool - HikariPool-1 - Thread starvation or clock leap detected (housekeeper delta=46s802ms166µs).
2025-12-13 23:22:21.578 [HikariPool-2 housekeeper] WARN  com.zaxxer.hikari.pool.HikariPool - HikariPool-2 - Thread starvation or clock leap detected (housekeeper delta=45s856ms85µs100ns).
2025-12-13 23:26:50.392 [http-nio-8080-exec-5] DEBUG c.z.e.m.m.a.AdminMapper.selectById - ==>  Preparing: SELECT admin_id,admin_account,admin_username,admin_email,admin_phone,admin_password,admin_image,admin_introduce,admin_state,admin_login_time,deleted FROM admin_admin WHERE admin_id=? AND deleted=0
2025-12-13 23:26:50.393 [http-nio-8080-exec-5] DEBUG c.z.e.m.m.a.AdminMapper.selectById - ==> Parameters: 1(Integer)
2025-12-13 23:26:50.429 [http-nio-8080-exec-5] DEBUG c.z.e.m.m.a.AdminMapper.selectById - <==      Total: 1
2025-12-13 23:26:50.430 [http-nio-8080-exec-5] DEBUG c.z.e.m.m.a.A.findAdminInfoById - ==>  Preparing: select * from admin_admin left join admin_admin_role on admin_admin.admin_id = admin_admin_role.adminId left join admin_role on admin_admin_role.roleId = admin_role.role_id left join admin_role_permission on admin_role.role_id = admin_role.role_id left join admin_permission on admin_role_permission.permissionId = admin_permission.permission_id where admin_admin.admin_id = ? and admin_admin.deleted = 0
2025-12-13 23:26:50.431 [http-nio-8080-exec-5] DEBUG c.z.e.m.m.a.A.findAdminInfoById - ==> Parameters: 1(Integer)
2025-12-13 23:26:50.437 [http-nio-8080-exec-7] DEBUG c.z.e.m.m.a.AdminMapper.selectById - ==>  Preparing: SELECT admin_id,admin_account,admin_username,admin_email,admin_phone,admin_password,admin_image,admin_introduce,admin_state,admin_login_time,deleted FROM admin_admin WHERE admin_id=? AND deleted=0
2025-12-13 23:26:50.439 [http-nio-8080-exec-7] DEBUG c.z.e.m.m.a.AdminMapper.selectById - ==> Parameters: 1(Integer)
2025-12-13 23:26:50.450 [http-nio-8080-exec-10] DEBUG c.z.e.m.m.a.AdminMapper.selectById - ==>  Preparing: SELECT admin_id,admin_account,admin_username,admin_email,admin_phone,admin_password,admin_image,admin_introduce,admin_state,admin_login_time,deleted FROM admin_admin WHERE admin_id=? AND deleted=0
2025-12-13 23:26:50.451 [http-nio-8080-exec-10] DEBUG c.z.e.m.m.a.AdminMapper.selectById - ==> Parameters: 1(Integer)
2025-12-13 23:26:50.472 [http-nio-8080-exec-5] DEBUG c.z.e.m.m.a.A.findAdminInfoById - <==      Total: 1
2025-12-13 23:26:50.476 [http-nio-8080-exec-7] DEBUG c.z.e.m.m.a.AdminMapper.selectById - <==      Total: 1
2025-12-13 23:26:50.477 [http-nio-8080-exec-7] DEBUG c.z.e.m.m.a.A.findAdminInfoById - ==>  Preparing: select * from admin_admin left join admin_admin_role on admin_admin.admin_id = admin_admin_role.adminId left join admin_role on admin_admin_role.roleId = admin_role.role_id left join admin_role_permission on admin_role.role_id = admin_role.role_id left join admin_permission on admin_role_permission.permissionId = admin_permission.permission_id where admin_admin.admin_id = ? and admin_admin.deleted = 0
2025-12-13 23:26:50.481 [http-nio-8080-exec-7] DEBUG c.z.e.m.m.a.A.findAdminInfoById - ==> Parameters: 1(Integer)
2025-12-13 23:26:50.489 [http-nio-8080-exec-10] DEBUG c.z.e.m.m.a.AdminMapper.selectById - <==      Total: 1
2025-12-13 23:26:50.493 [http-nio-8080-exec-10] DEBUG c.z.e.m.m.a.A.findAdminInfoById - ==>  Preparing: select * from admin_admin left join admin_admin_role on admin_admin.admin_id = admin_admin_role.adminId left join admin_role on admin_admin_role.roleId = admin_role.role_id left join admin_role_permission on admin_role.role_id = admin_role.role_id left join admin_permission on admin_role_permission.permissionId = admin_permission.permission_id where admin_admin.admin_id = ? and admin_admin.deleted = 0
2025-12-13 23:26:50.493 [http-nio-8080-exec-10] DEBUG c.z.e.m.m.a.A.findAdminInfoById - ==> Parameters: 1(Integer)
2025-12-13 23:26:50.509 [http-nio-8080-exec-5] DEBUG c.z.e.m.m.a.P.selectList - ==>  Preparing: SELECT provinceMap_pid,provinceMap_pname FROM general_provinceMap
2025-12-13 23:26:50.510 [http-nio-8080-exec-5] DEBUG c.z.e.m.m.a.P.selectList - ==> Parameters: 
2025-12-13 23:26:50.520 [http-nio-8080-exec-7] DEBUG c.z.e.m.m.a.A.findAdminInfoById - <==      Total: 1
2025-12-13 23:26:50.534 [http-nio-8080-exec-10] DEBUG c.z.e.m.m.a.A.findAdminInfoById - <==      Total: 1
2025-12-13 23:26:50.549 [http-nio-8080-exec-5] DEBUG c.z.e.m.m.a.P.selectList - <==      Total: 34
2025-12-13 23:26:50.573 [http-nio-8080-exec-10] DEBUG c.z.e.m.m.a.R.selectList - ==>  Preparing: SELECT recruitPosition_id AS recruitPositionId,recruitPosition_name,recruitPosition_createdTime AS createdTime,recruitPosition_updatedTime AS updatedTime,recruitPosition_industryCode,recruitPosition_minMonthSalary AS minMonthSalary,recruitPosition_maxMonthSalary AS maxMonthSalary,recruitPosition_weekWorkDayNum AS weekWorkDayNum,recruitPosition_goodWelfare AS goodWelfare FROM general_recruitPosition
2025-12-13 23:26:50.573 [http-nio-8080-exec-10] DEBUG c.z.e.m.m.a.R.selectList - ==> Parameters: 
2025-12-13 23:26:50.608 [http-nio-8080-exec-6] DEBUG c.z.e.m.m.a.AdminMapper.selectById - ==>  Preparing: SELECT admin_id,admin_account,admin_username,admin_email,admin_phone,admin_password,admin_image,admin_introduce,admin_state,admin_login_time,deleted FROM admin_admin WHERE admin_id=? AND deleted=0
2025-12-13 23:26:50.610 [http-nio-8080-exec-6] DEBUG c.z.e.m.m.a.AdminMapper.selectById - ==> Parameters: 1(Integer)
2025-12-13 23:26:50.611 [http-nio-8080-exec-10] DEBUG c.z.e.m.m.a.R.selectList - <==      Total: 1
2025-12-13 23:26:50.650 [http-nio-8080-exec-6] DEBUG c.z.e.m.m.a.AdminMapper.selectById - <==      Total: 1
2025-12-13 23:26:50.653 [http-nio-8080-exec-6] DEBUG c.z.e.m.m.a.A.findAdminInfoById - ==>  Preparing: select * from admin_admin left join admin_admin_role on admin_admin.admin_id = admin_admin_role.adminId left join admin_role on admin_admin_role.roleId = admin_role.role_id left join admin_role_permission on admin_role.role_id = admin_role.role_id left join admin_permission on admin_role_permission.permissionId = admin_permission.permission_id where admin_admin.admin_id = ? and admin_admin.deleted = 0
2025-12-13 23:26:50.656 [http-nio-8080-exec-6] DEBUG c.z.e.m.m.a.A.findAdminInfoById - ==> Parameters: 1(Integer)
2025-12-13 23:26:50.702 [http-nio-8080-exec-6] DEBUG c.z.e.m.m.a.A.findAdminInfoById - <==      Total: 1
2025-12-13 23:26:50.866 [http-nio-8080-exec-7] DEBUG c.z.e.m.m.a.E.selectList - ==>  Preparing: SELECT employmentInformation_id,employmentInformation_code,employmentInformation_companyName,employmentInformation_industryCategories,employmentInformation_companyType,employmentInformation_batch,employmentInformation_recruitPosition,employmentInformation_recruitObject,employmentInformation_recruitLocationFirst,employmentInformation_recruitLocationSecond,employmentInformation_recruitLocationDetail,employmentInformation_startTime,employmentInformation_stopTime,employmentInformation_updatedTime,employmentInformation_onlineApplicationStatus,employmentInformation_officialAnnouncement,employmentInformation_submissionWay,employmentInformation_employeeReferralCode,deleted FROM general_employmentInformation WHERE deleted=0 AND (deleted = ?)
2025-12-13 23:26:50.871 [http-nio-8080-exec-7] DEBUG c.z.e.m.m.a.E.selectList - ==> Parameters: 0(Integer)
2025-12-13 23:26:50.908 [http-nio-8080-exec-7] DEBUG c.z.e.m.m.a.E.selectList - <==      Total: 0
2025-12-13 23:26:50.934 [http-nio-8080-exec-6] DEBUG c.z.e.m.m.a.I.selectList - ==>  Preparing: SELECT industryMap_industryCode,industryMap_industryName,industryMap_createdTime AS createdTime,industryMap_updatedTime AS updatedTime FROM general_industryMap
2025-12-13 23:26:50.935 [http-nio-8080-exec-6] DEBUG c.z.e.m.m.a.I.selectList - ==> Parameters: 
2025-12-13 23:26:50.973 [http-nio-8080-exec-6] DEBUG c.z.e.m.m.a.I.selectList - <==      Total: 2
2025-12-13 23:27:20.129 [http-nio-8080-exec-4] DEBUG c.z.e.m.m.a.AdminMapper.selectById - ==>  Preparing: SELECT admin_id,admin_account,admin_username,admin_email,admin_phone,admin_password,admin_image,admin_introduce,admin_state,admin_login_time,deleted FROM admin_admin WHERE admin_id=? AND deleted=0
2025-12-13 23:27:20.129 [http-nio-8080-exec-4] DEBUG c.z.e.m.m.a.AdminMapper.selectById - ==> Parameters: 1(Integer)
2025-12-13 23:27:20.166 [http-nio-8080-exec-4] DEBUG c.z.e.m.m.a.AdminMapper.selectById - <==      Total: 1
2025-12-13 23:27:20.167 [http-nio-8080-exec-4] DEBUG c.z.e.m.m.a.A.findAdminInfoById - ==>  Preparing: select * from admin_admin left join admin_admin_role on admin_admin.admin_id = admin_admin_role.adminId left join admin_role on admin_admin_role.roleId = admin_role.role_id left join admin_role_permission on admin_role.role_id = admin_role.role_id left join admin_permission on admin_role_permission.permissionId = admin_permission.permission_id where admin_admin.admin_id = ? and admin_admin.deleted = 0
2025-12-13 23:27:20.167 [http-nio-8080-exec-4] DEBUG c.z.e.m.m.a.A.findAdminInfoById - ==> Parameters: 1(Integer)
2025-12-13 23:27:20.206 [http-nio-8080-exec-4] DEBUG c.z.e.m.m.a.A.findAdminInfoById - <==      Total: 1
2025-12-13 23:27:20.244 [http-nio-8080-exec-4] DEBUG c.z.e.m.m.a.E.selectList - ==>  Preparing: SELECT employmentInformation_id,employmentInformation_code,employmentInformation_companyName,employmentInformation_industryCategories,employmentInformation_companyType,employmentInformation_batch,employmentInformation_recruitPosition,employmentInformation_recruitObject,employmentInformation_recruitLocationFirst,employmentInformation_recruitLocationSecond,employmentInformation_recruitLocationDetail,employmentInformation_startTime,employmentInformation_stopTime,employmentInformation_updatedTime,employmentInformation_onlineApplicationStatus,employmentInformation_officialAnnouncement,employmentInformation_submissionWay,employmentInformation_employeeReferralCode,deleted FROM general_employmentInformation WHERE deleted=0 AND (deleted = ?)
2025-12-13 23:27:20.245 [http-nio-8080-exec-4] DEBUG c.z.e.m.m.a.E.selectList - ==> Parameters: 0(Integer)
2025-12-13 23:27:20.282 [http-nio-8080-exec-4] DEBUG c.z.e.m.m.a.E.selectList - <==      Total: 0
2025-12-13 23:29:44.096 [http-nio-8080-exec-8] DEBUG c.z.e.m.m.a.AdminMapper.selectById - ==>  Preparing: SELECT admin_id,admin_account,admin_username,admin_email,admin_phone,admin_password,admin_image,admin_introduce,admin_state,admin_login_time,deleted FROM admin_admin WHERE admin_id=? AND deleted=0
2025-12-13 23:29:44.097 [http-nio-8080-exec-8] DEBUG c.z.e.m.m.a.AdminMapper.selectById - ==> Parameters: 1(Integer)
2025-12-13 23:29:44.134 [http-nio-8080-exec-8] DEBUG c.z.e.m.m.a.AdminMapper.selectById - <==      Total: 1
2025-12-13 23:29:44.135 [http-nio-8080-exec-8] DEBUG c.z.e.m.m.a.A.findAdminInfoById - ==>  Preparing: select * from admin_admin left join admin_admin_role on admin_admin.admin_id = admin_admin_role.adminId left join admin_role on admin_admin_role.roleId = admin_role.role_id left join admin_role_permission on admin_role.role_id = admin_role.role_id left join admin_permission on admin_role_permission.permissionId = admin_permission.permission_id where admin_admin.admin_id = ? and admin_admin.deleted = 0
2025-12-13 23:29:44.137 [http-nio-8080-exec-8] DEBUG c.z.e.m.m.a.A.findAdminInfoById - ==> Parameters: 1(Integer)
2025-12-13 23:29:44.177 [http-nio-8080-exec-8] DEBUG c.z.e.m.m.a.A.findAdminInfoById - <==      Total: 1
2025-12-13 23:29:44.216 [http-nio-8080-exec-8] DEBUG c.z.e.m.m.a.I.selectList - ==>  Preparing: SELECT industryMap_industryCode,industryMap_industryName,industryMap_createdTime AS createdTime,industryMap_updatedTime AS updatedTime FROM general_industryMap
2025-12-13 23:29:44.216 [http-nio-8080-exec-8] DEBUG c.z.e.m.m.a.I.selectList - ==> Parameters: 
2025-12-13 23:29:44.252 [http-nio-8080-exec-8] DEBUG c.z.e.m.m.a.I.selectList - <==      Total: 2
2025-12-13 23:29:44.443 [http-nio-8080-exec-9] DEBUG c.z.e.m.m.a.AdminMapper.selectById - ==>  Preparing: SELECT admin_id,admin_account,admin_username,admin_email,admin_phone,admin_password,admin_image,admin_introduce,admin_state,admin_login_time,deleted FROM admin_admin WHERE admin_id=? AND deleted=0
2025-12-13 23:29:44.444 [http-nio-8080-exec-9] DEBUG c.z.e.m.m.a.AdminMapper.selectById - ==> Parameters: 1(Integer)
2025-12-13 23:29:44.485 [http-nio-8080-exec-2] DEBUG c.z.e.m.m.a.AdminMapper.selectById - ==>  Preparing: SELECT admin_id,admin_account,admin_username,admin_email,admin_phone,admin_password,admin_image,admin_introduce,admin_state,admin_login_time,deleted FROM admin_admin WHERE admin_id=? AND deleted=0
2025-12-13 23:29:44.486 [http-nio-8080-exec-2] DEBUG c.z.e.m.m.a.AdminMapper.selectById - ==> Parameters: 1(Integer)
2025-12-13 23:29:44.486 [http-nio-8080-exec-9] DEBUG c.z.e.m.m.a.AdminMapper.selectById - <==      Total: 1
2025-12-13 23:29:44.487 [http-nio-8080-exec-9] DEBUG c.z.e.m.m.a.A.findAdminInfoById - ==>  Preparing: select * from admin_admin left join admin_admin_role on admin_admin.admin_id = admin_admin_role.adminId left join admin_role on admin_admin_role.roleId = admin_role.role_id left join admin_role_permission on admin_role.role_id = admin_role.role_id left join admin_permission on admin_role_permission.permissionId = admin_permission.permission_id where admin_admin.admin_id = ? and admin_admin.deleted = 0
2025-12-13 23:29:44.487 [http-nio-8080-exec-9] DEBUG c.z.e.m.m.a.A.findAdminInfoById - ==> Parameters: 1(Integer)
2025-12-13 23:29:44.492 [http-nio-8080-exec-1] DEBUG c.z.e.m.m.a.AdminMapper.selectById - ==>  Preparing: SELECT admin_id,admin_account,admin_username,admin_email,admin_phone,admin_password,admin_image,admin_introduce,admin_state,admin_login_time,deleted FROM admin_admin WHERE admin_id=? AND deleted=0
2025-12-13 23:29:44.492 [http-nio-8080-exec-1] DEBUG c.z.e.m.m.a.AdminMapper.selectById - ==> Parameters: 1(Integer)
2025-12-13 23:29:44.522 [http-nio-8080-exec-2] DEBUG c.z.e.m.m.a.AdminMapper.selectById - <==      Total: 1
2025-12-13 23:29:44.528 [http-nio-8080-exec-9] DEBUG c.z.e.m.m.a.A.findAdminInfoById - <==      Total: 1
2025-12-13 23:29:44.528 [http-nio-8080-exec-2] DEBUG c.z.e.m.m.a.A.findAdminInfoById - ==>  Preparing: select * from admin_admin left join admin_admin_role on admin_admin.admin_id = admin_admin_role.adminId left join admin_role on admin_admin_role.roleId = admin_role.role_id left join admin_role_permission on admin_role.role_id = admin_role.role_id left join admin_permission on admin_role_permission.permissionId = admin_permission.permission_id where admin_admin.admin_id = ? and admin_admin.deleted = 0
2025-12-13 23:29:44.528 [http-nio-8080-exec-1] DEBUG c.z.e.m.m.a.AdminMapper.selectById - <==      Total: 1
2025-12-13 23:29:44.528 [http-nio-8080-exec-1] DEBUG c.z.e.m.m.a.A.findAdminInfoById - ==>  Preparing: select * from admin_admin left join admin_admin_role on admin_admin.admin_id = admin_admin_role.adminId left join admin_role on admin_admin_role.roleId = admin_role.role_id left join admin_role_permission on admin_role.role_id = admin_role.role_id left join admin_permission on admin_role_permission.permissionId = admin_permission.permission_id where admin_admin.admin_id = ? and admin_admin.deleted = 0
2025-12-13 23:29:44.529 [http-nio-8080-exec-1] DEBUG c.z.e.m.m.a.A.findAdminInfoById - ==> Parameters: 1(Integer)
2025-12-13 23:29:44.529 [http-nio-8080-exec-2] DEBUG c.z.e.m.m.a.A.findAdminInfoById - ==> Parameters: 1(Integer)
2025-12-13 23:29:44.567 [http-nio-8080-exec-2] DEBUG c.z.e.m.m.a.A.findAdminInfoById - <==      Total: 1
2025-12-13 23:29:44.567 [http-nio-8080-exec-9] DEBUG c.z.e.m.m.a.P.selectList - ==>  Preparing: SELECT provinceMap_pid,provinceMap_pname FROM general_provinceMap
2025-12-13 23:29:44.568 [http-nio-8080-exec-1] DEBUG c.z.e.m.m.a.A.findAdminInfoById - <==      Total: 1
2025-12-13 23:29:44.568 [http-nio-8080-exec-9] DEBUG c.z.e.m.m.a.P.selectList - ==> Parameters: 
2025-12-13 23:29:44.605 [http-nio-8080-exec-9] DEBUG c.z.e.m.m.a.P.selectList - <==      Total: 34
2025-12-13 23:29:44.606 [http-nio-8080-exec-1] DEBUG c.z.e.m.m.a.R.selectList - ==>  Preparing: SELECT recruitPosition_id AS recruitPositionId,recruitPosition_name,recruitPosition_createdTime AS createdTime,recruitPosition_updatedTime AS updatedTime,recruitPosition_industryCode,recruitPosition_minMonthSalary AS minMonthSalary,recruitPosition_maxMonthSalary AS maxMonthSalary,recruitPosition_weekWorkDayNum AS weekWorkDayNum,recruitPosition_goodWelfare AS goodWelfare FROM general_recruitPosition
2025-12-13 23:29:44.606 [http-nio-8080-exec-1] DEBUG c.z.e.m.m.a.R.selectList - ==> Parameters: 
2025-12-13 23:29:44.625 [http-nio-8080-exec-2] DEBUG c.z.e.m.m.a.E.selectList - ==>  Preparing: SELECT employmentInformation_id,employmentInformation_code,employmentInformation_companyName,employmentInformation_industryCategories,employmentInformation_companyType,employmentInformation_batch,employmentInformation_recruitPosition,employmentInformation_recruitObject,employmentInformation_recruitLocationFirst,employmentInformation_recruitLocationSecond,employmentInformation_recruitLocationDetail,employmentInformation_startTime,employmentInformation_stopTime,employmentInformation_updatedTime,employmentInformation_onlineApplicationStatus,employmentInformation_officialAnnouncement,employmentInformation_submissionWay,employmentInformation_employeeReferralCode,deleted FROM general_employmentInformation WHERE deleted=0 AND (deleted = ?)
2025-12-13 23:29:44.626 [http-nio-8080-exec-2] DEBUG c.z.e.m.m.a.E.selectList - ==> Parameters: 0(Integer)
2025-12-13 23:29:44.643 [http-nio-8080-exec-1] DEBUG c.z.e.m.m.a.R.selectList - <==      Total: 1
2025-12-13 23:29:44.663 [http-nio-8080-exec-2] DEBUG c.z.e.m.m.a.E.selectList - <==      Total: 0
2025-12-13 23:30:10.939 [http-nio-8080-exec-10] DEBUG c.z.e.m.m.a.AdminMapper.selectById - ==>  Preparing: SELECT admin_id,admin_account,admin_username,admin_email,admin_phone,admin_password,admin_image,admin_introduce,admin_state,admin_login_time,deleted FROM admin_admin WHERE admin_id=? AND deleted=0
2025-12-13 23:30:10.939 [http-nio-8080-exec-3] DEBUG c.z.e.m.m.a.AdminMapper.selectById - ==>  Preparing: SELECT admin_id,admin_account,admin_username,admin_email,admin_phone,admin_password,admin_image,admin_introduce,admin_state,admin_login_time,deleted FROM admin_admin WHERE admin_id=? AND deleted=0
2025-12-13 23:30:10.939 [http-nio-8080-exec-5] DEBUG c.z.e.m.m.a.AdminMapper.selectById - ==>  Preparing: SELECT admin_id,admin_account,admin_username,admin_email,admin_phone,admin_password,admin_image,admin_introduce,admin_state,admin_login_time,deleted FROM admin_admin WHERE admin_id=? AND deleted=0
2025-12-13 23:30:10.940 [http-nio-8080-exec-5] DEBUG c.z.e.m.m.a.AdminMapper.selectById - ==> Parameters: 1(Integer)
2025-12-13 23:30:10.940 [http-nio-8080-exec-3] DEBUG c.z.e.m.m.a.AdminMapper.selectById - ==> Parameters: 1(Integer)
2025-12-13 23:30:10.939 [http-nio-8080-exec-7] DEBUG c.z.e.m.m.a.AdminMapper.selectById - ==>  Preparing: SELECT admin_id,admin_account,admin_username,admin_email,admin_phone,admin_password,admin_image,admin_introduce,admin_state,admin_login_time,deleted FROM admin_admin WHERE admin_id=? AND deleted=0
2025-12-13 23:30:10.940 [http-nio-8080-exec-10] DEBUG c.z.e.m.m.a.AdminMapper.selectById - ==> Parameters: 1(Integer)
2025-12-13 23:30:10.940 [http-nio-8080-exec-7] DEBUG c.z.e.m.m.a.AdminMapper.selectById - ==> Parameters: 1(Integer)
2025-12-13 23:30:10.979 [http-nio-8080-exec-3] DEBUG c.z.e.m.m.a.AdminMapper.selectById - <==      Total: 1
2025-12-13 23:30:10.979 [http-nio-8080-exec-5] DEBUG c.z.e.m.m.a.AdminMapper.selectById - <==      Total: 1
2025-12-13 23:30:10.982 [http-nio-8080-exec-10] DEBUG c.z.e.m.m.a.AdminMapper.selectById - <==      Total: 1
2025-12-13 23:30:10.982 [http-nio-8080-exec-7] DEBUG c.z.e.m.m.a.AdminMapper.selectById - <==      Total: 1
2025-12-13 23:30:10.983 [http-nio-8080-exec-7] DEBUG c.z.e.m.m.a.A.findAdminInfoById - ==>  Preparing: select * from admin_admin left join admin_admin_role on admin_admin.admin_id = admin_admin_role.adminId left join admin_role on admin_admin_role.roleId = admin_role.role_id left join admin_role_permission on admin_role.role_id = admin_role.role_id left join admin_permission on admin_role_permission.permissionId = admin_permission.permission_id where admin_admin.admin_id = ? and admin_admin.deleted = 0
2025-12-13 23:30:10.983 [http-nio-8080-exec-10] DEBUG c.z.e.m.m.a.A.findAdminInfoById - ==>  Preparing: select * from admin_admin left join admin_admin_role on admin_admin.admin_id = admin_admin_role.adminId left join admin_role on admin_admin_role.roleId = admin_role.role_id left join admin_role_permission on admin_role.role_id = admin_role.role_id left join admin_permission on admin_role_permission.permissionId = admin_permission.permission_id where admin_admin.admin_id = ? and admin_admin.deleted = 0
2025-12-13 23:30:10.985 [http-nio-8080-exec-3] DEBUG c.z.e.m.m.a.A.findAdminInfoById - ==>  Preparing: select * from admin_admin left join admin_admin_role on admin_admin.admin_id = admin_admin_role.adminId left join admin_role on admin_admin_role.roleId = admin_role.role_id left join admin_role_permission on admin_role.role_id = admin_role.role_id left join admin_permission on admin_role_permission.permissionId = admin_permission.permission_id where admin_admin.admin_id = ? and admin_admin.deleted = 0
2025-12-13 23:30:10.986 [http-nio-8080-exec-3] DEBUG c.z.e.m.m.a.A.findAdminInfoById - ==> Parameters: 1(Integer)
2025-12-13 23:30:10.986 [http-nio-8080-exec-10] DEBUG c.z.e.m.m.a.A.findAdminInfoById - ==> Parameters: 1(Integer)
2025-12-13 23:30:10.987 [http-nio-8080-exec-7] DEBUG c.z.e.m.m.a.A.findAdminInfoById - ==> Parameters: 1(Integer)
2025-12-13 23:30:10.987 [http-nio-8080-exec-5] DEBUG c.z.e.m.m.a.A.findAdminInfoById - ==>  Preparing: select * from admin_admin left join admin_admin_role on admin_admin.admin_id = admin_admin_role.adminId left join admin_role on admin_admin_role.roleId = admin_role.role_id left join admin_role_permission on admin_role.role_id = admin_role.role_id left join admin_permission on admin_role_permission.permissionId = admin_permission.permission_id where admin_admin.admin_id = ? and admin_admin.deleted = 0
2025-12-13 23:30:10.988 [http-nio-8080-exec-5] DEBUG c.z.e.m.m.a.A.findAdminInfoById - ==> Parameters: 1(Integer)
2025-12-13 23:30:11.025 [http-nio-8080-exec-3] DEBUG c.z.e.m.m.a.A.findAdminInfoById - <==      Total: 1
2025-12-13 23:30:11.025 [http-nio-8080-exec-10] DEBUG c.z.e.m.m.a.A.findAdminInfoById - <==      Total: 1
2025-12-13 23:30:11.026 [http-nio-8080-exec-5] DEBUG c.z.e.m.m.a.A.findAdminInfoById - <==      Total: 1
2025-12-13 23:30:11.026 [http-nio-8080-exec-7] DEBUG c.z.e.m.m.a.A.findAdminInfoById - <==      Total: 1
2025-12-13 23:30:11.064 [http-nio-8080-exec-3] DEBUG c.z.e.m.m.a.I.selectList - ==>  Preparing: SELECT industryMap_industryCode,industryMap_industryName,industryMap_createdTime AS createdTime,industryMap_updatedTime AS updatedTime FROM general_industryMap
2025-12-13 23:30:11.064 [http-nio-8080-exec-7] DEBUG c.z.e.m.m.a.P.selectList - ==>  Preparing: SELECT provinceMap_pid,provinceMap_pname FROM general_provinceMap
2025-12-13 23:30:11.064 [http-nio-8080-exec-3] DEBUG c.z.e.m.m.a.I.selectList - ==> Parameters: 
2025-12-13 23:30:11.064 [http-nio-8080-exec-5] DEBUG c.z.e.m.m.a.R.selectList - ==>  Preparing: SELECT recruitPosition_id AS recruitPositionId,recruitPosition_name,recruitPosition_createdTime AS createdTime,recruitPosition_updatedTime AS updatedTime,recruitPosition_industryCode,recruitPosition_minMonthSalary AS minMonthSalary,recruitPosition_maxMonthSalary AS maxMonthSalary,recruitPosition_weekWorkDayNum AS weekWorkDayNum,recruitPosition_goodWelfare AS goodWelfare FROM general_recruitPosition
2025-12-13 23:30:11.065 [http-nio-8080-exec-7] DEBUG c.z.e.m.m.a.P.selectList - ==> Parameters: 
2025-12-13 23:30:11.065 [http-nio-8080-exec-5] DEBUG c.z.e.m.m.a.R.selectList - ==> Parameters: 
2025-12-13 23:30:11.069 [http-nio-8080-exec-10] DEBUG c.z.e.m.m.a.E.selectList - ==>  Preparing: SELECT employmentInformation_id,employmentInformation_code,employmentInformation_companyName,employmentInformation_industryCategories,employmentInformation_companyType,employmentInformation_batch,employmentInformation_recruitPosition,employmentInformation_recruitObject,employmentInformation_recruitLocationFirst,employmentInformation_recruitLocationSecond,employmentInformation_recruitLocationDetail,employmentInformation_startTime,employmentInformation_stopTime,employmentInformation_updatedTime,employmentInformation_onlineApplicationStatus,employmentInformation_officialAnnouncement,employmentInformation_submissionWay,employmentInformation_employeeReferralCode,deleted FROM general_employmentInformation WHERE deleted=0 AND (deleted = ?)
2025-12-13 23:30:11.070 [http-nio-8080-exec-10] DEBUG c.z.e.m.m.a.E.selectList - ==> Parameters: 0(Integer)
2025-12-13 23:30:11.101 [http-nio-8080-exec-3] DEBUG c.z.e.m.m.a.I.selectList - <==      Total: 2
2025-12-13 23:30:11.102 [http-nio-8080-exec-7] DEBUG c.z.e.m.m.a.P.selectList - <==      Total: 34
2025-12-13 23:30:11.103 [http-nio-8080-exec-5] DEBUG c.z.e.m.m.a.R.selectList - <==      Total: 1
2025-12-13 23:30:11.106 [http-nio-8080-exec-10] DEBUG c.z.e.m.m.a.E.selectList - <==      Total: 0
2025-12-13 23:34:42.680 [http-nio-8080-exec-6] DEBUG c.z.e.m.m.a.AdminMapper.selectById - ==>  Preparing: SELECT admin_id,admin_account,admin_username,admin_email,admin_phone,admin_password,admin_image,admin_introduce,admin_state,admin_login_time,deleted FROM admin_admin WHERE admin_id=? AND deleted=0
2025-12-13 23:34:42.682 [http-nio-8080-exec-6] DEBUG c.z.e.m.m.a.AdminMapper.selectById - ==> Parameters: 1(Integer)
2025-12-13 23:34:42.722 [http-nio-8080-exec-6] DEBUG c.z.e.m.m.a.AdminMapper.selectById - <==      Total: 1
2025-12-13 23:34:42.723 [http-nio-8080-exec-6] DEBUG c.z.e.m.m.a.A.findAdminInfoById - ==>  Preparing: select * from admin_admin left join admin_admin_role on admin_admin.admin_id = admin_admin_role.adminId left join admin_role on admin_admin_role.roleId = admin_role.role_id left join admin_role_permission on admin_role.role_id = admin_role.role_id left join admin_permission on admin_role_permission.permissionId = admin_permission.permission_id where admin_admin.admin_id = ? and admin_admin.deleted = 0
2025-12-13 23:34:42.724 [http-nio-8080-exec-6] DEBUG c.z.e.m.m.a.A.findAdminInfoById - ==> Parameters: 1(Integer)
2025-12-13 23:34:42.767 [http-nio-8080-exec-6] DEBUG c.z.e.m.m.a.A.findAdminInfoById - <==      Total: 1
2025-12-13 23:34:42.879 [http-nio-8080-exec-6] DEBUG c.z.e.m.m.a.I.selectList - ==>  Preparing: SELECT industryMap_industryCode,industryMap_industryName,industryMap_createdTime AS createdTime,industryMap_updatedTime AS updatedTime FROM general_industryMap
2025-12-13 23:34:42.882 [http-nio-8080-exec-6] DEBUG c.z.e.m.m.a.I.selectList - ==> Parameters: 
2025-12-13 23:34:42.919 [http-nio-8080-exec-6] DEBUG c.z.e.m.m.a.I.selectList - <==      Total: 2
2025-12-13 23:34:43.003 [http-nio-8080-exec-4] DEBUG c.z.e.m.m.a.AdminMapper.selectById - ==>  Preparing: SELECT admin_id,admin_account,admin_username,admin_email,admin_phone,admin_password,admin_image,admin_introduce,admin_state,admin_login_time,deleted FROM admin_admin WHERE admin_id=? AND deleted=0
2025-12-13 23:34:43.004 [http-nio-8080-exec-4] DEBUG c.z.e.m.m.a.AdminMapper.selectById - ==> Parameters: 1(Integer)
2025-12-13 23:34:43.018 [http-nio-8080-exec-9] DEBUG c.z.e.m.m.a.AdminMapper.selectById - ==>  Preparing: SELECT admin_id,admin_account,admin_username,admin_email,admin_phone,admin_password,admin_image,admin_introduce,admin_state,admin_login_time,deleted FROM admin_admin WHERE admin_id=? AND deleted=0
2025-12-13 23:34:43.018 [http-nio-8080-exec-9] DEBUG c.z.e.m.m.a.AdminMapper.selectById - ==> Parameters: 1(Integer)
2025-12-13 23:34:43.041 [http-nio-8080-exec-8] DEBUG c.z.e.m.m.a.AdminMapper.selectById - ==>  Preparing: SELECT admin_id,admin_account,admin_username,admin_email,admin_phone,admin_password,admin_image,admin_introduce,admin_state,admin_login_time,deleted FROM admin_admin WHERE admin_id=? AND deleted=0
2025-12-13 23:34:43.041 [http-nio-8080-exec-8] DEBUG c.z.e.m.m.a.AdminMapper.selectById - ==> Parameters: 1(Integer)
2025-12-13 23:34:43.045 [http-nio-8080-exec-4] DEBUG c.z.e.m.m.a.AdminMapper.selectById - <==      Total: 1
2025-12-13 23:34:43.047 [http-nio-8080-exec-4] DEBUG c.z.e.m.m.a.A.findAdminInfoById - ==>  Preparing: select * from admin_admin left join admin_admin_role on admin_admin.admin_id = admin_admin_role.adminId left join admin_role on admin_admin_role.roleId = admin_role.role_id left join admin_role_permission on admin_role.role_id = admin_role.role_id left join admin_permission on admin_role_permission.permissionId = admin_permission.permission_id where admin_admin.admin_id = ? and admin_admin.deleted = 0
2025-12-13 23:34:43.055 [http-nio-8080-exec-9] DEBUG c.z.e.m.m.a.AdminMapper.selectById - <==      Total: 1
2025-12-13 23:34:43.055 [http-nio-8080-exec-4] DEBUG c.z.e.m.m.a.A.findAdminInfoById - ==> Parameters: 1(Integer)
2025-12-13 23:34:43.056 [http-nio-8080-exec-9] DEBUG c.z.e.m.m.a.A.findAdminInfoById - ==>  Preparing: select * from admin_admin left join admin_admin_role on admin_admin.admin_id = admin_admin_role.adminId left join admin_role on admin_admin_role.roleId = admin_role.role_id left join admin_role_permission on admin_role.role_id = admin_role.role_id left join admin_permission on admin_role_permission.permissionId = admin_permission.permission_id where admin_admin.admin_id = ? and admin_admin.deleted = 0
2025-12-13 23:34:43.056 [http-nio-8080-exec-9] DEBUG c.z.e.m.m.a.A.findAdminInfoById - ==> Parameters: 1(Integer)
2025-12-13 23:34:43.077 [http-nio-8080-exec-8] DEBUG c.z.e.m.m.a.AdminMapper.selectById - <==      Total: 1
2025-12-13 23:34:43.077 [http-nio-8080-exec-8] DEBUG c.z.e.m.m.a.A.findAdminInfoById - ==>  Preparing: select * from admin_admin left join admin_admin_role on admin_admin.admin_id = admin_admin_role.adminId left join admin_role on admin_admin_role.roleId = admin_role.role_id left join admin_role_permission on admin_role.role_id = admin_role.role_id left join admin_permission on admin_role_permission.permissionId = admin_permission.permission_id where admin_admin.admin_id = ? and admin_admin.deleted = 0
2025-12-13 23:34:43.079 [http-nio-8080-exec-8] DEBUG c.z.e.m.m.a.A.findAdminInfoById - ==> Parameters: 1(Integer)
2025-12-13 23:34:43.096 [http-nio-8080-exec-9] DEBUG c.z.e.m.m.a.A.findAdminInfoById - <==      Total: 1
2025-12-13 23:34:43.096 [http-nio-8080-exec-4] DEBUG c.z.e.m.m.a.A.findAdminInfoById - <==      Total: 1
2025-12-13 23:34:43.126 [http-nio-8080-exec-8] DEBUG c.z.e.m.m.a.A.findAdminInfoById - <==      Total: 1
2025-12-13 23:34:43.133 [http-nio-8080-exec-4] DEBUG c.z.e.m.m.a.R.selectList - ==>  Preparing: SELECT recruitPosition_id AS recruitPositionId,recruitPosition_name,recruitPosition_createdTime AS createdTime,recruitPosition_updatedTime AS updatedTime,recruitPosition_industryCode,recruitPosition_minMonthSalary AS minMonthSalary,recruitPosition_maxMonthSalary AS maxMonthSalary,recruitPosition_weekWorkDayNum AS weekWorkDayNum,recruitPosition_goodWelfare AS goodWelfare FROM general_recruitPosition
2025-12-13 23:34:43.133 [http-nio-8080-exec-4] DEBUG c.z.e.m.m.a.R.selectList - ==> Parameters: 
2025-12-13 23:34:43.149 [http-nio-8080-exec-9] DEBUG c.z.e.m.m.a.E.selectList - ==>  Preparing: SELECT employmentInformation_id,employmentInformation_code,employmentInformation_companyName,employmentInformation_industryCategories,employmentInformation_companyType,employmentInformation_batch,employmentInformation_recruitPosition,employmentInformation_recruitObject,employmentInformation_recruitLocationFirst,employmentInformation_recruitLocationSecond,employmentInformation_recruitLocationDetail,employmentInformation_startTime,employmentInformation_stopTime,employmentInformation_updatedTime,employmentInformation_onlineApplicationStatus,employmentInformation_officialAnnouncement,employmentInformation_submissionWay,employmentInformation_employeeReferralCode,deleted FROM general_employmentInformation WHERE deleted=0 AND (deleted = ?)
2025-12-13 23:34:43.162 [http-nio-8080-exec-8] DEBUG c.z.e.m.m.a.P.selectList - ==>  Preparing: SELECT provinceMap_pid,provinceMap_pname FROM general_provinceMap
2025-12-13 23:34:43.163 [http-nio-8080-exec-8] DEBUG c.z.e.m.m.a.P.selectList - ==> Parameters: 
2025-12-13 23:34:43.169 [http-nio-8080-exec-9] DEBUG c.z.e.m.m.a.E.selectList - ==> Parameters: 0(Integer)
2025-12-13 23:34:43.172 [http-nio-8080-exec-4] DEBUG c.z.e.m.m.a.R.selectList - <==      Total: 1
2025-12-13 23:34:43.199 [http-nio-8080-exec-8] DEBUG c.z.e.m.m.a.P.selectList - <==      Total: 34
2025-12-13 23:34:43.205 [http-nio-8080-exec-9] DEBUG c.z.e.m.m.a.E.selectList - <==      Total: 0
2025-12-13 23:34:45.207 [http-nio-8080-exec-1] DEBUG c.z.e.m.m.a.AdminMapper.selectById - ==>  Preparing: SELECT admin_id,admin_account,admin_username,admin_email,admin_phone,admin_password,admin_image,admin_introduce,admin_state,admin_login_time,deleted FROM admin_admin WHERE admin_id=? AND deleted=0
2025-12-13 23:34:45.208 [http-nio-8080-exec-1] DEBUG c.z.e.m.m.a.AdminMapper.selectById - ==> Parameters: 1(Integer)
2025-12-13 23:34:45.243 [http-nio-8080-exec-1] DEBUG c.z.e.m.m.a.AdminMapper.selectById - <==      Total: 1
2025-12-13 23:34:45.244 [http-nio-8080-exec-1] DEBUG c.z.e.m.m.a.A.findAdminInfoById - ==>  Preparing: select * from admin_admin left join admin_admin_role on admin_admin.admin_id = admin_admin_role.adminId left join admin_role on admin_admin_role.roleId = admin_role.role_id left join admin_role_permission on admin_role.role_id = admin_role.role_id left join admin_permission on admin_role_permission.permissionId = admin_permission.permission_id where admin_admin.admin_id = ? and admin_admin.deleted = 0
2025-12-13 23:34:45.244 [http-nio-8080-exec-1] DEBUG c.z.e.m.m.a.A.findAdminInfoById - ==> Parameters: 1(Integer)
2025-12-13 23:34:45.246 [http-nio-8080-exec-2] DEBUG c.z.e.m.m.a.AdminMapper.selectById - ==>  Preparing: SELECT admin_id,admin_account,admin_username,admin_email,admin_phone,admin_password,admin_image,admin_introduce,admin_state,admin_login_time,deleted FROM admin_admin WHERE admin_id=? AND deleted=0
2025-12-13 23:34:45.246 [http-nio-8080-exec-3] DEBUG c.z.e.m.m.a.AdminMapper.selectById - ==>  Preparing: SELECT admin_id,admin_account,admin_username,admin_email,admin_phone,admin_password,admin_image,admin_introduce,admin_state,admin_login_time,deleted FROM admin_admin WHERE admin_id=? AND deleted=0
2025-12-13 23:34:45.248 [http-nio-8080-exec-3] DEBUG c.z.e.m.m.a.AdminMapper.selectById - ==> Parameters: 1(Integer)
2025-12-13 23:34:45.248 [http-nio-8080-exec-2] DEBUG c.z.e.m.m.a.AdminMapper.selectById - ==> Parameters: 1(Integer)
2025-12-13 23:34:45.285 [http-nio-8080-exec-2] DEBUG c.z.e.m.m.a.AdminMapper.selectById - <==      Total: 1
2025-12-13 23:34:45.285 [http-nio-8080-exec-1] DEBUG c.z.e.m.m.a.A.findAdminInfoById - <==      Total: 1
2025-12-13 23:34:45.285 [http-nio-8080-exec-3] DEBUG c.z.e.m.m.a.AdminMapper.selectById - <==      Total: 1
2025-12-13 23:34:45.286 [http-nio-8080-exec-3] DEBUG c.z.e.m.m.a.A.findAdminInfoById - ==>  Preparing: select * from admin_admin left join admin_admin_role on admin_admin.admin_id = admin_admin_role.adminId left join admin_role on admin_admin_role.roleId = admin_role.role_id left join admin_role_permission on admin_role.role_id = admin_role.role_id left join admin_permission on admin_role_permission.permissionId = admin_permission.permission_id where admin_admin.admin_id = ? and admin_admin.deleted = 0
2025-12-13 23:34:45.286 [http-nio-8080-exec-2] DEBUG c.z.e.m.m.a.A.findAdminInfoById - ==>  Preparing: select * from admin_admin left join admin_admin_role on admin_admin.admin_id = admin_admin_role.adminId left join admin_role on admin_admin_role.roleId = admin_role.role_id left join admin_role_permission on admin_role.role_id = admin_role.role_id left join admin_permission on admin_role_permission.permissionId = admin_permission.permission_id where admin_admin.admin_id = ? and admin_admin.deleted = 0
2025-12-13 23:34:45.286 [http-nio-8080-exec-3] DEBUG c.z.e.m.m.a.A.findAdminInfoById - ==> Parameters: 1(Integer)
2025-12-13 23:34:45.286 [http-nio-8080-exec-2] DEBUG c.z.e.m.m.a.A.findAdminInfoById - ==> Parameters: 1(Integer)
2025-12-13 23:34:45.322 [http-nio-8080-exec-1] DEBUG c.z.e.m.m.a.I.selectList - ==>  Preparing: SELECT industryMap_industryCode,industryMap_industryName,industryMap_createdTime AS createdTime,industryMap_updatedTime AS updatedTime FROM general_industryMap
2025-12-13 23:34:45.323 [http-nio-8080-exec-1] DEBUG c.z.e.m.m.a.I.selectList - ==> Parameters: 
2025-12-13 23:34:45.323 [http-nio-8080-exec-3] DEBUG c.z.e.m.m.a.A.findAdminInfoById - <==      Total: 1
2025-12-13 23:34:45.323 [http-nio-8080-exec-2] DEBUG c.z.e.m.m.a.A.findAdminInfoById - <==      Total: 1
2025-12-13 23:34:45.359 [http-nio-8080-exec-1] DEBUG c.z.e.m.m.a.I.selectList - <==      Total: 2
2025-12-13 23:34:45.359 [http-nio-8080-exec-3] DEBUG c.z.e.m.m.a.P.selectList - ==>  Preparing: SELECT provinceMap_pid,provinceMap_pname FROM general_provinceMap
2025-12-13 23:34:45.359 [http-nio-8080-exec-2] DEBUG c.z.e.m.m.a.R.selectList - ==>  Preparing: SELECT recruitPosition_id AS recruitPositionId,recruitPosition_name,recruitPosition_createdTime AS createdTime,recruitPosition_updatedTime AS updatedTime,recruitPosition_industryCode,recruitPosition_minMonthSalary AS minMonthSalary,recruitPosition_maxMonthSalary AS maxMonthSalary,recruitPosition_weekWorkDayNum AS weekWorkDayNum,recruitPosition_goodWelfare AS goodWelfare FROM general_recruitPosition
2025-12-13 23:34:45.359 [http-nio-8080-exec-2] DEBUG c.z.e.m.m.a.R.selectList - ==> Parameters: 
2025-12-13 23:34:45.359 [http-nio-8080-exec-3] DEBUG c.z.e.m.m.a.P.selectList - ==> Parameters: 
2025-12-13 23:34:45.395 [http-nio-8080-exec-2] DEBUG c.z.e.m.m.a.R.selectList - <==      Total: 1
2025-12-13 23:34:45.396 [http-nio-8080-exec-3] DEBUG c.z.e.m.m.a.P.selectList - <==      Total: 34
2025-12-13 23:34:45.473 [http-nio-8080-exec-7] DEBUG c.z.e.m.m.a.AdminMapper.selectById - ==>  Preparing: SELECT admin_id,admin_account,admin_username,admin_email,admin_phone,admin_password,admin_image,admin_introduce,admin_state,admin_login_time,deleted FROM admin_admin WHERE admin_id=? AND deleted=0
2025-12-13 23:34:45.475 [http-nio-8080-exec-7] DEBUG c.z.e.m.m.a.AdminMapper.selectById - ==> Parameters: 1(Integer)
2025-12-13 23:34:45.522 [http-nio-8080-exec-7] DEBUG c.z.e.m.m.a.AdminMapper.selectById - <==      Total: 1
2025-12-13 23:34:45.522 [http-nio-8080-exec-7] DEBUG c.z.e.m.m.a.A.findAdminInfoById - ==>  Preparing: select * from admin_admin left join admin_admin_role on admin_admin.admin_id = admin_admin_role.adminId left join admin_role on admin_admin_role.roleId = admin_role.role_id left join admin_role_permission on admin_role.role_id = admin_role.role_id left join admin_permission on admin_role_permission.permissionId = admin_permission.permission_id where admin_admin.admin_id = ? and admin_admin.deleted = 0
2025-12-13 23:34:45.910 [http-nio-8080-exec-7] DEBUG c.z.e.m.m.a.A.findAdminInfoById - ==> Parameters: 1(Integer)
2025-12-13 23:34:45.951 [http-nio-8080-exec-7] DEBUG c.z.e.m.m.a.A.findAdminInfoById - <==      Total: 1
2025-12-13 23:34:46.030 [http-nio-8080-exec-7] DEBUG c.z.e.m.m.a.E.selectList - ==>  Preparing: SELECT employmentInformation_id,employmentInformation_code,employmentInformation_companyName,employmentInformation_industryCategories,employmentInformation_companyType,employmentInformation_batch,employmentInformation_recruitPosition,employmentInformation_recruitObject,employmentInformation_recruitLocationFirst,employmentInformation_recruitLocationSecond,employmentInformation_recruitLocationDetail,employmentInformation_startTime,employmentInformation_stopTime,employmentInformation_updatedTime,employmentInformation_onlineApplicationStatus,employmentInformation_officialAnnouncement,employmentInformation_submissionWay,employmentInformation_employeeReferralCode,deleted FROM general_employmentInformation WHERE deleted=0 AND (deleted = ?)
2025-12-13 23:34:46.031 [http-nio-8080-exec-7] DEBUG c.z.e.m.m.a.E.selectList - ==> Parameters: 0(Integer)
2025-12-13 23:34:46.069 [http-nio-8080-exec-7] DEBUG c.z.e.m.m.a.E.selectList - <==      Total: 0
2025-12-13 23:34:55.835 [http-nio-8080-exec-10] DEBUG c.z.e.m.m.a.AdminMapper.selectById - ==>  Preparing: SELECT admin_id,admin_account,admin_username,admin_email,admin_phone,admin_password,admin_image,admin_introduce,admin_state,admin_login_time,deleted FROM admin_admin WHERE admin_id=? AND deleted=0
2025-12-13 23:34:55.836 [http-nio-8080-exec-10] DEBUG c.z.e.m.m.a.AdminMapper.selectById - ==> Parameters: 1(Integer)
2025-12-13 23:34:55.844 [http-nio-8080-exec-5] DEBUG c.z.e.m.m.a.AdminMapper.selectById - ==>  Preparing: SELECT admin_id,admin_account,admin_username,admin_email,admin_phone,admin_password,admin_image,admin_introduce,admin_state,admin_login_time,deleted FROM admin_admin WHERE admin_id=? AND deleted=0
2025-12-13 23:34:55.845 [http-nio-8080-exec-5] DEBUG c.z.e.m.m.a.AdminMapper.selectById - ==> Parameters: 1(Integer)
2025-12-13 23:34:55.874 [http-nio-8080-exec-10] DEBUG c.z.e.m.m.a.AdminMapper.selectById - <==      Total: 1
2025-12-13 23:34:55.875 [http-nio-8080-exec-10] DEBUG c.z.e.m.m.a.A.findAdminInfoById - ==>  Preparing: select * from admin_admin left join admin_admin_role on admin_admin.admin_id = admin_admin_role.adminId left join admin_role on admin_admin_role.roleId = admin_role.role_id left join admin_role_permission on admin_role.role_id = admin_role.role_id left join admin_permission on admin_role_permission.permissionId = admin_permission.permission_id where admin_admin.admin_id = ? and admin_admin.deleted = 0
2025-12-13 23:34:55.875 [http-nio-8080-exec-10] DEBUG c.z.e.m.m.a.A.findAdminInfoById - ==> Parameters: 1(Integer)
2025-12-13 23:34:55.882 [http-nio-8080-exec-5] DEBUG c.z.e.m.m.a.AdminMapper.selectById - <==      Total: 1
2025-12-13 23:34:55.883 [http-nio-8080-exec-5] DEBUG c.z.e.m.m.a.A.findAdminInfoById - ==>  Preparing: select * from admin_admin left join admin_admin_role on admin_admin.admin_id = admin_admin_role.adminId left join admin_role on admin_admin_role.roleId = admin_role.role_id left join admin_role_permission on admin_role.role_id = admin_role.role_id left join admin_permission on admin_role_permission.permissionId = admin_permission.permission_id where admin_admin.admin_id = ? and admin_admin.deleted = 0
2025-12-13 23:34:55.883 [http-nio-8080-exec-5] DEBUG c.z.e.m.m.a.A.findAdminInfoById - ==> Parameters: 1(Integer)
2025-12-13 23:34:55.915 [http-nio-8080-exec-10] DEBUG c.z.e.m.m.a.A.findAdminInfoById - <==      Total: 1
2025-12-13 23:34:55.922 [http-nio-8080-exec-5] DEBUG c.z.e.m.m.a.A.findAdminInfoById - <==      Total: 1
2025-12-13 23:34:55.969 [http-nio-8080-exec-5] DEBUG c.z.e.m.m.a.I.selectList - ==>  Preparing: SELECT industryMap_industryCode,industryMap_industryName,industryMap_createdTime AS createdTime,industryMap_updatedTime AS updatedTime FROM general_industryMap
2025-12-13 23:34:55.969 [http-nio-8080-exec-5] DEBUG c.z.e.m.m.a.I.selectList - ==> Parameters: 
2025-12-13 23:34:55.969 [http-nio-8080-exec-10] DEBUG c.z.e.m.m.a.R.queryRecruitPositionPage - ==>  Preparing: SELECT rp.recruitPosition_id AS recruitPositionId, rp.recruitPosition_name AS recruitPositionName, rp.recruitPosition_industryCode AS recruitPositionIndustryCode, -- 连表字段：行业名称（从行业映射表查询） gim.industryMap_industryName AS recruitPositionIndustryName, rp.recruitPosition_minMonthSalary AS minMonthSalary, rp.recruitPosition_maxMonthSalary AS maxMonthSalary, rp.recruitPosition_weekWorkDayNum AS weekWorkDayNum, rp.recruitPosition_goodWelfare AS goodWelfare, rp.recruitPosition_createdTime AS createdTime, rp.recruitPosition_updatedTime AS updatedTime FROM general_recruitPosition rp -- 招聘岗位表别名rp -- 连表：通用行业映射表（别名gim），LEFT JOIN避免行业编码无效时丢失岗位数据 LEFT JOIN general_industryMap gim ON rp.recruitPosition_industryCode = gim.industryMap_industryCode ORDER BY rp.recruitPosition_updatedTime DESC
2025-12-13 23:34:55.971 [http-nio-8080-exec-10] DEBUG c.z.e.m.m.a.R.queryRecruitPositionPage - ==> Parameters: 
2025-12-13 23:34:56.006 [http-nio-8080-exec-5] DEBUG c.z.e.m.m.a.I.selectList - <==      Total: 2
2025-12-13 23:34:56.007 [http-nio-8080-exec-10] DEBUG c.z.e.m.m.a.R.queryRecruitPositionPage - <==      Total: 1
2025-12-13 23:34:58.247 [http-nio-8080-exec-4] DEBUG c.z.e.m.m.a.AdminMapper.selectById - ==>  Preparing: SELECT admin_id,admin_account,admin_username,admin_email,admin_phone,admin_password,admin_image,admin_introduce,admin_state,admin_login_time,deleted FROM admin_admin WHERE admin_id=? AND deleted=0
2025-12-13 23:34:58.247 [http-nio-8080-exec-6] DEBUG c.z.e.m.m.a.AdminMapper.selectById - ==>  Preparing: SELECT admin_id,admin_account,admin_username,admin_email,admin_phone,admin_password,admin_image,admin_introduce,admin_state,admin_login_time,deleted FROM admin_admin WHERE admin_id=? AND deleted=0
2025-12-13 23:34:58.248 [http-nio-8080-exec-4] DEBUG c.z.e.m.m.a.AdminMapper.selectById - ==> Parameters: 1(Integer)
2025-12-13 23:34:58.248 [http-nio-8080-exec-6] DEBUG c.z.e.m.m.a.AdminMapper.selectById - ==> Parameters: 1(Integer)
2025-12-13 23:34:58.250 [http-nio-8080-exec-9] DEBUG c.z.e.m.m.a.AdminMapper.selectById - ==>  Preparing: SELECT admin_id,admin_account,admin_username,admin_email,admin_phone,admin_password,admin_image,admin_introduce,admin_state,admin_login_time,deleted FROM admin_admin WHERE admin_id=? AND deleted=0
2025-12-13 23:34:58.250 [http-nio-8080-exec-8] DEBUG c.z.e.m.m.a.AdminMapper.selectById - ==>  Preparing: SELECT admin_id,admin_account,admin_username,admin_email,admin_phone,admin_password,admin_image,admin_introduce,admin_state,admin_login_time,deleted FROM admin_admin WHERE admin_id=? AND deleted=0
2025-12-13 23:34:58.251 [http-nio-8080-exec-9] DEBUG c.z.e.m.m.a.AdminMapper.selectById - ==> Parameters: 1(Integer)
2025-12-13 23:34:58.251 [http-nio-8080-exec-8] DEBUG c.z.e.m.m.a.AdminMapper.selectById - ==> Parameters: 1(Integer)
2025-12-13 23:34:58.285 [http-nio-8080-exec-4] DEBUG c.z.e.m.m.a.AdminMapper.selectById - <==      Total: 1
2025-12-13 23:34:58.285 [http-nio-8080-exec-6] DEBUG c.z.e.m.m.a.AdminMapper.selectById - <==      Total: 1
2025-12-13 23:34:58.286 [http-nio-8080-exec-6] DEBUG c.z.e.m.m.a.A.findAdminInfoById - ==>  Preparing: select * from admin_admin left join admin_admin_role on admin_admin.admin_id = admin_admin_role.adminId left join admin_role on admin_admin_role.roleId = admin_role.role_id left join admin_role_permission on admin_role.role_id = admin_role.role_id left join admin_permission on admin_role_permission.permissionId = admin_permission.permission_id where admin_admin.admin_id = ? and admin_admin.deleted = 0
2025-12-13 23:34:58.286 [http-nio-8080-exec-4] DEBUG c.z.e.m.m.a.A.findAdminInfoById - ==>  Preparing: select * from admin_admin left join admin_admin_role on admin_admin.admin_id = admin_admin_role.adminId left join admin_role on admin_admin_role.roleId = admin_role.role_id left join admin_role_permission on admin_role.role_id = admin_role.role_id left join admin_permission on admin_role_permission.permissionId = admin_permission.permission_id where admin_admin.admin_id = ? and admin_admin.deleted = 0
2025-12-13 23:34:58.286 [http-nio-8080-exec-4] DEBUG c.z.e.m.m.a.A.findAdminInfoById - ==> Parameters: 1(Integer)
2025-12-13 23:34:58.286 [http-nio-8080-exec-6] DEBUG c.z.e.m.m.a.A.findAdminInfoById - ==> Parameters: 1(Integer)
2025-12-13 23:34:58.289 [http-nio-8080-exec-9] DEBUG c.z.e.m.m.a.AdminMapper.selectById - <==      Total: 1
2025-12-13 23:34:58.289 [http-nio-8080-exec-8] DEBUG c.z.e.m.m.a.AdminMapper.selectById - <==      Total: 1
2025-12-13 23:34:58.289 [http-nio-8080-exec-9] DEBUG c.z.e.m.m.a.A.findAdminInfoById - ==>  Preparing: select * from admin_admin left join admin_admin_role on admin_admin.admin_id = admin_admin_role.adminId left join admin_role on admin_admin_role.roleId = admin_role.role_id left join admin_role_permission on admin_role.role_id = admin_role.role_id left join admin_permission on admin_role_permission.permissionId = admin_permission.permission_id where admin_admin.admin_id = ? and admin_admin.deleted = 0
2025-12-13 23:34:58.290 [http-nio-8080-exec-9] DEBUG c.z.e.m.m.a.A.findAdminInfoById - ==> Parameters: 1(Integer)
2025-12-13 23:34:58.290 [http-nio-8080-exec-8] DEBUG c.z.e.m.m.a.A.findAdminInfoById - ==>  Preparing: select * from admin_admin left join admin_admin_role on admin_admin.admin_id = admin_admin_role.adminId left join admin_role on admin_admin_role.roleId = admin_role.role_id left join admin_role_permission on admin_role.role_id = admin_role.role_id left join admin_permission on admin_role_permission.permissionId = admin_permission.permission_id where admin_admin.admin_id = ? and admin_admin.deleted = 0
2025-12-13 23:34:58.290 [http-nio-8080-exec-8] DEBUG c.z.e.m.m.a.A.findAdminInfoById - ==> Parameters: 1(Integer)
2025-12-13 23:34:58.325 [http-nio-8080-exec-6] DEBUG c.z.e.m.m.a.A.findAdminInfoById - <==      Total: 1
2025-12-13 23:34:58.325 [http-nio-8080-exec-4] DEBUG c.z.e.m.m.a.A.findAdminInfoById - <==      Total: 1
2025-12-13 23:34:58.330 [http-nio-8080-exec-8] DEBUG c.z.e.m.m.a.A.findAdminInfoById - <==      Total: 1
2025-12-13 23:34:58.330 [http-nio-8080-exec-9] DEBUG c.z.e.m.m.a.A.findAdminInfoById - <==      Total: 1
2025-12-13 23:34:58.362 [http-nio-8080-exec-6] DEBUG c.z.e.m.m.a.I.selectList - ==>  Preparing: SELECT industryMap_industryCode,industryMap_industryName,industryMap_createdTime AS createdTime,industryMap_updatedTime AS updatedTime FROM general_industryMap
2025-12-13 23:34:58.362 [http-nio-8080-exec-4] DEBUG c.z.e.m.m.a.R.selectList - ==>  Preparing: SELECT recruitPosition_id AS recruitPositionId,recruitPosition_name,recruitPosition_createdTime AS createdTime,recruitPosition_updatedTime AS updatedTime,recruitPosition_industryCode,recruitPosition_minMonthSalary AS minMonthSalary,recruitPosition_maxMonthSalary AS maxMonthSalary,recruitPosition_weekWorkDayNum AS weekWorkDayNum,recruitPosition_goodWelfare AS goodWelfare FROM general_recruitPosition
2025-12-13 23:34:58.362 [http-nio-8080-exec-6] DEBUG c.z.e.m.m.a.I.selectList - ==> Parameters: 
2025-12-13 23:34:58.364 [http-nio-8080-exec-4] DEBUG c.z.e.m.m.a.R.selectList - ==> Parameters: 
2025-12-13 23:34:58.368 [http-nio-8080-exec-9] DEBUG c.z.e.m.m.a.P.selectList - ==>  Preparing: SELECT provinceMap_pid,provinceMap_pname FROM general_provinceMap
2025-12-13 23:34:58.368 [http-nio-8080-exec-9] DEBUG c.z.e.m.m.a.P.selectList - ==> Parameters: 
2025-12-13 23:34:58.371 [http-nio-8080-exec-8] DEBUG c.z.e.m.m.a.E.selectList - ==>  Preparing: SELECT employmentInformation_id,employmentInformation_code,employmentInformation_companyName,employmentInformation_industryCategories,employmentInformation_companyType,employmentInformation_batch,employmentInformation_recruitPosition,employmentInformation_recruitObject,employmentInformation_recruitLocationFirst,employmentInformation_recruitLocationSecond,employmentInformation_recruitLocationDetail,employmentInformation_startTime,employmentInformation_stopTime,employmentInformation_updatedTime,employmentInformation_onlineApplicationStatus,employmentInformation_officialAnnouncement,employmentInformation_submissionWay,employmentInformation_employeeReferralCode,deleted FROM general_employmentInformation WHERE deleted=0 AND (deleted = ?)
2025-12-13 23:34:58.373 [http-nio-8080-exec-8] DEBUG c.z.e.m.m.a.E.selectList - ==> Parameters: 0(Integer)
2025-12-13 23:34:58.399 [http-nio-8080-exec-6] DEBUG c.z.e.m.m.a.I.selectList - <==      Total: 2
2025-12-13 23:34:58.399 [http-nio-8080-exec-4] DEBUG c.z.e.m.m.a.R.selectList - <==      Total: 1
2025-12-13 23:34:58.404 [http-nio-8080-exec-9] DEBUG c.z.e.m.m.a.P.selectList - <==      Total: 34
2025-12-13 23:34:58.409 [http-nio-8080-exec-8] DEBUG c.z.e.m.m.a.E.selectList - <==      Total: 0
2025-12-13 23:37:18.812 [http-nio-8080-exec-2] DEBUG c.z.e.m.m.a.AdminMapper.selectById - ==>  Preparing: SELECT admin_id,admin_account,admin_username,admin_email,admin_phone,admin_password,admin_image,admin_introduce,admin_state,admin_login_time,deleted FROM admin_admin WHERE admin_id=? AND deleted=0
2025-12-13 23:37:18.812 [http-nio-8080-exec-3] DEBUG c.z.e.m.m.a.AdminMapper.selectById - ==>  Preparing: SELECT admin_id,admin_account,admin_username,admin_email,admin_phone,admin_password,admin_image,admin_introduce,admin_state,admin_login_time,deleted FROM admin_admin WHERE admin_id=? AND deleted=0
2025-12-13 23:37:18.812 [http-nio-8080-exec-1] DEBUG c.z.e.m.m.a.AdminMapper.selectById - ==>  Preparing: SELECT admin_id,admin_account,admin_username,admin_email,admin_phone,admin_password,admin_image,admin_introduce,admin_state,admin_login_time,deleted FROM admin_admin WHERE admin_id=? AND deleted=0
2025-12-13 23:37:18.812 [http-nio-8080-exec-2] DEBUG c.z.e.m.m.a.AdminMapper.selectById - ==> Parameters: 1(Integer)
2025-12-13 23:37:18.813 [http-nio-8080-exec-3] DEBUG c.z.e.m.m.a.AdminMapper.selectById - ==> Parameters: 1(Integer)
2025-12-13 23:37:18.812 [http-nio-8080-exec-1] DEBUG c.z.e.m.m.a.AdminMapper.selectById - ==> Parameters: 1(Integer)
2025-12-13 23:37:18.859 [http-nio-8080-exec-3] DEBUG c.z.e.m.m.a.AdminMapper.selectById - <==      Total: 1
2025-12-13 23:37:18.859 [http-nio-8080-exec-1] DEBUG c.z.e.m.m.a.AdminMapper.selectById - <==      Total: 1
2025-12-13 23:37:18.859 [http-nio-8080-exec-2] DEBUG c.z.e.m.m.a.AdminMapper.selectById - <==      Total: 1
2025-12-13 23:37:18.860 [http-nio-8080-exec-3] DEBUG c.z.e.m.m.a.A.findAdminInfoById - ==>  Preparing: select * from admin_admin left join admin_admin_role on admin_admin.admin_id = admin_admin_role.adminId left join admin_role on admin_admin_role.roleId = admin_role.role_id left join admin_role_permission on admin_role.role_id = admin_role.role_id left join admin_permission on admin_role_permission.permissionId = admin_permission.permission_id where admin_admin.admin_id = ? and admin_admin.deleted = 0
2025-12-13 23:37:18.860 [http-nio-8080-exec-2] DEBUG c.z.e.m.m.a.A.findAdminInfoById - ==>  Preparing: select * from admin_admin left join admin_admin_role on admin_admin.admin_id = admin_admin_role.adminId left join admin_role on admin_admin_role.roleId = admin_role.role_id left join admin_role_permission on admin_role.role_id = admin_role.role_id left join admin_permission on admin_role_permission.permissionId = admin_permission.permission_id where admin_admin.admin_id = ? and admin_admin.deleted = 0
2025-12-13 23:37:18.860 [http-nio-8080-exec-1] DEBUG c.z.e.m.m.a.A.findAdminInfoById - ==>  Preparing: select * from admin_admin left join admin_admin_role on admin_admin.admin_id = admin_admin_role.adminId left join admin_role on admin_admin_role.roleId = admin_role.role_id left join admin_role_permission on admin_role.role_id = admin_role.role_id left join admin_permission on admin_role_permission.permissionId = admin_permission.permission_id where admin_admin.admin_id = ? and admin_admin.deleted = 0
2025-12-13 23:37:18.860 [http-nio-8080-exec-3] DEBUG c.z.e.m.m.a.A.findAdminInfoById - ==> Parameters: 1(Integer)
2025-12-13 23:37:18.860 [http-nio-8080-exec-2] DEBUG c.z.e.m.m.a.A.findAdminInfoById - ==> Parameters: 1(Integer)
2025-12-13 23:37:18.860 [http-nio-8080-exec-1] DEBUG c.z.e.m.m.a.A.findAdminInfoById - ==> Parameters: 1(Integer)
2025-12-13 23:37:18.897 [http-nio-8080-exec-3] DEBUG c.z.e.m.m.a.A.findAdminInfoById - <==      Total: 1
2025-12-13 23:37:18.897 [http-nio-8080-exec-2] DEBUG c.z.e.m.m.a.A.findAdminInfoById - <==      Total: 1
2025-12-13 23:37:18.899 [http-nio-8080-exec-1] DEBUG c.z.e.m.m.a.A.findAdminInfoById - <==      Total: 1
2025-12-13 23:37:18.936 [http-nio-8080-exec-3] DEBUG c.z.e.m.m.a.R.selectList - ==>  Preparing: SELECT recruitPosition_id AS recruitPositionId,recruitPosition_name,recruitPosition_createdTime AS createdTime,recruitPosition_updatedTime AS updatedTime,recruitPosition_industryCode,recruitPosition_minMonthSalary AS minMonthSalary,recruitPosition_maxMonthSalary AS maxMonthSalary,recruitPosition_weekWorkDayNum AS weekWorkDayNum,recruitPosition_goodWelfare AS goodWelfare FROM general_recruitPosition
2025-12-13 23:37:18.936 [http-nio-8080-exec-3] DEBUG c.z.e.m.m.a.R.selectList - ==> Parameters: 
2025-12-13 23:37:18.936 [http-nio-8080-exec-2] DEBUG c.z.e.m.m.a.P.selectList - ==>  Preparing: SELECT provinceMap_pid,provinceMap_pname FROM general_provinceMap
2025-12-13 23:37:18.937 [http-nio-8080-exec-2] DEBUG c.z.e.m.m.a.P.selectList - ==> Parameters: 
2025-12-13 23:37:18.938 [http-nio-8080-exec-1] DEBUG c.z.e.m.m.a.I.selectList - ==>  Preparing: SELECT industryMap_industryCode,industryMap_industryName,industryMap_createdTime AS createdTime,industryMap_updatedTime AS updatedTime FROM general_industryMap
2025-12-13 23:37:18.938 [http-nio-8080-exec-1] DEBUG c.z.e.m.m.a.I.selectList - ==> Parameters: 
2025-12-13 23:37:18.973 [http-nio-8080-exec-3] DEBUG c.z.e.m.m.a.R.selectList - <==      Total: 1
2025-12-13 23:37:18.975 [http-nio-8080-exec-1] DEBUG c.z.e.m.m.a.I.selectList - <==      Total: 2
2025-12-13 23:37:18.975 [http-nio-8080-exec-2] DEBUG c.z.e.m.m.a.P.selectList - <==      Total: 34
2025-12-13 23:37:19.115 [http-nio-8080-exec-7] DEBUG c.z.e.m.m.a.AdminMapper.selectById - ==>  Preparing: SELECT admin_id,admin_account,admin_username,admin_email,admin_phone,admin_password,admin_image,admin_introduce,admin_state,admin_login_time,deleted FROM admin_admin WHERE admin_id=? AND deleted=0
2025-12-13 23:37:19.116 [http-nio-8080-exec-7] DEBUG c.z.e.m.m.a.AdminMapper.selectById - ==> Parameters: 1(Integer)
2025-12-13 23:37:19.153 [http-nio-8080-exec-7] DEBUG c.z.e.m.m.a.AdminMapper.selectById - <==      Total: 1
2025-12-13 23:37:19.154 [http-nio-8080-exec-7] DEBUG c.z.e.m.m.a.A.findAdminInfoById - ==>  Preparing: select * from admin_admin left join admin_admin_role on admin_admin.admin_id = admin_admin_role.adminId left join admin_role on admin_admin_role.roleId = admin_role.role_id left join admin_role_permission on admin_role.role_id = admin_role.role_id left join admin_permission on admin_role_permission.permissionId = admin_permission.permission_id where admin_admin.admin_id = ? and admin_admin.deleted = 0
2025-12-13 23:37:19.154 [http-nio-8080-exec-7] DEBUG c.z.e.m.m.a.A.findAdminInfoById - ==> Parameters: 1(Integer)
2025-12-13 23:37:19.196 [http-nio-8080-exec-7] DEBUG c.z.e.m.m.a.A.findAdminInfoById - <==      Total: 1
2025-12-13 23:37:19.236 [http-nio-8080-exec-7] DEBUG c.z.e.m.m.a.E.selectList - ==>  Preparing: SELECT employmentInformation_id,employmentInformation_code,employmentInformation_companyName,employmentInformation_industryCategories,employmentInformation_companyType,employmentInformation_batch,employmentInformation_recruitPosition,employmentInformation_recruitObject,employmentInformation_recruitLocationFirst,employmentInformation_recruitLocationSecond,employmentInformation_recruitLocationDetail,employmentInformation_startTime,employmentInformation_stopTime,employmentInformation_updatedTime,employmentInformation_onlineApplicationStatus,employmentInformation_officialAnnouncement,employmentInformation_submissionWay,employmentInformation_employeeReferralCode,deleted FROM general_employmentInformation WHERE deleted=0 AND (deleted = ?)
2025-12-13 23:37:19.236 [http-nio-8080-exec-7] DEBUG c.z.e.m.m.a.E.selectList - ==> Parameters: 0(Integer)
2025-12-13 23:37:19.274 [http-nio-8080-exec-7] DEBUG c.z.e.m.m.a.E.selectList - <==      Total: 0
2025-12-13 23:39:23.664 [http-nio-8080-exec-10] DEBUG c.z.e.m.m.a.AdminMapper.selectById - ==>  Preparing: SELECT admin_id,admin_account,admin_username,admin_email,admin_phone,admin_password,admin_image,admin_introduce,admin_state,admin_login_time,deleted FROM admin_admin WHERE admin_id=? AND deleted=0
2025-12-13 23:39:23.664 [http-nio-8080-exec-10] DEBUG c.z.e.m.m.a.AdminMapper.selectById - ==> Parameters: 1(Integer)
2025-12-13 23:39:23.700 [http-nio-8080-exec-10] DEBUG c.z.e.m.m.a.AdminMapper.selectById - <==      Total: 1
2025-12-13 23:39:23.701 [http-nio-8080-exec-10] DEBUG c.z.e.m.m.a.A.findAdminInfoById - ==>  Preparing: select * from admin_admin left join admin_admin_role on admin_admin.admin_id = admin_admin_role.adminId left join admin_role on admin_admin_role.roleId = admin_role.role_id left join admin_role_permission on admin_role.role_id = admin_role.role_id left join admin_permission on admin_role_permission.permissionId = admin_permission.permission_id where admin_admin.admin_id = ? and admin_admin.deleted = 0
2025-12-13 23:39:23.703 [http-nio-8080-exec-10] DEBUG c.z.e.m.m.a.A.findAdminInfoById - ==> Parameters: 1(Integer)
2025-12-13 23:39:23.739 [http-nio-8080-exec-10] DEBUG c.z.e.m.m.a.A.findAdminInfoById - <==      Total: 1
2025-12-13 23:39:23.777 [http-nio-8080-exec-10] DEBUG c.z.e.m.m.a.I.selectList - ==>  Preparing: SELECT industryMap_industryCode,industryMap_industryName,industryMap_createdTime AS createdTime,industryMap_updatedTime AS updatedTime FROM general_industryMap
2025-12-13 23:39:23.778 [http-nio-8080-exec-10] DEBUG c.z.e.m.m.a.I.selectList - ==> Parameters: 
2025-12-13 23:39:23.816 [http-nio-8080-exec-10] DEBUG c.z.e.m.m.a.I.selectList - <==      Total: 2
2025-12-13 23:39:23.988 [http-nio-8080-exec-4] DEBUG c.z.e.m.m.a.AdminMapper.selectById - ==>  Preparing: SELECT admin_id,admin_account,admin_username,admin_email,admin_phone,admin_password,admin_image,admin_introduce,admin_state,admin_login_time,deleted FROM admin_admin WHERE admin_id=? AND deleted=0
2025-12-13 23:39:23.988 [http-nio-8080-exec-5] DEBUG c.z.e.m.m.a.AdminMapper.selectById - ==>  Preparing: SELECT admin_id,admin_account,admin_username,admin_email,admin_phone,admin_password,admin_image,admin_introduce,admin_state,admin_login_time,deleted FROM admin_admin WHERE admin_id=? AND deleted=0
2025-12-13 23:39:23.988 [http-nio-8080-exec-4] DEBUG c.z.e.m.m.a.AdminMapper.selectById - ==> Parameters: 1(Integer)
2025-12-13 23:39:23.988 [http-nio-8080-exec-5] DEBUG c.z.e.m.m.a.AdminMapper.selectById - ==> Parameters: 1(Integer)
2025-12-13 23:39:24.030 [http-nio-8080-exec-4] DEBUG c.z.e.m.m.a.AdminMapper.selectById - <==      Total: 1
2025-12-13 23:39:24.030 [http-nio-8080-exec-5] DEBUG c.z.e.m.m.a.AdminMapper.selectById - <==      Total: 1
2025-12-13 23:39:24.030 [http-nio-8080-exec-4] DEBUG c.z.e.m.m.a.A.findAdminInfoById - ==>  Preparing: select * from admin_admin left join admin_admin_role on admin_admin.admin_id = admin_admin_role.adminId left join admin_role on admin_admin_role.roleId = admin_role.role_id left join admin_role_permission on admin_role.role_id = admin_role.role_id left join admin_permission on admin_role_permission.permissionId = admin_permission.permission_id where admin_admin.admin_id = ? and admin_admin.deleted = 0
2025-12-13 23:39:24.030 [http-nio-8080-exec-5] DEBUG c.z.e.m.m.a.A.findAdminInfoById - ==>  Preparing: select * from admin_admin left join admin_admin_role on admin_admin.admin_id = admin_admin_role.adminId left join admin_role on admin_admin_role.roleId = admin_role.role_id left join admin_role_permission on admin_role.role_id = admin_role.role_id left join admin_permission on admin_role_permission.permissionId = admin_permission.permission_id where admin_admin.admin_id = ? and admin_admin.deleted = 0
2025-12-13 23:39:24.030 [http-nio-8080-exec-5] DEBUG c.z.e.m.m.a.A.findAdminInfoById - ==> Parameters: 1(Integer)
2025-12-13 23:39:24.030 [http-nio-8080-exec-4] DEBUG c.z.e.m.m.a.A.findAdminInfoById - ==> Parameters: 1(Integer)
2025-12-13 23:39:24.074 [http-nio-8080-exec-5] DEBUG c.z.e.m.m.a.A.findAdminInfoById - <==      Total: 1
2025-12-13 23:39:24.074 [http-nio-8080-exec-4] DEBUG c.z.e.m.m.a.A.findAdminInfoById - <==      Total: 1
2025-12-13 23:39:24.114 [http-nio-8080-exec-5] DEBUG c.z.e.m.m.a.R.selectList - ==>  Preparing: SELECT recruitPosition_id AS recruitPositionId,recruitPosition_name,recruitPosition_createdTime AS createdTime,recruitPosition_updatedTime AS updatedTime,recruitPosition_industryCode,recruitPosition_minMonthSalary AS minMonthSalary,recruitPosition_maxMonthSalary AS maxMonthSalary,recruitPosition_weekWorkDayNum AS weekWorkDayNum,recruitPosition_goodWelfare AS goodWelfare FROM general_recruitPosition
2025-12-13 23:39:24.114 [http-nio-8080-exec-5] DEBUG c.z.e.m.m.a.R.selectList - ==> Parameters: 
2025-12-13 23:39:24.122 [http-nio-8080-exec-4] DEBUG c.z.e.m.m.a.E.selectList - ==>  Preparing: SELECT employmentInformation_id,employmentInformation_code,employmentInformation_companyName,employmentInformation_industryCategories,employmentInformation_companyType,employmentInformation_batch,employmentInformation_recruitPosition,employmentInformation_recruitObject,employmentInformation_recruitLocationFirst,employmentInformation_recruitLocationSecond,employmentInformation_recruitLocationDetail,employmentInformation_startTime,employmentInformation_stopTime,employmentInformation_updatedTime,employmentInformation_onlineApplicationStatus,employmentInformation_officialAnnouncement,employmentInformation_submissionWay,employmentInformation_employeeReferralCode,deleted FROM general_employmentInformation WHERE deleted=0 AND (deleted = ?)
2025-12-13 23:39:24.123 [http-nio-8080-exec-4] DEBUG c.z.e.m.m.a.E.selectList - ==> Parameters: 0(Integer)
2025-12-13 23:39:24.152 [http-nio-8080-exec-5] DEBUG c.z.e.m.m.a.R.selectList - <==      Total: 1
2025-12-13 23:39:24.158 [http-nio-8080-exec-4] DEBUG c.z.e.m.m.a.E.selectList - <==      Total: 0
2025-12-13 23:39:27.608 [http-nio-8080-exec-6] DEBUG c.z.e.m.m.a.AdminMapper.selectById - ==>  Preparing: SELECT admin_id,admin_account,admin_username,admin_email,admin_phone,admin_password,admin_image,admin_introduce,admin_state,admin_login_time,deleted FROM admin_admin WHERE admin_id=? AND deleted=0
2025-12-13 23:39:27.609 [http-nio-8080-exec-6] DEBUG c.z.e.m.m.a.AdminMapper.selectById - ==> Parameters: 1(Integer)
2025-12-13 23:39:27.644 [http-nio-8080-exec-6] DEBUG c.z.e.m.m.a.AdminMapper.selectById - <==      Total: 1
2025-12-13 23:39:27.645 [http-nio-8080-exec-6] DEBUG c.z.e.m.m.a.A.findAdminInfoById - ==>  Preparing: select * from admin_admin left join admin_admin_role on admin_admin.admin_id = admin_admin_role.adminId left join admin_role on admin_admin_role.roleId = admin_role.role_id left join admin_role_permission on admin_role.role_id = admin_role.role_id left join admin_permission on admin_role_permission.permissionId = admin_permission.permission_id where admin_admin.admin_id = ? and admin_admin.deleted = 0
2025-12-13 23:39:27.645 [http-nio-8080-exec-6] DEBUG c.z.e.m.m.a.A.findAdminInfoById - ==> Parameters: 1(Integer)
2025-12-13 23:39:27.683 [http-nio-8080-exec-6] DEBUG c.z.e.m.m.a.A.findAdminInfoById - <==      Total: 1
2025-12-13 23:39:27.721 [http-nio-8080-exec-6] DEBUG c.z.e.m.m.a.P.selectList - ==>  Preparing: SELECT provinceMap_pid,provinceMap_pname FROM general_provinceMap
2025-12-13 23:39:27.721 [http-nio-8080-exec-6] DEBUG c.z.e.m.m.a.P.selectList - ==> Parameters: 
2025-12-13 23:39:27.759 [http-nio-8080-exec-6] DEBUG c.z.e.m.m.a.P.selectList - <==      Total: 34
2025-12-13 23:39:30.106 [http-nio-8080-exec-9] DEBUG c.z.e.m.m.a.AdminMapper.selectById - ==>  Preparing: SELECT admin_id,admin_account,admin_username,admin_email,admin_phone,admin_password,admin_image,admin_introduce,admin_state,admin_login_time,deleted FROM admin_admin WHERE admin_id=? AND deleted=0
2025-12-13 23:39:30.107 [http-nio-8080-exec-9] DEBUG c.z.e.m.m.a.AdminMapper.selectById - ==> Parameters: 1(Integer)
2025-12-13 23:39:30.144 [http-nio-8080-exec-9] DEBUG c.z.e.m.m.a.AdminMapper.selectById - <==      Total: 1
2025-12-13 23:39:30.145 [http-nio-8080-exec-9] DEBUG c.z.e.m.m.a.A.findAdminInfoById - ==>  Preparing: select * from admin_admin left join admin_admin_role on admin_admin.admin_id = admin_admin_role.adminId left join admin_role on admin_admin_role.roleId = admin_role.role_id left join admin_role_permission on admin_role.role_id = admin_role.role_id left join admin_permission on admin_role_permission.permissionId = admin_permission.permission_id where admin_admin.admin_id = ? and admin_admin.deleted = 0
2025-12-13 23:39:30.145 [http-nio-8080-exec-9] DEBUG c.z.e.m.m.a.A.findAdminInfoById - ==> Parameters: 1(Integer)
2025-12-13 23:39:30.186 [http-nio-8080-exec-9] DEBUG c.z.e.m.m.a.A.findAdminInfoById - <==      Total: 1
2025-12-13 23:39:30.226 [http-nio-8080-exec-9] DEBUG c.z.e.m.m.a.P.selectList - ==>  Preparing: SELECT provinceMap_pid,provinceMap_pname FROM general_provinceMap
2025-12-13 23:39:30.226 [http-nio-8080-exec-9] DEBUG c.z.e.m.m.a.P.selectList - ==> Parameters: 
2025-12-13 23:39:30.264 [http-nio-8080-exec-9] DEBUG c.z.e.m.m.a.P.selectList - <==      Total: 34
2025-12-13 23:39:36.683 [http-nio-8080-exec-8] DEBUG c.z.e.m.m.a.AdminMapper.selectById - ==>  Preparing: SELECT admin_id,admin_account,admin_username,admin_email,admin_phone,admin_password,admin_image,admin_introduce,admin_state,admin_login_time,deleted FROM admin_admin WHERE admin_id=? AND deleted=0
2025-12-13 23:39:36.684 [http-nio-8080-exec-8] DEBUG c.z.e.m.m.a.AdminMapper.selectById - ==> Parameters: 1(Integer)
2025-12-13 23:39:36.720 [http-nio-8080-exec-8] DEBUG c.z.e.m.m.a.AdminMapper.selectById - <==      Total: 1
2025-12-13 23:39:36.721 [http-nio-8080-exec-8] DEBUG c.z.e.m.m.a.A.findAdminInfoById - ==>  Preparing: select * from admin_admin left join admin_admin_role on admin_admin.admin_id = admin_admin_role.adminId left join admin_role on admin_admin_role.roleId = admin_role.role_id left join admin_role_permission on admin_role.role_id = admin_role.role_id left join admin_permission on admin_role_permission.permissionId = admin_permission.permission_id where admin_admin.admin_id = ? and admin_admin.deleted = 0
2025-12-13 23:39:36.722 [http-nio-8080-exec-8] DEBUG c.z.e.m.m.a.A.findAdminInfoById - ==> Parameters: 1(Integer)
2025-12-13 23:39:36.759 [http-nio-8080-exec-8] DEBUG c.z.e.m.m.a.A.findAdminInfoById - <==      Total: 1
2025-12-13 23:39:36.796 [http-nio-8080-exec-8] DEBUG c.z.e.m.m.a.P.selectList - ==>  Preparing: SELECT provinceMap_pid,provinceMap_pname FROM general_provinceMap
2025-12-13 23:39:36.797 [http-nio-8080-exec-8] DEBUG c.z.e.m.m.a.P.selectList - ==> Parameters: 
2025-12-13 23:39:36.833 [http-nio-8080-exec-8] DEBUG c.z.e.m.m.a.P.selectList - <==      Total: 34
2025-12-13 23:40:32.113 [http-nio-8080-exec-2] DEBUG c.z.e.m.m.a.AdminMapper.selectById - ==>  Preparing: SELECT admin_id,admin_account,admin_username,admin_email,admin_phone,admin_password,admin_image,admin_introduce,admin_state,admin_login_time,deleted FROM admin_admin WHERE admin_id=? AND deleted=0
2025-12-13 23:40:32.114 [http-nio-8080-exec-2] DEBUG c.z.e.m.m.a.AdminMapper.selectById - ==> Parameters: 1(Integer)
2025-12-13 23:40:32.154 [http-nio-8080-exec-2] DEBUG c.z.e.m.m.a.AdminMapper.selectById - <==      Total: 1
2025-12-13 23:40:32.154 [http-nio-8080-exec-2] DEBUG c.z.e.m.m.a.A.findAdminInfoById - ==>  Preparing: select * from admin_admin left join admin_admin_role on admin_admin.admin_id = admin_admin_role.adminId left join admin_role on admin_admin_role.roleId = admin_role.role_id left join admin_role_permission on admin_role.role_id = admin_role.role_id left join admin_permission on admin_role_permission.permissionId = admin_permission.permission_id where admin_admin.admin_id = ? and admin_admin.deleted = 0
2025-12-13 23:40:32.155 [http-nio-8080-exec-2] DEBUG c.z.e.m.m.a.A.findAdminInfoById - ==> Parameters: 1(Integer)
2025-12-13 23:40:32.194 [http-nio-8080-exec-2] DEBUG c.z.e.m.m.a.A.findAdminInfoById - <==      Total: 1
2025-12-13 23:40:32.234 [http-nio-8080-exec-2] DEBUG c.z.e.m.m.a.P.selectList - ==>  Preparing: SELECT provinceMap_pid,provinceMap_pname FROM general_provinceMap
2025-12-13 23:40:32.234 [http-nio-8080-exec-2] DEBUG c.z.e.m.m.a.P.selectList - ==> Parameters: 
2025-12-13 23:40:32.274 [http-nio-8080-exec-2] DEBUG c.z.e.m.m.a.P.selectList - <==      Total: 34
2025-12-13 23:41:56.268 [http-nio-8080-exec-1] DEBUG c.z.e.m.m.a.AdminMapper.selectById - ==>  Preparing: SELECT admin_id,admin_account,admin_username,admin_email,admin_phone,admin_password,admin_image,admin_introduce,admin_state,admin_login_time,deleted FROM admin_admin WHERE admin_id=? AND deleted=0
2025-12-13 23:41:56.269 [http-nio-8080-exec-1] DEBUG c.z.e.m.m.a.AdminMapper.selectById - ==> Parameters: 1(Integer)
2025-12-13 23:41:56.276 [http-nio-8080-exec-7] DEBUG c.z.e.m.m.a.AdminMapper.selectById - ==>  Preparing: SELECT admin_id,admin_account,admin_username,admin_email,admin_phone,admin_password,admin_image,admin_introduce,admin_state,admin_login_time,deleted FROM admin_admin WHERE admin_id=? AND deleted=0
2025-12-13 23:41:56.276 [http-nio-8080-exec-7] DEBUG c.z.e.m.m.a.AdminMapper.selectById - ==> Parameters: 1(Integer)
2025-12-13 23:41:56.292 [http-nio-8080-exec-3] DEBUG c.z.e.m.m.a.AdminMapper.selectById - ==>  Preparing: SELECT admin_id,admin_account,admin_username,admin_email,admin_phone,admin_password,admin_image,admin_introduce,admin_state,admin_login_time,deleted FROM admin_admin WHERE admin_id=? AND deleted=0
2025-12-13 23:41:56.293 [http-nio-8080-exec-3] DEBUG c.z.e.m.m.a.AdminMapper.selectById - ==> Parameters: 1(Integer)
2025-12-13 23:41:56.306 [http-nio-8080-exec-1] DEBUG c.z.e.m.m.a.AdminMapper.selectById - <==      Total: 1
2025-12-13 23:41:56.307 [http-nio-8080-exec-1] DEBUG c.z.e.m.m.a.A.findAdminInfoById - ==>  Preparing: select * from admin_admin left join admin_admin_role on admin_admin.admin_id = admin_admin_role.adminId left join admin_role on admin_admin_role.roleId = admin_role.role_id left join admin_role_permission on admin_role.role_id = admin_role.role_id left join admin_permission on admin_role_permission.permissionId = admin_permission.permission_id where admin_admin.admin_id = ? and admin_admin.deleted = 0
2025-12-13 23:41:56.309 [http-nio-8080-exec-1] DEBUG c.z.e.m.m.a.A.findAdminInfoById - ==> Parameters: 1(Integer)
2025-12-13 23:41:56.316 [http-nio-8080-exec-7] DEBUG c.z.e.m.m.a.AdminMapper.selectById - <==      Total: 1
2025-12-13 23:41:56.318 [http-nio-8080-exec-7] DEBUG c.z.e.m.m.a.A.findAdminInfoById - ==>  Preparing: select * from admin_admin left join admin_admin_role on admin_admin.admin_id = admin_admin_role.adminId left join admin_role on admin_admin_role.roleId = admin_role.role_id left join admin_role_permission on admin_role.role_id = admin_role.role_id left join admin_permission on admin_role_permission.permissionId = admin_permission.permission_id where admin_admin.admin_id = ? and admin_admin.deleted = 0
2025-12-13 23:41:56.319 [http-nio-8080-exec-7] DEBUG c.z.e.m.m.a.A.findAdminInfoById - ==> Parameters: 1(Integer)
2025-12-13 23:41:56.330 [http-nio-8080-exec-3] DEBUG c.z.e.m.m.a.AdminMapper.selectById - <==      Total: 1
2025-12-13 23:41:56.331 [http-nio-8080-exec-3] DEBUG c.z.e.m.m.a.A.findAdminInfoById - ==>  Preparing: select * from admin_admin left join admin_admin_role on admin_admin.admin_id = admin_admin_role.adminId left join admin_role on admin_admin_role.roleId = admin_role.role_id left join admin_role_permission on admin_role.role_id = admin_role.role_id left join admin_permission on admin_role_permission.permissionId = admin_permission.permission_id where admin_admin.admin_id = ? and admin_admin.deleted = 0
2025-12-13 23:41:56.332 [http-nio-8080-exec-3] DEBUG c.z.e.m.m.a.A.findAdminInfoById - ==> Parameters: 1(Integer)
2025-12-13 23:41:56.348 [http-nio-8080-exec-1] DEBUG c.z.e.m.m.a.A.findAdminInfoById - <==      Total: 1
2025-12-13 23:41:56.364 [http-nio-8080-exec-7] DEBUG c.z.e.m.m.a.A.findAdminInfoById - <==      Total: 1
2025-12-13 23:41:56.372 [http-nio-8080-exec-3] DEBUG c.z.e.m.m.a.A.findAdminInfoById - <==      Total: 1
2025-12-13 23:41:56.402 [http-nio-8080-exec-7] DEBUG c.z.e.m.m.a.R.selectList - ==>  Preparing: SELECT recruitPosition_id AS recruitPositionId,recruitPosition_name,recruitPosition_createdTime AS createdTime,recruitPosition_updatedTime AS updatedTime,recruitPosition_industryCode,recruitPosition_minMonthSalary AS minMonthSalary,recruitPosition_maxMonthSalary AS maxMonthSalary,recruitPosition_weekWorkDayNum AS weekWorkDayNum,recruitPosition_goodWelfare AS goodWelfare FROM general_recruitPosition
2025-12-13 23:41:56.403 [http-nio-8080-exec-7] DEBUG c.z.e.m.m.a.R.selectList - ==> Parameters: 
2025-12-13 23:41:56.409 [http-nio-8080-exec-3] DEBUG c.z.e.m.m.a.I.selectList - ==>  Preparing: SELECT industryMap_industryCode,industryMap_industryName,industryMap_createdTime AS createdTime,industryMap_updatedTime AS updatedTime FROM general_industryMap
2025-12-13 23:41:56.409 [http-nio-8080-exec-3] DEBUG c.z.e.m.m.a.I.selectList - ==> Parameters: 
2025-12-13 23:41:56.431 [http-nio-8080-exec-1] DEBUG c.z.e.m.m.a.E.selectList - ==>  Preparing: SELECT employmentInformation_id,employmentInformation_code,employmentInformation_companyName,employmentInformation_industryCategories,employmentInformation_companyType,employmentInformation_batch,employmentInformation_recruitPosition,employmentInformation_recruitObject,employmentInformation_recruitLocationFirst,employmentInformation_recruitLocationSecond,employmentInformation_recruitLocationDetail,employmentInformation_startTime,employmentInformation_stopTime,employmentInformation_updatedTime,employmentInformation_onlineApplicationStatus,employmentInformation_officialAnnouncement,employmentInformation_submissionWay,employmentInformation_employeeReferralCode,deleted FROM general_employmentInformation WHERE deleted=0 AND (deleted = ?)
2025-12-13 23:41:56.431 [http-nio-8080-exec-1] DEBUG c.z.e.m.m.a.E.selectList - ==> Parameters: 0(Integer)
2025-12-13 23:41:56.441 [http-nio-8080-exec-7] DEBUG c.z.e.m.m.a.R.selectList - <==      Total: 1
2025-12-13 23:41:56.450 [http-nio-8080-exec-3] DEBUG c.z.e.m.m.a.I.selectList - <==      Total: 2
2025-12-13 23:41:56.471 [http-nio-8080-exec-1] DEBUG c.z.e.m.m.a.E.selectList - <==      Total: 0
2025-12-13 23:44:05.785 [http-nio-8080-exec-10] DEBUG c.z.e.m.m.a.AdminMapper.selectById - ==>  Preparing: SELECT admin_id,admin_account,admin_username,admin_email,admin_phone,admin_password,admin_image,admin_introduce,admin_state,admin_login_time,deleted FROM admin_admin WHERE admin_id=? AND deleted=0
2025-12-13 23:44:05.785 [http-nio-8080-exec-10] DEBUG c.z.e.m.m.a.AdminMapper.selectById - ==> Parameters: 1(Integer)
2025-12-13 23:44:05.822 [http-nio-8080-exec-10] DEBUG c.z.e.m.m.a.AdminMapper.selectById - <==      Total: 1
2025-12-13 23:44:05.823 [http-nio-8080-exec-10] DEBUG c.z.e.m.m.a.A.findAdminInfoById - ==>  Preparing: select * from admin_admin left join admin_admin_role on admin_admin.admin_id = admin_admin_role.adminId left join admin_role on admin_admin_role.roleId = admin_role.role_id left join admin_role_permission on admin_role.role_id = admin_role.role_id left join admin_permission on admin_role_permission.permissionId = admin_permission.permission_id where admin_admin.admin_id = ? and admin_admin.deleted = 0
2025-12-13 23:44:05.823 [http-nio-8080-exec-10] DEBUG c.z.e.m.m.a.A.findAdminInfoById - ==> Parameters: 1(Integer)
2025-12-13 23:44:05.861 [http-nio-8080-exec-10] DEBUG c.z.e.m.m.a.A.findAdminInfoById - <==      Total: 1
2025-12-13 23:44:05.898 [http-nio-8080-exec-10] DEBUG c.z.e.m.m.a.I.selectList - ==>  Preparing: SELECT industryMap_industryCode,industryMap_industryName,industryMap_createdTime AS createdTime,industryMap_updatedTime AS updatedTime FROM general_industryMap
2025-12-13 23:44:05.899 [http-nio-8080-exec-10] DEBUG c.z.e.m.m.a.I.selectList - ==> Parameters: 
2025-12-13 23:44:05.910 [http-nio-8080-exec-5] DEBUG c.z.e.m.m.a.AdminMapper.selectById - ==>  Preparing: SELECT admin_id,admin_account,admin_username,admin_email,admin_phone,admin_password,admin_image,admin_introduce,admin_state,admin_login_time,deleted FROM admin_admin WHERE admin_id=? AND deleted=0
2025-12-13 23:44:05.911 [http-nio-8080-exec-5] DEBUG c.z.e.m.m.a.AdminMapper.selectById - ==> Parameters: 1(Integer)
2025-12-13 23:44:05.939 [http-nio-8080-exec-10] DEBUG c.z.e.m.m.a.I.selectList - <==      Total: 2
2025-12-13 23:44:05.948 [http-nio-8080-exec-5] DEBUG c.z.e.m.m.a.AdminMapper.selectById - <==      Total: 1
2025-12-13 23:44:05.949 [http-nio-8080-exec-5] DEBUG c.z.e.m.m.a.A.findAdminInfoById - ==>  Preparing: select * from admin_admin left join admin_admin_role on admin_admin.admin_id = admin_admin_role.adminId left join admin_role on admin_admin_role.roleId = admin_role.role_id left join admin_role_permission on admin_role.role_id = admin_role.role_id left join admin_permission on admin_role_permission.permissionId = admin_permission.permission_id where admin_admin.admin_id = ? and admin_admin.deleted = 0
2025-12-13 23:44:05.949 [http-nio-8080-exec-5] DEBUG c.z.e.m.m.a.A.findAdminInfoById - ==> Parameters: 1(Integer)
2025-12-13 23:44:05.987 [http-nio-8080-exec-5] DEBUG c.z.e.m.m.a.A.findAdminInfoById - <==      Total: 1
2025-12-13 23:44:06.025 [http-nio-8080-exec-5] DEBUG c.z.e.m.m.a.R.selectList - ==>  Preparing: SELECT recruitPosition_id AS recruitPositionId,recruitPosition_name,recruitPosition_createdTime AS createdTime,recruitPosition_updatedTime AS updatedTime,recruitPosition_industryCode,recruitPosition_minMonthSalary AS minMonthSalary,recruitPosition_maxMonthSalary AS maxMonthSalary,recruitPosition_weekWorkDayNum AS weekWorkDayNum,recruitPosition_goodWelfare AS goodWelfare FROM general_recruitPosition
2025-12-13 23:44:06.025 [http-nio-8080-exec-5] DEBUG c.z.e.m.m.a.R.selectList - ==> Parameters: 
2025-12-13 23:44:06.062 [http-nio-8080-exec-5] DEBUG c.z.e.m.m.a.R.selectList - <==      Total: 1
2025-12-13 23:44:06.386 [http-nio-8080-exec-4] DEBUG c.z.e.m.m.a.AdminMapper.selectById - ==>  Preparing: SELECT admin_id,admin_account,admin_username,admin_email,admin_phone,admin_password,admin_image,admin_introduce,admin_state,admin_login_time,deleted FROM admin_admin WHERE admin_id=? AND deleted=0
2025-12-13 23:44:06.387 [http-nio-8080-exec-4] DEBUG c.z.e.m.m.a.AdminMapper.selectById - ==> Parameters: 1(Integer)
2025-12-13 23:44:06.422 [http-nio-8080-exec-4] DEBUG c.z.e.m.m.a.AdminMapper.selectById - <==      Total: 1
2025-12-13 23:44:06.423 [http-nio-8080-exec-4] DEBUG c.z.e.m.m.a.A.findAdminInfoById - ==>  Preparing: select * from admin_admin left join admin_admin_role on admin_admin.admin_id = admin_admin_role.adminId left join admin_role on admin_admin_role.roleId = admin_role.role_id left join admin_role_permission on admin_role.role_id = admin_role.role_id left join admin_permission on admin_role_permission.permissionId = admin_permission.permission_id where admin_admin.admin_id = ? and admin_admin.deleted = 0
2025-12-13 23:44:06.424 [http-nio-8080-exec-4] DEBUG c.z.e.m.m.a.A.findAdminInfoById - ==> Parameters: 1(Integer)
2025-12-13 23:44:06.461 [http-nio-8080-exec-4] DEBUG c.z.e.m.m.a.A.findAdminInfoById - <==      Total: 1
2025-12-13 23:44:06.500 [http-nio-8080-exec-4] DEBUG c.z.e.m.m.a.E.selectList - ==>  Preparing: SELECT employmentInformation_id,employmentInformation_code,employmentInformation_companyName,employmentInformation_industryCategories,employmentInformation_companyType,employmentInformation_batch,employmentInformation_recruitPosition,employmentInformation_recruitObject,employmentInformation_recruitLocationFirst,employmentInformation_recruitLocationSecond,employmentInformation_recruitLocationDetail,employmentInformation_startTime,employmentInformation_stopTime,employmentInformation_updatedTime,employmentInformation_onlineApplicationStatus,employmentInformation_officialAnnouncement,employmentInformation_submissionWay,employmentInformation_employeeReferralCode,deleted FROM general_employmentInformation WHERE deleted=0 AND (deleted = ?)
2025-12-13 23:44:06.501 [http-nio-8080-exec-4] DEBUG c.z.e.m.m.a.E.selectList - ==> Parameters: 0(Integer)
2025-12-13 23:44:06.538 [http-nio-8080-exec-4] DEBUG c.z.e.m.m.a.E.selectList - <==      Total: 0
2025-12-13 23:48:44.991 [http-nio-8080-exec-6] DEBUG c.z.e.m.m.a.AdminMapper.selectById - ==>  Preparing: SELECT admin_id,admin_account,admin_username,admin_email,admin_phone,admin_password,admin_image,admin_introduce,admin_state,admin_login_time,deleted FROM admin_admin WHERE admin_id=? AND deleted=0
2025-12-13 23:48:44.991 [http-nio-8080-exec-6] DEBUG c.z.e.m.m.a.AdminMapper.selectById - ==> Parameters: 1(Integer)
2025-12-13 23:48:45.028 [http-nio-8080-exec-6] DEBUG c.z.e.m.m.a.AdminMapper.selectById - <==      Total: 1
2025-12-13 23:48:45.030 [http-nio-8080-exec-6] DEBUG c.z.e.m.m.a.A.findAdminInfoById - ==>  Preparing: select * from admin_admin left join admin_admin_role on admin_admin.admin_id = admin_admin_role.adminId left join admin_role on admin_admin_role.roleId = admin_role.role_id left join admin_role_permission on admin_role.role_id = admin_role.role_id left join admin_permission on admin_role_permission.permissionId = admin_permission.permission_id where admin_admin.admin_id = ? and admin_admin.deleted = 0
2025-12-13 23:48:45.030 [http-nio-8080-exec-6] DEBUG c.z.e.m.m.a.A.findAdminInfoById - ==> Parameters: 1(Integer)
2025-12-13 23:48:45.066 [http-nio-8080-exec-6] DEBUG c.z.e.m.m.a.A.findAdminInfoById - <==      Total: 1
2025-12-13 23:48:45.106 [http-nio-8080-exec-6] DEBUG c.z.e.m.m.a.P.selectList - ==>  Preparing: SELECT provinceMap_pid,provinceMap_pname FROM general_provinceMap
2025-12-13 23:48:45.107 [http-nio-8080-exec-6] DEBUG c.z.e.m.m.a.P.selectList - ==> Parameters: 
2025-12-13 23:48:45.145 [http-nio-8080-exec-6] DEBUG c.z.e.m.m.a.P.selectList - <==      Total: 34
2025-12-13 23:48:48.161 [http-nio-8080-exec-9] DEBUG c.z.e.m.m.a.AdminMapper.selectById - ==>  Preparing: SELECT admin_id,admin_account,admin_username,admin_email,admin_phone,admin_password,admin_image,admin_introduce,admin_state,admin_login_time,deleted FROM admin_admin WHERE admin_id=? AND deleted=0
2025-12-13 23:48:48.162 [http-nio-8080-exec-9] DEBUG c.z.e.m.m.a.AdminMapper.selectById - ==> Parameters: 1(Integer)
2025-12-13 23:48:48.200 [http-nio-8080-exec-9] DEBUG c.z.e.m.m.a.AdminMapper.selectById - <==      Total: 1
2025-12-13 23:48:48.200 [http-nio-8080-exec-9] DEBUG c.z.e.m.m.a.A.findAdminInfoById - ==>  Preparing: select * from admin_admin left join admin_admin_role on admin_admin.admin_id = admin_admin_role.adminId left join admin_role on admin_admin_role.roleId = admin_role.role_id left join admin_role_permission on admin_role.role_id = admin_role.role_id left join admin_permission on admin_role_permission.permissionId = admin_permission.permission_id where admin_admin.admin_id = ? and admin_admin.deleted = 0
2025-12-13 23:48:48.200 [http-nio-8080-exec-9] DEBUG c.z.e.m.m.a.A.findAdminInfoById - ==> Parameters: 1(Integer)
2025-12-13 23:48:48.241 [http-nio-8080-exec-9] DEBUG c.z.e.m.m.a.A.findAdminInfoById - <==      Total: 1
2025-12-13 23:48:48.280 [http-nio-8080-exec-9] DEBUG c.z.e.m.m.a.P.selectList - ==>  Preparing: SELECT provinceMap_pid,provinceMap_pname FROM general_provinceMap
2025-12-13 23:48:48.280 [http-nio-8080-exec-9] DEBUG c.z.e.m.m.a.P.selectList - ==> Parameters: 
2025-12-13 23:48:48.317 [http-nio-8080-exec-9] DEBUG c.z.e.m.m.a.P.selectList - <==      Total: 34
2025-12-13 23:48:52.718 [http-nio-8080-exec-8] DEBUG c.z.e.m.m.a.AdminMapper.selectById - ==>  Preparing: SELECT admin_id,admin_account,admin_username,admin_email,admin_phone,admin_password,admin_image,admin_introduce,admin_state,admin_login_time,deleted FROM admin_admin WHERE admin_id=? AND deleted=0
2025-12-13 23:48:52.720 [http-nio-8080-exec-8] DEBUG c.z.e.m.m.a.AdminMapper.selectById - ==> Parameters: 1(Integer)
2025-12-13 23:48:52.763 [http-nio-8080-exec-8] DEBUG c.z.e.m.m.a.AdminMapper.selectById - <==      Total: 1
2025-12-13 23:48:52.764 [http-nio-8080-exec-8] DEBUG c.z.e.m.m.a.A.findAdminInfoById - ==>  Preparing: select * from admin_admin left join admin_admin_role on admin_admin.admin_id = admin_admin_role.adminId left join admin_role on admin_admin_role.roleId = admin_role.role_id left join admin_role_permission on admin_role.role_id = admin_role.role_id left join admin_permission on admin_role_permission.permissionId = admin_permission.permission_id where admin_admin.admin_id = ? and admin_admin.deleted = 0
2025-12-13 23:48:52.764 [http-nio-8080-exec-8] DEBUG c.z.e.m.m.a.A.findAdminInfoById - ==> Parameters: 1(Integer)
2025-12-13 23:48:52.801 [http-nio-8080-exec-8] DEBUG c.z.e.m.m.a.A.findAdminInfoById - <==      Total: 1
2025-12-13 23:48:52.839 [http-nio-8080-exec-8] DEBUG c.z.e.m.m.a.P.selectList - ==>  Preparing: SELECT provinceMap_pid,provinceMap_pname FROM general_provinceMap
2025-12-13 23:48:52.839 [http-nio-8080-exec-8] DEBUG c.z.e.m.m.a.P.selectList - ==> Parameters: 
2025-12-13 23:48:52.877 [http-nio-8080-exec-8] DEBUG c.z.e.m.m.a.P.selectList - <==      Total: 34
2025-12-13 23:48:55.653 [http-nio-8080-exec-2] DEBUG c.z.e.m.m.a.AdminMapper.selectById - ==>  Preparing: SELECT admin_id,admin_account,admin_username,admin_email,admin_phone,admin_password,admin_image,admin_introduce,admin_state,admin_login_time,deleted FROM admin_admin WHERE admin_id=? AND deleted=0
2025-12-13 23:48:55.653 [http-nio-8080-exec-7] DEBUG c.z.e.m.m.a.AdminMapper.selectById - ==>  Preparing: SELECT admin_id,admin_account,admin_username,admin_email,admin_phone,admin_password,admin_image,admin_introduce,admin_state,admin_login_time,deleted FROM admin_admin WHERE admin_id=? AND deleted=0
2025-12-13 23:48:55.654 [http-nio-8080-exec-2] DEBUG c.z.e.m.m.a.AdminMapper.selectById - ==> Parameters: 1(Integer)
2025-12-13 23:48:55.654 [http-nio-8080-exec-7] DEBUG c.z.e.m.m.a.AdminMapper.selectById - ==> Parameters: 1(Integer)
2025-12-13 23:48:55.672 [http-nio-8080-exec-3] DEBUG c.z.e.m.m.a.AdminMapper.selectById - ==>  Preparing: SELECT admin_id,admin_account,admin_username,admin_email,admin_phone,admin_password,admin_image,admin_introduce,admin_state,admin_login_time,deleted FROM admin_admin WHERE admin_id=? AND deleted=0
2025-12-13 23:48:55.672 [http-nio-8080-exec-3] DEBUG c.z.e.m.m.a.AdminMapper.selectById - ==> Parameters: 1(Integer)
2025-12-13 23:48:55.693 [http-nio-8080-exec-2] DEBUG c.z.e.m.m.a.AdminMapper.selectById - <==      Total: 1
2025-12-13 23:48:55.693 [http-nio-8080-exec-7] DEBUG c.z.e.m.m.a.AdminMapper.selectById - <==      Total: 1
2025-12-13 23:48:55.693 [http-nio-8080-exec-2] DEBUG c.z.e.m.m.a.A.findAdminInfoById - ==>  Preparing: select * from admin_admin left join admin_admin_role on admin_admin.admin_id = admin_admin_role.adminId left join admin_role on admin_admin_role.roleId = admin_role.role_id left join admin_role_permission on admin_role.role_id = admin_role.role_id left join admin_permission on admin_role_permission.permissionId = admin_permission.permission_id where admin_admin.admin_id = ? and admin_admin.deleted = 0
2025-12-13 23:48:55.693 [http-nio-8080-exec-7] DEBUG c.z.e.m.m.a.A.findAdminInfoById - ==>  Preparing: select * from admin_admin left join admin_admin_role on admin_admin.admin_id = admin_admin_role.adminId left join admin_role on admin_admin_role.roleId = admin_role.role_id left join admin_role_permission on admin_role.role_id = admin_role.role_id left join admin_permission on admin_role_permission.permissionId = admin_permission.permission_id where admin_admin.admin_id = ? and admin_admin.deleted = 0
2025-12-13 23:48:55.693 [http-nio-8080-exec-7] DEBUG c.z.e.m.m.a.A.findAdminInfoById - ==> Parameters: 1(Integer)
2025-12-13 23:48:55.694 [http-nio-8080-exec-2] DEBUG c.z.e.m.m.a.A.findAdminInfoById - ==> Parameters: 1(Integer)
2025-12-13 23:48:55.712 [http-nio-8080-exec-3] DEBUG c.z.e.m.m.a.AdminMapper.selectById - <==      Total: 1
2025-12-13 23:48:55.714 [http-nio-8080-exec-3] DEBUG c.z.e.m.m.a.A.findAdminInfoById - ==>  Preparing: select * from admin_admin left join admin_admin_role on admin_admin.admin_id = admin_admin_role.adminId left join admin_role on admin_admin_role.roleId = admin_role.role_id left join admin_role_permission on admin_role.role_id = admin_role.role_id left join admin_permission on admin_role_permission.permissionId = admin_permission.permission_id where admin_admin.admin_id = ? and admin_admin.deleted = 0
2025-12-13 23:48:55.715 [http-nio-8080-exec-3] DEBUG c.z.e.m.m.a.A.findAdminInfoById - ==> Parameters: 1(Integer)
2025-12-13 23:48:55.733 [http-nio-8080-exec-7] DEBUG c.z.e.m.m.a.A.findAdminInfoById - <==      Total: 1
2025-12-13 23:48:55.733 [http-nio-8080-exec-2] DEBUG c.z.e.m.m.a.A.findAdminInfoById - <==      Total: 1
2025-12-13 23:48:55.761 [http-nio-8080-exec-3] DEBUG c.z.e.m.m.a.A.findAdminInfoById - <==      Total: 1
2025-12-13 23:48:55.770 [http-nio-8080-exec-7] DEBUG c.z.e.m.m.a.I.selectList - ==>  Preparing: SELECT industryMap_industryCode,industryMap_industryName,industryMap_createdTime AS createdTime,industryMap_updatedTime AS updatedTime FROM general_industryMap
2025-12-13 23:48:55.770 [http-nio-8080-exec-7] DEBUG c.z.e.m.m.a.I.selectList - ==> Parameters: 
2025-12-13 23:48:55.773 [http-nio-8080-exec-2] DEBUG c.z.e.m.m.a.E.selectList - ==>  Preparing: SELECT employmentInformation_id,employmentInformation_code,employmentInformation_companyName,employmentInformation_industryCategories,employmentInformation_companyType,employmentInformation_batch,employmentInformation_recruitPosition,employmentInformation_recruitObject,employmentInformation_recruitLocationFirst,employmentInformation_recruitLocationSecond,employmentInformation_recruitLocationDetail,employmentInformation_startTime,employmentInformation_stopTime,employmentInformation_updatedTime,employmentInformation_onlineApplicationStatus,employmentInformation_officialAnnouncement,employmentInformation_submissionWay,employmentInformation_employeeReferralCode,deleted FROM general_employmentInformation WHERE deleted=0 AND (deleted = ?)
2025-12-13 23:48:55.773 [http-nio-8080-exec-2] DEBUG c.z.e.m.m.a.E.selectList - ==> Parameters: 0(Integer)
2025-12-13 23:48:55.799 [http-nio-8080-exec-3] DEBUG c.z.e.m.m.a.R.selectList - ==>  Preparing: SELECT recruitPosition_id AS recruitPositionId,recruitPosition_name,recruitPosition_createdTime AS createdTime,recruitPosition_updatedTime AS updatedTime,recruitPosition_industryCode,recruitPosition_minMonthSalary AS minMonthSalary,recruitPosition_maxMonthSalary AS maxMonthSalary,recruitPosition_weekWorkDayNum AS weekWorkDayNum,recruitPosition_goodWelfare AS goodWelfare FROM general_recruitPosition
2025-12-13 23:48:55.799 [http-nio-8080-exec-3] DEBUG c.z.e.m.m.a.R.selectList - ==> Parameters: 
2025-12-13 23:48:55.806 [http-nio-8080-exec-7] DEBUG c.z.e.m.m.a.I.selectList - <==      Total: 2
2025-12-13 23:48:55.809 [http-nio-8080-exec-2] DEBUG c.z.e.m.m.a.E.selectList - <==      Total: 0
2025-12-13 23:48:55.835 [http-nio-8080-exec-3] DEBUG c.z.e.m.m.a.R.selectList - <==      Total: 1
2025-12-13 23:49:13.958 [http-nio-8080-exec-1] DEBUG c.z.e.m.m.a.AdminMapper.selectById - ==>  Preparing: SELECT admin_id,admin_account,admin_username,admin_email,admin_phone,admin_password,admin_image,admin_introduce,admin_state,admin_login_time,deleted FROM admin_admin WHERE admin_id=? AND deleted=0
2025-12-13 23:49:13.958 [http-nio-8080-exec-1] DEBUG c.z.e.m.m.a.AdminMapper.selectById - ==> Parameters: 1(Integer)
2025-12-13 23:49:14.016 [http-nio-8080-exec-1] DEBUG c.z.e.m.m.a.AdminMapper.selectById - <==      Total: 1
2025-12-13 23:49:14.016 [http-nio-8080-exec-1] DEBUG c.z.e.m.m.a.A.findAdminInfoById - ==>  Preparing: select * from admin_admin left join admin_admin_role on admin_admin.admin_id = admin_admin_role.adminId left join admin_role on admin_admin_role.roleId = admin_role.role_id left join admin_role_permission on admin_role.role_id = admin_role.role_id left join admin_permission on admin_role_permission.permissionId = admin_permission.permission_id where admin_admin.admin_id = ? and admin_admin.deleted = 0
2025-12-13 23:49:14.018 [http-nio-8080-exec-1] DEBUG c.z.e.m.m.a.A.findAdminInfoById - ==> Parameters: 1(Integer)
2025-12-13 23:49:14.093 [http-nio-8080-exec-1] DEBUG c.z.e.m.m.a.A.findAdminInfoById - <==      Total: 1
2025-12-13 23:49:14.138 [http-nio-8080-exec-1] DEBUG c.z.e.m.m.a.P.selectList - ==>  Preparing: SELECT provinceMap_pid,provinceMap_pname FROM general_provinceMap
2025-12-13 23:49:14.138 [http-nio-8080-exec-1] DEBUG c.z.e.m.m.a.P.selectList - ==> Parameters: 
2025-12-13 23:49:14.173 [http-nio-8080-exec-1] DEBUG c.z.e.m.m.a.P.selectList - <==      Total: 34
2025-12-13 23:49:42.854 [http-nio-8080-exec-10] DEBUG c.z.e.m.m.a.AdminMapper.selectById - ==>  Preparing: SELECT admin_id,admin_account,admin_username,admin_email,admin_phone,admin_password,admin_image,admin_introduce,admin_state,admin_login_time,deleted FROM admin_admin WHERE admin_id=? AND deleted=0
2025-12-13 23:49:42.856 [http-nio-8080-exec-10] DEBUG c.z.e.m.m.a.AdminMapper.selectById - ==> Parameters: 1(Integer)
2025-12-13 23:49:42.894 [http-nio-8080-exec-10] DEBUG c.z.e.m.m.a.AdminMapper.selectById - <==      Total: 1
2025-12-13 23:49:42.897 [http-nio-8080-exec-10] DEBUG c.z.e.m.m.a.A.findAdminInfoById - ==>  Preparing: select * from admin_admin left join admin_admin_role on admin_admin.admin_id = admin_admin_role.adminId left join admin_role on admin_admin_role.roleId = admin_role.role_id left join admin_role_permission on admin_role.role_id = admin_role.role_id left join admin_permission on admin_role_permission.permissionId = admin_permission.permission_id where admin_admin.admin_id = ? and admin_admin.deleted = 0
2025-12-13 23:49:42.898 [http-nio-8080-exec-10] DEBUG c.z.e.m.m.a.A.findAdminInfoById - ==> Parameters: 1(Integer)
2025-12-13 23:49:42.950 [http-nio-8080-exec-10] DEBUG c.z.e.m.m.a.A.findAdminInfoById - <==      Total: 1
2025-12-13 23:49:42.996 [http-nio-8080-exec-10] DEBUG c.z.e.m.m.a.P.selectList - ==>  Preparing: SELECT provinceMap_pid,provinceMap_pname FROM general_provinceMap
2025-12-13 23:49:42.998 [http-nio-8080-exec-10] DEBUG c.z.e.m.m.a.P.selectList - ==> Parameters: 
2025-12-13 23:49:43.036 [http-nio-8080-exec-10] DEBUG c.z.e.m.m.a.P.selectList - <==      Total: 34
2025-12-13 23:51:50.112 [http-nio-8080-exec-5] DEBUG c.z.e.m.m.a.AdminMapper.selectById - ==>  Preparing: SELECT admin_id,admin_account,admin_username,admin_email,admin_phone,admin_password,admin_image,admin_introduce,admin_state,admin_login_time,deleted FROM admin_admin WHERE admin_id=? AND deleted=0
2025-12-13 23:51:50.113 [http-nio-8080-exec-5] DEBUG c.z.e.m.m.a.AdminMapper.selectById - ==> Parameters: 1(Integer)
2025-12-13 23:51:50.125 [http-nio-8080-exec-4] DEBUG c.z.e.m.m.a.AdminMapper.selectById - ==>  Preparing: SELECT admin_id,admin_account,admin_username,admin_email,admin_phone,admin_password,admin_image,admin_introduce,admin_state,admin_login_time,deleted FROM admin_admin WHERE admin_id=? AND deleted=0
2025-12-13 23:51:50.125 [http-nio-8080-exec-4] DEBUG c.z.e.m.m.a.AdminMapper.selectById - ==> Parameters: 1(Integer)
2025-12-13 23:51:50.160 [http-nio-8080-exec-5] DEBUG c.z.e.m.m.a.AdminMapper.selectById - <==      Total: 1
2025-12-13 23:51:50.165 [http-nio-8080-exec-4] DEBUG c.z.e.m.m.a.AdminMapper.selectById - <==      Total: 1
2025-12-13 23:51:50.167 [http-nio-8080-exec-4] DEBUG c.z.e.m.m.a.A.findAdminInfoById - ==>  Preparing: select * from admin_admin left join admin_admin_role on admin_admin.admin_id = admin_admin_role.adminId left join admin_role on admin_admin_role.roleId = admin_role.role_id left join admin_role_permission on admin_role.role_id = admin_role.role_id left join admin_permission on admin_role_permission.permissionId = admin_permission.permission_id where admin_admin.admin_id = ? and admin_admin.deleted = 0
2025-12-13 23:51:50.167 [http-nio-8080-exec-4] DEBUG c.z.e.m.m.a.A.findAdminInfoById - ==> Parameters: 1(Integer)
2025-12-13 23:51:50.224 [http-nio-8080-exec-5] DEBUG c.z.e.m.m.a.A.findAdminInfoById - ==>  Preparing: select * from admin_admin left join admin_admin_role on admin_admin.admin_id = admin_admin_role.adminId left join admin_role on admin_admin_role.roleId = admin_role.role_id left join admin_role_permission on admin_role.role_id = admin_role.role_id left join admin_permission on admin_role_permission.permissionId = admin_permission.permission_id where admin_admin.admin_id = ? and admin_admin.deleted = 0
2025-12-13 23:51:50.240 [http-nio-8080-exec-4] DEBUG c.z.e.m.m.a.A.findAdminInfoById - <==      Total: 1
2025-12-13 23:51:50.259 [http-nio-8080-exec-5] DEBUG c.z.e.m.m.a.A.findAdminInfoById - ==> Parameters: 1(Integer)
2025-12-13 23:51:50.336 [http-nio-8080-exec-5] DEBUG c.z.e.m.m.a.A.findAdminInfoById - <==      Total: 1
2025-12-13 23:51:50.343 [http-nio-8080-exec-6] DEBUG c.z.e.m.m.a.AdminMapper.selectById - ==>  Preparing: SELECT admin_id,admin_account,admin_username,admin_email,admin_phone,admin_password,admin_image,admin_introduce,admin_state,admin_login_time,deleted FROM admin_admin WHERE admin_id=? AND deleted=0
2025-12-13 23:51:50.356 [http-nio-8080-exec-6] DEBUG c.z.e.m.m.a.AdminMapper.selectById - ==> Parameters: 1(Integer)
2025-12-13 23:51:50.398 [http-nio-8080-exec-6] DEBUG c.z.e.m.m.a.AdminMapper.selectById - <==      Total: 1
2025-12-13 23:51:50.399 [http-nio-8080-exec-6] DEBUG c.z.e.m.m.a.A.findAdminInfoById - ==>  Preparing: select * from admin_admin left join admin_admin_role on admin_admin.admin_id = admin_admin_role.adminId left join admin_role on admin_admin_role.roleId = admin_role.role_id left join admin_role_permission on admin_role.role_id = admin_role.role_id left join admin_permission on admin_role_permission.permissionId = admin_permission.permission_id where admin_admin.admin_id = ? and admin_admin.deleted = 0
2025-12-13 23:51:50.399 [http-nio-8080-exec-6] DEBUG c.z.e.m.m.a.A.findAdminInfoById - ==> Parameters: 1(Integer)
2025-12-13 23:51:50.420 [http-nio-8080-exec-4] DEBUG c.z.e.m.m.a.I.selectList - ==>  Preparing: SELECT industryMap_industryCode,industryMap_industryName,industryMap_createdTime AS createdTime,industryMap_updatedTime AS updatedTime FROM general_industryMap
2025-12-13 23:51:50.420 [http-nio-8080-exec-4] DEBUG c.z.e.m.m.a.I.selectList - ==> Parameters: 
2025-12-13 23:51:50.440 [http-nio-8080-exec-6] DEBUG c.z.e.m.m.a.A.findAdminInfoById - <==      Total: 1
2025-12-13 23:51:50.460 [http-nio-8080-exec-4] DEBUG c.z.e.m.m.a.I.selectList - <==      Total: 2
2025-12-13 23:51:50.479 [http-nio-8080-exec-6] DEBUG c.z.e.m.m.a.R.selectList - ==>  Preparing: SELECT recruitPosition_id AS recruitPositionId,recruitPosition_name,recruitPosition_createdTime AS createdTime,recruitPosition_updatedTime AS updatedTime,recruitPosition_industryCode,recruitPosition_minMonthSalary AS minMonthSalary,recruitPosition_maxMonthSalary AS maxMonthSalary,recruitPosition_weekWorkDayNum AS weekWorkDayNum,recruitPosition_goodWelfare AS goodWelfare FROM general_recruitPosition
2025-12-13 23:51:50.481 [http-nio-8080-exec-6] DEBUG c.z.e.m.m.a.R.selectList - ==> Parameters: 
2025-12-13 23:51:50.519 [http-nio-8080-exec-6] DEBUG c.z.e.m.m.a.R.selectList - <==      Total: 1
2025-12-13 23:51:50.551 [http-nio-8080-exec-5] DEBUG c.z.e.m.m.a.E.selectList - ==>  Preparing: SELECT employmentInformation_id,employmentInformation_code,employmentInformation_companyName,employmentInformation_industryCategories,employmentInformation_companyType,employmentInformation_batch,employmentInformation_recruitPosition,employmentInformation_recruitObject,employmentInformation_recruitLocationFirst,employmentInformation_recruitLocationSecond,employmentInformation_recruitLocationDetail,employmentInformation_startTime,employmentInformation_stopTime,employmentInformation_updatedTime,employmentInformation_onlineApplicationStatus,employmentInformation_officialAnnouncement,employmentInformation_submissionWay,employmentInformation_employeeReferralCode,deleted FROM general_employmentInformation WHERE deleted=0 AND (deleted = ?)
2025-12-13 23:51:50.552 [http-nio-8080-exec-5] DEBUG c.z.e.m.m.a.E.selectList - ==> Parameters: 0(Integer)
2025-12-13 23:51:50.589 [http-nio-8080-exec-5] DEBUG c.z.e.m.m.a.E.selectList - <==      Total: 0
2025-12-13 23:51:53.670 [http-nio-8080-exec-9] DEBUG c.z.e.m.m.a.AdminMapper.selectById - ==>  Preparing: SELECT admin_id,admin_account,admin_username,admin_email,admin_phone,admin_password,admin_image,admin_introduce,admin_state,admin_login_time,deleted FROM admin_admin WHERE admin_id=? AND deleted=0
2025-12-13 23:51:53.671 [http-nio-8080-exec-9] DEBUG c.z.e.m.m.a.AdminMapper.selectById - ==> Parameters: 1(Integer)
2025-12-13 23:51:53.708 [http-nio-8080-exec-9] DEBUG c.z.e.m.m.a.AdminMapper.selectById - <==      Total: 1
2025-12-13 23:51:53.709 [http-nio-8080-exec-9] DEBUG c.z.e.m.m.a.A.findAdminInfoById - ==>  Preparing: select * from admin_admin left join admin_admin_role on admin_admin.admin_id = admin_admin_role.adminId left join admin_role on admin_admin_role.roleId = admin_role.role_id left join admin_role_permission on admin_role.role_id = admin_role.role_id left join admin_permission on admin_role_permission.permissionId = admin_permission.permission_id where admin_admin.admin_id = ? and admin_admin.deleted = 0
2025-12-13 23:51:53.710 [http-nio-8080-exec-9] DEBUG c.z.e.m.m.a.A.findAdminInfoById - ==> Parameters: 1(Integer)
2025-12-13 23:51:53.751 [http-nio-8080-exec-9] DEBUG c.z.e.m.m.a.A.findAdminInfoById - <==      Total: 1
2025-12-13 23:51:53.909 [http-nio-8080-exec-9] DEBUG c.z.e.m.m.a.P.selectList - ==>  Preparing: SELECT provinceMap_pid,provinceMap_pname FROM general_provinceMap
2025-12-13 23:51:53.912 [http-nio-8080-exec-9] DEBUG c.z.e.m.m.a.P.selectList - ==> Parameters: 
2025-12-13 23:51:53.950 [http-nio-8080-exec-9] DEBUG c.z.e.m.m.a.P.selectList - <==      Total: 34
2025-12-13 23:52:00.682 [http-nio-8080-exec-8] DEBUG c.z.e.m.m.a.AdminMapper.selectById - ==>  Preparing: SELECT admin_id,admin_account,admin_username,admin_email,admin_phone,admin_password,admin_image,admin_introduce,admin_state,admin_login_time,deleted FROM admin_admin WHERE admin_id=? AND deleted=0
2025-12-13 23:52:00.683 [http-nio-8080-exec-8] DEBUG c.z.e.m.m.a.AdminMapper.selectById - ==> Parameters: 1(Integer)
2025-12-13 23:52:00.723 [http-nio-8080-exec-8] DEBUG c.z.e.m.m.a.AdminMapper.selectById - <==      Total: 1
2025-12-13 23:52:00.724 [http-nio-8080-exec-8] DEBUG c.z.e.m.m.a.A.findAdminInfoById - ==>  Preparing: select * from admin_admin left join admin_admin_role on admin_admin.admin_id = admin_admin_role.adminId left join admin_role on admin_admin_role.roleId = admin_role.role_id left join admin_role_permission on admin_role.role_id = admin_role.role_id left join admin_permission on admin_role_permission.permissionId = admin_permission.permission_id where admin_admin.admin_id = ? and admin_admin.deleted = 0
2025-12-13 23:52:00.725 [http-nio-8080-exec-8] DEBUG c.z.e.m.m.a.A.findAdminInfoById - ==> Parameters: 1(Integer)
2025-12-13 23:52:00.763 [http-nio-8080-exec-8] DEBUG c.z.e.m.m.a.A.findAdminInfoById - <==      Total: 1
2025-12-13 23:52:00.801 [http-nio-8080-exec-8] DEBUG c.z.e.m.m.a.P.selectList - ==>  Preparing: SELECT provinceMap_pid,provinceMap_pname FROM general_provinceMap
2025-12-13 23:52:00.801 [http-nio-8080-exec-8] DEBUG c.z.e.m.m.a.P.selectList - ==> Parameters: 
2025-12-13 23:52:00.839 [http-nio-8080-exec-8] DEBUG c.z.e.m.m.a.P.selectList - <==      Total: 34
2025-12-13 23:52:02.183 [http-nio-8080-exec-7] DEBUG c.z.e.m.m.a.AdminMapper.selectById - ==>  Preparing: SELECT admin_id,admin_account,admin_username,admin_email,admin_phone,admin_password,admin_image,admin_introduce,admin_state,admin_login_time,deleted FROM admin_admin WHERE admin_id=? AND deleted=0
2025-12-13 23:52:02.183 [http-nio-8080-exec-7] DEBUG c.z.e.m.m.a.AdminMapper.selectById - ==> Parameters: 1(Integer)
2025-12-13 23:52:02.223 [http-nio-8080-exec-7] DEBUG c.z.e.m.m.a.AdminMapper.selectById - <==      Total: 1
2025-12-13 23:52:02.224 [http-nio-8080-exec-7] DEBUG c.z.e.m.m.a.A.findAdminInfoById - ==>  Preparing: select * from admin_admin left join admin_admin_role on admin_admin.admin_id = admin_admin_role.adminId left join admin_role on admin_admin_role.roleId = admin_role.role_id left join admin_role_permission on admin_role.role_id = admin_role.role_id left join admin_permission on admin_role_permission.permissionId = admin_permission.permission_id where admin_admin.admin_id = ? and admin_admin.deleted = 0
2025-12-13 23:52:02.225 [http-nio-8080-exec-7] DEBUG c.z.e.m.m.a.A.findAdminInfoById - ==> Parameters: 1(Integer)
2025-12-13 23:52:02.267 [http-nio-8080-exec-7] DEBUG c.z.e.m.m.a.A.findAdminInfoById - <==      Total: 1
2025-12-13 23:52:02.329 [http-nio-8080-exec-7] DEBUG c.z.e.m.m.a.P.selectList - ==>  Preparing: SELECT provinceMap_pid,provinceMap_pname FROM general_provinceMap
2025-12-13 23:52:02.330 [http-nio-8080-exec-7] DEBUG c.z.e.m.m.a.P.selectList - ==> Parameters: 
2025-12-13 23:52:02.369 [http-nio-8080-exec-7] DEBUG c.z.e.m.m.a.P.selectList - <==      Total: 34
2025-12-13 23:52:05.975 [http-nio-8080-exec-3] DEBUG c.z.e.m.m.a.AdminMapper.selectById - ==>  Preparing: SELECT admin_id,admin_account,admin_username,admin_email,admin_phone,admin_password,admin_image,admin_introduce,admin_state,admin_login_time,deleted FROM admin_admin WHERE admin_id=? AND deleted=0
2025-12-13 23:52:05.975 [http-nio-8080-exec-3] DEBUG c.z.e.m.m.a.AdminMapper.selectById - ==> Parameters: 1(Integer)
2025-12-13 23:52:05.977 [http-nio-8080-exec-2] DEBUG c.z.e.m.m.a.AdminMapper.selectById - ==>  Preparing: SELECT admin_id,admin_account,admin_username,admin_email,admin_phone,admin_password,admin_image,admin_introduce,admin_state,admin_login_time,deleted FROM admin_admin WHERE admin_id=? AND deleted=0
2025-12-13 23:52:05.977 [http-nio-8080-exec-2] DEBUG c.z.e.m.m.a.AdminMapper.selectById - ==> Parameters: 1(Integer)
2025-12-13 23:52:06.013 [http-nio-8080-exec-3] DEBUG c.z.e.m.m.a.AdminMapper.selectById - <==      Total: 1
2025-12-13 23:52:06.013 [http-nio-8080-exec-3] DEBUG c.z.e.m.m.a.A.findAdminInfoById - ==>  Preparing: select * from admin_admin left join admin_admin_role on admin_admin.admin_id = admin_admin_role.adminId left join admin_role on admin_admin_role.roleId = admin_role.role_id left join admin_role_permission on admin_role.role_id = admin_role.role_id left join admin_permission on admin_role_permission.permissionId = admin_permission.permission_id where admin_admin.admin_id = ? and admin_admin.deleted = 0
2025-12-13 23:52:06.013 [http-nio-8080-exec-3] DEBUG c.z.e.m.m.a.A.findAdminInfoById - ==> Parameters: 1(Integer)
2025-12-13 23:52:06.026 [http-nio-8080-exec-2] DEBUG c.z.e.m.m.a.AdminMapper.selectById - <==      Total: 1
2025-12-13 23:52:06.027 [http-nio-8080-exec-2] DEBUG c.z.e.m.m.a.A.findAdminInfoById - ==>  Preparing: select * from admin_admin left join admin_admin_role on admin_admin.admin_id = admin_admin_role.adminId left join admin_role on admin_admin_role.roleId = admin_role.role_id left join admin_role_permission on admin_role.role_id = admin_role.role_id left join admin_permission on admin_role_permission.permissionId = admin_permission.permission_id where admin_admin.admin_id = ? and admin_admin.deleted = 0
2025-12-13 23:52:06.028 [http-nio-8080-exec-2] DEBUG c.z.e.m.m.a.A.findAdminInfoById - ==> Parameters: 1(Integer)
2025-12-13 23:52:06.053 [http-nio-8080-exec-3] DEBUG c.z.e.m.m.a.A.findAdminInfoById - <==      Total: 1
2025-12-13 23:52:06.067 [http-nio-8080-exec-2] DEBUG c.z.e.m.m.a.A.findAdminInfoById - <==      Total: 1
2025-12-13 23:52:06.092 [http-nio-8080-exec-3] DEBUG c.z.e.m.m.a.I.selectList - ==>  Preparing: SELECT industryMap_industryCode,industryMap_industryName,industryMap_createdTime AS createdTime,industryMap_updatedTime AS updatedTime FROM general_industryMap
2025-12-13 23:52:06.093 [http-nio-8080-exec-3] DEBUG c.z.e.m.m.a.I.selectList - ==> Parameters: 
2025-12-13 23:52:06.109 [http-nio-8080-exec-2] DEBUG c.z.e.m.m.a.E.selectList - ==>  Preparing: SELECT employmentInformation_id,employmentInformation_code,employmentInformation_companyName,employmentInformation_industryCategories,employmentInformation_companyType,employmentInformation_batch,employmentInformation_recruitPosition,employmentInformation_recruitObject,employmentInformation_recruitLocationFirst,employmentInformation_recruitLocationSecond,employmentInformation_recruitLocationDetail,employmentInformation_startTime,employmentInformation_stopTime,employmentInformation_updatedTime,employmentInformation_onlineApplicationStatus,employmentInformation_officialAnnouncement,employmentInformation_submissionWay,employmentInformation_employeeReferralCode,deleted FROM general_employmentInformation WHERE deleted=0 AND (deleted = ?)
2025-12-13 23:52:06.110 [http-nio-8080-exec-2] DEBUG c.z.e.m.m.a.E.selectList - ==> Parameters: 0(Integer)
2025-12-13 23:52:06.130 [http-nio-8080-exec-3] DEBUG c.z.e.m.m.a.I.selectList - <==      Total: 2
2025-12-13 23:52:06.147 [http-nio-8080-exec-2] DEBUG c.z.e.m.m.a.E.selectList - <==      Total: 0
2025-12-13 23:52:06.285 [http-nio-8080-exec-1] DEBUG c.z.e.m.m.a.AdminMapper.selectById - ==>  Preparing: SELECT admin_id,admin_account,admin_username,admin_email,admin_phone,admin_password,admin_image,admin_introduce,admin_state,admin_login_time,deleted FROM admin_admin WHERE admin_id=? AND deleted=0
2025-12-13 23:52:06.285 [http-nio-8080-exec-1] DEBUG c.z.e.m.m.a.AdminMapper.selectById - ==> Parameters: 1(Integer)
2025-12-13 23:52:06.323 [http-nio-8080-exec-1] DEBUG c.z.e.m.m.a.AdminMapper.selectById - <==      Total: 1
2025-12-13 23:52:06.324 [http-nio-8080-exec-1] DEBUG c.z.e.m.m.a.A.findAdminInfoById - ==>  Preparing: select * from admin_admin left join admin_admin_role on admin_admin.admin_id = admin_admin_role.adminId left join admin_role on admin_admin_role.roleId = admin_role.role_id left join admin_role_permission on admin_role.role_id = admin_role.role_id left join admin_permission on admin_role_permission.permissionId = admin_permission.permission_id where admin_admin.admin_id = ? and admin_admin.deleted = 0
2025-12-13 23:52:06.324 [http-nio-8080-exec-1] DEBUG c.z.e.m.m.a.A.findAdminInfoById - ==> Parameters: 1(Integer)
2025-12-13 23:52:06.360 [http-nio-8080-exec-1] DEBUG c.z.e.m.m.a.A.findAdminInfoById - <==      Total: 1
2025-12-13 23:52:06.398 [http-nio-8080-exec-1] DEBUG c.z.e.m.m.a.R.selectList - ==>  Preparing: SELECT recruitPosition_id AS recruitPositionId,recruitPosition_name,recruitPosition_createdTime AS createdTime,recruitPosition_updatedTime AS updatedTime,recruitPosition_industryCode,recruitPosition_minMonthSalary AS minMonthSalary,recruitPosition_maxMonthSalary AS maxMonthSalary,recruitPosition_weekWorkDayNum AS weekWorkDayNum,recruitPosition_goodWelfare AS goodWelfare FROM general_recruitPosition
2025-12-13 23:52:06.398 [http-nio-8080-exec-1] DEBUG c.z.e.m.m.a.R.selectList - ==> Parameters: 
2025-12-13 23:52:06.434 [http-nio-8080-exec-1] DEBUG c.z.e.m.m.a.R.selectList - <==      Total: 1
2025-12-13 23:52:10.957 [http-nio-8080-exec-10] DEBUG c.z.e.m.m.a.AdminMapper.selectById - ==>  Preparing: SELECT admin_id,admin_account,admin_username,admin_email,admin_phone,admin_password,admin_image,admin_introduce,admin_state,admin_login_time,deleted FROM admin_admin WHERE admin_id=? AND deleted=0
2025-12-13 23:52:10.958 [http-nio-8080-exec-10] DEBUG c.z.e.m.m.a.AdminMapper.selectById - ==> Parameters: 1(Integer)
2025-12-13 23:52:10.994 [http-nio-8080-exec-10] DEBUG c.z.e.m.m.a.AdminMapper.selectById - <==      Total: 1
2025-12-13 23:52:10.995 [http-nio-8080-exec-10] DEBUG c.z.e.m.m.a.A.findAdminInfoById - ==>  Preparing: select * from admin_admin left join admin_admin_role on admin_admin.admin_id = admin_admin_role.adminId left join admin_role on admin_admin_role.roleId = admin_role.role_id left join admin_role_permission on admin_role.role_id = admin_role.role_id left join admin_permission on admin_role_permission.permissionId = admin_permission.permission_id where admin_admin.admin_id = ? and admin_admin.deleted = 0
2025-12-13 23:52:10.995 [http-nio-8080-exec-10] DEBUG c.z.e.m.m.a.A.findAdminInfoById - ==> Parameters: 1(Integer)
2025-12-13 23:52:11.039 [http-nio-8080-exec-10] DEBUG c.z.e.m.m.a.A.findAdminInfoById - <==      Total: 1
2025-12-13 23:52:11.075 [http-nio-8080-exec-10] DEBUG c.z.e.m.m.a.P.selectList - ==>  Preparing: SELECT provinceMap_pid,provinceMap_pname FROM general_provinceMap
2025-12-13 23:52:11.075 [http-nio-8080-exec-10] DEBUG c.z.e.m.m.a.P.selectList - ==> Parameters: 
2025-12-13 23:52:11.112 [http-nio-8080-exec-10] DEBUG c.z.e.m.m.a.P.selectList - <==      Total: 34
2025-12-13 23:53:54.740 [http-nio-8080-exec-4] DEBUG c.z.e.m.m.a.AdminMapper.selectById - ==>  Preparing: SELECT admin_id,admin_account,admin_username,admin_email,admin_phone,admin_password,admin_image,admin_introduce,admin_state,admin_login_time,deleted FROM admin_admin WHERE admin_id=? AND deleted=0
2025-12-13 23:53:54.740 [http-nio-8080-exec-4] DEBUG c.z.e.m.m.a.AdminMapper.selectById - ==> Parameters: 1(Integer)
2025-12-13 23:53:54.778 [http-nio-8080-exec-4] DEBUG c.z.e.m.m.a.AdminMapper.selectById - <==      Total: 1
2025-12-13 23:53:54.778 [http-nio-8080-exec-4] DEBUG c.z.e.m.m.a.A.findAdminInfoById - ==>  Preparing: select * from admin_admin left join admin_admin_role on admin_admin.admin_id = admin_admin_role.adminId left join admin_role on admin_admin_role.roleId = admin_role.role_id left join admin_role_permission on admin_role.role_id = admin_role.role_id left join admin_permission on admin_role_permission.permissionId = admin_permission.permission_id where admin_admin.admin_id = ? and admin_admin.deleted = 0
2025-12-13 23:53:54.778 [http-nio-8080-exec-4] DEBUG c.z.e.m.m.a.A.findAdminInfoById - ==> Parameters: 1(Integer)
2025-12-13 23:53:54.815 [http-nio-8080-exec-4] DEBUG c.z.e.m.m.a.A.findAdminInfoById - <==      Total: 1
2025-12-13 23:53:54.856 [http-nio-8080-exec-4] DEBUG c.z.e.m.m.a.I.selectList - ==>  Preparing: SELECT industryMap_industryCode,industryMap_industryName,industryMap_createdTime AS createdTime,industryMap_updatedTime AS updatedTime FROM general_industryMap
2025-12-13 23:53:54.857 [http-nio-8080-exec-4] DEBUG c.z.e.m.m.a.I.selectList - ==> Parameters: 
2025-12-13 23:53:54.896 [http-nio-8080-exec-4] DEBUG c.z.e.m.m.a.I.selectList - <==      Total: 2
2025-12-13 23:53:55.128 [http-nio-8080-exec-5] DEBUG c.z.e.m.m.a.AdminMapper.selectById - ==>  Preparing: SELECT admin_id,admin_account,admin_username,admin_email,admin_phone,admin_password,admin_image,admin_introduce,admin_state,admin_login_time,deleted FROM admin_admin WHERE admin_id=? AND deleted=0
2025-12-13 23:53:55.128 [http-nio-8080-exec-6] DEBUG c.z.e.m.m.a.AdminMapper.selectById - ==>  Preparing: SELECT admin_id,admin_account,admin_username,admin_email,admin_phone,admin_password,admin_image,admin_introduce,admin_state,admin_login_time,deleted FROM admin_admin WHERE admin_id=? AND deleted=0
2025-12-13 23:53:55.128 [http-nio-8080-exec-5] DEBUG c.z.e.m.m.a.AdminMapper.selectById - ==> Parameters: 1(Integer)
2025-12-13 23:53:55.128 [http-nio-8080-exec-6] DEBUG c.z.e.m.m.a.AdminMapper.selectById - ==> Parameters: 1(Integer)
2025-12-13 23:53:55.168 [http-nio-8080-exec-6] DEBUG c.z.e.m.m.a.AdminMapper.selectById - <==      Total: 1
2025-12-13 23:53:55.168 [http-nio-8080-exec-5] DEBUG c.z.e.m.m.a.AdminMapper.selectById - <==      Total: 1
2025-12-13 23:53:55.169 [http-nio-8080-exec-5] DEBUG c.z.e.m.m.a.A.findAdminInfoById - ==>  Preparing: select * from admin_admin left join admin_admin_role on admin_admin.admin_id = admin_admin_role.adminId left join admin_role on admin_admin_role.roleId = admin_role.role_id left join admin_role_permission on admin_role.role_id = admin_role.role_id left join admin_permission on admin_role_permission.permissionId = admin_permission.permission_id where admin_admin.admin_id = ? and admin_admin.deleted = 0
2025-12-13 23:53:55.169 [http-nio-8080-exec-6] DEBUG c.z.e.m.m.a.A.findAdminInfoById - ==>  Preparing: select * from admin_admin left join admin_admin_role on admin_admin.admin_id = admin_admin_role.adminId left join admin_role on admin_admin_role.roleId = admin_role.role_id left join admin_role_permission on admin_role.role_id = admin_role.role_id left join admin_permission on admin_role_permission.permissionId = admin_permission.permission_id where admin_admin.admin_id = ? and admin_admin.deleted = 0
2025-12-13 23:53:55.170 [http-nio-8080-exec-6] DEBUG c.z.e.m.m.a.A.findAdminInfoById - ==> Parameters: 1(Integer)
2025-12-13 23:53:55.173 [http-nio-8080-exec-5] DEBUG c.z.e.m.m.a.A.findAdminInfoById - ==> Parameters: 1(Integer)
2025-12-13 23:53:55.215 [http-nio-8080-exec-6] DEBUG c.z.e.m.m.a.A.findAdminInfoById - <==      Total: 1
2025-12-13 23:53:55.215 [http-nio-8080-exec-5] DEBUG c.z.e.m.m.a.A.findAdminInfoById - <==      Total: 1
2025-12-13 23:53:55.251 [http-nio-8080-exec-6] DEBUG c.z.e.m.m.a.R.selectList - ==>  Preparing: SELECT recruitPosition_id AS recruitPositionId,recruitPosition_name,recruitPosition_createdTime AS createdTime,recruitPosition_updatedTime AS updatedTime,recruitPosition_industryCode,recruitPosition_minMonthSalary AS minMonthSalary,recruitPosition_maxMonthSalary AS maxMonthSalary,recruitPosition_weekWorkDayNum AS weekWorkDayNum,recruitPosition_goodWelfare AS goodWelfare FROM general_recruitPosition
2025-12-13 23:53:55.251 [http-nio-8080-exec-6] DEBUG c.z.e.m.m.a.R.selectList - ==> Parameters: 
2025-12-13 23:53:55.273 [http-nio-8080-exec-5] DEBUG c.z.e.m.m.a.E.selectList - ==>  Preparing: SELECT employmentInformation_id,employmentInformation_code,employmentInformation_companyName,employmentInformation_industryCategories,employmentInformation_companyType,employmentInformation_batch,employmentInformation_recruitPosition,employmentInformation_recruitObject,employmentInformation_recruitLocationFirst,employmentInformation_recruitLocationSecond,employmentInformation_recruitLocationDetail,employmentInformation_startTime,employmentInformation_stopTime,employmentInformation_updatedTime,employmentInformation_onlineApplicationStatus,employmentInformation_officialAnnouncement,employmentInformation_submissionWay,employmentInformation_employeeReferralCode,deleted FROM general_employmentInformation WHERE deleted=0 AND (deleted = ?)
2025-12-13 23:53:55.274 [http-nio-8080-exec-5] DEBUG c.z.e.m.m.a.E.selectList - ==> Parameters: 0(Integer)
2025-12-13 23:53:55.292 [http-nio-8080-exec-6] DEBUG c.z.e.m.m.a.R.selectList - <==      Total: 1
2025-12-13 23:53:55.312 [http-nio-8080-exec-5] DEBUG c.z.e.m.m.a.E.selectList - <==      Total: 0
2025-12-13 23:53:59.426 [http-nio-8080-exec-9] DEBUG c.z.e.m.m.a.AdminMapper.selectById - ==>  Preparing: SELECT admin_id,admin_account,admin_username,admin_email,admin_phone,admin_password,admin_image,admin_introduce,admin_state,admin_login_time,deleted FROM admin_admin WHERE admin_id=? AND deleted=0
2025-12-13 23:53:59.427 [http-nio-8080-exec-9] DEBUG c.z.e.m.m.a.AdminMapper.selectById - ==> Parameters: 1(Integer)
2025-12-13 23:53:59.463 [http-nio-8080-exec-9] DEBUG c.z.e.m.m.a.AdminMapper.selectById - <==      Total: 1
2025-12-13 23:53:59.464 [http-nio-8080-exec-9] DEBUG c.z.e.m.m.a.A.findAdminInfoById - ==>  Preparing: select * from admin_admin left join admin_admin_role on admin_admin.admin_id = admin_admin_role.adminId left join admin_role on admin_admin_role.roleId = admin_role.role_id left join admin_role_permission on admin_role.role_id = admin_role.role_id left join admin_permission on admin_role_permission.permissionId = admin_permission.permission_id where admin_admin.admin_id = ? and admin_admin.deleted = 0
2025-12-13 23:53:59.465 [http-nio-8080-exec-9] DEBUG c.z.e.m.m.a.A.findAdminInfoById - ==> Parameters: 1(Integer)
2025-12-13 23:53:59.505 [http-nio-8080-exec-9] DEBUG c.z.e.m.m.a.A.findAdminInfoById - <==      Total: 1
2025-12-13 23:53:59.543 [http-nio-8080-exec-9] DEBUG c.z.e.m.m.a.P.selectList - ==>  Preparing: SELECT provinceMap_pid,provinceMap_pname FROM general_provinceMap
2025-12-13 23:53:59.544 [http-nio-8080-exec-9] DEBUG c.z.e.m.m.a.P.selectList - ==> Parameters: 
2025-12-13 23:53:59.586 [http-nio-8080-exec-9] DEBUG c.z.e.m.m.a.P.selectList - <==      Total: 34
2025-12-13 23:54:03.454 [http-nio-8080-exec-8] DEBUG c.z.e.m.m.a.AdminMapper.selectById - ==>  Preparing: SELECT admin_id,admin_account,admin_username,admin_email,admin_phone,admin_password,admin_image,admin_introduce,admin_state,admin_login_time,deleted FROM admin_admin WHERE admin_id=? AND deleted=0
2025-12-13 23:54:03.455 [http-nio-8080-exec-8] DEBUG c.z.e.m.m.a.AdminMapper.selectById - ==> Parameters: 1(Integer)
2025-12-13 23:54:03.494 [http-nio-8080-exec-8] DEBUG c.z.e.m.m.a.AdminMapper.selectById - <==      Total: 1
2025-12-13 23:54:03.495 [http-nio-8080-exec-8] DEBUG c.z.e.m.m.a.A.findAdminInfoById - ==>  Preparing: select * from admin_admin left join admin_admin_role on admin_admin.admin_id = admin_admin_role.adminId left join admin_role on admin_admin_role.roleId = admin_role.role_id left join admin_role_permission on admin_role.role_id = admin_role.role_id left join admin_permission on admin_role_permission.permissionId = admin_permission.permission_id where admin_admin.admin_id = ? and admin_admin.deleted = 0
2025-12-13 23:54:03.495 [http-nio-8080-exec-8] DEBUG c.z.e.m.m.a.A.findAdminInfoById - ==> Parameters: 1(Integer)
2025-12-13 23:54:03.534 [http-nio-8080-exec-8] DEBUG c.z.e.m.m.a.A.findAdminInfoById - <==      Total: 1
2025-12-13 23:54:03.573 [http-nio-8080-exec-8] DEBUG c.z.e.m.m.a.P.selectList - ==>  Preparing: SELECT provinceMap_pid,provinceMap_pname FROM general_provinceMap
2025-12-13 23:54:03.573 [http-nio-8080-exec-8] DEBUG c.z.e.m.m.a.P.selectList - ==> Parameters: 
2025-12-13 23:54:03.617 [http-nio-8080-exec-8] DEBUG c.z.e.m.m.a.P.selectList - <==      Total: 34
2025-12-13 23:54:08.678 [http-nio-8080-exec-7] DEBUG c.z.e.m.m.a.AdminMapper.selectById - ==>  Preparing: SELECT admin_id,admin_account,admin_username,admin_email,admin_phone,admin_password,admin_image,admin_introduce,admin_state,admin_login_time,deleted FROM admin_admin WHERE admin_id=? AND deleted=0
2025-12-13 23:54:08.678 [http-nio-8080-exec-7] DEBUG c.z.e.m.m.a.AdminMapper.selectById - ==> Parameters: 1(Integer)
2025-12-13 23:54:08.716 [http-nio-8080-exec-7] DEBUG c.z.e.m.m.a.AdminMapper.selectById - <==      Total: 1
2025-12-13 23:54:08.716 [http-nio-8080-exec-7] DEBUG c.z.e.m.m.a.A.findAdminInfoById - ==>  Preparing: select * from admin_admin left join admin_admin_role on admin_admin.admin_id = admin_admin_role.adminId left join admin_role on admin_admin_role.roleId = admin_role.role_id left join admin_role_permission on admin_role.role_id = admin_role.role_id left join admin_permission on admin_role_permission.permissionId = admin_permission.permission_id where admin_admin.admin_id = ? and admin_admin.deleted = 0
2025-12-13 23:54:08.717 [http-nio-8080-exec-7] DEBUG c.z.e.m.m.a.A.findAdminInfoById - ==> Parameters: 1(Integer)
2025-12-13 23:54:08.754 [http-nio-8080-exec-7] DEBUG c.z.e.m.m.a.A.findAdminInfoById - <==      Total: 1
2025-12-13 23:54:08.795 [http-nio-8080-exec-7] DEBUG c.z.e.m.m.a.E.selectList - ==>  Preparing: SELECT employmentInformation_id,employmentInformation_code,employmentInformation_companyName,employmentInformation_industryCategories,employmentInformation_companyType,employmentInformation_batch,employmentInformation_recruitPosition,employmentInformation_recruitObject,employmentInformation_recruitLocationFirst,employmentInformation_recruitLocationSecond,employmentInformation_recruitLocationDetail,employmentInformation_startTime,employmentInformation_stopTime,employmentInformation_updatedTime,employmentInformation_onlineApplicationStatus,employmentInformation_officialAnnouncement,employmentInformation_submissionWay,employmentInformation_employeeReferralCode,deleted FROM general_employmentInformation WHERE deleted=0 AND (deleted = ?)
2025-12-13 23:54:08.795 [http-nio-8080-exec-7] DEBUG c.z.e.m.m.a.E.selectList - ==> Parameters: 0(Integer)
2025-12-13 23:54:08.831 [http-nio-8080-exec-7] DEBUG c.z.e.m.m.a.E.selectList - <==      Total: 0
2025-12-13 23:54:14.581 [http-nio-8080-exec-3] DEBUG c.z.e.m.m.a.AdminMapper.selectById - ==>  Preparing: SELECT admin_id,admin_account,admin_username,admin_email,admin_phone,admin_password,admin_image,admin_introduce,admin_state,admin_login_time,deleted FROM admin_admin WHERE admin_id=? AND deleted=0
2025-12-13 23:54:14.581 [http-nio-8080-exec-3] DEBUG c.z.e.m.m.a.AdminMapper.selectById - ==> Parameters: 1(Integer)
2025-12-13 23:54:14.630 [http-nio-8080-exec-3] DEBUG c.z.e.m.m.a.AdminMapper.selectById - <==      Total: 1
2025-12-13 23:54:14.630 [http-nio-8080-exec-3] DEBUG c.z.e.m.m.a.A.findAdminInfoById - ==>  Preparing: select * from admin_admin left join admin_admin_role on admin_admin.admin_id = admin_admin_role.adminId left join admin_role on admin_admin_role.roleId = admin_role.role_id left join admin_role_permission on admin_role.role_id = admin_role.role_id left join admin_permission on admin_role_permission.permissionId = admin_permission.permission_id where admin_admin.admin_id = ? and admin_admin.deleted = 0
2025-12-13 23:54:14.630 [http-nio-8080-exec-3] DEBUG c.z.e.m.m.a.A.findAdminInfoById - ==> Parameters: 1(Integer)
2025-12-13 23:54:14.669 [http-nio-8080-exec-3] DEBUG c.z.e.m.m.a.A.findAdminInfoById - <==      Total: 1
2025-12-13 23:54:14.705 [http-nio-8080-exec-3] DEBUG c.z.e.m.m.a.P.selectList - ==>  Preparing: SELECT provinceMap_pid,provinceMap_pname FROM general_provinceMap
2025-12-13 23:54:14.705 [http-nio-8080-exec-3] DEBUG c.z.e.m.m.a.P.selectList - ==> Parameters: 
2025-12-13 23:54:14.741 [http-nio-8080-exec-3] DEBUG c.z.e.m.m.a.P.selectList - <==      Total: 34
2025-12-13 23:58:12.252 [http-nio-8080-exec-1] DEBUG c.z.e.m.m.a.AdminMapper.selectById - ==>  Preparing: SELECT admin_id,admin_account,admin_username,admin_email,admin_phone,admin_password,admin_image,admin_introduce,admin_state,admin_login_time,deleted FROM admin_admin WHERE admin_id=? AND deleted=0
2025-12-13 23:58:12.252 [http-nio-8080-exec-1] DEBUG c.z.e.m.m.a.AdminMapper.selectById - ==> Parameters: 1(Integer)
2025-12-13 23:58:12.253 [http-nio-8080-exec-2] DEBUG c.z.e.m.m.a.AdminMapper.selectById - ==>  Preparing: SELECT admin_id,admin_account,admin_username,admin_email,admin_phone,admin_password,admin_image,admin_introduce,admin_state,admin_login_time,deleted FROM admin_admin WHERE admin_id=? AND deleted=0
2025-12-13 23:58:12.253 [http-nio-8080-exec-10] DEBUG c.z.e.m.m.a.AdminMapper.selectById - ==>  Preparing: SELECT admin_id,admin_account,admin_username,admin_email,admin_phone,admin_password,admin_image,admin_introduce,admin_state,admin_login_time,deleted FROM admin_admin WHERE admin_id=? AND deleted=0
2025-12-13 23:58:12.253 [http-nio-8080-exec-2] DEBUG c.z.e.m.m.a.AdminMapper.selectById - ==> Parameters: 1(Integer)
2025-12-13 23:58:12.253 [http-nio-8080-exec-10] DEBUG c.z.e.m.m.a.AdminMapper.selectById - ==> Parameters: 1(Integer)
2025-12-13 23:58:12.290 [http-nio-8080-exec-1] DEBUG c.z.e.m.m.a.AdminMapper.selectById - <==      Total: 1
2025-12-13 23:58:12.291 [http-nio-8080-exec-1] DEBUG c.z.e.m.m.a.A.findAdminInfoById - ==>  Preparing: select * from admin_admin left join admin_admin_role on admin_admin.admin_id = admin_admin_role.adminId left join admin_role on admin_admin_role.roleId = admin_role.role_id left join admin_role_permission on admin_role.role_id = admin_role.role_id left join admin_permission on admin_role_permission.permissionId = admin_permission.permission_id where admin_admin.admin_id = ? and admin_admin.deleted = 0
2025-12-13 23:58:12.291 [http-nio-8080-exec-1] DEBUG c.z.e.m.m.a.A.findAdminInfoById - ==> Parameters: 1(Integer)
2025-12-13 23:58:12.292 [http-nio-8080-exec-10] DEBUG c.z.e.m.m.a.AdminMapper.selectById - <==      Total: 1
2025-12-13 23:58:12.292 [http-nio-8080-exec-2] DEBUG c.z.e.m.m.a.AdminMapper.selectById - <==      Total: 1
2025-12-13 23:58:12.292 [http-nio-8080-exec-10] DEBUG c.z.e.m.m.a.A.findAdminInfoById - ==>  Preparing: select * from admin_admin left join admin_admin_role on admin_admin.admin_id = admin_admin_role.adminId left join admin_role on admin_admin_role.roleId = admin_role.role_id left join admin_role_permission on admin_role.role_id = admin_role.role_id left join admin_permission on admin_role_permission.permissionId = admin_permission.permission_id where admin_admin.admin_id = ? and admin_admin.deleted = 0
2025-12-13 23:58:12.292 [http-nio-8080-exec-2] DEBUG c.z.e.m.m.a.A.findAdminInfoById - ==>  Preparing: select * from admin_admin left join admin_admin_role on admin_admin.admin_id = admin_admin_role.adminId left join admin_role on admin_admin_role.roleId = admin_role.role_id left join admin_role_permission on admin_role.role_id = admin_role.role_id left join admin_permission on admin_role_permission.permissionId = admin_permission.permission_id where admin_admin.admin_id = ? and admin_admin.deleted = 0
2025-12-13 23:58:12.293 [http-nio-8080-exec-2] DEBUG c.z.e.m.m.a.A.findAdminInfoById - ==> Parameters: 1(Integer)
2025-12-13 23:58:12.293 [http-nio-8080-exec-10] DEBUG c.z.e.m.m.a.A.findAdminInfoById - ==> Parameters: 1(Integer)
2025-12-13 23:58:12.329 [http-nio-8080-exec-1] DEBUG c.z.e.m.m.a.A.findAdminInfoById - <==      Total: 1
2025-12-13 23:58:12.335 [http-nio-8080-exec-10] DEBUG c.z.e.m.m.a.A.findAdminInfoById - <==      Total: 1
2025-12-13 23:58:12.335 [http-nio-8080-exec-2] DEBUG c.z.e.m.m.a.A.findAdminInfoById - <==      Total: 1
2025-12-13 23:58:12.374 [http-nio-8080-exec-10] DEBUG c.z.e.m.m.a.R.selectList - ==>  Preparing: SELECT recruitPosition_id AS recruitPositionId,recruitPosition_name,recruitPosition_createdTime AS createdTime,recruitPosition_updatedTime AS updatedTime,recruitPosition_industryCode,recruitPosition_minMonthSalary AS minMonthSalary,recruitPosition_maxMonthSalary AS maxMonthSalary,recruitPosition_weekWorkDayNum AS weekWorkDayNum,recruitPosition_goodWelfare AS goodWelfare FROM general_recruitPosition
2025-12-13 23:58:12.373 [http-nio-8080-exec-2] DEBUG c.z.e.m.m.a.I.selectList - ==>  Preparing: SELECT industryMap_industryCode,industryMap_industryName,industryMap_createdTime AS createdTime,industryMap_updatedTime AS updatedTime FROM general_industryMap
2025-12-13 23:58:12.374 [http-nio-8080-exec-10] DEBUG c.z.e.m.m.a.R.selectList - ==> Parameters: 
2025-12-13 23:58:12.374 [http-nio-8080-exec-2] DEBUG c.z.e.m.m.a.I.selectList - ==> Parameters: 
2025-12-13 23:58:12.384 [http-nio-8080-exec-1] DEBUG c.z.e.m.m.a.E.selectList - ==>  Preparing: SELECT employmentInformation_id,employmentInformation_code,employmentInformation_companyName,employmentInformation_industryCategories,employmentInformation_companyType,employmentInformation_batch,employmentInformation_recruitPosition,employmentInformation_recruitObject,employmentInformation_recruitLocationFirst,employmentInformation_recruitLocationSecond,employmentInformation_recruitLocationDetail,employmentInformation_startTime,employmentInformation_stopTime,employmentInformation_updatedTime,employmentInformation_onlineApplicationStatus,employmentInformation_officialAnnouncement,employmentInformation_submissionWay,employmentInformation_employeeReferralCode,deleted FROM general_employmentInformation WHERE deleted=0 AND (deleted = ?)
2025-12-13 23:58:12.385 [http-nio-8080-exec-1] DEBUG c.z.e.m.m.a.E.selectList - ==> Parameters: 0(Integer)
2025-12-13 23:58:12.411 [http-nio-8080-exec-10] DEBUG c.z.e.m.m.a.R.selectList - <==      Total: 1
2025-12-13 23:58:12.411 [http-nio-8080-exec-2] DEBUG c.z.e.m.m.a.I.selectList - <==      Total: 2
2025-12-13 23:58:12.422 [http-nio-8080-exec-1] DEBUG c.z.e.m.m.a.E.selectList - <==      Total: 0
2025-12-13 23:58:14.430 [http-nio-8080-exec-4] DEBUG c.z.e.m.m.a.AdminMapper.selectById - ==>  Preparing: SELECT admin_id,admin_account,admin_username,admin_email,admin_phone,admin_password,admin_image,admin_introduce,admin_state,admin_login_time,deleted FROM admin_admin WHERE admin_id=? AND deleted=0
2025-12-13 23:58:14.430 [http-nio-8080-exec-6] DEBUG c.z.e.m.m.a.AdminMapper.selectById - ==>  Preparing: SELECT admin_id,admin_account,admin_username,admin_email,admin_phone,admin_password,admin_image,admin_introduce,admin_state,admin_login_time,deleted FROM admin_admin WHERE admin_id=? AND deleted=0
2025-12-13 23:58:14.430 [http-nio-8080-exec-4] DEBUG c.z.e.m.m.a.AdminMapper.selectById - ==> Parameters: 1(Integer)
2025-12-13 23:58:14.431 [http-nio-8080-exec-6] DEBUG c.z.e.m.m.a.AdminMapper.selectById - ==> Parameters: 1(Integer)
2025-12-13 23:58:14.468 [http-nio-8080-exec-4] DEBUG c.z.e.m.m.a.AdminMapper.selectById - <==      Total: 1
2025-12-13 23:58:14.468 [http-nio-8080-exec-6] DEBUG c.z.e.m.m.a.AdminMapper.selectById - <==      Total: 1
2025-12-13 23:58:14.469 [http-nio-8080-exec-4] DEBUG c.z.e.m.m.a.A.findAdminInfoById - ==>  Preparing: select * from admin_admin left join admin_admin_role on admin_admin.admin_id = admin_admin_role.adminId left join admin_role on admin_admin_role.roleId = admin_role.role_id left join admin_role_permission on admin_role.role_id = admin_role.role_id left join admin_permission on admin_role_permission.permissionId = admin_permission.permission_id where admin_admin.admin_id = ? and admin_admin.deleted = 0
2025-12-13 23:58:14.469 [http-nio-8080-exec-6] DEBUG c.z.e.m.m.a.A.findAdminInfoById - ==>  Preparing: select * from admin_admin left join admin_admin_role on admin_admin.admin_id = admin_admin_role.adminId left join admin_role on admin_admin_role.roleId = admin_role.role_id left join admin_role_permission on admin_role.role_id = admin_role.role_id left join admin_permission on admin_role_permission.permissionId = admin_permission.permission_id where admin_admin.admin_id = ? and admin_admin.deleted = 0
2025-12-13 23:58:14.469 [http-nio-8080-exec-4] DEBUG c.z.e.m.m.a.A.findAdminInfoById - ==> Parameters: 1(Integer)
2025-12-13 23:58:14.469 [http-nio-8080-exec-6] DEBUG c.z.e.m.m.a.A.findAdminInfoById - ==> Parameters: 1(Integer)
2025-12-13 23:58:14.506 [http-nio-8080-exec-6] DEBUG c.z.e.m.m.a.A.findAdminInfoById - <==      Total: 1
2025-12-13 23:58:14.506 [http-nio-8080-exec-4] DEBUG c.z.e.m.m.a.A.findAdminInfoById - <==      Total: 1
2025-12-13 23:58:14.542 [http-nio-8080-exec-6] DEBUG c.z.e.m.m.a.I.selectList - ==>  Preparing: SELECT industryMap_industryCode,industryMap_industryName,industryMap_createdTime AS createdTime,industryMap_updatedTime AS updatedTime FROM general_industryMap
2025-12-13 23:58:14.542 [http-nio-8080-exec-6] DEBUG c.z.e.m.m.a.I.selectList - ==> Parameters: 
2025-12-13 23:58:14.548 [http-nio-8080-exec-4] DEBUG c.z.e.m.m.a.R.queryRecruitPositionPage - ==>  Preparing: SELECT rp.recruitPosition_id AS recruitPositionId, rp.recruitPosition_name AS recruitPositionName, rp.recruitPosition_industryCode AS recruitPositionIndustryCode, -- 连表字段：行业名称（从行业映射表查询） gim.industryMap_industryName AS recruitPositionIndustryName, rp.recruitPosition_minMonthSalary AS minMonthSalary, rp.recruitPosition_maxMonthSalary AS maxMonthSalary, rp.recruitPosition_weekWorkDayNum AS weekWorkDayNum, rp.recruitPosition_goodWelfare AS goodWelfare, rp.recruitPosition_createdTime AS createdTime, rp.recruitPosition_updatedTime AS updatedTime FROM general_recruitPosition rp -- 招聘岗位表别名rp -- 连表：通用行业映射表（别名gim），LEFT JOIN避免行业编码无效时丢失岗位数据 LEFT JOIN general_industryMap gim ON rp.recruitPosition_industryCode = gim.industryMap_industryCode ORDER BY rp.recruitPosition_updatedTime DESC
2025-12-13 23:58:14.549 [http-nio-8080-exec-4] DEBUG c.z.e.m.m.a.R.queryRecruitPositionPage - ==> Parameters: 
2025-12-13 23:58:14.578 [http-nio-8080-exec-6] DEBUG c.z.e.m.m.a.I.selectList - <==      Total: 2
2025-12-13 23:58:14.585 [http-nio-8080-exec-4] DEBUG c.z.e.m.m.a.R.queryRecruitPositionPage - <==      Total: 1
2025-12-13 23:58:15.870 [http-nio-8080-exec-5] DEBUG c.z.e.m.m.a.AdminMapper.selectById - ==>  Preparing: SELECT admin_id,admin_account,admin_username,admin_email,admin_phone,admin_password,admin_image,admin_introduce,admin_state,admin_login_time,deleted FROM admin_admin WHERE admin_id=? AND deleted=0
2025-12-13 23:58:15.870 [http-nio-8080-exec-5] DEBUG c.z.e.m.m.a.AdminMapper.selectById - ==> Parameters: 1(Integer)
2025-12-13 23:58:15.909 [http-nio-8080-exec-5] DEBUG c.z.e.m.m.a.AdminMapper.selectById - <==      Total: 1
2025-12-13 23:58:15.910 [http-nio-8080-exec-5] DEBUG c.z.e.m.m.a.A.findAdminInfoById - ==>  Preparing: select * from admin_admin left join admin_admin_role on admin_admin.admin_id = admin_admin_role.adminId left join admin_role on admin_admin_role.roleId = admin_role.role_id left join admin_role_permission on admin_role.role_id = admin_role.role_id left join admin_permission on admin_role_permission.permissionId = admin_permission.permission_id where admin_admin.admin_id = ? and admin_admin.deleted = 0
2025-12-13 23:58:15.910 [http-nio-8080-exec-5] DEBUG c.z.e.m.m.a.A.findAdminInfoById - ==> Parameters: 1(Integer)
2025-12-13 23:58:15.947 [http-nio-8080-exec-5] DEBUG c.z.e.m.m.a.A.findAdminInfoById - <==      Total: 1
2025-12-13 23:58:15.992 [http-nio-8080-exec-5] DEBUG c.z.e.m.m.a.E.selectList - ==>  Preparing: SELECT employmentInformation_id,employmentInformation_code,employmentInformation_companyName,employmentInformation_industryCategories,employmentInformation_companyType,employmentInformation_batch,employmentInformation_recruitPosition,employmentInformation_recruitObject,employmentInformation_recruitLocationFirst,employmentInformation_recruitLocationSecond,employmentInformation_recruitLocationDetail,employmentInformation_startTime,employmentInformation_stopTime,employmentInformation_updatedTime,employmentInformation_onlineApplicationStatus,employmentInformation_officialAnnouncement,employmentInformation_submissionWay,employmentInformation_employeeReferralCode,deleted FROM general_employmentInformation WHERE deleted=0 AND (deleted = ?)
2025-12-13 23:58:15.992 [http-nio-8080-exec-5] DEBUG c.z.e.m.m.a.E.selectList - ==> Parameters: 0(Integer)
2025-12-13 23:58:16.029 [http-nio-8080-exec-5] DEBUG c.z.e.m.m.a.E.selectList - <==      Total: 0
2025-12-13 23:58:20.958 [http-nio-8080-exec-8] DEBUG c.z.e.m.m.a.AdminMapper.selectById - ==>  Preparing: SELECT admin_id,admin_account,admin_username,admin_email,admin_phone,admin_password,admin_image,admin_introduce,admin_state,admin_login_time,deleted FROM admin_admin WHERE admin_id=? AND deleted=0
2025-12-13 23:58:20.958 [http-nio-8080-exec-8] DEBUG c.z.e.m.m.a.AdminMapper.selectById - ==> Parameters: 1(Integer)
2025-12-13 23:58:20.993 [http-nio-8080-exec-9] DEBUG c.z.e.m.m.a.AdminMapper.selectById - ==>  Preparing: SELECT admin_id,admin_account,admin_username,admin_email,admin_phone,admin_password,admin_image,admin_introduce,admin_state,admin_login_time,deleted FROM admin_admin WHERE admin_id=? AND deleted=0
2025-12-13 23:58:20.993 [http-nio-8080-exec-9] DEBUG c.z.e.m.m.a.AdminMapper.selectById - ==> Parameters: 1(Integer)
2025-12-13 23:58:20.994 [http-nio-8080-exec-8] DEBUG c.z.e.m.m.a.AdminMapper.selectById - <==      Total: 1
2025-12-13 23:58:20.994 [http-nio-8080-exec-8] DEBUG c.z.e.m.m.a.A.findAdminInfoById - ==>  Preparing: select * from admin_admin left join admin_admin_role on admin_admin.admin_id = admin_admin_role.adminId left join admin_role on admin_admin_role.roleId = admin_role.role_id left join admin_role_permission on admin_role.role_id = admin_role.role_id left join admin_permission on admin_role_permission.permissionId = admin_permission.permission_id where admin_admin.admin_id = ? and admin_admin.deleted = 0
2025-12-13 23:58:20.995 [http-nio-8080-exec-8] DEBUG c.z.e.m.m.a.A.findAdminInfoById - ==> Parameters: 1(Integer)
2025-12-13 23:58:21.035 [http-nio-8080-exec-7] DEBUG c.z.e.m.m.a.AdminMapper.selectById - ==>  Preparing: SELECT admin_id,admin_account,admin_username,admin_email,admin_phone,admin_password,admin_image,admin_introduce,admin_state,admin_login_time,deleted FROM admin_admin WHERE admin_id=? AND deleted=0
2025-12-13 23:58:21.035 [http-nio-8080-exec-9] DEBUG c.z.e.m.m.a.AdminMapper.selectById - <==      Total: 1
2025-12-13 23:58:21.035 [http-nio-8080-exec-7] DEBUG c.z.e.m.m.a.AdminMapper.selectById - ==> Parameters: 1(Integer)
2025-12-13 23:58:21.036 [http-nio-8080-exec-9] DEBUG c.z.e.m.m.a.A.findAdminInfoById - ==>  Preparing: select * from admin_admin left join admin_admin_role on admin_admin.admin_id = admin_admin_role.adminId left join admin_role on admin_admin_role.roleId = admin_role.role_id left join admin_role_permission on admin_role.role_id = admin_role.role_id left join admin_permission on admin_role_permission.permissionId = admin_permission.permission_id where admin_admin.admin_id = ? and admin_admin.deleted = 0
2025-12-13 23:58:21.036 [http-nio-8080-exec-9] DEBUG c.z.e.m.m.a.A.findAdminInfoById - ==> Parameters: 1(Integer)
2025-12-13 23:58:21.036 [http-nio-8080-exec-8] DEBUG c.z.e.m.m.a.A.findAdminInfoById - <==      Total: 1
2025-12-13 23:58:21.070 [http-nio-8080-exec-7] DEBUG c.z.e.m.m.a.AdminMapper.selectById - <==      Total: 1
2025-12-13 23:58:21.071 [http-nio-8080-exec-7] DEBUG c.z.e.m.m.a.A.findAdminInfoById - ==>  Preparing: select * from admin_admin left join admin_admin_role on admin_admin.admin_id = admin_admin_role.adminId left join admin_role on admin_admin_role.roleId = admin_role.role_id left join admin_role_permission on admin_role.role_id = admin_role.role_id left join admin_permission on admin_role_permission.permissionId = admin_permission.permission_id where admin_admin.admin_id = ? and admin_admin.deleted = 0
2025-12-13 23:58:21.071 [http-nio-8080-exec-8] DEBUG c.z.e.m.m.a.R.selectList - ==>  Preparing: SELECT recruitPosition_id AS recruitPositionId,recruitPosition_name,recruitPosition_createdTime AS createdTime,recruitPosition_updatedTime AS updatedTime,recruitPosition_industryCode,recruitPosition_minMonthSalary AS minMonthSalary,recruitPosition_maxMonthSalary AS maxMonthSalary,recruitPosition_weekWorkDayNum AS weekWorkDayNum,recruitPosition_goodWelfare AS goodWelfare FROM general_recruitPosition
2025-12-13 23:58:21.071 [http-nio-8080-exec-8] DEBUG c.z.e.m.m.a.R.selectList - ==> Parameters: 
2025-12-13 23:58:21.071 [http-nio-8080-exec-7] DEBUG c.z.e.m.m.a.A.findAdminInfoById - ==> Parameters: 1(Integer)
2025-12-13 23:58:21.074 [http-nio-8080-exec-9] DEBUG c.z.e.m.m.a.A.findAdminInfoById - <==      Total: 1
2025-12-13 23:58:21.105 [http-nio-8080-exec-8] DEBUG c.z.e.m.m.a.R.selectList - <==      Total: 1
2025-12-13 23:58:21.110 [http-nio-8080-exec-9] DEBUG c.z.e.m.m.a.I.selectList - ==>  Preparing: SELECT industryMap_industryCode,industryMap_industryName,industryMap_createdTime AS createdTime,industryMap_updatedTime AS updatedTime FROM general_industryMap
2025-12-13 23:58:21.110 [http-nio-8080-exec-9] DEBUG c.z.e.m.m.a.I.selectList - ==> Parameters: 
2025-12-13 23:58:21.111 [http-nio-8080-exec-7] DEBUG c.z.e.m.m.a.A.findAdminInfoById - <==      Total: 1
2025-12-13 23:58:21.147 [http-nio-8080-exec-9] DEBUG c.z.e.m.m.a.I.selectList - <==      Total: 2
2025-12-13 23:58:21.148 [http-nio-8080-exec-7] DEBUG c.z.e.m.m.a.I.selectList - ==>  Preparing: SELECT industryMap_industryCode,industryMap_industryName,industryMap_createdTime AS createdTime,industryMap_updatedTime AS updatedTime FROM general_industryMap
2025-12-13 23:58:21.148 [http-nio-8080-exec-7] DEBUG c.z.e.m.m.a.I.selectList - ==> Parameters: 
2025-12-13 23:58:21.184 [http-nio-8080-exec-7] DEBUG c.z.e.m.m.a.I.selectList - <==      Total: 2
2025-12-13 23:58:21.627 [http-nio-8080-exec-3] DEBUG c.z.e.m.m.a.AdminMapper.selectById - ==>  Preparing: SELECT admin_id,admin_account,admin_username,admin_email,admin_phone,admin_password,admin_image,admin_introduce,admin_state,admin_login_time,deleted FROM admin_admin WHERE admin_id=? AND deleted=0
2025-12-13 23:58:21.627 [http-nio-8080-exec-3] DEBUG c.z.e.m.m.a.AdminMapper.selectById - ==> Parameters: 1(Integer)
2025-12-13 23:58:21.664 [http-nio-8080-exec-3] DEBUG c.z.e.m.m.a.AdminMapper.selectById - <==      Total: 1
2025-12-13 23:58:21.665 [http-nio-8080-exec-3] DEBUG c.z.e.m.m.a.A.findAdminInfoById - ==>  Preparing: select * from admin_admin left join admin_admin_role on admin_admin.admin_id = admin_admin_role.adminId left join admin_role on admin_admin_role.roleId = admin_role.role_id left join admin_role_permission on admin_role.role_id = admin_role.role_id left join admin_permission on admin_role_permission.permissionId = admin_permission.permission_id where admin_admin.admin_id = ? and admin_admin.deleted = 0
2025-12-13 23:58:21.666 [http-nio-8080-exec-3] DEBUG c.z.e.m.m.a.A.findAdminInfoById - ==> Parameters: 1(Integer)
2025-12-13 23:58:21.703 [http-nio-8080-exec-3] DEBUG c.z.e.m.m.a.A.findAdminInfoById - <==      Total: 1
2025-12-13 23:58:21.745 [http-nio-8080-exec-3] DEBUG c.z.e.m.m.a.R.selectList - ==>  Preparing: SELECT resumeTemplate_id,resumeTemplate_name,resumeTemplate_reactCode,resumeTemplate_industry,resumeTemplate_isActive,resumeTemplate_createdTime,resumeTemplate_updatedTime,deleted FROM general_resumeTemplate WHERE deleted=0 AND (deleted = ?)
2025-12-13 23:58:21.745 [http-nio-8080-exec-3] DEBUG c.z.e.m.m.a.R.selectList - ==> Parameters: 0(Integer)
