2026-04-28 18:40:49.127 [background-preinit] INFO  o.h.validator.internal.util.Version - HV000001: Hibernate Validator 8.0.1.Final
2026-04-28 18:40:49.549 [main] INFO  c.a.c.n.c.NacosConfigDataLoader - [Nacos Config] Load config[dataId=EasyApplyResume-dev.yaml, group=DEFAULT_GROUP] success
2026-04-28 18:40:49.550 [main] INFO  c.a.c.n.c.NacosConfigDataLoader - [Nacos Config] Load config[dataId=EasyApplyResume.yaml, group=DEFAULT_GROUP] success
2026-04-28 18:40:50.377 [main] INFO  c.z.e.EasyApplyResumeApplication - The following 1 profile is active: "dev"
2026-04-28 18:40:50.416 [main] INFO  c.a.c.n.c.NacosConfigDataLoader - [Nacos Config] Load config[dataId=EasyApplyResume-dev.yaml, group=DEFAULT_GROUP] success
2026-04-28 18:40:50.416 [main] INFO  c.a.c.n.c.NacosConfigDataLoader - [Nacos Config] Load config[dataId=EasyApplyResume.yaml, group=DEFAULT_GROUP] success
2026-04-28 18:40:54.091 [main] INFO  o.s.d.r.c.RepositoryConfigurationDelegate - Multiple Spring Data modules found, entering strict repository configuration mode
2026-04-28 18:40:54.095 [main] INFO  o.s.d.r.c.RepositoryConfigurationDelegate - Bootstrapping Spring Data Redis repositories in DEFAULT mode.
2026-04-28 18:40:54.193 [main] INFO  o.s.d.r.c.RepositoryConfigurationDelegate - Finished Spring Data repository scanning in 65 ms. Found 0 Redis repository interfaces.
2026-04-28 18:40:54.576 [main] WARN  o.m.s.mapper.ClassPathMapperScanner - Cannot use both: sqlSessionTemplate and sqlSessionFactory together. sqlSessionFactory is ignored.
2026-04-28 18:40:54.578 [main] WARN  o.m.s.mapper.ClassPathMapperScanner - Cannot use both: sqlSessionTemplate and sqlSessionFactory together. sqlSessionFactory is ignored.
2026-04-28 18:40:54.579 [main] WARN  o.m.s.mapper.ClassPathMapperScanner - Cannot use both: sqlSessionTemplate and sqlSessionFactory together. sqlSessionFactory is ignored.
2026-04-28 18:40:54.580 [main] WARN  o.m.s.mapper.ClassPathMapperScanner - Cannot use both: sqlSessionTemplate and sqlSessionFactory together. sqlSessionFactory is ignored.
2026-04-28 18:40:54.580 [main] WARN  o.m.s.mapper.ClassPathMapperScanner - Cannot use both: sqlSessionTemplate and sqlSessionFactory together. sqlSessionFactory is ignored.
2026-04-28 18:40:54.581 [main] WARN  o.m.s.mapper.ClassPathMapperScanner - Cannot use both: sqlSessionTemplate and sqlSessionFactory together. sqlSessionFactory is ignored.
2026-04-28 18:40:54.582 [main] WARN  o.m.s.mapper.ClassPathMapperScanner - Cannot use both: sqlSessionTemplate and sqlSessionFactory together. sqlSessionFactory is ignored.
2026-04-28 18:40:54.583 [main] WARN  o.m.s.mapper.ClassPathMapperScanner - Cannot use both: sqlSessionTemplate and sqlSessionFactory together. sqlSessionFactory is ignored.
2026-04-28 18:40:54.584 [main] WARN  o.m.s.mapper.ClassPathMapperScanner - Cannot use both: sqlSessionTemplate and sqlSessionFactory together. sqlSessionFactory is ignored.
2026-04-28 18:40:54.584 [main] WARN  o.m.s.mapper.ClassPathMapperScanner - Cannot use both: sqlSessionTemplate and sqlSessionFactory together. sqlSessionFactory is ignored.
2026-04-28 18:40:54.585 [main] WARN  o.m.s.mapper.ClassPathMapperScanner - Cannot use both: sqlSessionTemplate and sqlSessionFactory together. sqlSessionFactory is ignored.
2026-04-28 18:40:54.585 [main] WARN  o.m.s.mapper.ClassPathMapperScanner - Cannot use both: sqlSessionTemplate and sqlSessionFactory together. sqlSessionFactory is ignored.
2026-04-28 18:40:54.587 [main] WARN  o.m.s.mapper.ClassPathMapperScanner - Cannot use both: sqlSessionTemplate and sqlSessionFactory together. sqlSessionFactory is ignored.
2026-04-28 18:40:54.589 [main] WARN  o.m.s.mapper.ClassPathMapperScanner - Cannot use both: sqlSessionTemplate and sqlSessionFactory together. sqlSessionFactory is ignored.
2026-04-28 18:40:54.590 [main] WARN  o.m.s.mapper.ClassPathMapperScanner - Cannot use both: sqlSessionTemplate and sqlSessionFactory together. sqlSessionFactory is ignored.
2026-04-28 18:40:54.592 [main] WARN  o.m.s.mapper.ClassPathMapperScanner - Cannot use both: sqlSessionTemplate and sqlSessionFactory together. sqlSessionFactory is ignored.
2026-04-28 18:40:54.593 [main] WARN  o.m.s.mapper.ClassPathMapperScanner - Cannot use both: sqlSessionTemplate and sqlSessionFactory together. sqlSessionFactory is ignored.
2026-04-28 18:40:54.594 [main] WARN  o.m.s.mapper.ClassPathMapperScanner - Cannot use both: sqlSessionTemplate and sqlSessionFactory together. sqlSessionFactory is ignored.
2026-04-28 18:40:54.594 [main] WARN  o.m.s.mapper.ClassPathMapperScanner - Cannot use both: sqlSessionTemplate and sqlSessionFactory together. sqlSessionFactory is ignored.
2026-04-28 18:40:54.595 [main] WARN  o.m.s.mapper.ClassPathMapperScanner - Cannot use both: sqlSessionTemplate and sqlSessionFactory together. sqlSessionFactory is ignored.
2026-04-28 18:40:54.595 [main] WARN  o.m.s.mapper.ClassPathMapperScanner - Cannot use both: sqlSessionTemplate and sqlSessionFactory together. sqlSessionFactory is ignored.
2026-04-28 18:40:54.597 [main] WARN  o.m.s.mapper.ClassPathMapperScanner - Cannot use both: sqlSessionTemplate and sqlSessionFactory together. sqlSessionFactory is ignored.
2026-04-28 18:40:54.598 [main] WARN  o.m.s.mapper.ClassPathMapperScanner - Cannot use both: sqlSessionTemplate and sqlSessionFactory together. sqlSessionFactory is ignored.
2026-04-28 18:40:54.599 [main] WARN  o.m.s.mapper.ClassPathMapperScanner - Cannot use both: sqlSessionTemplate and sqlSessionFactory together. sqlSessionFactory is ignored.
2026-04-28 18:40:54.599 [main] WARN  o.m.s.mapper.ClassPathMapperScanner - Cannot use both: sqlSessionTemplate and sqlSessionFactory together. sqlSessionFactory is ignored.
2026-04-28 18:40:54.600 [main] WARN  o.m.s.mapper.ClassPathMapperScanner - Cannot use both: sqlSessionTemplate and sqlSessionFactory together. sqlSessionFactory is ignored.
2026-04-28 18:40:54.601 [main] WARN  o.m.s.mapper.ClassPathMapperScanner - Cannot use both: sqlSessionTemplate and sqlSessionFactory together. sqlSessionFactory is ignored.
2026-04-28 18:40:54.602 [main] WARN  o.m.s.mapper.ClassPathMapperScanner - Cannot use both: sqlSessionTemplate and sqlSessionFactory together. sqlSessionFactory is ignored.
2026-04-28 18:40:54.603 [main] WARN  o.m.s.mapper.ClassPathMapperScanner - Cannot use both: sqlSessionTemplate and sqlSessionFactory together. sqlSessionFactory is ignored.
2026-04-28 18:40:54.603 [main] WARN  o.m.s.mapper.ClassPathMapperScanner - Cannot use both: sqlSessionTemplate and sqlSessionFactory together. sqlSessionFactory is ignored.
2026-04-28 18:40:54.604 [main] WARN  o.m.s.mapper.ClassPathMapperScanner - Cannot use both: sqlSessionTemplate and sqlSessionFactory together. sqlSessionFactory is ignored.
2026-04-28 18:40:54.604 [main] WARN  o.m.s.mapper.ClassPathMapperScanner - Cannot use both: sqlSessionTemplate and sqlSessionFactory together. sqlSessionFactory is ignored.
2026-04-28 18:40:54.606 [main] WARN  o.m.s.mapper.ClassPathMapperScanner - Cannot use both: sqlSessionTemplate and sqlSessionFactory together. sqlSessionFactory is ignored.
2026-04-28 18:40:54.607 [main] WARN  o.m.s.mapper.ClassPathMapperScanner - Cannot use both: sqlSessionTemplate and sqlSessionFactory together. sqlSessionFactory is ignored.
2026-04-28 18:40:54.608 [main] WARN  o.m.s.mapper.ClassPathMapperScanner - Cannot use both: sqlSessionTemplate and sqlSessionFactory together. sqlSessionFactory is ignored.
2026-04-28 18:40:54.609 [main] WARN  o.m.s.mapper.ClassPathMapperScanner - Cannot use both: sqlSessionTemplate and sqlSessionFactory together. sqlSessionFactory is ignored.
2026-04-28 18:40:54.610 [main] WARN  o.m.s.mapper.ClassPathMapperScanner - Cannot use both: sqlSessionTemplate and sqlSessionFactory together. sqlSessionFactory is ignored.
2026-04-28 18:40:54.610 [main] WARN  o.m.s.mapper.ClassPathMapperScanner - Cannot use both: sqlSessionTemplate and sqlSessionFactory together. sqlSessionFactory is ignored.
2026-04-28 18:40:54.611 [main] WARN  o.m.s.mapper.ClassPathMapperScanner - Cannot use both: sqlSessionTemplate and sqlSessionFactory together. sqlSessionFactory is ignored.
2026-04-28 18:40:54.611 [main] WARN  o.m.s.mapper.ClassPathMapperScanner - Cannot use both: sqlSessionTemplate and sqlSessionFactory together. sqlSessionFactory is ignored.
2026-04-28 18:40:54.612 [main] WARN  o.m.s.mapper.ClassPathMapperScanner - Cannot use both: sqlSessionTemplate and sqlSessionFactory together. sqlSessionFactory is ignored.
2026-04-28 18:40:54.612 [main] WARN  o.m.s.mapper.ClassPathMapperScanner - Cannot use both: sqlSessionTemplate and sqlSessionFactory together. sqlSessionFactory is ignored.
2026-04-28 18:40:54.613 [main] WARN  o.m.s.mapper.ClassPathMapperScanner - Cannot use both: sqlSessionTemplate and sqlSessionFactory together. sqlSessionFactory is ignored.
2026-04-28 18:40:54.614 [main] WARN  o.m.s.mapper.ClassPathMapperScanner - Cannot use both: sqlSessionTemplate and sqlSessionFactory together. sqlSessionFactory is ignored.
2026-04-28 18:40:54.614 [main] WARN  o.m.s.mapper.ClassPathMapperScanner - Cannot use both: sqlSessionTemplate and sqlSessionFactory together. sqlSessionFactory is ignored.
2026-04-28 18:40:54.615 [main] WARN  o.m.s.mapper.ClassPathMapperScanner - Cannot use both: sqlSessionTemplate and sqlSessionFactory together. sqlSessionFactory is ignored.
2026-04-28 18:40:54.616 [main] WARN  o.m.s.mapper.ClassPathMapperScanner - Cannot use both: sqlSessionTemplate and sqlSessionFactory together. sqlSessionFactory is ignored.
2026-04-28 18:40:54.617 [main] WARN  o.m.s.mapper.ClassPathMapperScanner - Cannot use both: sqlSessionTemplate and sqlSessionFactory together. sqlSessionFactory is ignored.
2026-04-28 18:40:54.617 [main] WARN  o.m.s.mapper.ClassPathMapperScanner - Cannot use both: sqlSessionTemplate and sqlSessionFactory together. sqlSessionFactory is ignored.
2026-04-28 18:40:54.618 [main] WARN  o.m.s.mapper.ClassPathMapperScanner - Cannot use both: sqlSessionTemplate and sqlSessionFactory together. sqlSessionFactory is ignored.
2026-04-28 18:40:54.619 [main] WARN  o.m.s.mapper.ClassPathMapperScanner - Cannot use both: sqlSessionTemplate and sqlSessionFactory together. sqlSessionFactory is ignored.
2026-04-28 18:40:54.620 [main] WARN  o.m.s.mapper.ClassPathMapperScanner - Cannot use both: sqlSessionTemplate and sqlSessionFactory together. sqlSessionFactory is ignored.
2026-04-28 18:40:54.621 [main] WARN  o.m.s.mapper.ClassPathMapperScanner - Cannot use both: sqlSessionTemplate and sqlSessionFactory together. sqlSessionFactory is ignored.
2026-04-28 18:40:54.621 [main] WARN  o.m.s.mapper.ClassPathMapperScanner - Cannot use both: sqlSessionTemplate and sqlSessionFactory together. sqlSessionFactory is ignored.
2026-04-28 18:40:54.622 [main] WARN  o.m.s.mapper.ClassPathMapperScanner - Cannot use both: sqlSessionTemplate and sqlSessionFactory together. sqlSessionFactory is ignored.
2026-04-28 18:40:54.624 [main] WARN  o.m.s.mapper.ClassPathMapperScanner - Cannot use both: sqlSessionTemplate and sqlSessionFactory together. sqlSessionFactory is ignored.
2026-04-28 18:40:54.624 [main] WARN  o.m.s.mapper.ClassPathMapperScanner - Cannot use both: sqlSessionTemplate and sqlSessionFactory together. sqlSessionFactory is ignored.
2026-04-28 18:40:54.636 [main] WARN  o.m.s.mapper.ClassPathMapperScanner - No MyBatis mapper was found in '[com.zyh.easyapplyresume.mapper.pgvector]' package. Please check your configuration.
2026-04-28 18:40:54.935 [main] INFO  o.s.cloud.context.scope.GenericScope - BeanFactory id=cec86c5a-a5fe-3b76-8061-fda812463d3c
2026-04-28 18:40:56.801 [main] INFO  o.s.b.w.e.tomcat.TomcatWebServer - Tomcat initialized with port 8080 (http)
2026-04-28 18:40:56.825 [main] INFO  o.a.coyote.http11.Http11NioProtocol - Initializing ProtocolHandler ["http-nio-8080"]
2026-04-28 18:40:56.831 [main] INFO  o.a.catalina.core.StandardService - Starting service [Tomcat]
2026-04-28 18:40:56.831 [main] INFO  o.a.catalina.core.StandardEngine - Starting Servlet engine: [Apache Tomcat/10.1.31]
2026-04-28 18:40:57.009 [main] INFO  o.a.c.c.C.[.[localhost].[/api] - Initializing Spring embedded WebApplicationContext
2026-04-28 18:40:57.010 [main] INFO  o.s.b.w.s.c.ServletWebServerApplicationContext - Root WebApplicationContext: initialization completed in 6593 ms
2026-04-28 18:40:59.073 [main] WARN  c.b.m.core.metadata.TableInfoHelper - Can not find table primary key in Class: "com.zyh.easyapplyresume.model.pojo.user.UserCollections".
2026-04-28 18:40:59.073 [main] WARN  c.b.m.c.injector.DefaultSqlInjector - class com.zyh.easyapplyresume.model.pojo.user.UserCollections ,Not found @TableId annotation, Cannot use Mybatis-Plus 'xxById' Method.
2026-04-28 18:40:59.423 [main] DEBUG c.z.e.filter.UserJwtAuthFilter - Filter 'userJwtAuthFilter' configured for use
2026-04-28 18:40:59.427 [main] DEBUG c.z.e.filter.AdminJwtAuthFilter - Filter 'adminJwtAuthFilter' configured for use
2026-04-28 18:40:59.794 [main] INFO  c.z.e.s.i.admin.AdminSmsServiceImpl - 开始初始化阿里云短信客户端...
2026-04-28 18:41:00.310 [main] INFO  c.z.e.s.i.admin.AdminSmsServiceImpl - 阿里云短信客户端初始化完成
2026-04-28 18:41:01.122 [main] WARN  c.b.m.core.metadata.TableInfoHelper - Can not find table primary key in Class: "com.zyh.easyapplyresume.model.pojo.user.UserFirstCategoryQuestionBank".
2026-04-28 18:41:01.122 [main] WARN  c.b.m.c.injector.DefaultSqlInjector - class com.zyh.easyapplyresume.model.pojo.user.UserFirstCategoryQuestionBank ,Not found @TableId annotation, Cannot use Mybatis-Plus 'xxById' Method.
2026-04-28 18:41:02.722 [main] INFO  c.z.e.d.a.AdminSensitiveWordsAdvisor - 管理端敏感词初始化完成，共加载 137 个敏感词
2026-04-28 18:41:03.215 [pool-8-thread-1] INFO  i.m.c.transport.StdioClientTransport - STDERR Message received: Error: Unable to access jarfile /app/mcp/Image-Search-Mcp-0.0.1-SNAPSHOT.jar
2026-04-28 18:43:54.727 [Thread-9] WARN  c.a.nacos.common.notify.NotifyCenter - [NotifyCenter] Start destroying Publisher
2026-04-28 18:43:54.727 [Thread-7] WARN  c.a.n.c.http.HttpClientBeanHolder - [HttpClientBeanHolder] Start destroying common HttpClient
2026-04-28 18:43:54.727 [Thread-1] WARN  c.a.n.c.executor.ThreadPoolManager - [ThreadPoolManager] Start destroying ThreadPool
2026-04-28 18:43:54.728 [Thread-9] WARN  c.a.nacos.common.notify.NotifyCenter - [NotifyCenter] Destruction of the end
2026-04-28 18:43:54.728 [Thread-1] WARN  c.a.n.c.executor.ThreadPoolManager - [ThreadPoolManager] Destruction of the end
2026-04-28 18:43:54.728 [Thread-7] WARN  c.a.n.c.http.HttpClientBeanHolder - [HttpClientBeanHolder] Destruction of the end
2026-04-28 18:43:54.734 [main] WARN  o.s.b.w.s.c.AnnotationConfigServletWebServerApplicationContext - Exception encountered during context initialization - cancelling refresh attempt: org.springframework.beans.factory.BeanCreationException: Error creating bean with name 'AISystemManagerAssistantController': Injection of resource dependencies failed
2026-04-28 18:43:54.734 [main] INFO  c.z.e.s.i.admin.AdminSmsServiceImpl - 关闭阿里云短信客户端...
2026-04-28 18:43:54.737 [main] INFO  c.z.e.s.i.admin.AdminSmsServiceImpl - 阿里云短信客户端已关闭
2026-04-28 21:07:12.561 [background-preinit] INFO  o.h.validator.internal.util.Version - HV000001: Hibernate Validator 8.0.1.Final
2026-04-28 21:07:13.192 [main] INFO  c.a.c.n.c.NacosConfigDataLoader - [Nacos Config] Load config[dataId=EasyApplyResume-test.yaml, group=DEFAULT_GROUP] success
2026-04-28 21:07:13.193 [main] INFO  c.a.c.n.c.NacosConfigDataLoader - [Nacos Config] Load config[dataId=EasyApplyResume.yaml, group=DEFAULT_GROUP] success
2026-04-28 21:07:14.214 [main] INFO  c.z.e.EasyApplyResumeApplication - The following 2 profiles are active: "dev", "test"
2026-04-28 21:07:14.259 [main] INFO  c.a.c.n.c.NacosConfigDataLoader - [Nacos Config] Load config[dataId=EasyApplyResume-test.yaml, group=DEFAULT_GROUP] success
2026-04-28 21:07:14.259 [main] INFO  c.a.c.n.c.NacosConfigDataLoader - [Nacos Config] Load config[dataId=EasyApplyResume.yaml, group=DEFAULT_GROUP] success
2026-04-28 21:07:17.546 [main] INFO  o.s.d.r.c.RepositoryConfigurationDelegate - Multiple Spring Data modules found, entering strict repository configuration mode
2026-04-28 21:07:17.552 [main] INFO  o.s.d.r.c.RepositoryConfigurationDelegate - Bootstrapping Spring Data Redis repositories in DEFAULT mode.
2026-04-28 21:07:17.645 [main] INFO  o.s.d.r.c.RepositoryConfigurationDelegate - Finished Spring Data repository scanning in 66 ms. Found 0 Redis repository interfaces.
2026-04-28 21:07:17.865 [main] WARN  o.m.s.mapper.ClassPathMapperScanner - Cannot use both: sqlSessionTemplate and sqlSessionFactory together. sqlSessionFactory is ignored.
2026-04-28 21:07:17.866 [main] WARN  o.m.s.mapper.ClassPathMapperScanner - Cannot use both: sqlSessionTemplate and sqlSessionFactory together. sqlSessionFactory is ignored.
2026-04-28 21:07:17.867 [main] WARN  o.m.s.mapper.ClassPathMapperScanner - Cannot use both: sqlSessionTemplate and sqlSessionFactory together. sqlSessionFactory is ignored.
2026-04-28 21:07:17.867 [main] WARN  o.m.s.mapper.ClassPathMapperScanner - Cannot use both: sqlSessionTemplate and sqlSessionFactory together. sqlSessionFactory is ignored.
2026-04-28 21:07:17.868 [main] WARN  o.m.s.mapper.ClassPathMapperScanner - Cannot use both: sqlSessionTemplate and sqlSessionFactory together. sqlSessionFactory is ignored.
2026-04-28 21:07:17.869 [main] WARN  o.m.s.mapper.ClassPathMapperScanner - Cannot use both: sqlSessionTemplate and sqlSessionFactory together. sqlSessionFactory is ignored.
2026-04-28 21:07:17.870 [main] WARN  o.m.s.mapper.ClassPathMapperScanner - Cannot use both: sqlSessionTemplate and sqlSessionFactory together. sqlSessionFactory is ignored.
2026-04-28 21:07:17.870 [main] WARN  o.m.s.mapper.ClassPathMapperScanner - Cannot use both: sqlSessionTemplate and sqlSessionFactory together. sqlSessionFactory is ignored.
2026-04-28 21:07:17.871 [main] WARN  o.m.s.mapper.ClassPathMapperScanner - Cannot use both: sqlSessionTemplate and sqlSessionFactory together. sqlSessionFactory is ignored.
2026-04-28 21:07:17.871 [main] WARN  o.m.s.mapper.ClassPathMapperScanner - Cannot use both: sqlSessionTemplate and sqlSessionFactory together. sqlSessionFactory is ignored.
2026-04-28 21:07:17.871 [main] WARN  o.m.s.mapper.ClassPathMapperScanner - Cannot use both: sqlSessionTemplate and sqlSessionFactory together. sqlSessionFactory is ignored.
2026-04-28 21:07:17.872 [main] WARN  o.m.s.mapper.ClassPathMapperScanner - Cannot use both: sqlSessionTemplate and sqlSessionFactory together. sqlSessionFactory is ignored.
2026-04-28 21:07:17.872 [main] WARN  o.m.s.mapper.ClassPathMapperScanner - Cannot use both: sqlSessionTemplate and sqlSessionFactory together. sqlSessionFactory is ignored.
2026-04-28 21:07:17.873 [main] WARN  o.m.s.mapper.ClassPathMapperScanner - Cannot use both: sqlSessionTemplate and sqlSessionFactory together. sqlSessionFactory is ignored.
2026-04-28 21:07:17.873 [main] WARN  o.m.s.mapper.ClassPathMapperScanner - Cannot use both: sqlSessionTemplate and sqlSessionFactory together. sqlSessionFactory is ignored.
2026-04-28 21:07:17.874 [main] WARN  o.m.s.mapper.ClassPathMapperScanner - Cannot use both: sqlSessionTemplate and sqlSessionFactory together. sqlSessionFactory is ignored.
2026-04-28 21:07:17.874 [main] WARN  o.m.s.mapper.ClassPathMapperScanner - Cannot use both: sqlSessionTemplate and sqlSessionFactory together. sqlSessionFactory is ignored.
2026-04-28 21:07:17.875 [main] WARN  o.m.s.mapper.ClassPathMapperScanner - Cannot use both: sqlSessionTemplate and sqlSessionFactory together. sqlSessionFactory is ignored.
2026-04-28 21:07:17.875 [main] WARN  o.m.s.mapper.ClassPathMapperScanner - Cannot use both: sqlSessionTemplate and sqlSessionFactory together. sqlSessionFactory is ignored.
2026-04-28 21:07:17.875 [main] WARN  o.m.s.mapper.ClassPathMapperScanner - Cannot use both: sqlSessionTemplate and sqlSessionFactory together. sqlSessionFactory is ignored.
2026-04-28 21:07:17.877 [main] WARN  o.m.s.mapper.ClassPathMapperScanner - Cannot use both: sqlSessionTemplate and sqlSessionFactory together. sqlSessionFactory is ignored.
2026-04-28 21:07:17.877 [main] WARN  o.m.s.mapper.ClassPathMapperScanner - Cannot use both: sqlSessionTemplate and sqlSessionFactory together. sqlSessionFactory is ignored.
2026-04-28 21:07:17.877 [main] WARN  o.m.s.mapper.ClassPathMapperScanner - Cannot use both: sqlSessionTemplate and sqlSessionFactory together. sqlSessionFactory is ignored.
2026-04-28 21:07:17.878 [main] WARN  o.m.s.mapper.ClassPathMapperScanner - Cannot use both: sqlSessionTemplate and sqlSessionFactory together. sqlSessionFactory is ignored.
2026-04-28 21:07:17.878 [main] WARN  o.m.s.mapper.ClassPathMapperScanner - Cannot use both: sqlSessionTemplate and sqlSessionFactory together. sqlSessionFactory is ignored.
2026-04-28 21:07:17.879 [main] WARN  o.m.s.mapper.ClassPathMapperScanner - Cannot use both: sqlSessionTemplate and sqlSessionFactory together. sqlSessionFactory is ignored.
2026-04-28 21:07:17.879 [main] WARN  o.m.s.mapper.ClassPathMapperScanner - Cannot use both: sqlSessionTemplate and sqlSessionFactory together. sqlSessionFactory is ignored.
2026-04-28 21:07:17.880 [main] WARN  o.m.s.mapper.ClassPathMapperScanner - Cannot use both: sqlSessionTemplate and sqlSessionFactory together. sqlSessionFactory is ignored.
2026-04-28 21:07:17.881 [main] WARN  o.m.s.mapper.ClassPathMapperScanner - Cannot use both: sqlSessionTemplate and sqlSessionFactory together. sqlSessionFactory is ignored.
2026-04-28 21:07:17.881 [main] WARN  o.m.s.mapper.ClassPathMapperScanner - Cannot use both: sqlSessionTemplate and sqlSessionFactory together. sqlSessionFactory is ignored.
2026-04-28 21:07:17.881 [main] WARN  o.m.s.mapper.ClassPathMapperScanner - Cannot use both: sqlSessionTemplate and sqlSessionFactory together. sqlSessionFactory is ignored.
2026-04-28 21:07:17.882 [main] WARN  o.m.s.mapper.ClassPathMapperScanner - Cannot use both: sqlSessionTemplate and sqlSessionFactory together. sqlSessionFactory is ignored.
2026-04-28 21:07:17.882 [main] WARN  o.m.s.mapper.ClassPathMapperScanner - Cannot use both: sqlSessionTemplate and sqlSessionFactory together. sqlSessionFactory is ignored.
2026-04-28 21:07:17.883 [main] WARN  o.m.s.mapper.ClassPathMapperScanner - Cannot use both: sqlSessionTemplate and sqlSessionFactory together. sqlSessionFactory is ignored.
2026-04-28 21:07:17.883 [main] WARN  o.m.s.mapper.ClassPathMapperScanner - Cannot use both: sqlSessionTemplate and sqlSessionFactory together. sqlSessionFactory is ignored.
2026-04-28 21:07:17.883 [main] WARN  o.m.s.mapper.ClassPathMapperScanner - Cannot use both: sqlSessionTemplate and sqlSessionFactory together. sqlSessionFactory is ignored.
2026-04-28 21:07:17.885 [main] WARN  o.m.s.mapper.ClassPathMapperScanner - Cannot use both: sqlSessionTemplate and sqlSessionFactory together. sqlSessionFactory is ignored.
2026-04-28 21:07:17.885 [main] WARN  o.m.s.mapper.ClassPathMapperScanner - Cannot use both: sqlSessionTemplate and sqlSessionFactory together. sqlSessionFactory is ignored.
2026-04-28 21:07:17.885 [main] WARN  o.m.s.mapper.ClassPathMapperScanner - Cannot use both: sqlSessionTemplate and sqlSessionFactory together. sqlSessionFactory is ignored.
2026-04-28 21:07:17.886 [main] WARN  o.m.s.mapper.ClassPathMapperScanner - Cannot use both: sqlSessionTemplate and sqlSessionFactory together. sqlSessionFactory is ignored.
2026-04-28 21:07:17.887 [main] WARN  o.m.s.mapper.ClassPathMapperScanner - Cannot use both: sqlSessionTemplate and sqlSessionFactory together. sqlSessionFactory is ignored.
2026-04-28 21:07:17.887 [main] WARN  o.m.s.mapper.ClassPathMapperScanner - Cannot use both: sqlSessionTemplate and sqlSessionFactory together. sqlSessionFactory is ignored.
2026-04-28 21:07:17.888 [main] WARN  o.m.s.mapper.ClassPathMapperScanner - Cannot use both: sqlSessionTemplate and sqlSessionFactory together. sqlSessionFactory is ignored.
2026-04-28 21:07:17.888 [main] WARN  o.m.s.mapper.ClassPathMapperScanner - Cannot use both: sqlSessionTemplate and sqlSessionFactory together. sqlSessionFactory is ignored.
2026-04-28 21:07:17.889 [main] WARN  o.m.s.mapper.ClassPathMapperScanner - Cannot use both: sqlSessionTemplate and sqlSessionFactory together. sqlSessionFactory is ignored.
2026-04-28 21:07:17.890 [main] WARN  o.m.s.mapper.ClassPathMapperScanner - Cannot use both: sqlSessionTemplate and sqlSessionFactory together. sqlSessionFactory is ignored.
2026-04-28 21:07:17.890 [main] WARN  o.m.s.mapper.ClassPathMapperScanner - Cannot use both: sqlSessionTemplate and sqlSessionFactory together. sqlSessionFactory is ignored.
2026-04-28 21:07:17.891 [main] WARN  o.m.s.mapper.ClassPathMapperScanner - Cannot use both: sqlSessionTemplate and sqlSessionFactory together. sqlSessionFactory is ignored.
2026-04-28 21:07:17.892 [main] WARN  o.m.s.mapper.ClassPathMapperScanner - Cannot use both: sqlSessionTemplate and sqlSessionFactory together. sqlSessionFactory is ignored.
2026-04-28 21:07:17.892 [main] WARN  o.m.s.mapper.ClassPathMapperScanner - Cannot use both: sqlSessionTemplate and sqlSessionFactory together. sqlSessionFactory is ignored.
2026-04-28 21:07:17.892 [main] WARN  o.m.s.mapper.ClassPathMapperScanner - Cannot use both: sqlSessionTemplate and sqlSessionFactory together. sqlSessionFactory is ignored.
2026-04-28 21:07:17.893 [main] WARN  o.m.s.mapper.ClassPathMapperScanner - Cannot use both: sqlSessionTemplate and sqlSessionFactory together. sqlSessionFactory is ignored.
2026-04-28 21:07:17.893 [main] WARN  o.m.s.mapper.ClassPathMapperScanner - Cannot use both: sqlSessionTemplate and sqlSessionFactory together. sqlSessionFactory is ignored.
2026-04-28 21:07:17.893 [main] WARN  o.m.s.mapper.ClassPathMapperScanner - Cannot use both: sqlSessionTemplate and sqlSessionFactory together. sqlSessionFactory is ignored.
2026-04-28 21:07:17.893 [main] WARN  o.m.s.mapper.ClassPathMapperScanner - Cannot use both: sqlSessionTemplate and sqlSessionFactory together. sqlSessionFactory is ignored.
2026-04-28 21:07:17.894 [main] WARN  o.m.s.mapper.ClassPathMapperScanner - Cannot use both: sqlSessionTemplate and sqlSessionFactory together. sqlSessionFactory is ignored.
2026-04-28 21:07:17.894 [main] WARN  o.m.s.mapper.ClassPathMapperScanner - Cannot use both: sqlSessionTemplate and sqlSessionFactory together. sqlSessionFactory is ignored.
2026-04-28 21:07:17.898 [main] WARN  o.m.s.mapper.ClassPathMapperScanner - No MyBatis mapper was found in '[com.zyh.easyapplyresume.mapper.pgvector]' package. Please check your configuration.
2026-04-28 21:07:18.141 [main] INFO  o.s.cloud.context.scope.GenericScope - BeanFactory id=cec86c5a-a5fe-3b76-8061-fda812463d3c
2026-04-28 21:07:19.555 [main] INFO  o.s.b.w.e.tomcat.TomcatWebServer - Tomcat initialized with port 8080 (http)
2026-04-28 21:07:19.575 [main] INFO  o.a.coyote.http11.Http11NioProtocol - Initializing ProtocolHandler ["http-nio-8080"]
2026-04-28 21:07:19.581 [main] INFO  o.a.catalina.core.StandardService - Starting service [Tomcat]
2026-04-28 21:07:19.581 [main] INFO  o.a.catalina.core.StandardEngine - Starting Servlet engine: [Apache Tomcat/10.1.31]
2026-04-28 21:07:19.759 [main] INFO  o.a.c.c.C.[.[localhost].[/api] - Initializing Spring embedded WebApplicationContext
2026-04-28 21:07:19.759 [main] INFO  o.s.b.w.s.c.ServletWebServerApplicationContext - Root WebApplicationContext: initialization completed in 5500 ms
2026-04-28 21:07:21.545 [main] WARN  c.b.m.core.metadata.TableInfoHelper - Can not find table primary key in Class: "com.zyh.easyapplyresume.model.pojo.user.UserCollections".
2026-04-28 21:07:21.547 [main] WARN  c.b.m.c.injector.DefaultSqlInjector - class com.zyh.easyapplyresume.model.pojo.user.UserCollections ,Not found @TableId annotation, Cannot use Mybatis-Plus 'xxById' Method.
2026-04-28 21:07:21.898 [main] DEBUG c.z.e.filter.UserJwtAuthFilter - Filter 'userJwtAuthFilter' configured for use
2026-04-28 21:07:21.900 [main] DEBUG c.z.e.filter.AdminJwtAuthFilter - Filter 'adminJwtAuthFilter' configured for use
2026-04-28 21:07:22.196 [main] INFO  c.z.e.s.i.admin.AdminSmsServiceImpl - 开始初始化阿里云短信客户端...
2026-04-28 21:07:22.637 [main] INFO  c.z.e.s.i.admin.AdminSmsServiceImpl - 阿里云短信客户端初始化完成
2026-04-28 21:07:23.432 [main] WARN  c.b.m.core.metadata.TableInfoHelper - Can not find table primary key in Class: "com.zyh.easyapplyresume.model.pojo.user.UserFirstCategoryQuestionBank".
2026-04-28 21:07:23.432 [main] WARN  c.b.m.c.injector.DefaultSqlInjector - class com.zyh.easyapplyresume.model.pojo.user.UserFirstCategoryQuestionBank ,Not found @TableId annotation, Cannot use Mybatis-Plus 'xxById' Method.
2026-04-28 21:07:25.054 [main] INFO  c.z.e.d.a.AdminSensitiveWordsAdvisor - 管理端敏感词初始化完成，共加载 137 个敏感词
2026-04-28 21:07:26.603 [main] INFO  c.z.s.ImageSearchMcpApplication - Starting ImageSearchMcpApplication v0.0.1-SNAPSHOT using Java 21.0.9 with PID 38832 (C:\Users\shini\IdeaProjects\EasyApplyResume\Image-Search-Mcp\target\Image-Search-Mcp-0.0.1-SNAPSHOT.jar started by shini in C:\Users\shini\IdeaProjects\EasyApplyResume)
2026-04-28 21:07:26.605 [main] INFO  c.z.s.ImageSearchMcpApplication - The following 1 profile is active: "stdio"
2026-04-28 21:07:27.736 [pool-1-thread-1] INFO  i.m.server.McpAsyncServer - Client initialize request - Protocol: 2024-11-05, Capabilities: ClientCapabilities[experimental=null, roots=null, sampling=null], Info: Implementation[name=spring-ai-mcp-client, version=1.0.0]
2026-04-28 21:07:27.798 [pool-6-thread-1] INFO  i.m.client.McpAsyncClient - Server response with Protocol: 2024-11-05, Capabilities: ServerCapabilities[experimental=null, logging=LoggingCapabilities[], prompts=null, resources=null, tools=ToolCapabilities[listChanged=true]], Info: Implementation[name=image-search-mcp-server, version=0.0.1] and Instructions null
2026-04-28 21:07:27.874 [main] INFO  c.z.s.ImageSearchMcpApplication - Started ImageSearchMcpApplication in 1.685 seconds (process running for 2.392)
2026-04-28 21:07:33.281 [pool-11-thread-1] INFO  i.m.c.transport.StdioClientTransport - STDERR Message received: Amap Maps MCP Server running on stdio
2026-04-28 21:07:33.290 [pool-9-thread-1] INFO  i.m.client.McpAsyncClient - Server response with Protocol: 2024-11-05, Capabilities: ServerCapabilities[experimental=null, logging=null, prompts=null, resources=null, tools=ToolCapabilities[listChanged=null]], Info: Implementation[name=mcp-server/amap-maps, version=0.1.0] and Instructions null
2026-04-28 21:07:33.654 [main] INFO  c.z.e.d.a.SensitiveWordsAdvisor - 用户端敏感词初始化完成，共加载 137 个敏感词
2026-04-28 21:07:33.968 [main] INFO  o.s.a.t.splitter.TextSplitter - Splitting up document into 2 chunks.
2026-04-28 21:07:33.972 [main] INFO  o.s.a.t.splitter.TextSplitter - Splitting up document into 2 chunks.
2026-04-28 21:07:33.976 [main] INFO  o.s.a.t.splitter.TextSplitter - Splitting up document into 2 chunks.
2026-04-28 21:07:37.631 [main] INFO  o.s.ai.vectorstore.SimpleVectorStore - Calling EmbeddingModel for document id = d9649a70-a820-405b-9f74-d35978be61f5
2026-04-28 21:07:37.850 [main] INFO  o.s.ai.vectorstore.SimpleVectorStore - Calling EmbeddingModel for document id = f74d4d6f-9ddf-416b-a428-1ec381cf0715
2026-04-28 21:07:38.066 [main] INFO  o.s.ai.vectorstore.SimpleVectorStore - Calling EmbeddingModel for document id = 868df0da-7ba9-4986-bd42-568acb44c1a4
2026-04-28 21:07:38.428 [main] INFO  c.z.e.s.impl.user.UserSmsServiceImpl - 开始初始化阿里云短信客户端...
2026-04-28 21:07:38.442 [main] INFO  c.z.e.s.impl.user.UserSmsServiceImpl - 阿里云短信客户端初始化完成
2026-04-28 21:07:38.952 [main] WARN  c.b.m.e.s.MybatisSqlSessionFactoryBean - Property 'mapperLocations' was specified but matching resources are not found.
2026-04-28 21:07:39.097 [main] INFO  o.s.a.v.pgvector.PgVectorStore - Using the vector table name: vector_store. Is empty: false
2026-04-28 21:07:39.102 [main] INFO  o.s.a.v.pgvector.PgVectorStore - Initializing PGVectorStore schema for table: vector_store in schema: public
2026-04-28 21:07:39.102 [main] INFO  o.s.a.v.pgvector.PgVectorStore - vectorTableValidationsEnabled false
2026-04-28 21:07:39.115 [main] INFO  com.zaxxer.hikari.HikariDataSource - HikariPool-1 - Starting...
2026-04-28 21:07:39.517 [main] INFO  com.zaxxer.hikari.pool.HikariPool - HikariPool-1 - Added connection org.postgresql.jdbc.PgConnection@29e79038
2026-04-28 21:07:39.519 [main] INFO  com.zaxxer.hikari.HikariDataSource - HikariPool-1 - Start completed.
2026-04-28 21:07:40.072 [main] WARN  o.s.b.a.s.s.UserDetailsServiceAutoConfiguration - 

Using generated security password: 609fb827-5f23-4db5-b491-156d859e1428

This generated password is for development use only. Your security configuration must be updated before running your application in production.

2026-04-28 21:07:40.089 [main] INFO  o.s.s.c.a.a.c.InitializeUserDetailsBeanManagerConfigurer$InitializeUserDetailsManagerConfigurer - Global AuthenticationManager configured with UserDetailsService bean with name inMemoryUserDetailsManager
2026-04-28 21:07:40.932 [main] INFO  o.s.b.a.e.web.EndpointLinksResolver - Exposing 20 endpoints beneath base path '/actuator'
2026-04-28 21:07:42.404 [main] INFO  o.a.coyote.http11.Http11NioProtocol - Starting ProtocolHandler ["http-nio-8080"]
2026-04-28 21:07:42.424 [main] INFO  o.s.b.w.e.tomcat.TomcatWebServer - Tomcat started on port 8080 (http) with context path '/api'
2026-04-28 21:07:42.472 [main] INFO  c.a.n.p.a.s.c.ClientAuthPluginManager - [ClientAuthPluginManager] Load ClientAuthService com.alibaba.nacos.client.auth.impl.NacosClientAuthServiceImpl success.
2026-04-28 21:07:42.472 [main] INFO  c.a.n.p.a.s.c.ClientAuthPluginManager - [ClientAuthPluginManager] Load ClientAuthService com.alibaba.nacos.client.auth.ram.RamClientAuthServiceImpl success.
2026-04-28 21:07:43.220 [main] INFO  c.a.c.n.r.NacosServiceRegistry - nacos registry, DEFAULT_GROUP EasyApplyResume 172.41.80.19:8080 register finished
2026-04-28 21:07:43.254 [main] INFO  c.z.e.EasyApplyResumeApplication - Started EasyApplyResumeApplication in 34.216 seconds (process running for 35.64)
2026-04-28 21:07:46.169 [main] INFO  c.a.c.n.r.NacosContextRefresher - [Nacos Config] Listening config: dataId=EasyApplyResume.yaml, group=DEFAULT_GROUP
2026-04-28 21:07:46.170 [main] INFO  c.a.c.n.r.NacosContextRefresher - [Nacos Config] Listening config: dataId=EasyApplyResume-test.yaml, group=DEFAULT_GROUP
2026-04-28 21:07:46.212 [registrationTask1] WARN  d.c.b.a.c.r.ApplicationRegistrator - Failed to register application as Application(name=EasyApplyResume, managementUrl=http://localhost:8080/actuator, healthUrl=http://localhost:8080/actuator/health, serviceUrl=http://localhost:8080) at spring-boot-admin ([http://localhost:9090/instances]): I/O error on POST request for "http://localhost:9090/instances": Failed to connect to localhost/[0:0:0:0:0:0:0:1]:9090. Further attempts are logged on DEBUG level
2026-04-28 21:10:36.204 [http-nio-8080-exec-1] INFO  o.a.c.c.C.[.[localhost].[/api] - Initializing Spring DispatcherServlet 'dispatcherServlet'
2026-04-28 21:10:36.204 [http-nio-8080-exec-1] INFO  o.s.web.servlet.DispatcherServlet - Initializing Servlet 'dispatcherServlet'
2026-04-28 21:10:36.209 [http-nio-8080-exec-1] INFO  o.s.web.servlet.DispatcherServlet - Completed initialization in 5 ms
2026-04-28 21:10:36.311 [http-nio-8080-exec-1] INFO  c.z.e.interceptor.UsallyInterceptor - 【请求开始】Method: POST, URI: /api/admin/auth/formalLogin, Controller: AdminAuthController.formalLogin, IP: 0:0:0:0:0:0:0:1, Params: {}
2026-04-28 21:10:36.359 [http-nio-8080-exec-1] INFO  com.zaxxer.hikari.HikariDataSource - HikariPool-2 - Starting...
2026-04-28 21:10:37.593 [http-nio-8080-exec-1] INFO  com.zaxxer.hikari.pool.HikariPool - HikariPool-2 - Added connection com.mysql.cj.jdbc.ConnectionImpl@cbc8352
2026-04-28 21:10:37.594 [http-nio-8080-exec-1] INFO  com.zaxxer.hikari.HikariDataSource - HikariPool-2 - Start completed.
2026-04-28 21:10:37.850 [http-nio-8080-exec-1] INFO  c.z.e.s.s.S.ServiceLogAspect - 【Service执行】类: AdminAuthServiceImpl, 方法: formalLogin, 参数: [{"accountOrPhoneOrEmail":"18242991090","password":"zyh0.123"}]
2026-04-28 21:10:37.900 [http-nio-8080-exec-1] DEBUG c.z.e.m.m.a.A.findByAccountOrPhoneOrEmail - ==>  Preparing: select * from admin_admin where deleted = 0 and ( admin_account = ? or admin_phone = ? or admin_email = ? )
2026-04-28 21:10:37.940 [http-nio-8080-exec-1] DEBUG c.z.e.m.m.a.A.findByAccountOrPhoneOrEmail - ==> Parameters: 18242991090(String), 18242991090(String), 18242991090(String)
2026-04-28 21:10:38.090 [http-nio-8080-exec-1] DEBUG c.z.e.m.m.a.A.findByAccountOrPhoneOrEmail - <==      Total: 1
2026-04-28 21:10:38.235 [http-nio-8080-exec-1] DEBUG c.z.e.m.m.a.AdminMapper.updateById - ==>  Preparing: UPDATE admin_admin SET admin_account=?, admin_username=?, admin_email=?, admin_phone=?, admin_password=?, admin_image=?, admin_introduce=?, admin_state=?, admin_loginTime=? WHERE admin_id=? AND deleted=0
2026-04-28 21:10:38.241 [http-nio-8080-exec-1] DEBUG c.z.e.m.m.a.AdminMapper.updateById - ==> Parameters: 1812463057(String), 超级管理员(String), 1812463057@qq.com(String), 18242991090(String), $2a$10$Wz8s6hYf0UGOCCZ6Ff5QW.QgfqIQSJijiFXIqqplg3eGqw3HNxSeu(String), https://ts1.tc.mm.bing.net/th/id/R-C.928ef8908b5eb3666b2a27a1f6cfbe17?rik=h2FXLv1HNaxbTg&riu=http%3a%2f%2fp0.so.qhmsg.com%2ft018b5eb3666b2a27a1.jpg&ehk=QnGPPvZKq3cPW6%2bdkG%2b3zIRvAGXRsgYVTirfbvOBTaU%3d&risl=&pid=ImgRaw&r=0(String), 至高无上的超级管理员(String), 1(Integer), 2026-04-28 21:10:38.189(Timestamp), 1(Integer)
2026-04-28 21:10:38.374 [http-nio-8080-exec-1] DEBUG c.z.e.m.m.a.AdminMapper.updateById - <==    Updates: 1
2026-04-28 21:10:38.709 [http-nio-8080-exec-1] INFO  c.z.e.s.s.S.ServiceLogAspect - 【Service完成】类: AdminAuthServiceImpl, 方法: formalLogin, 返回值: eyJhbGciOiJIUzUxMiJ9.eyJ1c2VyVHlwZSI6ImFkbWluIiwidXNlck5hbWUiOiLotoXnuqfnrqHnkIblkZgiLCJ1c2VySWQiOjEsInN1YiI6Iui2hee6p-euoeeQhuWRmCIsImlhdCI6MTc3NzM4MTgzOCwiZXhwIjoxNzc3NDEwNjM4fQ.4ord9R6GlQkaFVdo9tPiCvN2nE6B-ht5KAFMnjSRJOYQRvA0TKgR7O85tZwQcU6VJ1AC8nIKqJrPdQYJJ77jAA, 耗时: 858ms
2026-04-28 21:10:38.857 [http-nio-8080-exec-1] INFO  c.z.e.interceptor.UsallyInterceptor - 【请求结束】Method: POST, URI: /api/admin/auth/formalLogin, Controller: AdminAuthController.formalLogin, Status: 200, Duration: 2547ms
2026-04-28 21:10:39.052 [http-nio-8080-exec-2] DEBUG c.z.e.m.m.a.AdminMapper.selectById - ==>  Preparing: SELECT admin_id,admin_account,admin_username,admin_email,admin_phone,admin_password,admin_image,admin_introduce,admin_state,admin_loginTime,deleted FROM admin_admin WHERE admin_id=? AND deleted=0
2026-04-28 21:10:39.053 [http-nio-8080-exec-2] DEBUG c.z.e.m.m.a.AdminMapper.selectById - ==> Parameters: 1(Integer)
2026-04-28 21:10:39.115 [http-nio-8080-exec-2] DEBUG c.z.e.m.m.a.AdminMapper.selectById - <==      Total: 1
2026-04-28 21:10:39.116 [http-nio-8080-exec-2] DEBUG c.z.e.m.m.a.A.findAdminInfoById - ==>  Preparing: select * from admin_admin left join admin_admin_role on admin_admin.admin_id = admin_admin_role.adminId left join admin_role on admin_admin_role.roleId = admin_role.role_id and admin_role.deleted = 0 left join admin_role_permission on admin_role.role_id = admin_role_permission.roleId left join admin_permission on admin_role_permission.permissionId = admin_permission.permission_id and admin_permission.deleted = 0 where admin_admin.admin_id = ? and admin_admin.deleted = 0
2026-04-28 21:10:39.117 [http-nio-8080-exec-2] DEBUG c.z.e.m.m.a.A.findAdminInfoById - ==> Parameters: 1(Integer)
2026-04-28 21:10:39.182 [http-nio-8080-exec-2] DEBUG c.z.e.m.m.a.A.findAdminInfoById - <==      Total: 1
2026-04-28 21:10:39.187 [http-nio-8080-exec-2] INFO  c.z.e.interceptor.UsallyInterceptor - 【请求开始】Method: POST, URI: /api/admin/auth/getAdminInfo, Controller: AdminAuthController.getAdminInfo, IP: 0:0:0:0:0:0:0:1, Params: {}
2026-04-28 21:10:39.193 [http-nio-8080-exec-2] INFO  c.z.e.interceptor.UsallyInterceptor - 【请求结束】Method: POST, URI: /api/admin/auth/getAdminInfo, Controller: AdminAuthController.getAdminInfo, Status: 200, Duration: 6ms
2026-04-28 21:10:40.776 [http-nio-8080-exec-3] DEBUG c.z.e.m.m.a.AdminMapper.selectById - ==>  Preparing: SELECT admin_id,admin_account,admin_username,admin_email,admin_phone,admin_password,admin_image,admin_introduce,admin_state,admin_loginTime,deleted FROM admin_admin WHERE admin_id=? AND deleted=0
2026-04-28 21:10:40.776 [http-nio-8080-exec-3] DEBUG c.z.e.m.m.a.AdminMapper.selectById - ==> Parameters: 1(Integer)
2026-04-28 21:10:40.777 [http-nio-8080-exec-4] DEBUG c.z.e.m.m.a.AdminMapper.selectById - ==>  Preparing: SELECT admin_id,admin_account,admin_username,admin_email,admin_phone,admin_password,admin_image,admin_introduce,admin_state,admin_loginTime,deleted FROM admin_admin WHERE admin_id=? AND deleted=0
2026-04-28 21:10:40.778 [http-nio-8080-exec-4] DEBUG c.z.e.m.m.a.AdminMapper.selectById - ==> Parameters: 1(Integer)
2026-04-28 21:10:40.813 [http-nio-8080-exec-4] DEBUG c.z.e.m.m.a.AdminMapper.selectById - <==      Total: 1
2026-04-28 21:10:40.813 [http-nio-8080-exec-3] DEBUG c.z.e.m.m.a.AdminMapper.selectById - <==      Total: 1
2026-04-28 21:10:40.815 [http-nio-8080-exec-3] DEBUG c.z.e.m.m.a.A.findAdminInfoById - ==>  Preparing: select * from admin_admin left join admin_admin_role on admin_admin.admin_id = admin_admin_role.adminId left join admin_role on admin_admin_role.roleId = admin_role.role_id and admin_role.deleted = 0 left join admin_role_permission on admin_role.role_id = admin_role_permission.roleId left join admin_permission on admin_role_permission.permissionId = admin_permission.permission_id and admin_permission.deleted = 0 where admin_admin.admin_id = ? and admin_admin.deleted = 0
2026-04-28 21:10:40.815 [http-nio-8080-exec-4] DEBUG c.z.e.m.m.a.A.findAdminInfoById - ==>  Preparing: select * from admin_admin left join admin_admin_role on admin_admin.admin_id = admin_admin_role.adminId left join admin_role on admin_admin_role.roleId = admin_role.role_id and admin_role.deleted = 0 left join admin_role_permission on admin_role.role_id = admin_role_permission.roleId left join admin_permission on admin_role_permission.permissionId = admin_permission.permission_id and admin_permission.deleted = 0 where admin_admin.admin_id = ? and admin_admin.deleted = 0
2026-04-28 21:10:40.815 [http-nio-8080-exec-3] DEBUG c.z.e.m.m.a.A.findAdminInfoById - ==> Parameters: 1(Integer)
2026-04-28 21:10:40.815 [http-nio-8080-exec-4] DEBUG c.z.e.m.m.a.A.findAdminInfoById - ==> Parameters: 1(Integer)
2026-04-28 21:10:40.852 [http-nio-8080-exec-4] DEBUG c.z.e.m.m.a.A.findAdminInfoById - <==      Total: 1
2026-04-28 21:10:40.853 [http-nio-8080-exec-3] DEBUG c.z.e.m.m.a.A.findAdminInfoById - <==      Total: 1
2026-04-28 21:10:40.855 [http-nio-8080-exec-3] INFO  c.z.e.interceptor.UsallyInterceptor - 【请求开始】Method: GET, URI: /api/admonitor/admin/announcement/getInfo, Controller: AdMonitorAdminAnnouncementController.getAnnouncementInfo, IP: 0:0:0:0:0:0:0:1, Params: {"_t":"1777381840612"}
2026-04-28 21:10:40.855 [http-nio-8080-exec-4] INFO  c.z.e.interceptor.UsallyInterceptor - 【请求开始】Method: GET, URI: /api/admonitor/admin/advertisement/findAllAdmonitorAdminAdvertisement, Controller: AdmonitorAdminAdvertisementController.findAllAdmonitorAdminAdvertisement, IP: 0:0:0:0:0:0:0:1, Params: {"_t":"1777381840612"}
2026-04-28 21:10:40.903 [http-nio-8080-exec-3] INFO  c.z.e.s.s.S.ServiceLogAspect - 【Service执行】类: AdMonitorAdminAnnouncementServiceImpl, 方法: getAnnouncementInfo, 参数: 无参数
2026-04-28 21:10:40.903 [http-nio-8080-exec-4] INFO  c.z.e.s.s.S.ServiceLogAspect - 【Service执行】类: AdmonitorAdminAdvertisementServiceImpl, 方法: findAllAdmonitorAdminAdvertisement, 参数: 无参数
2026-04-28 21:10:40.956 [http-nio-8080-exec-3] INFO  c.z.e.s.i.a.AdMonitorAdminAnnouncementServiceImpl - 从缓存获取管理员公告信息成功
2026-04-28 21:10:40.956 [http-nio-8080-exec-4] INFO  c.z.e.s.i.a.AdmonitorAdminAdvertisementServiceImpl - 从缓存查询所有广告成功
2026-04-28 21:10:40.962 [http-nio-8080-exec-3] INFO  c.z.e.s.s.S.ServiceLogAspect - 【Service完成】类: AdMonitorAdminAnnouncementServiceImpl, 方法: getAnnouncementInfo, 返回值: {"announcementId":1,"announcementTitle":"管理端公告12","announcementContent":"管理端公告12","announcementUpdatedTime":1766419200000}, 耗时: 53ms
2026-04-28 21:10:40.962 [http-nio-8080-exec-4] INFO  c.z.e.s.s.S.ServiceLogAspect - 【Service完成】类: AdmonitorAdminAdvertisementServiceImpl, 方法: findAllAdmonitorAdminAdvertisement, 返回值: [{"advertisementId":1,"advertisementName":"华为手机1","advertisementUrl":"https://ts2.tc.mm.bing.net/th/id/OIP-C.9hB59eg5ODjsS16R_NMQVAHaFl?cb=ucfimg2&ucfimg=1&rs=1&pid=ImgDetMain&o=7&rm=3","advertisementLink":"https://www.huawei.com/cn/","advertisementStartedTime":1751990400000,"advertisementEndTime":1786464000000}], 耗时: 53ms
2026-04-28 21:10:41.069 [http-nio-8080-exec-4] INFO  c.z.e.interceptor.UsallyInterceptor - 【请求结束】Method: GET, URI: /api/admonitor/admin/advertisement/findAllAdmonitorAdminAdvertisement, Controller: AdmonitorAdminAdvertisementController.findAllAdmonitorAdminAdvertisement, Status: 200, Duration: 215ms
2026-04-28 21:10:41.069 [http-nio-8080-exec-3] INFO  c.z.e.interceptor.UsallyInterceptor - 【请求结束】Method: GET, URI: /api/admonitor/admin/announcement/getInfo, Controller: AdMonitorAdminAnnouncementController.getAnnouncementInfo, Status: 200, Duration: 215ms
2026-04-28 21:11:41.013 [http-nio-8080-exec-6] DEBUG c.z.e.m.m.a.AdminMapper.selectById - ==>  Preparing: SELECT admin_id,admin_account,admin_username,admin_email,admin_phone,admin_password,admin_image,admin_introduce,admin_state,admin_loginTime,deleted FROM admin_admin WHERE admin_id=? AND deleted=0
2026-04-28 21:11:41.013 [http-nio-8080-exec-5] DEBUG c.z.e.m.m.a.AdminMapper.selectById - ==>  Preparing: SELECT admin_id,admin_account,admin_username,admin_email,admin_phone,admin_password,admin_image,admin_introduce,admin_state,admin_loginTime,deleted FROM admin_admin WHERE admin_id=? AND deleted=0
2026-04-28 21:11:41.013 [http-nio-8080-exec-7] DEBUG c.z.e.m.m.a.AdminMapper.selectById - ==>  Preparing: SELECT admin_id,admin_account,admin_username,admin_email,admin_phone,admin_password,admin_image,admin_introduce,admin_state,admin_loginTime,deleted FROM admin_admin WHERE admin_id=? AND deleted=0
2026-04-28 21:11:41.013 [http-nio-8080-exec-6] DEBUG c.z.e.m.m.a.AdminMapper.selectById - ==> Parameters: 1(Integer)
2026-04-28 21:11:41.013 [http-nio-8080-exec-5] DEBUG c.z.e.m.m.a.AdminMapper.selectById - ==> Parameters: 1(Integer)
2026-04-28 21:11:41.013 [http-nio-8080-exec-7] DEBUG c.z.e.m.m.a.AdminMapper.selectById - ==> Parameters: 1(Integer)
2026-04-28 21:11:41.063 [http-nio-8080-exec-5] DEBUG c.z.e.m.m.a.AdminMapper.selectById - <==      Total: 1
2026-04-28 21:11:41.063 [http-nio-8080-exec-6] DEBUG c.z.e.m.m.a.AdminMapper.selectById - <==      Total: 1
2026-04-28 21:11:41.063 [http-nio-8080-exec-7] DEBUG c.z.e.m.m.a.AdminMapper.selectById - <==      Total: 1
2026-04-28 21:11:41.063 [http-nio-8080-exec-7] DEBUG c.z.e.m.m.a.A.findAdminInfoById - ==>  Preparing: select * from admin_admin left join admin_admin_role on admin_admin.admin_id = admin_admin_role.adminId left join admin_role on admin_admin_role.roleId = admin_role.role_id and admin_role.deleted = 0 left join admin_role_permission on admin_role.role_id = admin_role_permission.roleId left join admin_permission on admin_role_permission.permissionId = admin_permission.permission_id and admin_permission.deleted = 0 where admin_admin.admin_id = ? and admin_admin.deleted = 0
2026-04-28 21:11:41.063 [http-nio-8080-exec-6] DEBUG c.z.e.m.m.a.A.findAdminInfoById - ==>  Preparing: select * from admin_admin left join admin_admin_role on admin_admin.admin_id = admin_admin_role.adminId left join admin_role on admin_admin_role.roleId = admin_role.role_id and admin_role.deleted = 0 left join admin_role_permission on admin_role.role_id = admin_role_permission.roleId left join admin_permission on admin_role_permission.permissionId = admin_permission.permission_id and admin_permission.deleted = 0 where admin_admin.admin_id = ? and admin_admin.deleted = 0
2026-04-28 21:11:41.063 [http-nio-8080-exec-5] DEBUG c.z.e.m.m.a.A.findAdminInfoById - ==>  Preparing: select * from admin_admin left join admin_admin_role on admin_admin.admin_id = admin_admin_role.adminId left join admin_role on admin_admin_role.roleId = admin_role.role_id and admin_role.deleted = 0 left join admin_role_permission on admin_role.role_id = admin_role_permission.roleId left join admin_permission on admin_role_permission.permissionId = admin_permission.permission_id and admin_permission.deleted = 0 where admin_admin.admin_id = ? and admin_admin.deleted = 0
2026-04-28 21:11:41.064 [http-nio-8080-exec-7] DEBUG c.z.e.m.m.a.A.findAdminInfoById - ==> Parameters: 1(Integer)
2026-04-28 21:11:41.064 [http-nio-8080-exec-6] DEBUG c.z.e.m.m.a.A.findAdminInfoById - ==> Parameters: 1(Integer)
2026-04-28 21:11:41.064 [http-nio-8080-exec-5] DEBUG c.z.e.m.m.a.A.findAdminInfoById - ==> Parameters: 1(Integer)
2026-04-28 21:11:41.114 [http-nio-8080-exec-7] DEBUG c.z.e.m.m.a.A.findAdminInfoById - <==      Total: 1
2026-04-28 21:11:41.114 [http-nio-8080-exec-5] DEBUG c.z.e.m.m.a.A.findAdminInfoById - <==      Total: 1
2026-04-28 21:11:41.114 [http-nio-8080-exec-6] DEBUG c.z.e.m.m.a.A.findAdminInfoById - <==      Total: 1
2026-04-28 21:11:41.115 [http-nio-8080-exec-7] INFO  c.z.e.interceptor.UsallyInterceptor - 【请求开始】Method: GET, URI: /api/admonitor/admin/advertisement/findAllAdmonitorAdminAdvertisement, Controller: AdmonitorAdminAdvertisementController.findAllAdmonitorAdminAdvertisement, IP: 0:0:0:0:0:0:0:1, Params: {"_t":"1777381900807"}
2026-04-28 21:11:41.115 [http-nio-8080-exec-6] INFO  c.z.e.interceptor.UsallyInterceptor - 【请求开始】Method: POST, URI: /api/admin/auth/getAdminInfo, Controller: AdminAuthController.getAdminInfo, IP: 0:0:0:0:0:0:0:1, Params: {}
2026-04-28 21:11:41.116 [http-nio-8080-exec-5] INFO  c.z.e.interceptor.UsallyInterceptor - 【请求开始】Method: GET, URI: /api/admin/teamIntroduce/getInfo, Controller: AdminTeamIntroduceController.getTeamIntroduceInfo, IP: 0:0:0:0:0:0:0:1, Params: {"_t":"1777381900807"}
2026-04-28 21:11:41.117 [http-nio-8080-exec-6] INFO  c.z.e.interceptor.UsallyInterceptor - 【请求结束】Method: POST, URI: /api/admin/auth/getAdminInfo, Controller: AdminAuthController.getAdminInfo, Status: 200, Duration: 2ms
2026-04-28 21:11:41.152 [http-nio-8080-exec-7] INFO  c.z.e.s.s.S.ServiceLogAspect - 【Service执行】类: AdmonitorAdminAdvertisementServiceImpl, 方法: findAllAdmonitorAdminAdvertisement, 参数: 无参数
2026-04-28 21:11:41.152 [http-nio-8080-exec-5] INFO  c.z.e.s.s.S.ServiceLogAspect - 【Service执行】类: AdminTeamIntroduceServiceImpl, 方法: getTeamIntroduceInfo, 参数: 无参数
2026-04-28 21:11:41.153 [http-nio-8080-exec-5] INFO  c.z.e.s.i.a.AdminTeamIntroduceServiceImpl - 获取团队介绍信息
2026-04-28 21:11:41.155 [http-nio-8080-exec-5] DEBUG c.z.e.m.m.a.A.selectList - ==>  Preparing: SELECT teamIntroduce_id,teamIntroduce_title,teamIntroduce_content,teamIntroduce_updatedTime FROM general_teamIntroduce
2026-04-28 21:11:41.155 [http-nio-8080-exec-5] DEBUG c.z.e.m.m.a.A.selectList - ==> Parameters: 
2026-04-28 21:11:41.192 [http-nio-8080-exec-7] INFO  c.z.e.s.i.a.AdmonitorAdminAdvertisementServiceImpl - 从缓存查询所有广告成功
2026-04-28 21:11:41.193 [http-nio-8080-exec-7] INFO  c.z.e.s.s.S.ServiceLogAspect - 【Service完成】类: AdmonitorAdminAdvertisementServiceImpl, 方法: findAllAdmonitorAdminAdvertisement, 返回值: [{"advertisementId":1,"advertisementName":"华为手机1","advertisementUrl":"https://ts2.tc.mm.bing.net/th/id/OIP-C.9hB59eg5ODjsS16R_NMQVAHaFl?cb=ucfimg2&ucfimg=1&rs=1&pid=ImgDetMain&o=7&rm=3","advertisementLink":"https://www.huawei.com/cn/","advertisementStartedTime":1751990400000,"advertisementEndTime":1786464000000}], 耗时: 40ms
2026-04-28 21:11:41.200 [http-nio-8080-exec-5] DEBUG c.z.e.m.m.a.A.selectList - <==      Total: 1
2026-04-28 21:11:41.205 [http-nio-8080-exec-5] INFO  c.z.e.s.s.S.ServiceLogAspect - 【Service完成】类: AdminTeamIntroduceServiceImpl, 方法: getTeamIntroduceInfo, 返回值: {"teamIntroduceId":1,"teamIntroduceTitle":"团队介绍测试","teamIntroduceContent":"<p data-line=\"0\"><strong>团队介绍测试</strong></p>","teamIntroduceUpdatedTime":1773791992000}, 耗时: 49ms
2026-04-28 21:11:41.271 [http-nio-8080-exec-7] INFO  c.z.e.interceptor.UsallyInterceptor - 【请求结束】Method: GET, URI: /api/admonitor/admin/advertisement/findAllAdmonitorAdminAdvertisement, Controller: AdmonitorAdminAdvertisementController.findAllAdmonitorAdminAdvertisement, Status: 200, Duration: 156ms
2026-04-28 21:11:41.280 [http-nio-8080-exec-5] INFO  c.z.e.interceptor.UsallyInterceptor - 【请求结束】Method: GET, URI: /api/admin/teamIntroduce/getInfo, Controller: AdminTeamIntroduceController.getTeamIntroduceInfo, Status: 200, Duration: 163ms
2026-04-28 21:11:44.331 [http-nio-8080-exec-8] DEBUG c.z.e.m.m.a.AdminMapper.selectById - ==>  Preparing: SELECT admin_id,admin_account,admin_username,admin_email,admin_phone,admin_password,admin_image,admin_introduce,admin_state,admin_loginTime,deleted FROM admin_admin WHERE admin_id=? AND deleted=0
2026-04-28 21:11:44.331 [http-nio-8080-exec-8] DEBUG c.z.e.m.m.a.AdminMapper.selectById - ==> Parameters: 1(Integer)
2026-04-28 21:11:44.382 [http-nio-8080-exec-8] DEBUG c.z.e.m.m.a.AdminMapper.selectById - <==      Total: 1
2026-04-28 21:11:44.382 [http-nio-8080-exec-8] DEBUG c.z.e.m.m.a.A.findAdminInfoById - ==>  Preparing: select * from admin_admin left join admin_admin_role on admin_admin.admin_id = admin_admin_role.adminId left join admin_role on admin_admin_role.roleId = admin_role.role_id and admin_role.deleted = 0 left join admin_role_permission on admin_role.role_id = admin_role_permission.roleId left join admin_permission on admin_role_permission.permissionId = admin_permission.permission_id and admin_permission.deleted = 0 where admin_admin.admin_id = ? and admin_admin.deleted = 0
2026-04-28 21:11:44.382 [http-nio-8080-exec-8] DEBUG c.z.e.m.m.a.A.findAdminInfoById - ==> Parameters: 1(Integer)
2026-04-28 21:11:44.494 [http-nio-8080-exec-8] DEBUG c.z.e.m.m.a.A.findAdminInfoById - <==      Total: 1
2026-04-28 21:11:44.499 [http-nio-8080-exec-8] INFO  c.z.e.interceptor.UsallyInterceptor - 【请求开始】Method: GET, URI: /api/admin/projectIntroduce/getInfo, Controller: AdminProjectIntroduceController.getProjectIntroduceInfo, IP: 0:0:0:0:0:0:0:1, Params: {"_t":"1777381904134"}
2026-04-28 21:11:44.604 [http-nio-8080-exec-8] INFO  c.z.e.s.s.S.ServiceLogAspect - 【Service执行】类: AdminProjectIntroduceServiceImpl, 方法: getProjectIntroduceInfo, 参数: 无参数
2026-04-28 21:11:44.606 [http-nio-8080-exec-8] INFO  c.z.e.s.i.a.AdminProjectIntroduceServiceImpl - 获取项目介绍信息
2026-04-28 21:11:44.606 [http-nio-8080-exec-8] DEBUG c.z.e.m.m.a.A.selectList - ==>  Preparing: SELECT projectIntroduce_id,projectIntroduce_title,projectIntroduce_content,projectIntroduce_updatedTime FROM general_projectIntroduce
2026-04-28 21:11:44.607 [http-nio-8080-exec-8] DEBUG c.z.e.m.m.a.A.selectList - ==> Parameters: 
2026-04-28 21:11:44.717 [http-nio-8080-exec-8] DEBUG c.z.e.m.m.a.A.selectList - <==      Total: 1
2026-04-28 21:11:44.721 [http-nio-8080-exec-8] INFO  c.z.e.s.s.S.ServiceLogAspect - 【Service完成】类: AdminProjectIntroduceServiceImpl, 方法: getProjectIntroduceInfo, 返回值: {"projectIntroduceId":1,"projectIntroduceTitle":"<p>项目介绍测试1</p>","projectIntroduceContent":"<p><strong>项目介绍测试</strong></p>","projectIntroduceUpdatedTime":1773886745000}, 耗时: 116ms
2026-04-28 21:11:44.954 [http-nio-8080-exec-8] INFO  c.z.e.interceptor.UsallyInterceptor - 【请求结束】Method: GET, URI: /api/admin/projectIntroduce/getInfo, Controller: AdminProjectIntroduceController.getProjectIntroduceInfo, Status: 200, Duration: 456ms
2026-04-28 21:46:31.538 [http-nio-8080-exec-9] WARN  c.z.e.utils.jwt.JwtUtil - Token 已过期: eyJhbGciOiJIUzUxMiJ9.eyJ1c2VyVHlwZSI6ImFkbWluIiwidXNlck5hbWUiOiLotoXnuqfnrqHnkIblkZgiLCJ1c2VySWQiOjEsInN1YiI6Iui2hee6p-euoeeQhuWRmCIsImlhdCI6MTc3NzAxNDQzNiwiZXhwIjoxNzc3MDQzMjM2fQ.WJJSxHlvtbuvPFDO64azbkf_-haKooyFrXNmakWfnjz9wV6__HkwQ82y8cJIeeLa9kyhCqmNHfR8gKsSiQv9Zw
2026-04-28 21:46:31.551 [http-nio-8080-exec-9] ERROR c.z.e.filter.AdminJwtAuthFilter - 管理端 Token 验证失败: Token 已过期
2026-04-28 21:46:32.237 [http-nio-8080-exec-10] WARN  c.z.e.utils.jwt.JwtUtil - Token 已过期: eyJhbGciOiJIUzUxMiJ9.eyJ1c2VyVHlwZSI6ImFkbWluIiwidXNlck5hbWUiOiLotoXnuqfnrqHnkIblkZgiLCJ1c2VySWQiOjEsInN1YiI6Iui2hee6p-euoeeQhuWRmCIsImlhdCI6MTc3NzAxNDQzNiwiZXhwIjoxNzc3MDQzMjM2fQ.WJJSxHlvtbuvPFDO64azbkf_-haKooyFrXNmakWfnjz9wV6__HkwQ82y8cJIeeLa9kyhCqmNHfR8gKsSiQv9Zw
2026-04-28 21:46:32.237 [http-nio-8080-exec-10] ERROR c.z.e.filter.AdminJwtAuthFilter - 管理端 Token 验证失败: Token 已过期
2026-04-28 21:46:32.237 [http-nio-8080-exec-1] WARN  c.z.e.utils.jwt.JwtUtil - Token 已过期: eyJhbGciOiJIUzUxMiJ9.eyJ1c2VyVHlwZSI6ImFkbWluIiwidXNlck5hbWUiOiLotoXnuqfnrqHnkIblkZgiLCJ1c2VySWQiOjEsInN1YiI6Iui2hee6p-euoeeQhuWRmCIsImlhdCI6MTc3NzAxNDQzNiwiZXhwIjoxNzc3MDQzMjM2fQ.WJJSxHlvtbuvPFDO64azbkf_-haKooyFrXNmakWfnjz9wV6__HkwQ82y8cJIeeLa9kyhCqmNHfR8gKsSiQv9Zw
2026-04-28 21:46:32.237 [http-nio-8080-exec-1] ERROR c.z.e.filter.AdminJwtAuthFilter - 管理端 Token 验证失败: Token 已过期
2026-04-28 21:46:32.243 [http-nio-8080-exec-2] WARN  c.z.e.utils.jwt.JwtUtil - Token 已过期: eyJhbGciOiJIUzUxMiJ9.eyJ1c2VyVHlwZSI6ImFkbWluIiwidXNlck5hbWUiOiLotoXnuqfnrqHnkIblkZgiLCJ1c2VySWQiOjEsInN1YiI6Iui2hee6p-euoeeQhuWRmCIsImlhdCI6MTc3NzAxNDQzNiwiZXhwIjoxNzc3MDQzMjM2fQ.WJJSxHlvtbuvPFDO64azbkf_-haKooyFrXNmakWfnjz9wV6__HkwQ82y8cJIeeLa9kyhCqmNHfR8gKsSiQv9Zw
2026-04-28 21:46:32.243 [http-nio-8080-exec-2] ERROR c.z.e.filter.AdminJwtAuthFilter - 管理端 Token 验证失败: Token 已过期
2026-04-28 21:57:47.465 [http-nio-8080-exec-4] INFO  c.z.e.interceptor.UsallyInterceptor - 【请求开始】Method: POST, URI: /api/admin/auth/formalLogin, Controller: AdminAuthController.formalLogin, IP: 0:0:0:0:0:0:0:1, Params: {}
2026-04-28 21:57:47.633 [http-nio-8080-exec-4] INFO  c.z.e.s.s.S.ServiceLogAspect - 【Service执行】类: AdminAuthServiceImpl, 方法: formalLogin, 参数: [{"accountOrPhoneOrEmail":"18242991090","password":"zyh0.123"}]
2026-04-28 21:57:47.655 [http-nio-8080-exec-4] DEBUG c.z.e.m.m.a.A.findByAccountOrPhoneOrEmail - ==>  Preparing: select * from admin_admin where deleted = 0 and ( admin_account = ? or admin_phone = ? or admin_email = ? )
2026-04-28 21:57:47.667 [http-nio-8080-exec-4] DEBUG c.z.e.m.m.a.A.findByAccountOrPhoneOrEmail - ==> Parameters: 18242991090(String), 18242991090(String), 18242991090(String)
2026-04-28 21:57:47.717 [http-nio-8080-exec-4] DEBUG c.z.e.m.m.a.A.findByAccountOrPhoneOrEmail - <==      Total: 1
2026-04-28 21:57:47.805 [http-nio-8080-exec-4] DEBUG c.z.e.m.m.a.AdminMapper.updateById - ==>  Preparing: UPDATE admin_admin SET admin_account=?, admin_username=?, admin_email=?, admin_phone=?, admin_password=?, admin_image=?, admin_introduce=?, admin_state=?, admin_loginTime=? WHERE admin_id=? AND deleted=0
2026-04-28 21:57:47.807 [http-nio-8080-exec-4] DEBUG c.z.e.m.m.a.AdminMapper.updateById - ==> Parameters: 1812463057(String), 超级管理员(String), 1812463057@qq.com(String), 18242991090(String), $2a$10$Wz8s6hYf0UGOCCZ6Ff5QW.QgfqIQSJijiFXIqqplg3eGqw3HNxSeu(String), https://ts1.tc.mm.bing.net/th/id/R-C.928ef8908b5eb3666b2a27a1f6cfbe17?rik=h2FXLv1HNaxbTg&riu=http%3a%2f%2fp0.so.qhmsg.com%2ft018b5eb3666b2a27a1.jpg&ehk=QnGPPvZKq3cPW6%2bdkG%2b3zIRvAGXRsgYVTirfbvOBTaU%3d&risl=&pid=ImgRaw&r=0(String), 至高无上的超级管理员(String), 1(Integer), 2026-04-28 21:57:47.79(Timestamp), 1(Integer)
2026-04-28 21:57:47.954 [http-nio-8080-exec-4] DEBUG c.z.e.m.m.a.AdminMapper.updateById - <==    Updates: 1
2026-04-28 21:57:48.076 [http-nio-8080-exec-4] INFO  c.z.e.s.s.S.ServiceLogAspect - 【Service完成】类: AdminAuthServiceImpl, 方法: formalLogin, 返回值: eyJhbGciOiJIUzUxMiJ9.eyJ1c2VyVHlwZSI6ImFkbWluIiwidXNlck5hbWUiOiLotoXnuqfnrqHnkIblkZgiLCJ1c2VySWQiOjEsInN1YiI6Iui2hee6p-euoeeQhuWRmCIsImlhdCI6MTc3NzM4NDY2NywiZXhwIjoxNzc3NDEzNDY3fQ.VdFM8P1HgIr0CbR4yDaCr6LOCCDtHegDCi74FrGvaFvxPmKXm-oaArOCXsfL-HQUThls2uNsvqWSgnsEfbRp7w, 耗时: 442ms
2026-04-28 21:57:48.193 [http-nio-8080-exec-4] INFO  c.z.e.interceptor.UsallyInterceptor - 【请求结束】Method: POST, URI: /api/admin/auth/formalLogin, Controller: AdminAuthController.formalLogin, Status: 200, Duration: 731ms
2026-04-28 21:57:48.298 [http-nio-8080-exec-3] DEBUG c.z.e.m.m.a.AdminMapper.selectById - ==>  Preparing: SELECT admin_id,admin_account,admin_username,admin_email,admin_phone,admin_password,admin_image,admin_introduce,admin_state,admin_loginTime,deleted FROM admin_admin WHERE admin_id=? AND deleted=0
2026-04-28 21:57:48.300 [http-nio-8080-exec-3] DEBUG c.z.e.m.m.a.AdminMapper.selectById - ==> Parameters: 1(Integer)
2026-04-28 21:57:48.343 [http-nio-8080-exec-3] DEBUG c.z.e.m.m.a.AdminMapper.selectById - <==      Total: 1
2026-04-28 21:57:48.346 [http-nio-8080-exec-3] DEBUG c.z.e.m.m.a.A.findAdminInfoById - ==>  Preparing: select * from admin_admin left join admin_admin_role on admin_admin.admin_id = admin_admin_role.adminId left join admin_role on admin_admin_role.roleId = admin_role.role_id and admin_role.deleted = 0 left join admin_role_permission on admin_role.role_id = admin_role_permission.roleId left join admin_permission on admin_role_permission.permissionId = admin_permission.permission_id and admin_permission.deleted = 0 where admin_admin.admin_id = ? and admin_admin.deleted = 0
2026-04-28 21:57:48.347 [http-nio-8080-exec-3] DEBUG c.z.e.m.m.a.A.findAdminInfoById - ==> Parameters: 1(Integer)
2026-04-28 21:57:48.413 [http-nio-8080-exec-3] DEBUG c.z.e.m.m.a.A.findAdminInfoById - <==      Total: 1
2026-04-28 21:57:48.417 [http-nio-8080-exec-3] INFO  c.z.e.interceptor.UsallyInterceptor - 【请求开始】Method: POST, URI: /api/admin/auth/getAdminInfo, Controller: AdminAuthController.getAdminInfo, IP: 0:0:0:0:0:0:0:1, Params: {}
2026-04-28 21:57:48.420 [http-nio-8080-exec-3] INFO  c.z.e.interceptor.UsallyInterceptor - 【请求结束】Method: POST, URI: /api/admin/auth/getAdminInfo, Controller: AdminAuthController.getAdminInfo, Status: 200, Duration: 3ms
2026-04-28 21:57:48.860 [http-nio-8080-exec-6] DEBUG c.z.e.m.m.a.AdminMapper.selectById - ==>  Preparing: SELECT admin_id,admin_account,admin_username,admin_email,admin_phone,admin_password,admin_image,admin_introduce,admin_state,admin_loginTime,deleted FROM admin_admin WHERE admin_id=? AND deleted=0
2026-04-28 21:57:48.860 [http-nio-8080-exec-6] DEBUG c.z.e.m.m.a.AdminMapper.selectById - ==> Parameters: 1(Integer)
2026-04-28 21:57:48.915 [http-nio-8080-exec-7] DEBUG c.z.e.m.m.a.AdminMapper.selectById - ==>  Preparing: SELECT admin_id,admin_account,admin_username,admin_email,admin_phone,admin_password,admin_image,admin_introduce,admin_state,admin_loginTime,deleted FROM admin_admin WHERE admin_id=? AND deleted=0
2026-04-28 21:57:48.916 [http-nio-8080-exec-7] DEBUG c.z.e.m.m.a.AdminMapper.selectById - ==> Parameters: 1(Integer)
2026-04-28 21:57:48.916 [http-nio-8080-exec-6] DEBUG c.z.e.m.m.a.AdminMapper.selectById - <==      Total: 1
2026-04-28 21:57:48.917 [http-nio-8080-exec-6] DEBUG c.z.e.m.m.a.A.findAdminInfoById - ==>  Preparing: select * from admin_admin left join admin_admin_role on admin_admin.admin_id = admin_admin_role.adminId left join admin_role on admin_admin_role.roleId = admin_role.role_id and admin_role.deleted = 0 left join admin_role_permission on admin_role.role_id = admin_role_permission.roleId left join admin_permission on admin_role_permission.permissionId = admin_permission.permission_id and admin_permission.deleted = 0 where admin_admin.admin_id = ? and admin_admin.deleted = 0
2026-04-28 21:57:48.918 [http-nio-8080-exec-6] DEBUG c.z.e.m.m.a.A.findAdminInfoById - ==> Parameters: 1(Integer)
2026-04-28 21:57:48.978 [http-nio-8080-exec-7] DEBUG c.z.e.m.m.a.AdminMapper.selectById - <==      Total: 1
2026-04-28 21:57:48.979 [http-nio-8080-exec-6] DEBUG c.z.e.m.m.a.A.findAdminInfoById - <==      Total: 1
2026-04-28 21:57:48.981 [http-nio-8080-exec-7] DEBUG c.z.e.m.m.a.A.findAdminInfoById - ==>  Preparing: select * from admin_admin left join admin_admin_role on admin_admin.admin_id = admin_admin_role.adminId left join admin_role on admin_admin_role.roleId = admin_role.role_id and admin_role.deleted = 0 left join admin_role_permission on admin_role.role_id = admin_role_permission.roleId left join admin_permission on admin_role_permission.permissionId = admin_permission.permission_id and admin_permission.deleted = 0 where admin_admin.admin_id = ? and admin_admin.deleted = 0
2026-04-28 21:57:48.981 [http-nio-8080-exec-7] DEBUG c.z.e.m.m.a.A.findAdminInfoById - ==> Parameters: 1(Integer)
2026-04-28 21:57:48.981 [http-nio-8080-exec-6] INFO  c.z.e.interceptor.UsallyInterceptor - 【请求开始】Method: GET, URI: /api/admonitor/admin/announcement/getInfo, Controller: AdMonitorAdminAnnouncementController.getAnnouncementInfo, IP: 0:0:0:0:0:0:0:1, Params: {"_t":"1777384668721"}
2026-04-28 21:57:49.085 [http-nio-8080-exec-6] INFO  c.z.e.s.s.S.ServiceLogAspect - 【Service执行】类: AdMonitorAdminAnnouncementServiceImpl, 方法: getAnnouncementInfo, 参数: 无参数
2026-04-28 21:57:49.085 [http-nio-8080-exec-7] DEBUG c.z.e.m.m.a.A.findAdminInfoById - <==      Total: 1
2026-04-28 21:57:49.087 [http-nio-8080-exec-7] INFO  c.z.e.interceptor.UsallyInterceptor - 【请求开始】Method: GET, URI: /api/admonitor/admin/advertisement/findAllAdmonitorAdminAdvertisement, Controller: AdmonitorAdminAdvertisementController.findAllAdmonitorAdminAdvertisement, IP: 0:0:0:0:0:0:0:1, Params: {"_t":"1777384668721"}
2026-04-28 21:57:49.133 [http-nio-8080-exec-7] INFO  c.z.e.s.s.S.ServiceLogAspect - 【Service执行】类: AdmonitorAdminAdvertisementServiceImpl, 方法: findAllAdmonitorAdminAdvertisement, 参数: 无参数
2026-04-28 21:57:49.141 [http-nio-8080-exec-6] INFO  c.z.e.s.i.a.AdMonitorAdminAnnouncementServiceImpl - 从缓存获取管理员公告信息成功
2026-04-28 21:57:49.142 [http-nio-8080-exec-6] INFO  c.z.e.s.s.S.ServiceLogAspect - 【Service完成】类: AdMonitorAdminAnnouncementServiceImpl, 方法: getAnnouncementInfo, 返回值: {"announcementId":1,"announcementTitle":"管理端公告12","announcementContent":"管理端公告12","announcementUpdatedTime":1766419200000}, 耗时: 56ms
2026-04-28 21:57:49.205 [http-nio-8080-exec-7] INFO  c.z.e.s.i.a.AdmonitorAdminAdvertisementServiceImpl - 从缓存查询所有广告成功
2026-04-28 21:57:49.206 [http-nio-8080-exec-7] INFO  c.z.e.s.s.S.ServiceLogAspect - 【Service完成】类: AdmonitorAdminAdvertisementServiceImpl, 方法: findAllAdmonitorAdminAdvertisement, 返回值: [{"advertisementId":1,"advertisementName":"华为手机1","advertisementUrl":"https://ts2.tc.mm.bing.net/th/id/OIP-C.9hB59eg5ODjsS16R_NMQVAHaFl?cb=ucfimg2&ucfimg=1&rs=1&pid=ImgDetMain&o=7&rm=3","advertisementLink":"https://www.huawei.com/cn/","advertisementStartedTime":1751990400000,"advertisementEndTime":1786464000000}], 耗时: 72ms
2026-04-28 21:57:49.261 [http-nio-8080-exec-6] INFO  c.z.e.interceptor.UsallyInterceptor - 【请求结束】Method: GET, URI: /api/admonitor/admin/announcement/getInfo, Controller: AdMonitorAdminAnnouncementController.getAnnouncementInfo, Status: 200, Duration: 280ms
2026-04-28 21:57:49.308 [http-nio-8080-exec-7] INFO  c.z.e.interceptor.UsallyInterceptor - 【请求结束】Method: GET, URI: /api/admonitor/admin/advertisement/findAllAdmonitorAdminAdvertisement, Controller: AdmonitorAdminAdvertisementController.findAllAdmonitorAdminAdvertisement, Status: 200, Duration: 221ms
2026-04-28 21:58:07.154 [http-nio-8080-exec-5] DEBUG c.z.e.m.m.a.AdminMapper.selectById - ==>  Preparing: SELECT admin_id,admin_account,admin_username,admin_email,admin_phone,admin_password,admin_image,admin_introduce,admin_state,admin_loginTime,deleted FROM admin_admin WHERE admin_id=? AND deleted=0
2026-04-28 21:58:07.155 [http-nio-8080-exec-8] DEBUG c.z.e.m.m.a.AdminMapper.selectById - ==>  Preparing: SELECT admin_id,admin_account,admin_username,admin_email,admin_phone,admin_password,admin_image,admin_introduce,admin_state,admin_loginTime,deleted FROM admin_admin WHERE admin_id=? AND deleted=0
2026-04-28 21:58:07.155 [http-nio-8080-exec-5] DEBUG c.z.e.m.m.a.AdminMapper.selectById - ==> Parameters: 1(Integer)
2026-04-28 21:58:07.155 [http-nio-8080-exec-8] DEBUG c.z.e.m.m.a.AdminMapper.selectById - ==> Parameters: 1(Integer)
2026-04-28 21:58:07.221 [http-nio-8080-exec-5] DEBUG c.z.e.m.m.a.AdminMapper.selectById - <==      Total: 1
2026-04-28 21:58:07.221 [http-nio-8080-exec-8] DEBUG c.z.e.m.m.a.AdminMapper.selectById - <==      Total: 1
2026-04-28 21:58:07.222 [http-nio-8080-exec-8] DEBUG c.z.e.m.m.a.A.findAdminInfoById - ==>  Preparing: select * from admin_admin left join admin_admin_role on admin_admin.admin_id = admin_admin_role.adminId left join admin_role on admin_admin_role.roleId = admin_role.role_id and admin_role.deleted = 0 left join admin_role_permission on admin_role.role_id = admin_role_permission.roleId left join admin_permission on admin_role_permission.permissionId = admin_permission.permission_id and admin_permission.deleted = 0 where admin_admin.admin_id = ? and admin_admin.deleted = 0
2026-04-28 21:58:07.222 [http-nio-8080-exec-5] DEBUG c.z.e.m.m.a.A.findAdminInfoById - ==>  Preparing: select * from admin_admin left join admin_admin_role on admin_admin.admin_id = admin_admin_role.adminId left join admin_role on admin_admin_role.roleId = admin_role.role_id and admin_role.deleted = 0 left join admin_role_permission on admin_role.role_id = admin_role_permission.roleId left join admin_permission on admin_role_permission.permissionId = admin_permission.permission_id and admin_permission.deleted = 0 where admin_admin.admin_id = ? and admin_admin.deleted = 0
2026-04-28 21:58:07.222 [http-nio-8080-exec-8] DEBUG c.z.e.m.m.a.A.findAdminInfoById - ==> Parameters: 1(Integer)
2026-04-28 21:58:07.222 [http-nio-8080-exec-5] DEBUG c.z.e.m.m.a.A.findAdminInfoById - ==> Parameters: 1(Integer)
2026-04-28 21:58:07.285 [http-nio-8080-exec-5] DEBUG c.z.e.m.m.a.A.findAdminInfoById - <==      Total: 1
2026-04-28 21:58:07.286 [http-nio-8080-exec-8] DEBUG c.z.e.m.m.a.A.findAdminInfoById - <==      Total: 1
2026-04-28 21:58:07.290 [http-nio-8080-exec-5] INFO  c.z.e.interceptor.UsallyInterceptor - 【请求开始】Method: GET, URI: /api/admonitor/admin/advertisement/findAllAdmonitorAdminAdvertisement, Controller: AdmonitorAdminAdvertisementController.findAllAdmonitorAdminAdvertisement, IP: 0:0:0:0:0:0:0:1, Params: {"_t":"1777384686876"}
2026-04-28 21:58:07.292 [http-nio-8080-exec-8] INFO  c.z.e.interceptor.UsallyInterceptor - 【请求开始】Method: POST, URI: /api/admin/auth/getAdminInfo, Controller: AdminAuthController.getAdminInfo, IP: 0:0:0:0:0:0:0:1, Params: {}
2026-04-28 21:58:07.300 [http-nio-8080-exec-8] INFO  c.z.e.interceptor.UsallyInterceptor - 【请求结束】Method: POST, URI: /api/admin/auth/getAdminInfo, Controller: AdminAuthController.getAdminInfo, Status: 200, Duration: 6ms
2026-04-28 21:58:07.443 [http-nio-8080-exec-5] INFO  c.z.e.s.s.S.ServiceLogAspect - 【Service执行】类: AdmonitorAdminAdvertisementServiceImpl, 方法: findAllAdmonitorAdminAdvertisement, 参数: 无参数
2026-04-28 21:58:07.498 [http-nio-8080-exec-5] INFO  c.z.e.s.i.a.AdmonitorAdminAdvertisementServiceImpl - 从缓存查询所有广告成功
2026-04-28 21:58:07.498 [http-nio-8080-exec-5] INFO  c.z.e.s.s.S.ServiceLogAspect - 【Service完成】类: AdmonitorAdminAdvertisementServiceImpl, 方法: findAllAdmonitorAdminAdvertisement, 返回值: [{"advertisementId":1,"advertisementName":"华为手机1","advertisementUrl":"https://ts2.tc.mm.bing.net/th/id/OIP-C.9hB59eg5ODjsS16R_NMQVAHaFl?cb=ucfimg2&ucfimg=1&rs=1&pid=ImgDetMain&o=7&rm=3","advertisementLink":"https://www.huawei.com/cn/","advertisementStartedTime":1751990400000,"advertisementEndTime":1786464000000}], 耗时: 55ms
2026-04-28 21:58:07.580 [http-nio-8080-exec-5] INFO  c.z.e.interceptor.UsallyInterceptor - 【请求结束】Method: GET, URI: /api/admonitor/admin/advertisement/findAllAdmonitorAdminAdvertisement, Controller: AdmonitorAdminAdvertisementController.findAllAdmonitorAdminAdvertisement, Status: 200, Duration: 291ms
2026-04-28 21:58:09.334 [http-nio-8080-exec-9] DEBUG c.z.e.m.m.a.AdminMapper.selectById - ==>  Preparing: SELECT admin_id,admin_account,admin_username,admin_email,admin_phone,admin_password,admin_image,admin_introduce,admin_state,admin_loginTime,deleted FROM admin_admin WHERE admin_id=? AND deleted=0
2026-04-28 21:58:09.335 [http-nio-8080-exec-10] DEBUG c.z.e.m.m.a.AdminMapper.selectById - ==>  Preparing: SELECT admin_id,admin_account,admin_username,admin_email,admin_phone,admin_password,admin_image,admin_introduce,admin_state,admin_loginTime,deleted FROM admin_admin WHERE admin_id=? AND deleted=0
2026-04-28 21:58:09.335 [http-nio-8080-exec-9] DEBUG c.z.e.m.m.a.AdminMapper.selectById - ==> Parameters: 1(Integer)
2026-04-28 21:58:09.335 [http-nio-8080-exec-10] DEBUG c.z.e.m.m.a.AdminMapper.selectById - ==> Parameters: 1(Integer)
2026-04-28 21:58:09.452 [http-nio-8080-exec-10] DEBUG c.z.e.m.m.a.AdminMapper.selectById - <==      Total: 1
2026-04-28 21:58:09.456 [http-nio-8080-exec-10] DEBUG c.z.e.m.m.a.A.findAdminInfoById - ==>  Preparing: select * from admin_admin left join admin_admin_role on admin_admin.admin_id = admin_admin_role.adminId left join admin_role on admin_admin_role.roleId = admin_role.role_id and admin_role.deleted = 0 left join admin_role_permission on admin_role.role_id = admin_role_permission.roleId left join admin_permission on admin_role_permission.permissionId = admin_permission.permission_id and admin_permission.deleted = 0 where admin_admin.admin_id = ? and admin_admin.deleted = 0
2026-04-28 21:58:09.456 [http-nio-8080-exec-10] DEBUG c.z.e.m.m.a.A.findAdminInfoById - ==> Parameters: 1(Integer)
2026-04-28 21:58:09.484 [http-nio-8080-exec-9] DEBUG c.z.e.m.m.a.AdminMapper.selectById - <==      Total: 1
2026-04-28 21:58:09.484 [http-nio-8080-exec-9] DEBUG c.z.e.m.m.a.A.findAdminInfoById - ==>  Preparing: select * from admin_admin left join admin_admin_role on admin_admin.admin_id = admin_admin_role.adminId left join admin_role on admin_admin_role.roleId = admin_role.role_id and admin_role.deleted = 0 left join admin_role_permission on admin_role.role_id = admin_role_permission.roleId left join admin_permission on admin_role_permission.permissionId = admin_permission.permission_id and admin_permission.deleted = 0 where admin_admin.admin_id = ? and admin_admin.deleted = 0
2026-04-28 21:58:09.485 [http-nio-8080-exec-9] DEBUG c.z.e.m.m.a.A.findAdminInfoById - ==> Parameters: 1(Integer)
2026-04-28 21:58:09.492 [http-nio-8080-exec-10] DEBUG c.z.e.m.m.a.A.findAdminInfoById - <==      Total: 1
2026-04-28 21:58:09.496 [http-nio-8080-exec-10] INFO  c.z.e.interceptor.UsallyInterceptor - 【请求开始】Method: GET, URI: /api/admin/industryMap/findAllIndustryMap, Controller: AdminIndustryMapController.findAllIndustryMap, IP: 0:0:0:0:0:0:0:1, Params: {"_t":"1777384689175"}
2026-04-28 21:58:09.523 [http-nio-8080-exec-9] DEBUG c.z.e.m.m.a.A.findAdminInfoById - <==      Total: 1
2026-04-28 21:58:09.526 [http-nio-8080-exec-9] INFO  c.z.e.interceptor.UsallyInterceptor - 【请求开始】Method: POST, URI: /api/admin/recruitPosition/queryRecruitPositionPage, Controller: AdminRecruitPositionController.queryRecruitPositionPage, IP: 0:0:0:0:0:0:0:1, Params: {"pageSize":"10","pageNum":"1"}
2026-04-28 21:58:09.573 [http-nio-8080-exec-10] INFO  c.z.e.s.s.S.ServiceLogAspect - 【Service执行】类: IndustryMapServiceImpl, 方法: findAllIndustryMap, 参数: 无参数
2026-04-28 21:58:09.676 [http-nio-8080-exec-10] INFO  c.z.e.s.s.S.ServiceLogAspect - 【Service完成】类: IndustryMapServiceImpl, 方法: findAllIndustryMap, 返回值: [{"industryMapIndustryCode":1,"industryMapIndustryName":"暂未明确","createdTime":1767024000000,"updatedTime":1767024000000},{"industryMapIndustryCode":2,"industryMapIndustryName":"金融","createdTime":1765555200000,"updatedTime":1765555200000},{"industryMapIndustryCode":3,"industryMapIndustryName":"互联网","createdTime":1765555200000,"updatedTime":1765555200000}], 耗时: 92ms
2026-04-28 21:58:09.814 [http-nio-8080-exec-9] INFO  c.z.e.s.s.S.ServiceLogAspect - 【Service执行】类: RecruitPositionServiceImpl, 方法: queryRecruitPositionPage, 参数: [1,10,{"recruitPositionName":""}]
2026-04-28 21:58:09.856 [http-nio-8080-exec-10] INFO  c.z.e.interceptor.UsallyInterceptor - 【请求结束】Method: GET, URI: /api/admin/industryMap/findAllIndustryMap, Controller: AdminIndustryMapController.findAllIndustryMap, Status: 200, Duration: 362ms
2026-04-28 21:58:10.056 [http-nio-8080-exec-9] INFO  c.z.e.s.s.S.ServiceLogAspect - 【Service完成】类: RecruitPositionServiceImpl, 方法: queryRecruitPositionPage, 返回值: {"records":[{"recruitPositionId":1,"recruitPositionName":"暂未明确","createdTime":1767024000000,"updatedTime":1767024000000,"recruitPositionIndustryCode":1,"recruitPositionIndustryName":"暂未明确","minMonthSalary":0.01,"maxMonthSalary":0.01,"weekWorkDayNum":1,"goodWelfare":"暂未明确"},{"recruitPositionId":2,"recruitPositionName":"java开发工程师","createdTime":1765555200000,"updatedTime":1765555200000,"recruitPositionIndustryCode":3,"recruitPositionIndustryName":"互联网","minMonthSalary":2000,"maxMonthSalary":10000,"weekWorkDayNum":6,"goodWelfare":"五险一金"}],"total":2,"size":10,"current":1}, 耗时: 220ms
2026-04-28 21:58:10.320 [http-nio-8080-exec-9] INFO  c.z.e.interceptor.UsallyInterceptor - 【请求结束】Method: POST, URI: /api/admin/recruitPosition/queryRecruitPositionPage, Controller: AdminRecruitPositionController.queryRecruitPositionPage, Status: 200, Duration: 795ms
2026-04-28 21:58:12.446 [http-nio-8080-exec-1] DEBUG c.z.e.m.m.a.AdminMapper.selectById - ==>  Preparing: SELECT admin_id,admin_account,admin_username,admin_email,admin_phone,admin_password,admin_image,admin_introduce,admin_state,admin_loginTime,deleted FROM admin_admin WHERE admin_id=? AND deleted=0
2026-04-28 21:58:12.447 [http-nio-8080-exec-1] DEBUG c.z.e.m.m.a.AdminMapper.selectById - ==> Parameters: 1(Integer)
2026-04-28 21:58:12.484 [http-nio-8080-exec-1] DEBUG c.z.e.m.m.a.AdminMapper.selectById - <==      Total: 1
2026-04-28 21:58:12.485 [http-nio-8080-exec-1] DEBUG c.z.e.m.m.a.A.findAdminInfoById - ==>  Preparing: select * from admin_admin left join admin_admin_role on admin_admin.admin_id = admin_admin_role.adminId left join admin_role on admin_admin_role.roleId = admin_role.role_id and admin_role.deleted = 0 left join admin_role_permission on admin_role.role_id = admin_role_permission.roleId left join admin_permission on admin_role_permission.permissionId = admin_permission.permission_id and admin_permission.deleted = 0 where admin_admin.admin_id = ? and admin_admin.deleted = 0
2026-04-28 21:58:12.485 [http-nio-8080-exec-1] DEBUG c.z.e.m.m.a.A.findAdminInfoById - ==> Parameters: 1(Integer)
2026-04-28 21:58:12.525 [http-nio-8080-exec-1] DEBUG c.z.e.m.m.a.A.findAdminInfoById - <==      Total: 1
2026-04-28 21:58:12.529 [http-nio-8080-exec-1] INFO  c.z.e.interceptor.UsallyInterceptor - 【请求开始】Method: GET, URI: /api/admin/recruitPosition/queryRecruitPosition, Controller: AdminRecruitPositionController.queryRecruitPosition, IP: 0:0:0:0:0:0:0:1, Params: {"_t":"1777384692360","params[recruitPositionId]":"1"}
2026-04-28 21:58:12.649 [http-nio-8080-exec-1] INFO  c.z.e.interceptor.UsallyInterceptor - 【请求结束】Method: GET, URI: /api/admin/recruitPosition/queryRecruitPosition, Controller: AdminRecruitPositionController.queryRecruitPosition, Status: 200, Duration: 119ms
2026-04-28 21:58:13.574 [http-nio-8080-exec-2] DEBUG c.z.e.m.m.a.AdminMapper.selectById - ==>  Preparing: SELECT admin_id,admin_account,admin_username,admin_email,admin_phone,admin_password,admin_image,admin_introduce,admin_state,admin_loginTime,deleted FROM admin_admin WHERE admin_id=? AND deleted=0
2026-04-28 21:58:13.575 [http-nio-8080-exec-2] DEBUG c.z.e.m.m.a.AdminMapper.selectById - ==> Parameters: 1(Integer)
2026-04-28 21:58:13.641 [http-nio-8080-exec-2] DEBUG c.z.e.m.m.a.AdminMapper.selectById - <==      Total: 1
2026-04-28 21:58:13.641 [http-nio-8080-exec-2] DEBUG c.z.e.m.m.a.A.findAdminInfoById - ==>  Preparing: select * from admin_admin left join admin_admin_role on admin_admin.admin_id = admin_admin_role.adminId left join admin_role on admin_admin_role.roleId = admin_role.role_id and admin_role.deleted = 0 left join admin_role_permission on admin_role.role_id = admin_role_permission.roleId left join admin_permission on admin_role_permission.permissionId = admin_permission.permission_id and admin_permission.deleted = 0 where admin_admin.admin_id = ? and admin_admin.deleted = 0
2026-04-28 21:58:13.642 [http-nio-8080-exec-2] DEBUG c.z.e.m.m.a.A.findAdminInfoById - ==> Parameters: 1(Integer)
2026-04-28 21:58:13.720 [http-nio-8080-exec-2] DEBUG c.z.e.m.m.a.A.findAdminInfoById - <==      Total: 1
2026-04-28 21:58:13.722 [http-nio-8080-exec-2] INFO  c.z.e.interceptor.UsallyInterceptor - 【请求开始】Method: GET, URI: /api/admin/recruitPosition/queryRecruitPosition, Controller: AdminRecruitPositionController.queryRecruitPosition, IP: 0:0:0:0:0:0:0:1, Params: {"_t":"1777384693357","params[recruitPositionId]":"1"}
2026-04-28 21:58:13.771 [http-nio-8080-exec-2] INFO  c.z.e.interceptor.UsallyInterceptor - 【请求结束】Method: GET, URI: /api/admin/recruitPosition/queryRecruitPosition, Controller: AdminRecruitPositionController.queryRecruitPosition, Status: 200, Duration: 49ms
2026-04-28 21:58:40.065 [http-nio-8080-exec-7] DEBUG c.z.e.m.m.a.AdminMapper.selectById - ==>  Preparing: SELECT admin_id,admin_account,admin_username,admin_email,admin_phone,admin_password,admin_image,admin_introduce,admin_state,admin_loginTime,deleted FROM admin_admin WHERE admin_id=? AND deleted=0
2026-04-28 21:58:40.065 [http-nio-8080-exec-7] DEBUG c.z.e.m.m.a.AdminMapper.selectById - ==> Parameters: 1(Integer)
2026-04-28 21:58:40.068 [http-nio-8080-exec-4] DEBUG c.z.e.m.m.a.AdminMapper.selectById - ==>  Preparing: SELECT admin_id,admin_account,admin_username,admin_email,admin_phone,admin_password,admin_image,admin_introduce,admin_state,admin_loginTime,deleted FROM admin_admin WHERE admin_id=? AND deleted=0
2026-04-28 21:58:40.068 [http-nio-8080-exec-6] DEBUG c.z.e.m.m.a.AdminMapper.selectById - ==>  Preparing: SELECT admin_id,admin_account,admin_username,admin_email,admin_phone,admin_password,admin_image,admin_introduce,admin_state,admin_loginTime,deleted FROM admin_admin WHERE admin_id=? AND deleted=0
2026-04-28 21:58:40.068 [http-nio-8080-exec-6] DEBUG c.z.e.m.m.a.AdminMapper.selectById - ==> Parameters: 1(Integer)
2026-04-28 21:58:40.068 [http-nio-8080-exec-4] DEBUG c.z.e.m.m.a.AdminMapper.selectById - ==> Parameters: 1(Integer)
2026-04-28 21:58:40.069 [http-nio-8080-exec-3] DEBUG c.z.e.m.m.a.AdminMapper.selectById - ==>  Preparing: SELECT admin_id,admin_account,admin_username,admin_email,admin_phone,admin_password,admin_image,admin_introduce,admin_state,admin_loginTime,deleted FROM admin_admin WHERE admin_id=? AND deleted=0
2026-04-28 21:58:40.070 [http-nio-8080-exec-3] DEBUG c.z.e.m.m.a.AdminMapper.selectById - ==> Parameters: 1(Integer)
2026-04-28 21:58:40.099 [http-nio-8080-exec-7] DEBUG c.z.e.m.m.a.AdminMapper.selectById - <==      Total: 1
2026-04-28 21:58:40.100 [http-nio-8080-exec-7] DEBUG c.z.e.m.m.a.A.findAdminInfoById - ==>  Preparing: select * from admin_admin left join admin_admin_role on admin_admin.admin_id = admin_admin_role.adminId left join admin_role on admin_admin_role.roleId = admin_role.role_id and admin_role.deleted = 0 left join admin_role_permission on admin_role.role_id = admin_role_permission.roleId left join admin_permission on admin_role_permission.permissionId = admin_permission.permission_id and admin_permission.deleted = 0 where admin_admin.admin_id = ? and admin_admin.deleted = 0
2026-04-28 21:58:40.100 [http-nio-8080-exec-7] DEBUG c.z.e.m.m.a.A.findAdminInfoById - ==> Parameters: 1(Integer)
2026-04-28 21:58:40.108 [http-nio-8080-exec-4] DEBUG c.z.e.m.m.a.AdminMapper.selectById - <==      Total: 1
2026-04-28 21:58:40.108 [http-nio-8080-exec-6] DEBUG c.z.e.m.m.a.AdminMapper.selectById - <==      Total: 1
2026-04-28 21:58:40.108 [http-nio-8080-exec-3] DEBUG c.z.e.m.m.a.AdminMapper.selectById - <==      Total: 1
2026-04-28 21:58:40.108 [http-nio-8080-exec-6] DEBUG c.z.e.m.m.a.A.findAdminInfoById - ==>  Preparing: select * from admin_admin left join admin_admin_role on admin_admin.admin_id = admin_admin_role.adminId left join admin_role on admin_admin_role.roleId = admin_role.role_id and admin_role.deleted = 0 left join admin_role_permission on admin_role.role_id = admin_role_permission.roleId left join admin_permission on admin_role_permission.permissionId = admin_permission.permission_id and admin_permission.deleted = 0 where admin_admin.admin_id = ? and admin_admin.deleted = 0
2026-04-28 21:58:40.108 [http-nio-8080-exec-4] DEBUG c.z.e.m.m.a.A.findAdminInfoById - ==>  Preparing: select * from admin_admin left join admin_admin_role on admin_admin.admin_id = admin_admin_role.adminId left join admin_role on admin_admin_role.roleId = admin_role.role_id and admin_role.deleted = 0 left join admin_role_permission on admin_role.role_id = admin_role_permission.roleId left join admin_permission on admin_role_permission.permissionId = admin_permission.permission_id and admin_permission.deleted = 0 where admin_admin.admin_id = ? and admin_admin.deleted = 0
2026-04-28 21:58:40.109 [http-nio-8080-exec-6] DEBUG c.z.e.m.m.a.A.findAdminInfoById - ==> Parameters: 1(Integer)
2026-04-28 21:58:40.109 [http-nio-8080-exec-3] DEBUG c.z.e.m.m.a.A.findAdminInfoById - ==>  Preparing: select * from admin_admin left join admin_admin_role on admin_admin.admin_id = admin_admin_role.adminId left join admin_role on admin_admin_role.roleId = admin_role.role_id and admin_role.deleted = 0 left join admin_role_permission on admin_role.role_id = admin_role_permission.roleId left join admin_permission on admin_role_permission.permissionId = admin_permission.permission_id and admin_permission.deleted = 0 where admin_admin.admin_id = ? and admin_admin.deleted = 0
2026-04-28 21:58:40.109 [http-nio-8080-exec-4] DEBUG c.z.e.m.m.a.A.findAdminInfoById - ==> Parameters: 1(Integer)
2026-04-28 21:58:40.109 [http-nio-8080-exec-3] DEBUG c.z.e.m.m.a.A.findAdminInfoById - ==> Parameters: 1(Integer)
2026-04-28 21:58:40.135 [http-nio-8080-exec-7] DEBUG c.z.e.m.m.a.A.findAdminInfoById - <==      Total: 1
2026-04-28 21:58:40.139 [http-nio-8080-exec-7] INFO  c.z.e.interceptor.UsallyInterceptor - 【请求开始】Method: GET, URI: /api/admonitor/admin/advertisement/findAllAdmonitorAdminAdvertisement, Controller: AdmonitorAdminAdvertisementController.findAllAdmonitorAdminAdvertisement, IP: 0:0:0:0:0:0:0:1, Params: {"_t":"1777384719970"}
2026-04-28 21:58:40.148 [http-nio-8080-exec-6] DEBUG c.z.e.m.m.a.A.findAdminInfoById - <==      Total: 1
2026-04-28 21:58:40.150 [http-nio-8080-exec-6] INFO  c.z.e.interceptor.UsallyInterceptor - 【请求开始】Method: POST, URI: /api/admin/auth/getAdminInfo, Controller: AdminAuthController.getAdminInfo, IP: 0:0:0:0:0:0:0:1, Params: {}
2026-04-28 21:58:40.155 [http-nio-8080-exec-4] DEBUG c.z.e.m.m.a.A.findAdminInfoById - <==      Total: 1
2026-04-28 21:58:40.155 [http-nio-8080-exec-3] DEBUG c.z.e.m.m.a.A.findAdminInfoById - <==      Total: 1
2026-04-28 21:58:40.156 [http-nio-8080-exec-6] INFO  c.z.e.interceptor.UsallyInterceptor - 【请求结束】Method: POST, URI: /api/admin/auth/getAdminInfo, Controller: AdminAuthController.getAdminInfo, Status: 200, Duration: 6ms
2026-04-28 21:58:40.156 [http-nio-8080-exec-3] INFO  c.z.e.interceptor.UsallyInterceptor - 【请求开始】Method: GET, URI: /api/admin/industryMap/findAllIndustryMap, Controller: AdminIndustryMapController.findAllIndustryMap, IP: 0:0:0:0:0:0:0:1, Params: {"_t":"1777384719970"}
2026-04-28 21:58:40.156 [http-nio-8080-exec-4] INFO  c.z.e.interceptor.UsallyInterceptor - 【请求开始】Method: POST, URI: /api/admin/recruitPosition/queryRecruitPositionPage, Controller: AdminRecruitPositionController.queryRecruitPositionPage, IP: 0:0:0:0:0:0:0:1, Params: {"pageSize":"10","pageNum":"1"}
2026-04-28 21:58:40.172 [http-nio-8080-exec-7] INFO  c.z.e.s.s.S.ServiceLogAspect - 【Service执行】类: AdmonitorAdminAdvertisementServiceImpl, 方法: findAllAdmonitorAdminAdvertisement, 参数: 无参数
2026-04-28 21:58:40.198 [http-nio-8080-exec-3] INFO  c.z.e.s.s.S.ServiceLogAspect - 【Service执行】类: IndustryMapServiceImpl, 方法: findAllIndustryMap, 参数: 无参数
2026-04-28 21:58:40.200 [http-nio-8080-exec-4] INFO  c.z.e.s.s.S.ServiceLogAspect - 【Service执行】类: RecruitPositionServiceImpl, 方法: queryRecruitPositionPage, 参数: [1,10,{"recruitPositionName":""}]
2026-04-28 21:58:40.214 [http-nio-8080-exec-7] INFO  c.z.e.s.i.a.AdmonitorAdminAdvertisementServiceImpl - 从缓存查询所有广告成功
2026-04-28 21:58:40.215 [http-nio-8080-exec-7] INFO  c.z.e.s.s.S.ServiceLogAspect - 【Service完成】类: AdmonitorAdminAdvertisementServiceImpl, 方法: findAllAdmonitorAdminAdvertisement, 返回值: [{"advertisementId":1,"advertisementName":"华为手机1","advertisementUrl":"https://ts2.tc.mm.bing.net/th/id/OIP-C.9hB59eg5ODjsS16R_NMQVAHaFl?cb=ucfimg2&ucfimg=1&rs=1&pid=ImgDetMain&o=7&rm=3","advertisementLink":"https://www.huawei.com/cn/","advertisementStartedTime":1751990400000,"advertisementEndTime":1786464000000}], 耗时: 42ms
2026-04-28 21:58:40.241 [http-nio-8080-exec-3] INFO  c.z.e.s.s.S.ServiceLogAspect - 【Service完成】类: IndustryMapServiceImpl, 方法: findAllIndustryMap, 返回值: [{"industryMapIndustryCode":1,"industryMapIndustryName":"暂未明确","createdTime":1767024000000,"updatedTime":1767024000000},{"industryMapIndustryCode":2,"industryMapIndustryName":"金融","createdTime":1765555200000,"updatedTime":1765555200000},{"industryMapIndustryCode":3,"industryMapIndustryName":"互联网","createdTime":1765555200000,"updatedTime":1765555200000}], 耗时: 42ms
2026-04-28 21:58:40.242 [http-nio-8080-exec-4] INFO  c.z.e.s.s.S.ServiceLogAspect - 【Service完成】类: RecruitPositionServiceImpl, 方法: queryRecruitPositionPage, 返回值: {"records":[{"recruitPositionId":1,"recruitPositionName":"暂未明确","createdTime":1767024000000,"updatedTime":1767024000000,"recruitPositionIndustryCode":1,"recruitPositionIndustryName":"暂未明确","minMonthSalary":0.01,"maxMonthSalary":0.01,"weekWorkDayNum":1,"goodWelfare":"暂未明确"},{"recruitPositionId":2,"recruitPositionName":"java开发工程师","createdTime":1765555200000,"updatedTime":1765555200000,"recruitPositionIndustryCode":3,"recruitPositionIndustryName":"互联网","minMonthSalary":2000,"maxMonthSalary":10000,"weekWorkDayNum":6,"goodWelfare":"五险一金"}],"total":2,"size":10,"current":1}, 耗时: 41ms
2026-04-28 21:58:40.285 [http-nio-8080-exec-7] INFO  c.z.e.interceptor.UsallyInterceptor - 【请求结束】Method: GET, URI: /api/admonitor/admin/advertisement/findAllAdmonitorAdminAdvertisement, Controller: AdmonitorAdminAdvertisementController.findAllAdmonitorAdminAdvertisement, Status: 200, Duration: 147ms
2026-04-28 21:58:40.315 [http-nio-8080-exec-4] INFO  c.z.e.interceptor.UsallyInterceptor - 【请求结束】Method: POST, URI: /api/admin/recruitPosition/queryRecruitPositionPage, Controller: AdminRecruitPositionController.queryRecruitPositionPage, Status: 200, Duration: 159ms
2026-04-28 21:58:40.318 [http-nio-8080-exec-3] INFO  c.z.e.interceptor.UsallyInterceptor - 【请求结束】Method: GET, URI: /api/admin/industryMap/findAllIndustryMap, Controller: AdminIndustryMapController.findAllIndustryMap, Status: 200, Duration: 162ms
2026-04-28 21:58:42.865 [http-nio-8080-exec-8] DEBUG c.z.e.m.m.a.AdminMapper.selectById - ==>  Preparing: SELECT admin_id,admin_account,admin_username,admin_email,admin_phone,admin_password,admin_image,admin_introduce,admin_state,admin_loginTime,deleted FROM admin_admin WHERE admin_id=? AND deleted=0
2026-04-28 21:58:42.865 [http-nio-8080-exec-8] DEBUG c.z.e.m.m.a.AdminMapper.selectById - ==> Parameters: 1(Integer)
2026-04-28 21:58:42.921 [http-nio-8080-exec-8] DEBUG c.z.e.m.m.a.AdminMapper.selectById - <==      Total: 1
2026-04-28 21:58:42.921 [http-nio-8080-exec-8] DEBUG c.z.e.m.m.a.A.findAdminInfoById - ==>  Preparing: select * from admin_admin left join admin_admin_role on admin_admin.admin_id = admin_admin_role.adminId left join admin_role on admin_admin_role.roleId = admin_role.role_id and admin_role.deleted = 0 left join admin_role_permission on admin_role.role_id = admin_role_permission.roleId left join admin_permission on admin_role_permission.permissionId = admin_permission.permission_id and admin_permission.deleted = 0 where admin_admin.admin_id = ? and admin_admin.deleted = 0
2026-04-28 21:58:42.922 [http-nio-8080-exec-8] DEBUG c.z.e.m.m.a.A.findAdminInfoById - ==> Parameters: 1(Integer)
2026-04-28 21:58:43.039 [http-nio-8080-exec-8] DEBUG c.z.e.m.m.a.A.findAdminInfoById - <==      Total: 1
2026-04-28 21:58:43.042 [http-nio-8080-exec-8] INFO  c.z.e.interceptor.UsallyInterceptor - 【请求开始】Method: GET, URI: /api/admin/recruitPosition/queryRecruitPosition, Controller: AdminRecruitPositionController.queryRecruitPosition, IP: 0:0:0:0:0:0:0:1, Params: {"_t":"1777384722725","params[recruitPositionId]":"1"}
2026-04-28 21:58:43.047 [http-nio-8080-exec-8] INFO  c.z.e.interceptor.UsallyInterceptor - 【请求结束】Method: GET, URI: /api/admin/recruitPosition/queryRecruitPosition, Controller: AdminRecruitPositionController.queryRecruitPosition, Status: 200, Duration: 5ms
2026-04-28 21:58:43.881 [http-nio-8080-exec-5] DEBUG c.z.e.m.m.a.AdminMapper.selectById - ==>  Preparing: SELECT admin_id,admin_account,admin_username,admin_email,admin_phone,admin_password,admin_image,admin_introduce,admin_state,admin_loginTime,deleted FROM admin_admin WHERE admin_id=? AND deleted=0
2026-04-28 21:58:43.881 [http-nio-8080-exec-5] DEBUG c.z.e.m.m.a.AdminMapper.selectById - ==> Parameters: 1(Integer)
2026-04-28 21:58:43.939 [http-nio-8080-exec-5] DEBUG c.z.e.m.m.a.AdminMapper.selectById - <==      Total: 1
2026-04-28 21:58:43.939 [http-nio-8080-exec-5] DEBUG c.z.e.m.m.a.A.findAdminInfoById - ==>  Preparing: select * from admin_admin left join admin_admin_role on admin_admin.admin_id = admin_admin_role.adminId left join admin_role on admin_admin_role.roleId = admin_role.role_id and admin_role.deleted = 0 left join admin_role_permission on admin_role.role_id = admin_role_permission.roleId left join admin_permission on admin_role_permission.permissionId = admin_permission.permission_id and admin_permission.deleted = 0 where admin_admin.admin_id = ? and admin_admin.deleted = 0
2026-04-28 21:58:43.940 [http-nio-8080-exec-5] DEBUG c.z.e.m.m.a.A.findAdminInfoById - ==> Parameters: 1(Integer)
2026-04-28 21:58:44.053 [http-nio-8080-exec-5] DEBUG c.z.e.m.m.a.A.findAdminInfoById - <==      Total: 1
2026-04-28 21:58:44.054 [http-nio-8080-exec-5] INFO  c.z.e.interceptor.UsallyInterceptor - 【请求开始】Method: GET, URI: /api/admin/recruitPosition/queryRecruitPosition, Controller: AdminRecruitPositionController.queryRecruitPosition, IP: 0:0:0:0:0:0:0:1, Params: {"_t":"1777384723757","params[recruitPositionId]":"1"}
2026-04-28 21:58:44.057 [http-nio-8080-exec-5] INFO  c.z.e.interceptor.UsallyInterceptor - 【请求结束】Method: GET, URI: /api/admin/recruitPosition/queryRecruitPosition, Controller: AdminRecruitPositionController.queryRecruitPosition, Status: 200, Duration: 3ms
2026-04-28 21:58:46.943 [http-nio-8080-exec-1] DEBUG c.z.e.m.m.a.AdminMapper.selectById - ==>  Preparing: SELECT admin_id,admin_account,admin_username,admin_email,admin_phone,admin_password,admin_image,admin_introduce,admin_state,admin_loginTime,deleted FROM admin_admin WHERE admin_id=? AND deleted=0
2026-04-28 21:58:46.943 [http-nio-8080-exec-9] DEBUG c.z.e.m.m.a.AdminMapper.selectById - ==>  Preparing: SELECT admin_id,admin_account,admin_username,admin_email,admin_phone,admin_password,admin_image,admin_introduce,admin_state,admin_loginTime,deleted FROM admin_admin WHERE admin_id=? AND deleted=0
2026-04-28 21:58:46.943 [http-nio-8080-exec-10] DEBUG c.z.e.m.m.a.AdminMapper.selectById - ==>  Preparing: SELECT admin_id,admin_account,admin_username,admin_email,admin_phone,admin_password,admin_image,admin_introduce,admin_state,admin_loginTime,deleted FROM admin_admin WHERE admin_id=? AND deleted=0
2026-04-28 21:58:46.943 [http-nio-8080-exec-9] DEBUG c.z.e.m.m.a.AdminMapper.selectById - ==> Parameters: 1(Integer)
2026-04-28 21:58:46.943 [http-nio-8080-exec-1] DEBUG c.z.e.m.m.a.AdminMapper.selectById - ==> Parameters: 1(Integer)
2026-04-28 21:58:46.943 [http-nio-8080-exec-10] DEBUG c.z.e.m.m.a.AdminMapper.selectById - ==> Parameters: 1(Integer)
2026-04-28 21:58:47.084 [http-nio-8080-exec-1] DEBUG c.z.e.m.m.a.AdminMapper.selectById - <==      Total: 1
2026-04-28 21:58:47.085 [http-nio-8080-exec-1] DEBUG c.z.e.m.m.a.A.findAdminInfoById - ==>  Preparing: select * from admin_admin left join admin_admin_role on admin_admin.admin_id = admin_admin_role.adminId left join admin_role on admin_admin_role.roleId = admin_role.role_id and admin_role.deleted = 0 left join admin_role_permission on admin_role.role_id = admin_role_permission.roleId left join admin_permission on admin_role_permission.permissionId = admin_permission.permission_id and admin_permission.deleted = 0 where admin_admin.admin_id = ? and admin_admin.deleted = 0
2026-04-28 21:58:47.085 [http-nio-8080-exec-9] DEBUG c.z.e.m.m.a.AdminMapper.selectById - <==      Total: 1
2026-04-28 21:58:47.085 [http-nio-8080-exec-10] DEBUG c.z.e.m.m.a.AdminMapper.selectById - <==      Total: 1
2026-04-28 21:58:47.085 [http-nio-8080-exec-1] DEBUG c.z.e.m.m.a.A.findAdminInfoById - ==> Parameters: 1(Integer)
2026-04-28 21:58:47.086 [http-nio-8080-exec-9] DEBUG c.z.e.m.m.a.A.findAdminInfoById - ==>  Preparing: select * from admin_admin left join admin_admin_role on admin_admin.admin_id = admin_admin_role.adminId left join admin_role on admin_admin_role.roleId = admin_role.role_id and admin_role.deleted = 0 left join admin_role_permission on admin_role.role_id = admin_role_permission.roleId left join admin_permission on admin_role_permission.permissionId = admin_permission.permission_id and admin_permission.deleted = 0 where admin_admin.admin_id = ? and admin_admin.deleted = 0
2026-04-28 21:58:47.086 [http-nio-8080-exec-10] DEBUG c.z.e.m.m.a.A.findAdminInfoById - ==>  Preparing: select * from admin_admin left join admin_admin_role on admin_admin.admin_id = admin_admin_role.adminId left join admin_role on admin_admin_role.roleId = admin_role.role_id and admin_role.deleted = 0 left join admin_role_permission on admin_role.role_id = admin_role_permission.roleId left join admin_permission on admin_role_permission.permissionId = admin_permission.permission_id and admin_permission.deleted = 0 where admin_admin.admin_id = ? and admin_admin.deleted = 0
2026-04-28 21:58:47.086 [http-nio-8080-exec-9] DEBUG c.z.e.m.m.a.A.findAdminInfoById - ==> Parameters: 1(Integer)
2026-04-28 21:58:47.086 [http-nio-8080-exec-10] DEBUG c.z.e.m.m.a.A.findAdminInfoById - ==> Parameters: 1(Integer)
2026-04-28 21:58:47.205 [http-nio-8080-exec-1] DEBUG c.z.e.m.m.a.A.findAdminInfoById - <==      Total: 1
2026-04-28 21:58:47.206 [http-nio-8080-exec-10] DEBUG c.z.e.m.m.a.A.findAdminInfoById - <==      Total: 1
2026-04-28 21:58:47.206 [http-nio-8080-exec-9] DEBUG c.z.e.m.m.a.A.findAdminInfoById - <==      Total: 1
2026-04-28 21:58:47.207 [http-nio-8080-exec-10] INFO  c.z.e.interceptor.UsallyInterceptor - 【请求开始】Method: GET, URI: /api/admin/industryMap/findAllIndustryMap, Controller: AdminIndustryMapController.findAllIndustryMap, IP: 0:0:0:0:0:0:0:1, Params: {"_t":"1777384726775"}
2026-04-28 21:58:47.207 [http-nio-8080-exec-1] INFO  c.z.e.interceptor.UsallyInterceptor - 【请求开始】Method: POST, URI: /api/admin/employmentInformation/getEmploymentInformationPage, Controller: AdminEmploymentInformationController.getEmploymentInformationPage, IP: 0:0:0:0:0:0:0:1, Params: {"pageSize":"10000","pageNum":"1"}
2026-04-28 21:58:47.208 [http-nio-8080-exec-9] INFO  c.z.e.interceptor.UsallyInterceptor - 【请求开始】Method: GET, URI: /api/admin/recruitPosition/queryAllRecruitPositionPage, Controller: AdminRecruitPositionController.queryAllRecruitPositionPage, IP: 0:0:0:0:0:0:0:1, Params: {"_t":"1777384726775"}
2026-04-28 21:58:47.244 [http-nio-8080-exec-10] INFO  c.z.e.s.s.S.ServiceLogAspect - 【Service执行】类: IndustryMapServiceImpl, 方法: findAllIndustryMap, 参数: 无参数
2026-04-28 21:58:47.245 [http-nio-8080-exec-9] INFO  c.z.e.s.s.S.ServiceLogAspect - 【Service执行】类: RecruitPositionServiceImpl, 方法: queryAllRecruitPositionPage, 参数: 无参数
2026-04-28 21:58:47.260 [http-nio-8080-exec-1] INFO  c.z.e.s.s.S.ServiceLogAspect - 【Service执行】类: EmploymentInformationServiceImpl, 方法: getEmploymentInformationPage, 参数: [1,10000,{"employmentInformationCompanyName":""}]
2026-04-28 21:58:47.284 [http-nio-8080-exec-10] INFO  c.z.e.s.s.S.ServiceLogAspect - 【Service完成】类: IndustryMapServiceImpl, 方法: findAllIndustryMap, 返回值: [{"industryMapIndustryCode":1,"industryMapIndustryName":"暂未明确","createdTime":1767024000000,"updatedTime":1767024000000},{"industryMapIndustryCode":2,"industryMapIndustryName":"金融","createdTime":1765555200000,"updatedTime":1765555200000},{"industryMapIndustryCode":3,"industryMapIndustryName":"互联网","createdTime":1765555200000,"updatedTime":1765555200000}], 耗时: 38ms
2026-04-28 21:58:47.289 [http-nio-8080-exec-9] INFO  c.z.e.s.s.S.ServiceLogAspect - 【Service完成】类: RecruitPositionServiceImpl, 方法: queryAllRecruitPositionPage, 返回值: [{"recruitPositionId":1,"recruitPositionName":"暂未明确","createdTime":1767024000000,"updatedTime":1767024000000,"recruitPositionIndustryCode":1,"minMonthSalary":0.01,"maxMonthSalary":0.01,"weekWorkDayNum":1,"goodWelfare":"暂未明确"},{"recruitPositionId":2,"recruitPositionName":"java开发工程师","createdTime":1765555200000,"updatedTime":1765555200000,"recruitPositionIndustryCode":3,"minMonthSalary":2000,"maxMonthSalary":10000,"weekWorkDayNum":6,"goodWelfare":"五险一金"}], 耗时: 42ms
2026-04-28 21:58:47.345 [http-nio-8080-exec-1] INFO  c.z.e.s.s.S.ServiceLogAspect - 【Service完成】类: EmploymentInformationServiceImpl, 方法: getEmploymentInformationPage, 返回值: {"records":[{"employmentInformationId":1,"employmentInformationCompanyName":"字节跳动","employmentInformationIndustryCategoriesName":"互联网","employmentInformationCompanyType":4,"employmentInformationBatch":3,"employmentInformationRecruitPosition":2,"employmentInformationRecruitPositionName":"java开发工程师","employmentInformationRecruitObject":1,"employmentInformationRecruitLocationFirstName":["上海"],"employmentInformationRecruitLocationSecondName":["黄浦区"],"employmentInformationRecruitLocationDetail":["上海黄浦区"],"employmentInformationStartTime":1765641600000,"employmentInformationStopTime":1766592000000,"employmentInformationUpdatedTime":1765641600000,"employmentInformationOnlineApplicationStatus":"进行中","employmentInformationOfficialAnnouncement":"大厂","employmentInformationSubmissionWay":"https://jobs.bytedance.com/","employmentInformationEmployeeReferralCode":"aa"},{"employmentInformationId":2,"employmentInformationCompanyName":"阿里巴巴","employmentInformationIndustryCategoriesName":"互联网","employmentInformationCompanyType":4,"employmentInformationBatch":3,"employmentInformationRecruitPosition":2,"employmentInformationRecruitPositionName":"java开发工程师","employmentInformationRecruitObject":1,"employmentInformationRecruitLocationFirstName":["上海","北京"],"employmentInformationRecruitLocationSecondName":["徐汇区","朝阳区"],"employmentInformationRecruitLocationDetail":["上海徐汇区","北京朝阳区"],"employmentInformationStartTime":1768147200000,"employmentInformationStopTime":1770307200000,"employmentInformationUpdatedTime":1768147200000,"employmentInformationOnlineApplicationStatus":"进行中","employmentInformationOfficialAnnouncement":"超级大厂","employmentInformationSubmissionWay":"https://talent.alibaba.com/?lang=zh","employmentInformationEmployeeReferralCode":"无"}],"total":3,"size":10000,"current":1}, 耗时: 79ms
2026-04-28 21:58:47.357 [http-nio-8080-exec-10] INFO  c.z.e.interceptor.UsallyInterceptor - 【请求结束】Method: GET, URI: /api/admin/industryMap/findAllIndustryMap, Controller: AdminIndustryMapController.findAllIndustryMap, Status: 200, Duration: 150ms
2026-04-28 21:58:47.362 [http-nio-8080-exec-9] INFO  c.z.e.interceptor.UsallyInterceptor - 【请求结束】Method: GET, URI: /api/admin/recruitPosition/queryAllRecruitPositionPage, Controller: AdminRecruitPositionController.queryAllRecruitPositionPage, Status: 200, Duration: 155ms
2026-04-28 21:58:47.488 [http-nio-8080-exec-1] INFO  c.z.e.interceptor.UsallyInterceptor - 【请求结束】Method: POST, URI: /api/admin/employmentInformation/getEmploymentInformationPage, Controller: AdminEmploymentInformationController.getEmploymentInformationPage, Status: 200, Duration: 281ms
2026-04-28 21:58:49.791 [http-nio-8080-exec-2] DEBUG c.z.e.m.m.a.AdminMapper.selectById - ==>  Preparing: SELECT admin_id,admin_account,admin_username,admin_email,admin_phone,admin_password,admin_image,admin_introduce,admin_state,admin_loginTime,deleted FROM admin_admin WHERE admin_id=? AND deleted=0
2026-04-28 21:58:49.793 [http-nio-8080-exec-2] DEBUG c.z.e.m.m.a.AdminMapper.selectById - ==> Parameters: 1(Integer)
2026-04-28 21:58:49.830 [http-nio-8080-exec-2] DEBUG c.z.e.m.m.a.AdminMapper.selectById - <==      Total: 1
2026-04-28 21:58:49.831 [http-nio-8080-exec-2] DEBUG c.z.e.m.m.a.A.findAdminInfoById - ==>  Preparing: select * from admin_admin left join admin_admin_role on admin_admin.admin_id = admin_admin_role.adminId left join admin_role on admin_admin_role.roleId = admin_role.role_id and admin_role.deleted = 0 left join admin_role_permission on admin_role.role_id = admin_role_permission.roleId left join admin_permission on admin_role_permission.permissionId = admin_permission.permission_id and admin_permission.deleted = 0 where admin_admin.admin_id = ? and admin_admin.deleted = 0
2026-04-28 21:58:49.832 [http-nio-8080-exec-2] DEBUG c.z.e.m.m.a.A.findAdminInfoById - ==> Parameters: 1(Integer)
2026-04-28 21:58:49.869 [http-nio-8080-exec-2] DEBUG c.z.e.m.m.a.A.findAdminInfoById - <==      Total: 1
2026-04-28 21:58:49.872 [http-nio-8080-exec-2] INFO  c.z.e.interceptor.UsallyInterceptor - 【请求开始】Method: GET, URI: /api/admin/employmentInformation/getEmploymentInformationInfo, Controller: AdminEmploymentInformationController.getEmploymentInformationInfo, IP: 0:0:0:0:0:0:0:1, Params: {"_t":"1777384729709","employmentInformationId":"1"}
2026-04-28 21:58:49.909 [http-nio-8080-exec-2] INFO  c.z.e.s.s.S.ServiceLogAspect - 【Service执行】类: EmploymentInformationServiceImpl, 方法: getEmploymentInformationInfo, 参数: [1]
2026-04-28 21:58:49.961 [http-nio-8080-exec-2] INFO  c.z.e.s.s.S.ServiceLogAspect - 【Service完成】类: EmploymentInformationServiceImpl, 方法: getEmploymentInformationInfo, 返回值: {"employmentInformationId":1,"employmentInformationCode":1,"employmentInformationCompanyName":"字节跳动","employmentInformationIndustryCategoriesName":"互联网","employmentInformationCompanyType":4,"employmentInformationBatch":3,"employmentInformationRecruitPosition":2,"employmentInformationRecruitPositionName":"java开发工程师","employmentInformationRecruitObject":1,"employmentInformationRecruitLocationFirstName":["上海"],"employmentInformationRecruitLocationSecondName":["黄浦区"],"employmentInformationRecruitLocationDetail":["上海黄浦区"],"employmentInformationStartTime":1765641600000,"employmentInformationStopTime":1766592000000,"employmentInformationUpdatedTime":1765641600000,"employmentInformationOnlineApplicationStatus":"进行中","employmentInformationOfficialAnnouncement":"大厂","employmentInformationSubmissionWay":"https://jobs.bytedance.com/","employmentInformationEmployeeReferralCode":"aa"}, 耗时: 48ms
2026-04-28 21:58:50.037 [http-nio-8080-exec-2] INFO  c.z.e.interceptor.UsallyInterceptor - 【请求结束】Method: GET, URI: /api/admin/employmentInformation/getEmploymentInformationInfo, Controller: AdminEmploymentInformationController.getEmploymentInformationInfo, Status: 200, Duration: 165ms
2026-04-28 21:58:51.990 [http-nio-8080-exec-6] DEBUG c.z.e.m.m.a.AdminMapper.selectById - ==>  Preparing: SELECT admin_id,admin_account,admin_username,admin_email,admin_phone,admin_password,admin_image,admin_introduce,admin_state,admin_loginTime,deleted FROM admin_admin WHERE admin_id=? AND deleted=0
2026-04-28 21:58:51.991 [http-nio-8080-exec-6] DEBUG c.z.e.m.m.a.AdminMapper.selectById - ==> Parameters: 1(Integer)
2026-04-28 21:58:52.049 [http-nio-8080-exec-6] DEBUG c.z.e.m.m.a.AdminMapper.selectById - <==      Total: 1
2026-04-28 21:58:52.050 [http-nio-8080-exec-6] DEBUG c.z.e.m.m.a.A.findAdminInfoById - ==>  Preparing: select * from admin_admin left join admin_admin_role on admin_admin.admin_id = admin_admin_role.adminId left join admin_role on admin_admin_role.roleId = admin_role.role_id and admin_role.deleted = 0 left join admin_role_permission on admin_role.role_id = admin_role_permission.roleId left join admin_permission on admin_role_permission.permissionId = admin_permission.permission_id and admin_permission.deleted = 0 where admin_admin.admin_id = ? and admin_admin.deleted = 0
2026-04-28 21:58:52.051 [http-nio-8080-exec-6] DEBUG c.z.e.m.m.a.A.findAdminInfoById - ==> Parameters: 1(Integer)
2026-04-28 21:58:52.092 [http-nio-8080-exec-6] DEBUG c.z.e.m.m.a.A.findAdminInfoById - <==      Total: 1
2026-04-28 21:58:52.094 [http-nio-8080-exec-6] INFO  c.z.e.interceptor.UsallyInterceptor - 【请求开始】Method: GET, URI: /api/admin/employmentInformation/getEmploymentInformationInfo, Controller: AdminEmploymentInformationController.getEmploymentInformationInfo, IP: 0:0:0:0:0:0:0:1, Params: {"_t":"1777384731785","employmentInformationId":"1"}
2026-04-28 21:58:52.160 [http-nio-8080-exec-6] INFO  c.z.e.s.s.S.ServiceLogAspect - 【Service执行】类: EmploymentInformationServiceImpl, 方法: getEmploymentInformationInfo, 参数: [1]
2026-04-28 21:58:52.226 [http-nio-8080-exec-6] INFO  c.z.e.s.s.S.ServiceLogAspect - 【Service完成】类: EmploymentInformationServiceImpl, 方法: getEmploymentInformationInfo, 返回值: {"employmentInformationId":1,"employmentInformationCode":1,"employmentInformationCompanyName":"字节跳动","employmentInformationIndustryCategoriesName":"互联网","employmentInformationCompanyType":4,"employmentInformationBatch":3,"employmentInformationRecruitPosition":2,"employmentInformationRecruitPositionName":"java开发工程师","employmentInformationRecruitObject":1,"employmentInformationRecruitLocationFirstName":["上海"],"employmentInformationRecruitLocationSecondName":["黄浦区"],"employmentInformationRecruitLocationDetail":["上海黄浦区"],"employmentInformationStartTime":1765641600000,"employmentInformationStopTime":1766592000000,"employmentInformationUpdatedTime":1765641600000,"employmentInformationOnlineApplicationStatus":"进行中","employmentInformationOfficialAnnouncement":"大厂","employmentInformationSubmissionWay":"https://jobs.bytedance.com/","employmentInformationEmployeeReferralCode":"aa"}, 耗时: 64ms
2026-04-28 21:58:52.386 [http-nio-8080-exec-6] INFO  c.z.e.interceptor.UsallyInterceptor - 【请求结束】Method: GET, URI: /api/admin/employmentInformation/getEmploymentInformationInfo, Controller: AdminEmploymentInformationController.getEmploymentInformationInfo, Status: 200, Duration: 292ms
2026-04-28 21:58:54.466 [http-nio-8080-exec-7] DEBUG c.z.e.m.m.a.AdminMapper.selectById - ==>  Preparing: SELECT admin_id,admin_account,admin_username,admin_email,admin_phone,admin_password,admin_image,admin_introduce,admin_state,admin_loginTime,deleted FROM admin_admin WHERE admin_id=? AND deleted=0
2026-04-28 21:58:54.467 [http-nio-8080-exec-7] DEBUG c.z.e.m.m.a.AdminMapper.selectById - ==> Parameters: 1(Integer)
2026-04-28 21:58:54.526 [http-nio-8080-exec-7] DEBUG c.z.e.m.m.a.AdminMapper.selectById - <==      Total: 1
2026-04-28 21:58:54.529 [http-nio-8080-exec-7] DEBUG c.z.e.m.m.a.A.findAdminInfoById - ==>  Preparing: select * from admin_admin left join admin_admin_role on admin_admin.admin_id = admin_admin_role.adminId left join admin_role on admin_admin_role.roleId = admin_role.role_id and admin_role.deleted = 0 left join admin_role_permission on admin_role.role_id = admin_role_permission.roleId left join admin_permission on admin_role_permission.permissionId = admin_permission.permission_id and admin_permission.deleted = 0 where admin_admin.admin_id = ? and admin_admin.deleted = 0
2026-04-28 21:58:54.529 [http-nio-8080-exec-7] DEBUG c.z.e.m.m.a.A.findAdminInfoById - ==> Parameters: 1(Integer)
2026-04-28 21:58:54.602 [http-nio-8080-exec-7] DEBUG c.z.e.m.m.a.A.findAdminInfoById - <==      Total: 1
2026-04-28 21:58:54.604 [http-nio-8080-exec-7] INFO  c.z.e.interceptor.UsallyInterceptor - 【请求开始】Method: GET, URI: /api/admin/employmentInformation/getEmploymentInformationInfo, Controller: AdminEmploymentInformationController.getEmploymentInformationInfo, IP: 0:0:0:0:0:0:0:1, Params: {"_t":"1777384734313","employmentInformationId":"1"}
2026-04-28 21:58:54.640 [http-nio-8080-exec-7] INFO  c.z.e.s.s.S.ServiceLogAspect - 【Service执行】类: EmploymentInformationServiceImpl, 方法: getEmploymentInformationInfo, 参数: [1]
2026-04-28 21:58:54.702 [http-nio-8080-exec-7] INFO  c.z.e.s.s.S.ServiceLogAspect - 【Service完成】类: EmploymentInformationServiceImpl, 方法: getEmploymentInformationInfo, 返回值: {"employmentInformationId":1,"employmentInformationCode":1,"employmentInformationCompanyName":"字节跳动","employmentInformationIndustryCategoriesName":"互联网","employmentInformationCompanyType":4,"employmentInformationBatch":3,"employmentInformationRecruitPosition":2,"employmentInformationRecruitPositionName":"java开发工程师","employmentInformationRecruitObject":1,"employmentInformationRecruitLocationFirstName":["上海"],"employmentInformationRecruitLocationSecondName":["黄浦区"],"employmentInformationRecruitLocationDetail":["上海黄浦区"],"employmentInformationStartTime":1765641600000,"employmentInformationStopTime":1766592000000,"employmentInformationUpdatedTime":1765641600000,"employmentInformationOnlineApplicationStatus":"进行中","employmentInformationOfficialAnnouncement":"大厂","employmentInformationSubmissionWay":"https://jobs.bytedance.com/","employmentInformationEmployeeReferralCode":"aa"}, 耗时: 62ms
2026-04-28 21:58:54.781 [http-nio-8080-exec-7] INFO  c.z.e.interceptor.UsallyInterceptor - 【请求结束】Method: GET, URI: /api/admin/employmentInformation/getEmploymentInformationInfo, Controller: AdminEmploymentInformationController.getEmploymentInformationInfo, Status: 200, Duration: 177ms
2026-04-28 21:59:07.651 [http-nio-8080-exec-4] DEBUG c.z.e.m.m.a.AdminMapper.selectById - ==>  Preparing: SELECT admin_id,admin_account,admin_username,admin_email,admin_phone,admin_password,admin_image,admin_introduce,admin_state,admin_loginTime,deleted FROM admin_admin WHERE admin_id=? AND deleted=0
2026-04-28 21:59:07.651 [http-nio-8080-exec-4] DEBUG c.z.e.m.m.a.AdminMapper.selectById - ==> Parameters: 1(Integer)
2026-04-28 21:59:07.706 [http-nio-8080-exec-4] DEBUG c.z.e.m.m.a.AdminMapper.selectById - <==      Total: 1
2026-04-28 21:59:07.706 [http-nio-8080-exec-4] DEBUG c.z.e.m.m.a.A.findAdminInfoById - ==>  Preparing: select * from admin_admin left join admin_admin_role on admin_admin.admin_id = admin_admin_role.adminId left join admin_role on admin_admin_role.roleId = admin_role.role_id and admin_role.deleted = 0 left join admin_role_permission on admin_role.role_id = admin_role_permission.roleId left join admin_permission on admin_role_permission.permissionId = admin_permission.permission_id and admin_permission.deleted = 0 where admin_admin.admin_id = ? and admin_admin.deleted = 0
2026-04-28 21:59:07.708 [http-nio-8080-exec-4] DEBUG c.z.e.m.m.a.A.findAdminInfoById - ==> Parameters: 1(Integer)
2026-04-28 21:59:07.820 [http-nio-8080-exec-4] DEBUG c.z.e.m.m.a.A.findAdminInfoById - <==      Total: 1
2026-04-28 21:59:07.823 [http-nio-8080-exec-4] INFO  c.z.e.interceptor.UsallyInterceptor - 【请求开始】Method: GET, URI: /api/admin/employmentInformation/getEmploymentInformationInfo, Controller: AdminEmploymentInformationController.getEmploymentInformationInfo, IP: 0:0:0:0:0:0:0:1, Params: {"_t":"1777384747213","employmentInformationId":"1"}
2026-04-28 21:59:07.929 [http-nio-8080-exec-4] INFO  c.z.e.s.s.S.ServiceLogAspect - 【Service执行】类: EmploymentInformationServiceImpl, 方法: getEmploymentInformationInfo, 参数: [1]
2026-04-28 21:59:07.997 [http-nio-8080-exec-4] INFO  c.z.e.s.s.S.ServiceLogAspect - 【Service完成】类: EmploymentInformationServiceImpl, 方法: getEmploymentInformationInfo, 返回值: {"employmentInformationId":1,"employmentInformationCode":1,"employmentInformationCompanyName":"字节跳动","employmentInformationIndustryCategoriesName":"互联网","employmentInformationCompanyType":4,"employmentInformationBatch":3,"employmentInformationRecruitPosition":2,"employmentInformationRecruitPositionName":"java开发工程师","employmentInformationRecruitObject":1,"employmentInformationRecruitLocationFirstName":["上海"],"employmentInformationRecruitLocationSecondName":["黄浦区"],"employmentInformationRecruitLocationDetail":["上海黄浦区"],"employmentInformationStartTime":1765641600000,"employmentInformationStopTime":1766592000000,"employmentInformationUpdatedTime":1765641600000,"employmentInformationOnlineApplicationStatus":"进行中","employmentInformationOfficialAnnouncement":"大厂","employmentInformationSubmissionWay":"https://jobs.bytedance.com/","employmentInformationEmployeeReferralCode":"aa"}, 耗时: 65ms
2026-04-28 21:59:08.156 [http-nio-8080-exec-4] INFO  c.z.e.interceptor.UsallyInterceptor - 【请求结束】Method: GET, URI: /api/admin/employmentInformation/getEmploymentInformationInfo, Controller: AdminEmploymentInformationController.getEmploymentInformationInfo, Status: 200, Duration: 334ms
2026-04-28 21:59:20.501 [http-nio-8080-exec-3] DEBUG c.z.e.m.m.a.AdminMapper.selectById - ==>  Preparing: SELECT admin_id,admin_account,admin_username,admin_email,admin_phone,admin_password,admin_image,admin_introduce,admin_state,admin_loginTime,deleted FROM admin_admin WHERE admin_id=? AND deleted=0
2026-04-28 21:59:20.501 [http-nio-8080-exec-3] DEBUG c.z.e.m.m.a.AdminMapper.selectById - ==> Parameters: 1(Integer)
2026-04-28 21:59:20.692 [http-nio-8080-exec-3] DEBUG c.z.e.m.m.a.AdminMapper.selectById - <==      Total: 1
2026-04-28 21:59:20.695 [http-nio-8080-exec-3] DEBUG c.z.e.m.m.a.A.findAdminInfoById - ==>  Preparing: select * from admin_admin left join admin_admin_role on admin_admin.admin_id = admin_admin_role.adminId left join admin_role on admin_admin_role.roleId = admin_role.role_id and admin_role.deleted = 0 left join admin_role_permission on admin_role.role_id = admin_role_permission.roleId left join admin_permission on admin_role_permission.permissionId = admin_permission.permission_id and admin_permission.deleted = 0 where admin_admin.admin_id = ? and admin_admin.deleted = 0
2026-04-28 21:59:20.695 [http-nio-8080-exec-3] DEBUG c.z.e.m.m.a.A.findAdminInfoById - ==> Parameters: 1(Integer)
2026-04-28 21:59:20.803 [http-nio-8080-exec-3] DEBUG c.z.e.m.m.a.A.findAdminInfoById - <==      Total: 1
2026-04-28 21:59:20.805 [http-nio-8080-exec-3] INFO  c.z.e.interceptor.UsallyInterceptor - 【请求开始】Method: POST, URI: /api/admin/userDeleteResumeBySystemService/getUserDeleteResumeInfoPage, Controller: AdminUserDeleteResumeBySystemServiceController.getUserDeleteResumeInfoPage, IP: 0:0:0:0:0:0:0:1, Params: {"pageSize":"10","pageNum":"1"}
2026-04-28 21:59:20.901 [http-nio-8080-exec-3] INFO  c.z.e.s.s.S.ServiceLogAspect - 【Service执行】类: UserDeleteResumeBySystemServiceImpl, 方法: getUserDeleteResumeInfoPage, 参数: [1,10,{}]
2026-04-28 21:59:21.329 [http-nio-8080-exec-3] DEBUG c.z.e.m.m.u.U.selectList_mpCount - ==>  Preparing: SELECT COUNT(*) AS total FROM user_userDeleteResumeBySystem
2026-04-28 21:59:21.329 [http-nio-8080-exec-3] DEBUG c.z.e.m.m.u.U.selectList_mpCount - ==> Parameters: 
2026-04-28 21:59:21.770 [http-nio-8080-exec-3] DEBUG c.z.e.m.m.u.U.selectList_mpCount - <==      Total: 1
2026-04-28 21:59:21.779 [http-nio-8080-exec-3] DEBUG c.z.e.m.m.u.U.selectList - ==>  Preparing: SELECT userDeleteResumeBySystem_id,userDeleteResumeBySystem_resumeName,userDeleteResumeBySystem_industry,userDeleteResumeBySystem_resumeReactCode,userDeleteResumeBySystem_createdTime,userDeleteResumeBySystem_updatedTime,userDeleteResumeBySystem_sortedNum,userDeleteResumeBySystem_userId,userDeleteResumeBySystem_recycleTime FROM user_userDeleteResumeBySystem LIMIT ?
2026-04-28 21:59:21.783 [http-nio-8080-exec-3] DEBUG c.z.e.m.m.u.U.selectList - ==> Parameters: 10(Long)
2026-04-28 21:59:21.930 [http-nio-8080-exec-3] DEBUG c.z.e.m.m.u.U.selectList - <==      Total: 1
2026-04-28 21:59:21.946 [http-nio-8080-exec-3] DEBUG c.z.e.m.m.a.I.selectById - ==>  Preparing: SELECT industryMap_industryCode,industryMap_industryName,industryMap_createdTime AS createdTime,industryMap_updatedTime AS updatedTime FROM general_industryMap WHERE industryMap_industryCode=?
2026-04-28 21:59:21.947 [http-nio-8080-exec-3] DEBUG c.z.e.m.m.a.I.selectById - ==> Parameters: 1(Integer)
2026-04-28 21:59:22.068 [http-nio-8080-exec-3] DEBUG c.z.e.m.m.a.I.selectById - <==      Total: 1
2026-04-28 21:59:22.070 [http-nio-8080-exec-3] INFO  c.z.e.s.s.S.ServiceLogAspect - 【Service完成】类: UserDeleteResumeBySystemServiceImpl, 方法: getUserDeleteResumeInfoPage, 返回值: {"records":[{"userDeleteResumeBySystemId":11,"userDeleteResumeBySystemResumeName":"太帅了吧1","userDeleteResumeBySystemIndustryName":"暂未明确","userDeleteResumeBySystemResumeReactCode":"const ResumeTemplate = () => {\n  const styles = {\n    container: {\n      fontFamily: \"'Microsoft YaHei', sans-serif\",\n      maxWidth: '800px',\n      margin: '0 auto',\n      padding: '40px',\n      background: 'white',\n    },\n    header: {\n      textAlign: 'center',\n      marginBottom: '30px',\n      borderBottom: '2px solid #1890ff',\n      paddingBottom: '20px',\n    },\n    name: {\n      fontSize: '28px',\n      fontWeight: 'bold',\n      color: '#1890ff',\n      marginBottom: '10px',\n    },\n    contact: {\n      fontSize: '14px',\n      color: '#666',\n    },\n    section: {\n      marginBottom: '25px',\n    },\n    sectionTitle: {\n      fontSize: '18px',\n      fontWeight: 'bold',\n      color: '#1890ff',\n      borderLeft: '4px solid #1890ff',\n      paddingLeft: '10px',\n      marginBottom: '15px',\n    },\n    item: {\n      marginBottom: '15px',\n    },\n    itemHeader: {\n      display: 'flex',\n      justifyContent: 'space-between',\n      marginBottom: '5px',\n    },\n    itemTitle: {\n      fontWeight: 'bold',\n      fontSize: '15px',\n    },\n    itemDate: {\n      color: '#999',\n      fontSize: '13px',\n    },\n    itemDesc: {\n      fontSize: '14px',\n      color: '#333',\n      lineHeight: '1.6',\n    },\n    skills: {\n      display: 'flex',\n      flexWrap: 'wrap',\n      gap: '8px',\n    },\n    skill: {\n      background: '#e6f7ff',\n      color: '#1890ff',\n      padding: '4px 12px',\n      borderRadius: '4px',\n      fontSize: '13px',\n    },\n  };\n\n  return (\n    <div style={styles.container}>\n      <div style={styles.header}>\n        <div style={styles.name}>张三</div>\n        <div style={styles.contact}>\n          📱 138-0000-0000 | ✉️ zhangsan@email.com | 📍 北京市\n        </div>\n      </div>\n\n      <div style={styles.section}>\n        <div style={styles.sectionTitle}>教育背景</div>\n        <div style={styles.item}>\n          <div style={styles.itemHeader}>\n            <span style={styles.itemTitle}>北京大学 · 计算机科学与技术</span>\n            <span style={styles.itemDate}>2018.09 - 2022.06</span>\n          </div>\n          <div style={styles.itemDesc}>本科 | GPA: 3.8/4.0</div>\n        </div>\n      </div>\n\n      <div style={styles.section}>\n        <div style={styles.sectionTitle}>工作经历</div>\n        <div style={styles.item}>\n          <div style={styles.itemHeader}>\n            <span style={styles.itemTitle}>阿里巴巴 · 前端开发工程师</span>\n            <span style={styles.itemDate}>2022.07 - 至今</span>\n          </div>\n          <div style={styles.itemDesc}>\n            • 负责淘宝商家后台系统开发，使用 React + TypeScript<br/>\n            • 优化页面性能，首屏加载时间降低 40%<br/>\n            • 主导组件库建设，提升团队开发效率 30%\n          </div>\n        </div>\n      </div>\n\n      <div style={styles.section}>\n        <div style={styles.sectionTitle}>项目经验</div>\n        <div style={styles.item}>\n          <div style={styles.itemHeader}>\n            <span style={styles.itemTitle}>电商管理系统</span>\n            <span style={styles.itemDate}>2023.01 - 2023.06</span>\n          </div>\n          <div style={styles.itemDesc}>\n            • 使用 React 18 + Ant Design 搭建后台管理系统<br/>\n            • 实现权限管理、数据可视化、订单管理等核心模块<br/>\n            • 采用 React Query 优化数据请求，提升用户体验\n          </div>\n        </div>\n      </div>\n\n      <div style={styles.section}>\n        <div style={styles.sectionTitle}>专业技能</div>\n        <div style={styles.skills}>\n          <span style={styles.skill}>React</span>\n          <span style={styles.skill}>TypeScript</span>\n          <span style={styles.skill}>Vue.js</span>\n          <span style={styles.skill}>Node.js</span>\n          <span style={styles.skill}>Webpack</span>\n          <span style={styles.skill}>Git</span>\n        </div>\n      </div>\n    </div>\n  );\n};","userDeleteResumeBySystemCreatedTime":1765814400000,"userDeleteResumeBySystemUpdatedTime":1765814400000,"userDeleteResumeBySystemSortedNum":2,"userDeleteResumeBySystemUserId":1,"userDeleteResumeBySystemRecycleTime":1768406400000}],"total":1,"size":10,"current":1}, 耗时: 1167ms
2026-04-28 21:59:22.451 [http-nio-8080-exec-3] INFO  c.z.e.interceptor.UsallyInterceptor - 【请求结束】Method: POST, URI: /api/admin/userDeleteResumeBySystemService/getUserDeleteResumeInfoPage, Controller: AdminUserDeleteResumeBySystemServiceController.getUserDeleteResumeInfoPage, Status: 200, Duration: 1646ms
2026-04-28 21:59:23.897 [http-nio-8080-exec-8] DEBUG c.z.e.m.m.a.AdminMapper.selectById - ==>  Preparing: SELECT admin_id,admin_account,admin_username,admin_email,admin_phone,admin_password,admin_image,admin_introduce,admin_state,admin_loginTime,deleted FROM admin_admin WHERE admin_id=? AND deleted=0
2026-04-28 21:59:23.898 [http-nio-8080-exec-8] DEBUG c.z.e.m.m.a.AdminMapper.selectById - ==> Parameters: 1(Integer)
2026-04-28 21:59:24.021 [http-nio-8080-exec-8] DEBUG c.z.e.m.m.a.AdminMapper.selectById - <==      Total: 1
2026-04-28 21:59:24.022 [http-nio-8080-exec-8] DEBUG c.z.e.m.m.a.A.findAdminInfoById - ==>  Preparing: select * from admin_admin left join admin_admin_role on admin_admin.admin_id = admin_admin_role.adminId left join admin_role on admin_admin_role.roleId = admin_role.role_id and admin_role.deleted = 0 left join admin_role_permission on admin_role.role_id = admin_role_permission.roleId left join admin_permission on admin_role_permission.permissionId = admin_permission.permission_id and admin_permission.deleted = 0 where admin_admin.admin_id = ? and admin_admin.deleted = 0
2026-04-28 21:59:24.022 [http-nio-8080-exec-8] DEBUG c.z.e.m.m.a.A.findAdminInfoById - ==> Parameters: 1(Integer)
2026-04-28 21:59:24.060 [http-nio-8080-exec-8] DEBUG c.z.e.m.m.a.A.findAdminInfoById - <==      Total: 1
2026-04-28 21:59:24.063 [http-nio-8080-exec-8] INFO  c.z.e.interceptor.UsallyInterceptor - 【请求开始】Method: GET, URI: /api/admin/industryMap/findAllIndustryMap, Controller: AdminIndustryMapController.findAllIndustryMap, IP: 0:0:0:0:0:0:0:1, Params: {"_t":"1777384763796"}
2026-04-28 21:59:24.132 [http-nio-8080-exec-8] INFO  c.z.e.s.s.S.ServiceLogAspect - 【Service执行】类: IndustryMapServiceImpl, 方法: findAllIndustryMap, 参数: 无参数
2026-04-28 21:59:24.186 [http-nio-8080-exec-8] INFO  c.z.e.s.s.S.ServiceLogAspect - 【Service完成】类: IndustryMapServiceImpl, 方法: findAllIndustryMap, 返回值: [{"industryMapIndustryCode":1,"industryMapIndustryName":"暂未明确","createdTime":1767024000000,"updatedTime":1767024000000},{"industryMapIndustryCode":2,"industryMapIndustryName":"金融","createdTime":1765555200000,"updatedTime":1765555200000},{"industryMapIndustryCode":3,"industryMapIndustryName":"互联网","createdTime":1765555200000,"updatedTime":1765555200000}], 耗时: 52ms
2026-04-28 21:59:24.308 [http-nio-8080-exec-8] INFO  c.z.e.interceptor.UsallyInterceptor - 【请求结束】Method: GET, URI: /api/admin/industryMap/findAllIndustryMap, Controller: AdminIndustryMapController.findAllIndustryMap, Status: 200, Duration: 245ms
2026-04-28 21:59:24.600 [http-nio-8080-exec-5] DEBUG c.z.e.m.m.a.AdminMapper.selectById - ==>  Preparing: SELECT admin_id,admin_account,admin_username,admin_email,admin_phone,admin_password,admin_image,admin_introduce,admin_state,admin_loginTime,deleted FROM admin_admin WHERE admin_id=? AND deleted=0
2026-04-28 21:59:24.601 [http-nio-8080-exec-5] DEBUG c.z.e.m.m.a.AdminMapper.selectById - ==> Parameters: 1(Integer)
2026-04-28 21:59:24.710 [http-nio-8080-exec-5] DEBUG c.z.e.m.m.a.AdminMapper.selectById - <==      Total: 1
2026-04-28 21:59:24.711 [http-nio-8080-exec-5] DEBUG c.z.e.m.m.a.A.findAdminInfoById - ==>  Preparing: select * from admin_admin left join admin_admin_role on admin_admin.admin_id = admin_admin_role.adminId left join admin_role on admin_admin_role.roleId = admin_role.role_id and admin_role.deleted = 0 left join admin_role_permission on admin_role.role_id = admin_role_permission.roleId left join admin_permission on admin_role_permission.permissionId = admin_permission.permission_id and admin_permission.deleted = 0 where admin_admin.admin_id = ? and admin_admin.deleted = 0
2026-04-28 21:59:24.711 [http-nio-8080-exec-5] DEBUG c.z.e.m.m.a.A.findAdminInfoById - ==> Parameters: 1(Integer)
2026-04-28 21:59:24.833 [http-nio-8080-exec-5] DEBUG c.z.e.m.m.a.A.findAdminInfoById - <==      Total: 1
2026-04-28 21:59:24.834 [http-nio-8080-exec-5] INFO  c.z.e.interceptor.UsallyInterceptor - 【请求开始】Method: POST, URI: /api/admin/resumeTemplate/findResumeTemplateByPage, Controller: AdminResumeTemplateController.findResumeTemplateByPage, IP: 0:0:0:0:0:0:0:1, Params: {"pageSize":"10","pageNum":"1"}
2026-04-28 21:59:24.903 [http-nio-8080-exec-5] INFO  c.z.e.s.s.S.ServiceLogAspect - 【Service执行】类: ResumeTemplateServiceImpl, 方法: findResumeTemplateByPage, 参数: [1,10,{"resumeTemplateName":""}]
2026-04-28 21:59:25.173 [http-nio-8080-exec-5] INFO  c.z.e.s.s.S.ServiceLogAspect - 【Service完成】类: ResumeTemplateServiceImpl, 方法: findResumeTemplateByPage, 返回值: {"records":[{"resumeTemplateId":1,"resumeTemplateName":"后端开发工程师简历模版","resumeTemplateReactCode":"const ResumeTemplateBackend = () => {\n  const styles = {\n    container: {\n      fontFamily: \"'Microsoft YaHei', sans-serif\",\n      maxWidth: '800px',\n      margin: '0 auto',\n      padding: '40px',\n      background: 'white',\n    },\n    header: {\n      textAlign: 'center',\n      marginBottom: '30px',\n      borderBottom: '2px solid #1890ff',\n      paddingBottom: '20px',\n    },\n    name: {\n      fontSize: '28px',\n      fontWeight: 'bold',\n      color: '#1890ff',\n      marginBottom: '10px',\n    },\n    contact: {\n      fontSize: '14px',\n      color: '#666',\n    },\n    section: {\n      marginBottom: '25px',\n    },\n    sectionTitle: {\n      fontSize: '18px',\n      fontWeight: 'bold',\n      color: '#1890ff',\n      borderLeft: '4px solid #1890ff',\n      paddingLeft: '10px',\n      marginBottom: '15px',\n    },\n    item: {\n      marginBottom: '15px',\n    },\n    itemHeader: {\n      display: 'flex',\n      justifyContent: 'space-between',\n      marginBottom: '5px',\n    },\n    itemTitle: {\n      fontWeight: 'bold',\n      fontSize: '15px',\n    },\n    itemDate: {\n      color: '#999',\n      fontSize: '13px',\n    },\n    itemDesc: {\n      fontSize: '14px',\n      color: '#333',\n      lineHeight: '1.6',\n    },\n    skills: {\n      display: 'flex',\n      flexWrap: 'wrap',\n      gap: '8px',\n    },\n    skill: {\n      background: '#e6f7ff',\n      color: '#1890ff',\n      padding: '4px 12px',\n      borderRadius: '4px',\n      fontSize: '13px',\n    },\n  };\n\n  return (\n    <div style={styles.container}>\n      <div style={styles.header}>\n        <div style={styles.name}>张三</div>\n        <div style={styles.contact}>\n          📱 138-0000-0000 | ✉️ zhangsan@email.com | 📍 北京市\n        </div>\n      </div>\n\n      <div style={styles.section}>\n        <div style={styles.sectionTitle}>教育背景</div>\n        <div style={styles.item}>\n          <div style={styles.itemHeader}>\n            <span style={styles.itemTitle}>北京大学 · 计算机科学与技术</span>\n            <span style={styles.itemDate}>2018.09 - 2022.06</span>\n          </div>\n          <div style={styles.itemDesc}>本科 | GPA: 3.8/4.0</div>\n        </div>\n      </div>\n\n      <div style={styles.section}>\n        <div style={styles.sectionTitle}>工作经历</div>\n        <div style={styles.item}>\n          <div style={styles.itemHeader}>\n            <span style={styles.itemTitle}>字节跳动 · 后端开发工程师</span>\n            <span style={styles.itemDate}>2022.07 - 至今</span>\n          </div>\n          <div style={styles.itemDesc}>\n            • 负责抖音电商后端服务开发，基于Go + Gin框架搭建高可用接口<br/>\n            • 优化MySQL查询语句，核心接口响应时间降低 60%，QPS提升至10w+<br/>\n            • 设计分布式缓存架构，使用Redis集群解决热点数据访问瓶颈\n          </div>\n        </div>\n      </div>\n\n      <div style={styles.section}>\n        <div style={styles.sectionTitle}>项目经验</div>\n        <div style={styles.item}>\n          <div style={styles.itemHeader}>\n            <span style={styles.itemTitle}>电商订单系统重构</span>\n            <span style={styles.itemDate}>2023.01 - 2023.06</span>\n          </div>\n          <div style={styles.itemDesc}>\n            • 采用微服务架构拆分单体订单系统，基于K8s实现服务容器化部署<br/>\n            • 集成RocketMQ实现订单消息异步处理，保证数据最终一致性<br/>\n            • 编写接口自动化测试用例，覆盖率达95%，线上bug率降低 40%\n          </div>\n        </div>\n      </div>\n\n      <div style={styles.section}>\n        <div style={styles.sectionTitle}>专业技能</div>\n        <div style={styles.skills}>\n          <span style={styles.skill}>Go</span>\n          <span style={styles.skill}>Java</span>\n          <span style={styles.skill}>MySQL</span>\n          <span style={styles.skill}>Redis</span>\n          <span style={styles.skill}>K8s</span>\n          <span style={styles.skill}>微服务</span>\n          <span style={styles.skill}>Gin</span>\n          <span style={styles.skill}>Git</span>\n        </div>\n      </div>\n    </div>\n  );\n};","industryMapIndustryName":"互联网","resumeTemplateIsActive":1,"resumeTemplateCreatedTime":1765641600000,"resumeTemplateUpdatedTime":1768147200000},{"resumeTemplateId":2,"resumeTemplateName":"运营简历模版","resumeTemplateReactCode":"const ResumeTemplateOperation = () => {\n  const styles = {\n    // 沿用统一样式，和后端模板完全一致\n    container: {\n      fontFamily: \"'Microsoft YaHei', sans-serif\",\n      maxWidth: '800px',\n      margin: '0 auto',\n      padding: '40px',\n      background: 'white',\n    },\n    header: {\n      textAlign: 'center',\n      marginBottom: '30px',\n      borderBottom: '2px solid #1890ff',\n      paddingBottom: '20px',\n    },\n    name: {\n      fontSize: '28px',\n      fontWeight: 'bold',\n      color: '#1890ff',\n      marginBottom: '10px',\n    },\n    contact: {\n      fontSize: '14px',\n      color: '#666',\n    },\n    section: {\n      marginBottom: '25px',\n    },\n    sectionTitle: {\n      fontSize: '18px',\n      fontWeight: 'bold',\n      color: '#1890ff',\n      borderLeft: '4px solid #1890ff',\n      paddingLeft: '10px',\n      marginBottom: '15px',\n    },\n    item: {\n      marginBottom: '15px',\n    },\n    itemHeader: {\n      display: 'flex',\n      justifyContent: 'space-between',\n      marginBottom: '5px',\n    },\n    itemTitle: {\n      fontWeight: 'bold',\n      fontSize: '15px',\n    },\n    itemDate: {\n      color: '#999',\n      fontSize: '13px',\n    },\n    itemDesc: {\n      fontSize: '14px',\n      color: '#333',\n      lineHeight: '1.6',\n    },\n    skills: {\n      display: 'flex',\n      flexWrap: 'wrap',\n      gap: '8px',\n    },\n    skill: {\n      background: '#e6f7ff',\n      color: '#1890ff',\n      padding: '4px 12px',\n      borderRadius: '4px',\n      fontSize: '13px',\n    },\n  };\n\n  return (\n    <div style={styles.container}>\n      <div style={styles.header}>\n        <div style={styles.name}>张三</div>\n        <div style={styles.contact}>\n          📱 138-0000-0000 | ✉️ zhangsan@email.com | 📍 北京市\n        </div>\n      </div>\n\n      <div style={styles.section}>\n        <div style={styles.sectionTitle}>教育背景</div>\n        <div style={styles.item}>\n          <div style={styles.itemHeader}>\n            <span style={styles.itemTitle}>中国传媒大学 · 市场营销</span>\n            <span style={styles.itemDate}>2018.09 - 2022.06</span>\n          </div>\n          <div style={styles.itemDesc}>本科 | GPA: 3.7/4.0</div>\n        </div>\n      </div>\n\n      <div style={styles.section}>\n        <div style={styles.sectionTitle}>工作经历</div>\n        <div style={styles.item}>\n          <div style={styles.itemHeader}>\n            <span style={styles.itemTitle}>小红书 · 用户运营</span>\n            <span style={styles.itemDate}>2022.07 - 至今</span>\n          </div>\n          <div style={styles.itemDesc}>\n            • 负责美妆垂类用户增长，策划「美妆好物测评」活动，新增精准用户50w+<br/>\n            • 搭建用户分层体系，针对高价值用户制定专属权益，用户留存率提升 25%<br/>\n            • 分析用户行为数据，输出周/月运营报告，指导内容策略调整，笔记互动率提升 30%\n          </div>\n        </div>\n      </div>\n\n      <div style={styles.section}>\n        <div style={styles.sectionTitle}>项目经验</div>\n        <div style={styles.item}>\n          <div style={styles.itemHeader}>\n            <span style={styles.itemTitle}>小红书618美妆宠粉节</span>\n            <span style={styles.itemDate}>2023.04 - 2023.06</span>\n          </div>\n          <div style={styles.itemDesc}>\n            • 策划跨平台联动活动，联合100+美妆博主产出内容，曝光量达8000w+<br/>\n            • 优化活动转化路径，引导用户参与抽奖/下单，活动GMV突破1.2亿<br/>\n            • 复盘活动数据，总结核心转化节点问题，输出可复用的活动SOP\n          </div>\n        </div>\n      </div>\n\n      <div style={styles.section}>\n        <div style={styles.sectionTitle}>专业技能</div>\n        <div style={styles.skills}>\n          <span style={styles.skill}>用户增长</span>\n          <span style={styles.skill}>活动策划</span>\n          <span style={styles.skill}>数据分析</span>\n          <span style={styles.skill}>Excel</span>\n          <span style={styles.skill}>SQL</span>\n          <span style={styles.skill}>用户分层</span>\n          <span style={styles.skill}>内容运营</span>\n          <span style={styles.skill}>复盘总结</span>\n        </div>\n      </div>\n    </div>\n  );\n};","industryMapIndustryName":"互联网","resumeTemplateIsActive":1,"resumeTemplateCreatedTime":1768147200000,"resumeTemplateUpdatedTime":1768147200000},{"resumeTemplateId":3,"resumeTemplateName":"产品经理简历模版","resumeTemplateReactCode":"const ResumeTemplateProduct = () => {\n  const styles = {\n    // 统一样式，和上述模板一致\n    container: {\n      fontFamily: \"'Microsoft YaHei', sans-serif\",\n      maxWidth: '800px',\n      margin: '0 auto',\n      padding: '40px',\n      background: 'white',\n    },\n    header: {\n      textAlign: 'center',\n      marginBottom: '30px',\n      borderBottom: '2px solid #1890ff',\n      paddingBottom: '20px',\n    },\n    name: {\n      fontSize: '28px',\n      fontWeight: 'bold',\n      color: '#1890ff',\n      marginBottom: '10px',\n    },\n    contact: {\n      fontSize: '14px',\n      color: '#666',\n    },\n    section: {\n      marginBottom: '25px',\n    },\n    sectionTitle: {\n      fontSize: '18px',\n      fontWeight: 'bold',\n      color: '#1890ff',\n      borderLeft: '4px solid #1890ff',\n      paddingLeft: '10px',\n      marginBottom: '15px',\n    },\n    item: {\n      marginBottom: '15px',\n    },\n    itemHeader: {\n      display: 'flex',\n      justifyContent: 'space-between',\n      marginBottom: '5px',\n    },\n    itemTitle: {\n      fontWeight: 'bold',\n      fontSize: '15px',\n    },\n    itemDate: {\n      color: '#999',\n      fontSize: '13px',\n    },\n    itemDesc: {\n      fontSize: '14px',\n      color: '#333',\n      lineHeight: '1.6',\n    },\n    skills: {\n      display: 'flex',\n      flexWrap: 'wrap',\n      gap: '8px',\n    },\n    skill: {\n      background: '#e6f7ff',\n      color: '#1890ff',\n      padding: '4px 12px',\n      borderRadius: '4px',\n      fontSize: '13px',\n    },\n  };\n\n  return (\n    <div style={styles.container}>\n      <div style={styles.header}>\n        <div style={styles.name}>张三</div>\n        <div style={styles.contact}>\n          📱 138-0000-0000 | ✉️ zhangsan@email.com | 📍 北京市\n        </div>\n      </div>\n\n      <div style={styles.section}>\n        <div style={styles.sectionTitle}>教育背景</div>\n        <div style={styles.item}>\n          <div style={styles.itemHeader}>\n            <span style={styles.itemTitle}>清华大学 · 工业工程</span>\n            <span style={styles.itemDate}>2018.09 - 2022.06</span>\n          </div>\n          <div style={styles.itemDesc}>本科 | GPA: 3.8/4.0</div>\n        </div>\n      </div>\n\n      <div style={styles.section}>\n        <div style={styles.sectionTitle}>工作经历</div>\n        <div style={styles.item}>\n          <div style={styles.itemHeader}>\n            <span style={styles.itemTitle}>美团 · 产品经理</span>\n            <span style={styles.itemDate}>2022.07 - 至今</span>\n          </div>\n          <div style={styles.itemDesc}>\n            • 负责外卖商家端订单模块产品设计，调研500+商家需求，输出PRD和原型图<br/>\n            • 主导订单催单功能迭代，优化用户体验，催单成功率提升 35%，差评率降低 18%<br/>\n            • 协调研发/测试/运营团队，推动功能落地，按时上线率100%\n          </div>\n        </div>\n      </div>\n\n      <div style={styles.section}>\n        <div style={styles.sectionTitle}>项目经验</div>\n        <div style={styles.item}>\n          <div style={styles.itemHeader}>\n            <span style={styles.itemTitle}>美团商家端智能对账系统</span>\n            <span style={styles.itemDate}>2023.01 - 2023.06</span>\n          </div>\n          <div style={styles.itemDesc}>\n            • 基于用户调研和数据分析，定义智能对账系统核心功能和交互逻辑<br/>\n            • 使用Axure制作高保真原型，撰写详细PRD，组织需求评审会<br/>\n            • 上线后商家对账效率提升 70%，对账相关客诉量降低 60%\n          </div>\n        </div>\n      </div>\n\n      <div style={styles.section}>\n        <div style={styles.sectionTitle}>专业技能</div>\n        <div style={styles.skills}>\n          <span style={styles.skill}>Axure</span>\n          <span style={styles.skill}>PRD撰写</span>\n          <span style={styles.skill}>用户调研</span>\n          <span style={styles.skill}>需求分析</span>\n          <span style={styles.skill}>数据分析</span>\n          <span style={styles.skill}>产品迭代</span>\n          <span style={styles.skill}>Figma</span>\n          <span style={styles.skill}>项目管理</span>\n        </div>\n      </div>\n    </div>\n  );\n};","industryMapIndustryName":"互联网","resumeTemplateIsActive":1,"resumeTemplateCreatedTime":1768147200000,"resumeTemplateUpdatedTime":1768147200000},{"resumeTemplateId":4,"resumeTemplateName":"UI/UX设计师简历模版","resumeTemplateReactCode":"const ResumeTemplateDesign = () => {\n  const styles = {\n    // 统一样式\n    container: {\n      fontFamily: \"'Microsoft YaHei', sans-serif\",\n      maxWidth: '800px',\n      margin: '0 auto',\n      padding: '40px',\n      background: 'white',\n    },\n    header: {\n      textAlign: 'center',\n      marginBottom: '30px',\n      borderBottom: '2px solid #1890ff',\n      paddingBottom: '20px',\n    },\n    name: {\n      fontSize: '28px',\n      fontWeight: 'bold',\n      color: '#1890ff',\n      marginBottom: '10px',\n    },\n    contact: {\n      fontSize: '14px',\n      color: '#666',\n    },\n    section: {\n      marginBottom: '25px',\n    },\n    sectionTitle: {\n      fontSize: '18px',\n      fontWeight: 'bold',\n      color: '#1890ff',\n      borderLeft: '4px solid #1890ff',\n      paddingLeft: '10px',\n      marginBottom: '15px',\n    },\n    item: {\n      marginBottom: '15px',\n    },\n    itemHeader: {\n      display: 'flex',\n      justifyContent: 'space-between',\n      marginBottom: '5px',\n    },\n    itemTitle: {\n      fontWeight: 'bold',\n      fontSize: '15px',\n    },\n    itemDate: {\n      color: '#999',\n      fontSize: '13px',\n    },\n    itemDesc: {\n      fontSize: '14px',\n      color: '#333',\n      lineHeight: '1.6',\n    },\n    skills: {\n      display: 'flex',\n      flexWrap: 'wrap',\n      gap: '8px',\n    },\n    skill: {\n      background: '#e6f7ff',\n      color: '#1890ff',\n      padding: '4px 12px',\n      borderRadius: '4px',\n      fontSize: '13px',\n    },\n  };\n\n  return (\n    <div style={styles.container}>\n      <div style={styles.header}>\n        <div style={styles.name}>张三</div>\n        <div style={styles.contact}>\n          📱 138-0000-0000 | ✉️ zhangsan@email.com | 📍 北京市 | 作品集：xxx.figma.com\n        </div>\n      </div>\n\n      <div style={styles.section}>\n        <div style={styles.sectionTitle}>教育背景</div>\n        <div style={styles.item}>\n          <div style={styles.itemHeader}>\n            <span style={styles.itemTitle}>中央美术学院 · 视觉传达设计</span>\n            <span style={styles.itemDate}>2018.09 - 2022.06</span>\n          </div>\n          <div style={styles.itemDesc}>本科 | GPA: 3.8/4.0</div>\n        </div>\n      </div>\n\n      <div style={styles.section}>\n        <div style={styles.sectionTitle}>工作经历</div>\n        <div style={styles.item}>\n          <div style={styles.itemHeader}>\n            <span style={styles.itemTitle}>腾讯 · UI/UX设计师</span>\n            <span style={styles.itemDate}>2022.07 - 至今</span>\n          </div>\n          <div style={styles.itemDesc}>\n            • 负责微信视频号创作者中心UI设计，制定视觉规范，统一设计语言<br/>\n            • 开展用户可用性测试，优化交互流程，创作者操作效率提升 40%<br/>\n            • 设计节日主题皮肤和运营活动视觉，提升页面点击率 35%\n          </div>\n        </div>\n      </div>\n\n      <div style={styles.section}>\n        <div style={styles.sectionTitle}>项目经验</div>\n        <div style={styles.item}>\n          <div style={styles.itemHeader}>\n            <span style={styles.itemTitle}>视频号小店改版设计</span>\n            <span style={styles.itemDate}>2023.01 - 2023.06</span>\n          </div>\n          <div style={styles.itemDesc}>\n            • 基于用户画像和使用场景，重构小店页面布局和交互逻辑<br/>\n            • 使用Figma完成高保真原型和设计稿，输出标注和切图<br/>\n            • 配合研发团队还原设计效果，上线后小店转化率提升 28%\n          </div>\n        </div>\n      </div>\n\n      <div style={styles.section}>\n        <div style={styles.sectionTitle}>专业技能</div>\n        <div style={styles.skills}>\n          <span style={styles.skill}>Figma</span>\n          <span style={styles.skill}>Sketch</span>\n          <span style={styles.skill}>AE</span>\n          <span style={styles.skill}>用户研究</span>\n          <span style={styles.skill}>交互设计</span>\n          <span style={styles.skill}>视觉设计</span>\n          <span style={styles.skill}>设计规范</span>\n          <span style={styles.skill}>可用性测试</span>\n        </div>\n      </div>\n    </div>\n  );\n};","industryMapIndustryName":"互联网","resumeTemplateIsActive":1,"resumeTemplateCreatedTime":1768147200000,"resumeTemplateUpdatedTime":1768147200000},{"resumeTemplateId":5,"resumeTemplateName":"软件测试工程师 简历模板","resumeTemplateReactCode":"const ResumeTemplateTest = () => {\n  const styles = {\n    // 统一样式\n    container: {\n      fontFamily: \"'Microsoft YaHei', sans-serif\",\n      maxWidth: '800px',\n      margin: '0 auto',\n      padding: '40px',\n      background: 'white',\n    },\n    header: {\n      textAlign: 'center',\n      marginBottom: '30px',\n      borderBottom: '2px solid #1890ff',\n      paddingBottom: '20px',\n    },\n    name: {\n      fontSize: '28px',\n      fontWeight: 'bold',\n      color: '#1890ff',\n      marginBottom: '10px',\n    },\n    contact: {\n      fontSize: '14px',\n      color: '#666',\n    },\n    section: {\n      marginBottom: '25px',\n    },\n    sectionTitle: {\n      fontSize: '18px',\n      fontWeight: 'bold',\n      color: '#1890ff',\n      borderLeft: '4px solid #1890ff',\n      paddingLeft: '10px',\n      marginBottom: '15px',\n    },\n    item: {\n      marginBottom: '15px',\n    },\n    itemHeader: {\n      display: 'flex',\n      justifyContent: 'space-between',\n      marginBottom: '5px',\n    },\n    itemTitle: {\n      fontWeight: 'bold',\n      fontSize: '15px',\n    },\n    itemDate: {\n      color: '#999',\n      fontSize: '13px',\n    },\n    itemDesc: {\n      fontSize: '14px',\n      color: '#333',\n      lineHeight: '1.6',\n    },\n    skills: {\n      display: 'flex',\n      flexWrap: 'wrap',\n      gap: '8px',\n    },\n    skill: {\n      background: '#e6f7ff',\n      color: '#1890ff',\n      padding: '4px 12px',\n      borderRadius: '4px',\n      fontSize: '13px',\n    },\n  };\n\n  return (\n    <div style={styles.container}>\n      <div style={styles.header}>\n        <div style={styles.name}>张三</div>\n        <div style={styles.contact}>\n          📱 138-0000-0000 | ✉️ zhangsan@email.com | 📍 北京市\n        </div>\n      </div>\n\n      <div style={styles.section}>\n        <div style={styles.sectionTitle}>教育背景</div>\n        <div style={styles.item}>\n          <div style={styles.itemHeader}>\n            <span style={styles.itemTitle}>北京邮电大学 · 软件工程</span>\n            <span style={styles.itemDate}>2018.09 - 2022.06</span>\n          </div>\n          <div style={styles.itemDesc}>本科 | GPA: 3.7/4.0</div>\n        </div>\n      </div>\n\n      <div style={styles.section}>\n        <div style={styles.sectionTitle}>工作经历</div>\n        <div style={styles.item}>\n          <div style={styles.itemHeader}>\n            <span style={styles.itemTitle}>网易 · 软件测试工程师</span>\n            <span style={styles.itemDate}>2022.07 - 至今</span>\n          </div>\n          <div style={styles.itemDesc}>\n            • 负责网易云音乐APP功能测试，编写测试用例，覆盖率达98%<br/>\n            • 基于Python + Selenium搭建自动化测试框架，回归测试效率提升 70%<br/>\n            • 执行性能测试，发现并优化接口性能瓶颈，APP启动速度提升 40%\n          </div>\n        </div>\n      </div>\n\n      <div style={styles.section}>\n        <div style={styles.sectionTitle}>项目经验</div>\n        <div style={styles.item}>\n          <div style={styles.itemHeader}>\n            <span style={styles.itemTitle}>网易云音乐8.0版本测试</span>\n            <span style={styles.itemDate}>2023.01 - 2023.06</span>\n          </div>\n          <div style={styles.itemDesc}>\n            • 制定测试计划，完成功能、兼容性、性能全维度测试<br/>\n            • 使用JMeter进行高并发测试，模拟10w+用户访问，保障版本稳定上线<br/>\n            • 跟踪并闭环bug，线上bug率控制在0.1%以内\n          </div>\n        </div>\n      </div>\n\n      <div style={styles.section}>\n        <div style={styles.sectionTitle}>专业技能</div>\n        <div style={styles.skills}>\n          <span style={styles.skill}>Python</span>\n          <span style={styles.skill}>Selenium</span>\n          <span style={styles.skill}>JMeter</span>\n          <span style={styles.skill}>Postman</span>\n          <span style={styles.skill}>测试用例设计</span>\n          <span style={styles.skill}>自动化测试</span>\n          <span style={styles.skill}>性能测试</span>\n          <span style={styles.skill}>Bug管理</span>\n        </div>\n      </div>\n    </div>\n  );\n};","industryMapIndustryName":"互联网","resumeTemplateIsActive":1,"resumeTemplateCreatedTime":1768147200000,"resumeTemplateUpdatedTime":1768147200000},{"resumeTemplateId":6,"resumeTemplateName":"数据分析师简历模版","resumeTemplateReactCode":"const ResumeTemplateDataAnalysis = () => {\n  const styles = {\n    container: {\n      fontFamily: \"'Microsoft YaHei', sans-serif\",\n      maxWidth: '800px',\n      margin: '0 auto',\n      padding: '40px',\n      background: 'white',\n    },\n    header: {\n      textAlign: 'center',\n      marginBottom: '30px',\n      borderBottom: '2px solid #1890ff',\n      paddingBottom: '20px',\n    },\n    name: {\n      fontSize: '28px',\n      fontWeight: 'bold',\n      color: '#1890ff',\n      marginBottom: '10px',\n    },\n    contact: {\n      fontSize: '14px',\n      color: '#666',\n    },\n    section: {\n      marginBottom: '25px',\n    },\n    sectionTitle: {\n      fontSize: '18px',\n      fontWeight: 'bold',\n      color: '#1890ff',\n      borderLeft: '4px solid #1890ff',\n      paddingLeft: '10px',\n      marginBottom: '15px',\n    },\n    item: {\n      marginBottom: '15px',\n    },\n    itemHeader: {\n      display: 'flex',\n      justifyContent: 'space-between',\n      marginBottom: '5px',\n    },\n    itemTitle: {\n      fontWeight: 'bold',\n      fontSize: '15px',\n    },\n    itemDate: {\n      color: '#999',\n      fontSize: '13px',\n    },\n    itemDesc: {\n      fontSize: '14px',\n      color: '#333',\n      lineHeight: '1.6',\n    },\n    skills: {\n      display: 'flex',\n      flexWrap: 'wrap',\n      gap: '8px',\n    },\n    skill: {\n      background: '#e6f7ff',\n      color: '#1890ff',\n      padding: '4px 12px',\n      borderRadius: '4px',\n      fontSize: '13px',\n    },\n  };\n\n  return (\n    <div style={styles.container}>\n      <div style={styles.header}>\n        <div style={styles.name}>张三</div>\n        <div style={styles.contact}>\n          📱 138-0000-0000 | ✉️ zhangsan@email.com | 📍 北京市\n        </div>\n      </div>\n\n      <div style={styles.section}>\n        <div style={styles.sectionTitle}>教育背景</div>\n        <div style={styles.item}>\n          <div style={styles.itemHeader}>\n            <span style={styles.itemTitle}>复旦大学 · 统计学</span>\n            <span style={styles.itemDate}>2018.09 - 2022.06</span>\n          </div>\n          <div style={styles.itemDesc}>本科 | GPA: 3.7/4.0</div>\n        </div>\n      </div>\n\n      <div style={styles.section}>\n        <div style={styles.sectionTitle}>工作经历</div>\n        <div style={styles.item}>\n          <div style={styles.itemHeader}>\n            <span style={styles.itemTitle}>京东 · 数据分析师</span>\n            <span style={styles.itemDate}>2022.07 - 至今</span>\n          </div>\n          <div style={styles.itemDesc}>\n            • 负责电商用户行为分析，使用SQL提取海量数据，构建用户画像模型<br/>\n            • 用Python（Pandas/Numpy）进行数据清洗和建模，识别高价值用户群体，指导运营策略<br/>\n            • 搭建Tableau可视化报表，实时监控GMV、转化率等核心指标，支撑业务决策\n          </div>\n        </div>\n      </div>\n\n      <div style={styles.section}>\n        <div style={styles.sectionTitle}>项目经验</div>\n        <div style={styles.item}>\n          <div style={styles.itemHeader}>\n            <span style={styles.itemTitle}>京东618大促数据洞察项目</span>\n            <span style={styles.itemDate}>2023.04 - 2023.06</span>\n          </div>\n          <div style={styles.itemDesc}>\n            • 分析历史大促数据，挖掘用户购买行为规律，输出《大促用户转化路径分析报告》<br/>\n            • 设计A/B测试方案，优化商品推荐逻辑，大促期间转化率提升 18%<br/>\n            • 搭建实时数据监控看板，支持运营团队快速调整策略，GMV同比增长 35%\n          </div>\n        </div>\n      </div>\n\n      <div style={styles.section}>\n        <div style={styles.sectionTitle}>专业技能</div>\n        <div style={styles.skills}>\n          <span style={styles.skill}>SQL</span>\n          <span style={styles.skill}>Python</span>\n          <span style={styles.skill}>Pandas</span>\n          <span style={styles.skill}>Tableau</span>\n          <span style={styles.skill}>数据可视化</span>\n          <span style={styles.skill}>用户画像</span>\n          <span style={styles.skill}>业务分析</span>\n          <span style={styles.skill}>Excel</span>\n        </div>\n      </div>\n    </div>\n  );\n};","industryMapIndustryName":"互联网","resumeTemplateIsActive":1,"resumeTemplateCreatedTime":1768147200000,"resumeTemplateUpdatedTime":1768147200000},{"resumeTemplateId":7,"resumeTemplateName":"算法工程师简历模版","resumeTemplateReactCode":"const ResumeTemplateAlgorithm = () => {\n  const styles = {\n    container: {\n      fontFamily: \"'Microsoft YaHei', sans-serif\",\n      maxWidth: '800px',\n      margin: '0 auto',\n      padding: '40px',\n      background: 'white',\n    },\n    header: {\n      textAlign: 'center',\n      marginBottom: '30px',\n      borderBottom: '2px solid #1890ff',\n      paddingBottom: '20px',\n    },\n    name: {\n      fontSize: '28px',\n      fontWeight: 'bold',\n      color: '#1890ff',\n      marginBottom: '10px',\n    },\n    contact: {\n      fontSize: '14px',\n      color: '#666',\n    },\n    section: {\n      marginBottom: '25px',\n    },\n    sectionTitle: {\n      fontSize: '18px',\n      fontWeight: 'bold',\n      color: '#1890ff',\n      borderLeft: '4px solid #1890ff',\n      paddingLeft: '10px',\n      marginBottom: '15px',\n    },\n    item: {\n      marginBottom: '15px',\n    },\n    itemHeader: {\n      display: 'flex',\n      justifyContent: 'space-between',\n      marginBottom: '5px',\n    },\n    itemTitle: {\n      fontWeight: 'bold',\n      fontSize: '15px',\n    },\n    itemDate: {\n      color: '#999',\n      fontSize: '13px',\n    },\n    itemDesc: {\n      fontSize: '14px',\n      color: '#333',\n      lineHeight: '1.6',\n    },\n    skills: {\n      display: 'flex',\n      flexWrap: 'wrap',\n      gap: '8px',\n    },\n    skill: {\n      background: '#e6f7ff',\n      color: '#1890ff',\n      padding: '4px 12px',\n      borderRadius: '4px',\n      fontSize: '13px',\n    },\n  };\n\n  return (\n    <div style={styles.container}>\n      <div style={styles.header}>\n        <div style={styles.name}>张三</div>\n        <div style={styles.contact}>\n          📱 138-0000-0000 | ✉️ zhangsan@email.com | 📍 北京市 | GitHub: github.com/xxx\n        </div>\n      </div>\n\n      <div style={styles.section}>\n        <div style={styles.sectionTitle}>教育背景</div>\n        <div style={styles.item}>\n          <div style={styles.itemHeader}>\n            <span style={styles.itemTitle}>浙江大学 · 计算机应用技术</span>\n            <span style={styles.itemDate}>2018.09 - 2022.06</span>\n          </div>\n          <div style={styles.itemDesc}>硕士 | GPA: 3.9/4.0 | 研究方向：自然语言处理</div>\n        </div>\n      </div>\n\n      <div style={styles.section}>\n        <div style={styles.sectionTitle}>工作经历</div>\n        <div style={styles.item}>\n          <div style={styles.itemHeader}>\n            <span style={styles.itemTitle}>百度 · 算法工程师</span>\n            <span style={styles.itemDate}>2022.07 - 至今</span>\n          </div>\n          <div style={styles.itemDesc}>\n            • 负责百度搜索相关性算法优化，基于深度学习模型（BERT）提升搜索结果准确率<br/>\n            • 设计召回层算法，优化候选集生成策略，搜索召回率提升 22%<br/>\n            • 参与大规模机器学习平台搭建，基于TensorFlow实现模型分布式训练，训练效率提升 50%\n          </div>\n        </div>\n      </div>\n\n      <div style={styles.section}>\n        <div style={styles.sectionTitle}>项目经验</div>\n        <div style={styles.item}>\n          <div style={styles.itemHeader}>\n            <span style={styles.itemTitle}>智能问答系统研发</span>\n            <span style={styles.itemDate}>2023.01 - 2023.06</span>\n          </div>\n          <div style={styles.itemDesc}>\n            • 基于Transformer架构设计端到端问答模型，融合知识图谱提升回答准确性<br/>\n            • 优化模型推理速度，通过模型量化和剪枝，推理延迟降低 30%<br/>\n            • 该系统已应用于百度APP智能助手，用户满意度提升 28%\n          </div>\n        </div>\n      </div>\n\n      <div style={styles.section}>\n        <div style={styles.sectionTitle}>专业技能</div>\n        <div style={styles.skills}>\n          <span style={styles.skill}>Python</span>\n          <span style={styles.skill}>TensorFlow</span>\n          <span style={styles.skill}>PyTorch</span>\n          <span style={styles.skill}>机器学习</span>\n          <span style={styles.skill}>深度学习</span>\n          <span style={styles.skill}>NLP</span>\n          <span style={styles.skill}>算法优化</span>\n          <span style={styles.skill}>分布式训练</span>\n        </div>\n      </div>\n    </div>\n  );\n};","industryMapIndustryName":"互联网","resumeTemplateIsActive":1,"resumeTemplateCreatedTime":1768147200000,"resumeTemplateUpdatedTime":1768147200000},{"resumeTemplateId":8,"resumeTemplateName":"新媒体运营简历模版","resumeTemplateReactCode":"const ResumeTemplateNewMedia = () => {\n  const styles = {\n    container: {\n      fontFamily: \"'Microsoft YaHei', sans-serif\",\n      maxWidth: '800px',\n      margin: '0 auto',\n      padding: '40px',\n      background: 'white',\n    },\n    header: {\n      textAlign: 'center',\n      marginBottom: '30px',\n      borderBottom: '2px solid #1890ff',\n      paddingBottom: '20px',\n    },\n    name: {\n      fontSize: '28px',\n      fontWeight: 'bold',\n      color: '#1890ff',\n      marginBottom: '10px',\n    },\n    contact: {\n      fontSize: '14px',\n      color: '#666',\n    },\n    section: {\n      marginBottom: '25px',\n    },\n    sectionTitle: {\n      fontSize: '18px',\n      fontWeight: 'bold',\n      color: '#1890ff',\n      borderLeft: '4px solid #1890ff',\n      paddingLeft: '10px',\n      marginBottom: '15px',\n    },\n    item: {\n      marginBottom: '15px',\n    },\n    itemHeader: {\n      display: 'flex',\n      justifyContent: 'space-between',\n      marginBottom: '5px',\n    },\n    itemTitle: {\n      fontWeight: 'bold',\n      fontSize: '15px',\n    },\n    itemDate: {\n      color: '#999',\n      fontSize: '13px',\n    },\n    itemDesc: {\n      fontSize: '14px',\n      color: '#333',\n      lineHeight: '1.6',\n    },\n    skills: {\n      display: 'flex',\n      flexWrap: 'wrap',\n      gap: '8px',\n    },\n    skill: {\n      background: '#e6f7ff',\n      color: '#1890ff',\n      padding: '4px 12px',\n      borderRadius: '4px',\n      fontSize: '13px',\n    },\n  };\n\n  return (\n    <div style={styles.container}>\n      <div style={styles.header}>\n        <div style={styles.name}>张三</div>\n        <div style={styles.contact}>\n          📱 138-0000-0000 | ✉️ zhangsan@email.com | 📍 北京市 | 公众号：XXX运营笔记\n        </div>\n      </div>\n\n      <div style={styles.section}>\n        <div style={styles.sectionTitle}>教育背景</div>\n        <div style={styles.item}>\n          <div style={styles.itemHeader}>\n            <span style={styles.itemTitle}>武汉大学 · 新闻传播学</span>\n            <span style={styles.itemDate}>2018.09 - 2022.06</span>\n          </div>\n          <div style={styles.itemDesc}>本科 | GPA: 3.6/4.0</div>\n        </div>\n      </div>\n\n      <div style={styles.section}>\n        <div style={styles.sectionTitle}>工作经历</div>\n        <div style={styles.item}>\n          <div style={styles.itemHeader}>\n            <span style={styles.itemTitle}>字节跳动 · 新媒体运营</span>\n            <span style={styles.itemDate}>2022.07 - 至今</span>\n          </div>\n          <div style={styles.itemDesc}>\n            • 负责抖音「职场干货」账号运营，撰写爆款文案，制作短视频内容，粉丝量从0增长至100w+<br/>\n            • 策划#职场高效技巧#话题活动，联动50+博主参与，话题播放量达1.2亿<br/>\n            • 分析账号数据，优化内容选题和发布策略，视频平均完播率提升 30%\n          </div>\n        </div>\n      </div>\n\n      <div style={styles.section}>\n        <div style={styles.sectionTitle}>项目经验</div>\n        <div style={styles.item}>\n          <div style={styles.itemHeader}>\n            <span style={styles.itemTitle}>小红书「职场新人指南」专栏运营</span>\n            <span style={styles.itemDate}>2023.01 - 2023.06</span>\n          </div>\n          <div style={styles.itemDesc}>\n            • 每周输出2篇原创干货笔记，结合热点和用户需求设计内容，单篇最高点赞10w+<br/>\n            • 搭建粉丝社群，开展互动活动，社群活跃度保持在40%以上<br/>\n            • 专栏累计曝光5000w+，为公司引流精准用户8w+\n          </div>\n        </div>\n      </div>\n\n      <div style={styles.section}>\n        <div style={styles.sectionTitle}>专业技能</div>\n        <div style={styles.skills}>\n          <span style={styles.skill}>内容创作</span>\n          <span style={styles.skill}>短视频剪辑</span>\n          <span style={styles.skill}>公众号运营</span>\n          <span style={styles.skill}>抖音运营</span>\n          <span style={styles.skill}>小红书运营</span>\n          <span style={styles.skill}>流量增长</span>\n          <span style={styles.skill}>粉丝运营</span>\n          <span style={styles.skill}>PS/PR</span>\n        </div>\n      </div>\n    </div>\n  );\n};","industryMapIndustryName":"互联网","resumeTemplateIsActive":1,"resumeTemplateCreatedTime":1768147200000,"resumeTemplateUpdatedTime":1768147200000},{"resumeTemplateId":9,"resumeTemplateName":"前端工程师简历模版","resumeTemplateReactCode":"const ResumeTemplateFrontend = () => {\n  const styles = {\n    container: {\n      fontFamily: \"'Microsoft YaHei', sans-serif\",\n      maxWidth: '800px',\n      margin: '0 auto',\n      padding: '40px',\n      background: 'white',\n    },\n    header: {\n      textAlign: 'center',\n      marginBottom: '30px',\n      borderBottom: '2px solid #1890ff',\n      paddingBottom: '20px',\n    },\n    name: {\n      fontSize: '28px',\n      fontWeight: 'bold',\n      color: '#1890ff',\n      marginBottom: '10px',\n    },\n    contact: {\n      fontSize: '14px',\n      color: '#666',\n    },\n    section: {\n      marginBottom: '25px',\n    },\n    sectionTitle: {\n      fontSize: '18px',\n      fontWeight: 'bold',\n      color: '#1890ff',\n      borderLeft: '4px solid #1890ff',\n      paddingLeft: '10px',\n      marginBottom: '15px',\n    },\n    item: {\n      marginBottom: '15px',\n    },\n    itemHeader: {\n      display: 'flex',\n      justifyContent: 'space-between',\n      marginBottom: '5px',\n    },\n    itemTitle: {\n      fontWeight: 'bold',\n      fontSize: '15px',\n    },\n    itemDate: {\n      color: '#999',\n      fontSize: '13px',\n    },\n    itemDesc: {\n      fontSize: '14px',\n      color: '#333',\n      lineHeight: '1.6',\n    },\n    skills: {\n      display: 'flex',\n      flexWrap: 'wrap',\n      gap: '8px',\n    },\n    skill: {\n      background: '#e6f7ff',\n      color: '#1890ff',\n      padding: '4px 12px',\n      borderRadius: '4px',\n      fontSize: '13px',\n    },\n  };\n\n  return (\n    <div style={styles.container}>\n      <div style={styles.header}>\n        <div style={styles.name}>张三</div>\n        <div style={styles.contact}>\n          📱 138-0000-0000 | ✉️ zhangsan@email.com | 📍 北京市 | GitHub: github.com/xxx\n        </div>\n      </div>\n\n      <div style={styles.section}>\n        <div style={styles.sectionTitle}>教育背景</div>\n        <div style={styles.item}>\n          <div style={styles.itemHeader}>\n            <span style={styles.itemTitle}>上海交通大学 · 计算机科学与技术</span>\n            <span style={styles.itemDate}>2018.09 - 2022.06</span>\n          </div>\n          <div style={styles.itemDesc}>本科 | GPA: 3.7/4.0</div>\n        </div>\n      </div>\n\n      <div style={styles.section}>\n        <div style={styles.sectionTitle}>工作经历</div>\n        <div style={styles.item}>\n          <div style={styles.itemHeader}>\n            <span style={styles.itemTitle}>美团 · 前端开发工程师</span>\n            <span style={styles.itemDate}>2022.07 - 至今</span>\n          </div>\n          <div style={styles.itemDesc}>\n            • 负责美团外卖APP前端页面开发，使用React + TypeScript构建高性能组件<br/>\n            • 优化前端加载性能，通过懒加载、资源压缩等方案，首屏加载时间降低 50%<br/>\n            • 参与团队组件库建设，封装10+通用组件，提升团队开发效率 35%\n          </div>\n        </div>\n      </div>\n\n      <div style={styles.section}>\n        <div style={styles.sectionTitle}>项目经验</div>\n        <div style={styles.item}>\n          <div style={styles.itemHeader}>\n            <span style={styles.itemTitle}>美团外卖商家营销中心改版</span>\n            <span style={styles.itemDate}>2023.01 - 2023.06</span>\n          </div>\n          <div style={styles.itemDesc}>\n            • 基于React 18 + Umi框架重构商家营销中心，优化交互逻辑和视觉效果<br/>\n            • 实现营销活动配置化，支持运营快速上线新活动，无需前端改码<br/>\n            • 集成ECharts实现数据可视化，帮助商家实时监控营销效果\n          </div>\n        </div>\n      </div>\n\n      <div style={styles.section}>\n        <div style={styles.sectionTitle}>专业技能</div>\n        <div style={styles.skills}>\n          <span style={styles.skill}>React</span>\n          <span style={styles.skill}>TypeScript</span>\n          <span style={styles.skill}>Vue.js</span>\n          <span style={styles.skill}>HTML/CSS</span>\n          <span style={styles.skill}>JavaScript</span>\n          <span style={styles.skill}>Webpack</span>\n          <span style={styles.skill}>Vite</span>\n          <span style={styles.skill}>性能优化</span>\n        </div>\n      </div>\n    </div>\n  );\n};","industryMapIndustryName":"互联网","resumeTemplateIsActive":1,"resumeTemplateCreatedTime":1768147200000,"resumeTemplateUpdatedTime":1768147200000},{"resumeTemplateId":10,"resumeTemplateName":"运维工程师简历模版","resumeTemplateReactCode":"const ResumeTemplateDevOps = () => {\n  const styles = {\n    container: {\n      fontFamily: \"'Microsoft YaHei', sans-serif\",\n      maxWidth: '800px',\n      margin: '0 auto',\n      padding: '40px',\n      background: 'white',\n    },\n    header: {\n      textAlign: 'center',\n      marginBottom: '30px',\n      borderBottom: '2px solid #1890ff',\n      paddingBottom: '20px',\n    },\n    name: {\n      fontSize: '28px',\n      fontWeight: 'bold',\n      color: '#1890ff',\n      marginBottom: '10px',\n    },\n    contact: {\n      fontSize: '14px',\n      color: '#666',\n    },\n    section: {\n      marginBottom: '25px',\n    },\n    sectionTitle: {\n      fontSize: '18px',\n      fontWeight: 'bold',\n      color: '#1890ff',\n      borderLeft: '4px solid #1890ff',\n      paddingLeft: '10px',\n      marginBottom: '15px',\n    },\n    item: {\n      marginBottom: '15px',\n    },\n    itemHeader: {\n      display: 'flex',\n      justifyContent: 'space-between',\n      marginBottom: '5px',\n    },\n    itemTitle: {\n      fontWeight: 'bold',\n      fontSize: '15px',\n    },\n    itemDate: {\n      color: '#999',\n      fontSize: '13px',\n    },\n    itemDesc: {\n      fontSize: '14px',\n      color: '#333',\n      lineHeight: '1.6',\n    },\n    skills: {\n      display: 'flex',\n      flexWrap: 'wrap',\n      gap: '8px',\n    },\n    skill: {\n      background: '#e6f7ff',\n      color: '#1890ff',\n      padding: '4px 12px',\n      borderRadius: '4px',\n      fontSize: '13px',\n    },\n  };\n\n  return (\n    <div style={styles.container}>\n      <div style={styles.header}>\n        <div style={styles.name}>张三</div>\n        <div style={styles.contact}>\n          📱 138-0000-0000 | ✉️ zhangsan@email.com | 📍 北京市\n        </div>\n      </div>\n\n      <div style={styles.section}>\n        <div style={styles.sectionTitle}>教育背景</div>\n        <div style={styles.item}>\n          <div style={styles.itemHeader}>\n            <span style={styles.itemTitle}>华南理工大学 · 网络工程</span>\n            <span style={styles.itemDate}>2018.09 - 2022.06</span>\n          </div>\n          <div style={styles.itemDesc}>本科 | GPA: 3.6/4.0</div>\n        </div>\n      </div>\n\n      <div style={styles.section}>\n        <div style={styles.sectionTitle}>工作经历</div>\n        <div style={styles.item}>\n          <div style={styles.itemHeader}>\n            <span style={styles.itemTitle}>阿里云 · 运维工程师</span>\n            <span style={styles.itemDate}>2022.07 - 至今</span>\n          </div>\n          <div style={styles.itemDesc}>\n            • 负责阿里云ECS服务器集群运维，管理1000+台服务器，保障服务可用性99.99%<br/>\n            • 基于Docker + K8s实现服务容器化部署，简化部署流程，发布效率提升 60%<br/>\n            • 搭建Prometheus + Grafana监控体系，实现核心指标实时监控和告警，故障响应时间缩短 70%\n          </div>\n        </div>\n      </div>\n\n      <div style={styles.section}>\n        <div style={styles.sectionTitle}>项目经验</div>\n        <div style={styles.item}>\n          <div style={styles.itemHeader}>\n            <span style={styles.itemTitle}>自动化运维平台搭建</span>\n            <span style={styles.itemDate}>2023.01 - 2023.06</span>\n          </div>\n          <div style={styles.itemDesc}>\n            • 使用Python + Flask开发自动化运维平台，支持服务器批量操作、配置管理、日志分析<br/>\n            • 集成Ansible实现自动化部署和配置同步，减少人工操作80%<br/>\n            • 平台上线后，运维团队工作效率提升 50%，故障发生率降低 35%\n          </div>\n        </div>\n      </div>\n\n      <div style={styles.section}>\n        <div style={styles.sectionTitle}>专业技能</div>\n        <div style={styles.skills}>\n          <span style={styles.skill}>Linux</span>\n          <span style={styles.skill}>Docker</span>\n          <span style={styles.skill}>K8s</span>\n          <span style={styles.skill}>Prometheus</span>\n          <span style={styles.skill}>Grafana</span>\n          <span style={styles.skill}>Python</span>\n          <span style={styles.skill}>Ansible</span>\n          <span style={styles.skill}>云平台</span>\n        </div>\n      </div>\n    </div>\n  );\n};","industryMapIndustryName":"互联网","resumeTemplateIsActive":1,"resumeTemplateCreatedTime":1768147200000,"resumeTemplateUpdatedTime":1768147200000}],"total":24,"size":10,"current":1}, 耗时: 252ms
2026-04-28 21:59:25.607 [http-nio-8080-exec-5] INFO  c.z.e.interceptor.UsallyInterceptor - 【请求结束】Method: POST, URI: /api/admin/resumeTemplate/findResumeTemplateByPage, Controller: AdminResumeTemplateController.findResumeTemplateByPage, Status: 200, Duration: 773ms
2026-04-28 21:59:27.048 [http-nio-8080-exec-10] DEBUG c.z.e.m.m.a.AdminMapper.selectById - ==>  Preparing: SELECT admin_id,admin_account,admin_username,admin_email,admin_phone,admin_password,admin_image,admin_introduce,admin_state,admin_loginTime,deleted FROM admin_admin WHERE admin_id=? AND deleted=0
2026-04-28 21:59:27.050 [http-nio-8080-exec-10] DEBUG c.z.e.m.m.a.AdminMapper.selectById - ==> Parameters: 1(Integer)
2026-04-28 21:59:27.088 [http-nio-8080-exec-10] DEBUG c.z.e.m.m.a.AdminMapper.selectById - <==      Total: 1
2026-04-28 21:59:27.088 [http-nio-8080-exec-10] DEBUG c.z.e.m.m.a.A.findAdminInfoById - ==>  Preparing: select * from admin_admin left join admin_admin_role on admin_admin.admin_id = admin_admin_role.adminId left join admin_role on admin_admin_role.roleId = admin_role.role_id and admin_role.deleted = 0 left join admin_role_permission on admin_role.role_id = admin_role_permission.roleId left join admin_permission on admin_role_permission.permissionId = admin_permission.permission_id and admin_permission.deleted = 0 where admin_admin.admin_id = ? and admin_admin.deleted = 0
2026-04-28 21:59:27.089 [http-nio-8080-exec-10] DEBUG c.z.e.m.m.a.A.findAdminInfoById - ==> Parameters: 1(Integer)
2026-04-28 21:59:27.127 [http-nio-8080-exec-10] DEBUG c.z.e.m.m.a.A.findAdminInfoById - <==      Total: 1
2026-04-28 21:59:27.132 [http-nio-8080-exec-10] INFO  c.z.e.interceptor.UsallyInterceptor - 【请求开始】Method: GET, URI: /api/admin/resumeTemplate/findResumeTemplateById, Controller: AdminResumeTemplateController.findResumeTemplateById, IP: 0:0:0:0:0:0:0:1, Params: {"_t":"1777384766654","params[resumeTemplateId]":"1"}
2026-04-28 21:59:27.137 [http-nio-8080-exec-10] INFO  c.z.e.interceptor.UsallyInterceptor - 【请求结束】Method: GET, URI: /api/admin/resumeTemplate/findResumeTemplateById, Controller: AdminResumeTemplateController.findResumeTemplateById, Status: 200, Duration: 5ms
2026-04-28 21:59:27.917 [http-nio-8080-exec-9] DEBUG c.z.e.m.m.a.AdminMapper.selectById - ==>  Preparing: SELECT admin_id,admin_account,admin_username,admin_email,admin_phone,admin_password,admin_image,admin_introduce,admin_state,admin_loginTime,deleted FROM admin_admin WHERE admin_id=? AND deleted=0
2026-04-28 21:59:27.918 [http-nio-8080-exec-9] DEBUG c.z.e.m.m.a.AdminMapper.selectById - ==> Parameters: 1(Integer)
2026-04-28 21:59:27.953 [http-nio-8080-exec-9] DEBUG c.z.e.m.m.a.AdminMapper.selectById - <==      Total: 1
2026-04-28 21:59:27.954 [http-nio-8080-exec-9] DEBUG c.z.e.m.m.a.A.findAdminInfoById - ==>  Preparing: select * from admin_admin left join admin_admin_role on admin_admin.admin_id = admin_admin_role.adminId left join admin_role on admin_admin_role.roleId = admin_role.role_id and admin_role.deleted = 0 left join admin_role_permission on admin_role.role_id = admin_role_permission.roleId left join admin_permission on admin_role_permission.permissionId = admin_permission.permission_id and admin_permission.deleted = 0 where admin_admin.admin_id = ? and admin_admin.deleted = 0
2026-04-28 21:59:27.955 [http-nio-8080-exec-9] DEBUG c.z.e.m.m.a.A.findAdminInfoById - ==> Parameters: 1(Integer)
2026-04-28 21:59:27.992 [http-nio-8080-exec-9] DEBUG c.z.e.m.m.a.A.findAdminInfoById - <==      Total: 1
2026-04-28 21:59:27.995 [http-nio-8080-exec-9] INFO  c.z.e.interceptor.UsallyInterceptor - 【请求开始】Method: GET, URI: /api/admin/resumeTemplate/findResumeTemplateById, Controller: AdminResumeTemplateController.findResumeTemplateById, IP: 0:0:0:0:0:0:0:1, Params: {"_t":"1777384767837","params[resumeTemplateId]":"1"}
2026-04-28 21:59:27.997 [http-nio-8080-exec-9] INFO  c.z.e.interceptor.UsallyInterceptor - 【请求结束】Method: GET, URI: /api/admin/resumeTemplate/findResumeTemplateById, Controller: AdminResumeTemplateController.findResumeTemplateById, Status: 200, Duration: 3ms
2026-04-28 21:59:39.387 [http-nio-8080-exec-1] DEBUG c.z.e.m.m.a.AdminMapper.selectById - ==>  Preparing: SELECT admin_id,admin_account,admin_username,admin_email,admin_phone,admin_password,admin_image,admin_introduce,admin_state,admin_loginTime,deleted FROM admin_admin WHERE admin_id=? AND deleted=0
2026-04-28 21:59:39.388 [http-nio-8080-exec-1] DEBUG c.z.e.m.m.a.AdminMapper.selectById - ==> Parameters: 1(Integer)
2026-04-28 21:59:39.445 [http-nio-8080-exec-1] DEBUG c.z.e.m.m.a.AdminMapper.selectById - <==      Total: 1
2026-04-28 21:59:39.445 [http-nio-8080-exec-1] DEBUG c.z.e.m.m.a.A.findAdminInfoById - ==>  Preparing: select * from admin_admin left join admin_admin_role on admin_admin.admin_id = admin_admin_role.adminId left join admin_role on admin_admin_role.roleId = admin_role.role_id and admin_role.deleted = 0 left join admin_role_permission on admin_role.role_id = admin_role_permission.roleId left join admin_permission on admin_role_permission.permissionId = admin_permission.permission_id and admin_permission.deleted = 0 where admin_admin.admin_id = ? and admin_admin.deleted = 0
2026-04-28 21:59:39.446 [http-nio-8080-exec-1] DEBUG c.z.e.m.m.a.A.findAdminInfoById - ==> Parameters: 1(Integer)
2026-04-28 21:59:39.558 [http-nio-8080-exec-1] DEBUG c.z.e.m.m.a.A.findAdminInfoById - <==      Total: 1
2026-04-28 21:59:39.561 [http-nio-8080-exec-1] INFO  c.z.e.interceptor.UsallyInterceptor - 【请求开始】Method: POST, URI: /api/admin/userDeleteResumeBySystemService/getUserDeleteResumeInfoPage, Controller: AdminUserDeleteResumeBySystemServiceController.getUserDeleteResumeInfoPage, IP: 0:0:0:0:0:0:0:1, Params: {"pageSize":"10","pageNum":"1"}
2026-04-28 21:59:39.668 [http-nio-8080-exec-1] INFO  c.z.e.s.s.S.ServiceLogAspect - 【Service执行】类: UserDeleteResumeBySystemServiceImpl, 方法: getUserDeleteResumeInfoPage, 参数: [1,10,{}]
2026-04-28 21:59:39.674 [http-nio-8080-exec-1] DEBUG c.z.e.m.m.u.U.selectList_mpCount - ==>  Preparing: SELECT COUNT(*) AS total FROM user_userDeleteResumeBySystem
2026-04-28 21:59:39.674 [http-nio-8080-exec-1] DEBUG c.z.e.m.m.u.U.selectList_mpCount - ==> Parameters: 
2026-04-28 21:59:39.783 [http-nio-8080-exec-1] DEBUG c.z.e.m.m.u.U.selectList_mpCount - <==      Total: 1
2026-04-28 21:59:39.783 [http-nio-8080-exec-1] DEBUG c.z.e.m.m.u.U.selectList - ==>  Preparing: SELECT userDeleteResumeBySystem_id,userDeleteResumeBySystem_resumeName,userDeleteResumeBySystem_industry,userDeleteResumeBySystem_resumeReactCode,userDeleteResumeBySystem_createdTime,userDeleteResumeBySystem_updatedTime,userDeleteResumeBySystem_sortedNum,userDeleteResumeBySystem_userId,userDeleteResumeBySystem_recycleTime FROM user_userDeleteResumeBySystem LIMIT ?
2026-04-28 21:59:39.784 [http-nio-8080-exec-1] DEBUG c.z.e.m.m.u.U.selectList - ==> Parameters: 10(Long)
2026-04-28 21:59:39.897 [http-nio-8080-exec-1] DEBUG c.z.e.m.m.u.U.selectList - <==      Total: 1
2026-04-28 21:59:39.898 [http-nio-8080-exec-1] DEBUG c.z.e.m.m.a.I.selectById - ==>  Preparing: SELECT industryMap_industryCode,industryMap_industryName,industryMap_createdTime AS createdTime,industryMap_updatedTime AS updatedTime FROM general_industryMap WHERE industryMap_industryCode=?
2026-04-28 21:59:39.899 [http-nio-8080-exec-1] DEBUG c.z.e.m.m.a.I.selectById - ==> Parameters: 1(Integer)
2026-04-28 21:59:39.934 [http-nio-8080-exec-1] DEBUG c.z.e.m.m.a.I.selectById - <==      Total: 1
2026-04-28 21:59:39.939 [http-nio-8080-exec-1] INFO  c.z.e.s.s.S.ServiceLogAspect - 【Service完成】类: UserDeleteResumeBySystemServiceImpl, 方法: getUserDeleteResumeInfoPage, 返回值: {"records":[{"userDeleteResumeBySystemId":11,"userDeleteResumeBySystemResumeName":"太帅了吧1","userDeleteResumeBySystemIndustryName":"暂未明确","userDeleteResumeBySystemResumeReactCode":"const ResumeTemplate = () => {\n  const styles = {\n    container: {\n      fontFamily: \"'Microsoft YaHei', sans-serif\",\n      maxWidth: '800px',\n      margin: '0 auto',\n      padding: '40px',\n      background: 'white',\n    },\n    header: {\n      textAlign: 'center',\n      marginBottom: '30px',\n      borderBottom: '2px solid #1890ff',\n      paddingBottom: '20px',\n    },\n    name: {\n      fontSize: '28px',\n      fontWeight: 'bold',\n      color: '#1890ff',\n      marginBottom: '10px',\n    },\n    contact: {\n      fontSize: '14px',\n      color: '#666',\n    },\n    section: {\n      marginBottom: '25px',\n    },\n    sectionTitle: {\n      fontSize: '18px',\n      fontWeight: 'bold',\n      color: '#1890ff',\n      borderLeft: '4px solid #1890ff',\n      paddingLeft: '10px',\n      marginBottom: '15px',\n    },\n    item: {\n      marginBottom: '15px',\n    },\n    itemHeader: {\n      display: 'flex',\n      justifyContent: 'space-between',\n      marginBottom: '5px',\n    },\n    itemTitle: {\n      fontWeight: 'bold',\n      fontSize: '15px',\n    },\n    itemDate: {\n      color: '#999',\n      fontSize: '13px',\n    },\n    itemDesc: {\n      fontSize: '14px',\n      color: '#333',\n      lineHeight: '1.6',\n    },\n    skills: {\n      display: 'flex',\n      flexWrap: 'wrap',\n      gap: '8px',\n    },\n    skill: {\n      background: '#e6f7ff',\n      color: '#1890ff',\n      padding: '4px 12px',\n      borderRadius: '4px',\n      fontSize: '13px',\n    },\n  };\n\n  return (\n    <div style={styles.container}>\n      <div style={styles.header}>\n        <div style={styles.name}>张三</div>\n        <div style={styles.contact}>\n          📱 138-0000-0000 | ✉️ zhangsan@email.com | 📍 北京市\n        </div>\n      </div>\n\n      <div style={styles.section}>\n        <div style={styles.sectionTitle}>教育背景</div>\n        <div style={styles.item}>\n          <div style={styles.itemHeader}>\n            <span style={styles.itemTitle}>北京大学 · 计算机科学与技术</span>\n            <span style={styles.itemDate}>2018.09 - 2022.06</span>\n          </div>\n          <div style={styles.itemDesc}>本科 | GPA: 3.8/4.0</div>\n        </div>\n      </div>\n\n      <div style={styles.section}>\n        <div style={styles.sectionTitle}>工作经历</div>\n        <div style={styles.item}>\n          <div style={styles.itemHeader}>\n            <span style={styles.itemTitle}>阿里巴巴 · 前端开发工程师</span>\n            <span style={styles.itemDate}>2022.07 - 至今</span>\n          </div>\n          <div style={styles.itemDesc}>\n            • 负责淘宝商家后台系统开发，使用 React + TypeScript<br/>\n            • 优化页面性能，首屏加载时间降低 40%<br/>\n            • 主导组件库建设，提升团队开发效率 30%\n          </div>\n        </div>\n      </div>\n\n      <div style={styles.section}>\n        <div style={styles.sectionTitle}>项目经验</div>\n        <div style={styles.item}>\n          <div style={styles.itemHeader}>\n            <span style={styles.itemTitle}>电商管理系统</span>\n            <span style={styles.itemDate}>2023.01 - 2023.06</span>\n          </div>\n          <div style={styles.itemDesc}>\n            • 使用 React 18 + Ant Design 搭建后台管理系统<br/>\n            • 实现权限管理、数据可视化、订单管理等核心模块<br/>\n            • 采用 React Query 优化数据请求，提升用户体验\n          </div>\n        </div>\n      </div>\n\n      <div style={styles.section}>\n        <div style={styles.sectionTitle}>专业技能</div>\n        <div style={styles.skills}>\n          <span style={styles.skill}>React</span>\n          <span style={styles.skill}>TypeScript</span>\n          <span style={styles.skill}>Vue.js</span>\n          <span style={styles.skill}>Node.js</span>\n          <span style={styles.skill}>Webpack</span>\n          <span style={styles.skill}>Git</span>\n        </div>\n      </div>\n    </div>\n  );\n};","userDeleteResumeBySystemCreatedTime":1765814400000,"userDeleteResumeBySystemUpdatedTime":1765814400000,"userDeleteResumeBySystemSortedNum":2,"userDeleteResumeBySystemUserId":1,"userDeleteResumeBySystemRecycleTime":1768406400000}],"total":1,"size":10,"current":1}, 耗时: 268ms
2026-04-28 21:59:40.118 [http-nio-8080-exec-1] INFO  c.z.e.interceptor.UsallyInterceptor - 【请求结束】Method: POST, URI: /api/admin/userDeleteResumeBySystemService/getUserDeleteResumeInfoPage, Controller: AdminUserDeleteResumeBySystemServiceController.getUserDeleteResumeInfoPage, Status: 200, Duration: 558ms
2026-04-28 21:59:40.948 [http-nio-8080-exec-2] DEBUG c.z.e.m.m.a.AdminMapper.selectById - ==>  Preparing: SELECT admin_id,admin_account,admin_username,admin_email,admin_phone,admin_password,admin_image,admin_introduce,admin_state,admin_loginTime,deleted FROM admin_admin WHERE admin_id=? AND deleted=0
2026-04-28 21:59:40.950 [http-nio-8080-exec-2] DEBUG c.z.e.m.m.a.AdminMapper.selectById - ==> Parameters: 1(Integer)
2026-04-28 21:59:40.987 [http-nio-8080-exec-2] DEBUG c.z.e.m.m.a.AdminMapper.selectById - <==      Total: 1
2026-04-28 21:59:40.987 [http-nio-8080-exec-2] DEBUG c.z.e.m.m.a.A.findAdminInfoById - ==>  Preparing: select * from admin_admin left join admin_admin_role on admin_admin.admin_id = admin_admin_role.adminId left join admin_role on admin_admin_role.roleId = admin_role.role_id and admin_role.deleted = 0 left join admin_role_permission on admin_role.role_id = admin_role_permission.roleId left join admin_permission on admin_role_permission.permissionId = admin_permission.permission_id and admin_permission.deleted = 0 where admin_admin.admin_id = ? and admin_admin.deleted = 0
2026-04-28 21:59:40.990 [http-nio-8080-exec-2] DEBUG c.z.e.m.m.a.A.findAdminInfoById - ==> Parameters: 1(Integer)
2026-04-28 21:59:41.027 [http-nio-8080-exec-2] DEBUG c.z.e.m.m.a.A.findAdminInfoById - <==      Total: 1
2026-04-28 21:59:41.031 [http-nio-8080-exec-2] INFO  c.z.e.interceptor.UsallyInterceptor - 【请求开始】Method: GET, URI: /api/admin/userDeleteResumeBySystemService/getUserDeleteResumeInfoById, Controller: AdminUserDeleteResumeBySystemServiceController.getUserDeleteResumeInfoById, IP: 0:0:0:0:0:0:0:1, Params: {"_t":"1777384780864","params[userDeleteResumeId]":"11"}
2026-04-28 21:59:41.034 [http-nio-8080-exec-2] INFO  c.z.e.interceptor.UsallyInterceptor - 【请求结束】Method: GET, URI: /api/admin/userDeleteResumeBySystemService/getUserDeleteResumeInfoById, Controller: AdminUserDeleteResumeBySystemServiceController.getUserDeleteResumeInfoById, Status: 200, Duration: 3ms
2026-04-28 21:59:52.621 [http-nio-8080-exec-6] DEBUG c.z.e.m.m.a.AdminMapper.selectById - ==>  Preparing: SELECT admin_id,admin_account,admin_username,admin_email,admin_phone,admin_password,admin_image,admin_introduce,admin_state,admin_loginTime,deleted FROM admin_admin WHERE admin_id=? AND deleted=0
2026-04-28 21:59:52.622 [http-nio-8080-exec-6] DEBUG c.z.e.m.m.a.AdminMapper.selectById - ==> Parameters: 1(Integer)
2026-04-28 21:59:52.725 [http-nio-8080-exec-6] DEBUG c.z.e.m.m.a.AdminMapper.selectById - <==      Total: 1
2026-04-28 21:59:52.726 [http-nio-8080-exec-6] DEBUG c.z.e.m.m.a.A.findAdminInfoById - ==>  Preparing: select * from admin_admin left join admin_admin_role on admin_admin.admin_id = admin_admin_role.adminId left join admin_role on admin_admin_role.roleId = admin_role.role_id and admin_role.deleted = 0 left join admin_role_permission on admin_role.role_id = admin_role_permission.roleId left join admin_permission on admin_role_permission.permissionId = admin_permission.permission_id and admin_permission.deleted = 0 where admin_admin.admin_id = ? and admin_admin.deleted = 0
2026-04-28 21:59:52.728 [http-nio-8080-exec-6] DEBUG c.z.e.m.m.a.A.findAdminInfoById - ==> Parameters: 1(Integer)
2026-04-28 21:59:52.838 [http-nio-8080-exec-6] DEBUG c.z.e.m.m.a.A.findAdminInfoById - <==      Total: 1
2026-04-28 21:59:52.843 [http-nio-8080-exec-6] INFO  c.z.e.interceptor.UsallyInterceptor - 【请求开始】Method: POST, URI: /api/admin/industryMap/findIndustryMapByPage, Controller: AdminIndustryMapController.findIndustryMapByPage, IP: 0:0:0:0:0:0:0:1, Params: {"pageSize":"10","pageNum":"1"}
2026-04-28 21:59:52.884 [http-nio-8080-exec-6] INFO  c.z.e.s.s.S.ServiceLogAspect - 【Service执行】类: IndustryMapServiceImpl, 方法: findIndustryMapByPage, 参数: [1,10,{"industryMapIndustryName":""}]
2026-04-28 21:59:52.928 [http-nio-8080-exec-6] INFO  c.z.e.s.s.S.ServiceLogAspect - 【Service完成】类: IndustryMapServiceImpl, 方法: findIndustryMapByPage, 返回值: {"records":[{"industryMapIndustryCode":1,"industryMapIndustryName":"暂未明确","createdTime":1767024000000,"updatedTime":1767024000000},{"industryMapIndustryCode":2,"industryMapIndustryName":"金融","createdTime":1765555200000,"updatedTime":1765555200000},{"industryMapIndustryCode":3,"industryMapIndustryName":"互联网","createdTime":1765555200000,"updatedTime":1765555200000}],"total":3,"size":10,"current":1}, 耗时: 43ms
2026-04-28 21:59:53.064 [http-nio-8080-exec-6] INFO  c.z.e.interceptor.UsallyInterceptor - 【请求结束】Method: POST, URI: /api/admin/industryMap/findIndustryMapByPage, Controller: AdminIndustryMapController.findIndustryMapByPage, Status: 200, Duration: 222ms
2026-04-28 21:59:54.127 [http-nio-8080-exec-7] DEBUG c.z.e.m.m.a.AdminMapper.selectById - ==>  Preparing: SELECT admin_id,admin_account,admin_username,admin_email,admin_phone,admin_password,admin_image,admin_introduce,admin_state,admin_loginTime,deleted FROM admin_admin WHERE admin_id=? AND deleted=0
2026-04-28 21:59:54.127 [http-nio-8080-exec-7] DEBUG c.z.e.m.m.a.AdminMapper.selectById - ==> Parameters: 1(Integer)
2026-04-28 21:59:54.187 [http-nio-8080-exec-7] DEBUG c.z.e.m.m.a.AdminMapper.selectById - <==      Total: 1
2026-04-28 21:59:54.188 [http-nio-8080-exec-7] DEBUG c.z.e.m.m.a.A.findAdminInfoById - ==>  Preparing: select * from admin_admin left join admin_admin_role on admin_admin.admin_id = admin_admin_role.adminId left join admin_role on admin_admin_role.roleId = admin_role.role_id and admin_role.deleted = 0 left join admin_role_permission on admin_role.role_id = admin_role_permission.roleId left join admin_permission on admin_role_permission.permissionId = admin_permission.permission_id and admin_permission.deleted = 0 where admin_admin.admin_id = ? and admin_admin.deleted = 0
2026-04-28 21:59:54.188 [http-nio-8080-exec-7] DEBUG c.z.e.m.m.a.A.findAdminInfoById - ==> Parameters: 1(Integer)
2026-04-28 21:59:54.411 [http-nio-8080-exec-7] DEBUG c.z.e.m.m.a.A.findAdminInfoById - <==      Total: 1
2026-04-28 21:59:54.414 [http-nio-8080-exec-7] INFO  c.z.e.interceptor.UsallyInterceptor - 【请求开始】Method: GET, URI: /api/admin/industryMap/findIndustryMapById, Controller: AdminIndustryMapController.findIndustryMapById, IP: 0:0:0:0:0:0:0:1, Params: {"industryMapId":"1","_t":"1777384793897"}
2026-04-28 21:59:54.528 [http-nio-8080-exec-7] INFO  c.z.e.s.s.S.ServiceLogAspect - 【Service执行】类: IndustryMapServiceImpl, 方法: findIndustryMapById, 参数: [1]
2026-04-28 21:59:54.584 [http-nio-8080-exec-7] DEBUG c.z.e.m.m.a.I.selectById - ==>  Preparing: SELECT industryMap_industryCode,industryMap_industryName,industryMap_createdTime AS createdTime,industryMap_updatedTime AS updatedTime FROM general_industryMap WHERE industryMap_industryCode=?
2026-04-28 21:59:54.584 [http-nio-8080-exec-7] DEBUG c.z.e.m.m.a.I.selectById - ==> Parameters: 1(Integer)
2026-04-28 21:59:54.639 [http-nio-8080-exec-7] DEBUG c.z.e.m.m.a.I.selectById - <==      Total: 1
2026-04-28 21:59:54.712 [http-nio-8080-exec-7] INFO  c.z.e.s.s.S.ServiceLogAspect - 【Service完成】类: IndustryMapServiceImpl, 方法: findIndustryMapById, 返回值: {"industryMapIndustryCode":1,"industryMapIndustryName":"暂未明确","createdTime":1767024000000,"updatedTime":1767024000000}, 耗时: 184ms
2026-04-28 21:59:54.865 [http-nio-8080-exec-7] INFO  c.z.e.interceptor.UsallyInterceptor - 【请求结束】Method: GET, URI: /api/admin/industryMap/findIndustryMapById, Controller: AdminIndustryMapController.findIndustryMapById, Status: 200, Duration: 452ms
2026-04-28 21:59:56.944 [http-nio-8080-exec-4] DEBUG c.z.e.m.m.a.AdminMapper.selectById - ==>  Preparing: SELECT admin_id,admin_account,admin_username,admin_email,admin_phone,admin_password,admin_image,admin_introduce,admin_state,admin_loginTime,deleted FROM admin_admin WHERE admin_id=? AND deleted=0
2026-04-28 21:59:56.944 [http-nio-8080-exec-4] DEBUG c.z.e.m.m.a.AdminMapper.selectById - ==> Parameters: 1(Integer)
2026-04-28 21:59:57.004 [http-nio-8080-exec-4] DEBUG c.z.e.m.m.a.AdminMapper.selectById - <==      Total: 1
2026-04-28 21:59:57.005 [http-nio-8080-exec-4] DEBUG c.z.e.m.m.a.A.findAdminInfoById - ==>  Preparing: select * from admin_admin left join admin_admin_role on admin_admin.admin_id = admin_admin_role.adminId left join admin_role on admin_admin_role.roleId = admin_role.role_id and admin_role.deleted = 0 left join admin_role_permission on admin_role.role_id = admin_role_permission.roleId left join admin_permission on admin_role_permission.permissionId = admin_permission.permission_id and admin_permission.deleted = 0 where admin_admin.admin_id = ? and admin_admin.deleted = 0
2026-04-28 21:59:57.005 [http-nio-8080-exec-4] DEBUG c.z.e.m.m.a.A.findAdminInfoById - ==> Parameters: 1(Integer)
2026-04-28 21:59:57.111 [http-nio-8080-exec-4] DEBUG c.z.e.m.m.a.A.findAdminInfoById - <==      Total: 1
2026-04-28 21:59:57.113 [http-nio-8080-exec-4] INFO  c.z.e.interceptor.UsallyInterceptor - 【请求开始】Method: GET, URI: /api/admin/industryMap/findIndustryMapById, Controller: AdminIndustryMapController.findIndustryMapById, IP: 0:0:0:0:0:0:0:1, Params: {"industryMapId":"1","_t":"1777384796501"}
2026-04-28 21:59:57.148 [http-nio-8080-exec-4] INFO  c.z.e.s.s.S.ServiceLogAspect - 【Service执行】类: IndustryMapServiceImpl, 方法: findIndustryMapById, 参数: [1]
2026-04-28 21:59:57.186 [http-nio-8080-exec-4] INFO  c.z.e.s.s.S.ServiceLogAspect - 【Service完成】类: IndustryMapServiceImpl, 方法: findIndustryMapById, 返回值: {"industryMapIndustryCode":1,"industryMapIndustryName":"暂未明确","createdTime":1767024000000,"updatedTime":1767024000000}, 耗时: 37ms
2026-04-28 21:59:57.272 [http-nio-8080-exec-4] INFO  c.z.e.interceptor.UsallyInterceptor - 【请求结束】Method: GET, URI: /api/admin/industryMap/findIndustryMapById, Controller: AdminIndustryMapController.findIndustryMapById, Status: 200, Duration: 159ms
2026-04-28 21:59:59.048 [http-nio-8080-exec-3] DEBUG c.z.e.m.m.a.AdminMapper.selectById - ==>  Preparing: SELECT admin_id,admin_account,admin_username,admin_email,admin_phone,admin_password,admin_image,admin_introduce,admin_state,admin_loginTime,deleted FROM admin_admin WHERE admin_id=? AND deleted=0
2026-04-28 21:59:59.049 [http-nio-8080-exec-3] DEBUG c.z.e.m.m.a.AdminMapper.selectById - ==> Parameters: 1(Integer)
2026-04-28 21:59:59.140 [http-nio-8080-exec-3] DEBUG c.z.e.m.m.a.AdminMapper.selectById - <==      Total: 1
2026-04-28 21:59:59.141 [http-nio-8080-exec-3] DEBUG c.z.e.m.m.a.A.findAdminInfoById - ==>  Preparing: select * from admin_admin left join admin_admin_role on admin_admin.admin_id = admin_admin_role.adminId left join admin_role on admin_admin_role.roleId = admin_role.role_id and admin_role.deleted = 0 left join admin_role_permission on admin_role.role_id = admin_role_permission.roleId left join admin_permission on admin_role_permission.permissionId = admin_permission.permission_id and admin_permission.deleted = 0 where admin_admin.admin_id = ? and admin_admin.deleted = 0
2026-04-28 21:59:59.141 [http-nio-8080-exec-3] DEBUG c.z.e.m.m.a.A.findAdminInfoById - ==> Parameters: 1(Integer)
2026-04-28 21:59:59.207 [http-nio-8080-exec-3] DEBUG c.z.e.m.m.a.A.findAdminInfoById - <==      Total: 1
2026-04-28 21:59:59.210 [http-nio-8080-exec-3] INFO  c.z.e.interceptor.UsallyInterceptor - 【请求开始】Method: POST, URI: /api/admin/universityMap/findUniversityMapByPage, Controller: AdminUniversityMapController.findUniversityMapByPage, IP: 0:0:0:0:0:0:0:1, Params: {"pageSize":"10","pageNum":"1"}
2026-04-28 21:59:59.256 [http-nio-8080-exec-3] INFO  c.z.e.s.s.S.ServiceLogAspect - 【Service执行】类: UniversityMapAdminServiceImpl, 方法: findUniversityMapByPage, 参数: [1,10,{"universityMapName":""}]
2026-04-28 21:59:59.267 [http-nio-8080-exec-3] DEBUG c.z.e.m.m.u.U.selectList_mpCount - ==>  Preparing: SELECT COUNT(*) AS total FROM general_universityMap
2026-04-28 21:59:59.267 [http-nio-8080-exec-3] DEBUG c.z.e.m.m.u.U.selectList_mpCount - ==> Parameters: 
2026-04-28 21:59:59.365 [http-nio-8080-exec-3] DEBUG c.z.e.m.m.u.U.selectList_mpCount - <==      Total: 1
2026-04-28 21:59:59.366 [http-nio-8080-exec-3] DEBUG c.z.e.m.m.u.U.selectList - ==>  Preparing: SELECT universityMap_id,universityMap_name,universityMap_address,universityMap_lat,universityMap_lng,universityMap_status FROM general_universityMap LIMIT ?
2026-04-28 21:59:59.366 [http-nio-8080-exec-3] DEBUG c.z.e.m.m.u.U.selectList - ==> Parameters: 10(Long)
2026-04-28 21:59:59.484 [http-nio-8080-exec-3] DEBUG c.z.e.m.m.u.U.selectList - <==      Total: 10
2026-04-28 21:59:59.494 [http-nio-8080-exec-3] INFO  c.z.e.s.s.S.ServiceLogAspect - 【Service完成】类: UniversityMapAdminServiceImpl, 方法: findUniversityMapByPage, 返回值: {"records":[{"universityMapId":4001,"universityMapName":"清华大学","universityMapAddress":"北京市海淀区双清路30号","universityMapLat":"116.327","universityMapLng":"40.0028","universityMapStatus":0},{"universityMapId":4002,"universityMapName":"北京大学","universityMapAddress":"北京市海淀区颐和园路5号","universityMapLat":"116.31","universityMapLng":"39.9929","universityMapStatus":0},{"universityMapId":4003,"universityMapName":"中国人民大学","universityMapAddress":"北京市海淀区中关村大街59号","universityMapLat":"116.315","universityMapLng":"39.9702","universityMapStatus":0},{"universityMapId":4004,"universityMapName":"北京师范大学","universityMapAddress":"北京市海淀区新街口外大街19号","universityMapLat":"116.366","universityMapLng":"39.9617","universityMapStatus":0},{"universityMapId":4005,"universityMapName":"中国农业大学(东校区)","universityMapAddress":"北京市海淀区清华东路17号","universityMapLat":"116.357","universityMapLng":"40.0049","universityMapStatus":0},{"universityMapId":4006,"universityMapName":"北京航空航天大学","universityMapAddress":"北京市海淀区学院路37号","universityMapLat":"116.35","universityMapLng":"39.9842","universityMapStatus":0},{"universityMapId":4007,"universityMapName":"中国农业大学(西校区)","universityMapAddress":"北京市海淀区圆明园西路2号","universityMapLat":"116.283","universityMapLng":"40.0253","universityMapStatus":0},{"universityMapId":4008,"universityMapName":"北京理工大学","universityMapAddress":"北京市海淀区中关村南大街5号","universityMapLat":"116.317","universityMapLng":"39.9609","universityMapStatus":0},{"universityMapId":4009,"universityMapName":"北京师范大学&中央财经大学(联合校区)","universityMapAddress":"北京市大兴区优龙路","universityMapLat":"116.297","universityMapLng":"39.7838","universityMapStatus":0},{"universityMapId":4010,"universityMapName":"中央民族大学","universityMapAddress":"北京市海淀区中关村南大街27号","universityMapLat":"116.32","universityMapLng":"39.9511","universityMapStatus":0}],"total":12200,"size":10,"current":1}, 耗时: 235ms
2026-04-28 21:59:59.707 [http-nio-8080-exec-3] INFO  c.z.e.interceptor.UsallyInterceptor - 【请求结束】Method: POST, URI: /api/admin/universityMap/findUniversityMapByPage, Controller: AdminUniversityMapController.findUniversityMapByPage, Status: 200, Duration: 499ms
2026-04-28 22:00:01.103 [http-nio-8080-exec-8] DEBUG c.z.e.m.m.a.AdminMapper.selectById - ==>  Preparing: SELECT admin_id,admin_account,admin_username,admin_email,admin_phone,admin_password,admin_image,admin_introduce,admin_state,admin_loginTime,deleted FROM admin_admin WHERE admin_id=? AND deleted=0
2026-04-28 22:00:01.103 [http-nio-8080-exec-8] DEBUG c.z.e.m.m.a.AdminMapper.selectById - ==> Parameters: 1(Integer)
2026-04-28 22:00:01.167 [http-nio-8080-exec-8] DEBUG c.z.e.m.m.a.AdminMapper.selectById - <==      Total: 1
2026-04-28 22:00:01.167 [http-nio-8080-exec-8] DEBUG c.z.e.m.m.a.A.findAdminInfoById - ==>  Preparing: select * from admin_admin left join admin_admin_role on admin_admin.admin_id = admin_admin_role.adminId left join admin_role on admin_admin_role.roleId = admin_role.role_id and admin_role.deleted = 0 left join admin_role_permission on admin_role.role_id = admin_role_permission.roleId left join admin_permission on admin_role_permission.permissionId = admin_permission.permission_id and admin_permission.deleted = 0 where admin_admin.admin_id = ? and admin_admin.deleted = 0
2026-04-28 22:00:01.167 [http-nio-8080-exec-8] DEBUG c.z.e.m.m.a.A.findAdminInfoById - ==> Parameters: 1(Integer)
2026-04-28 22:00:01.233 [http-nio-8080-exec-8] DEBUG c.z.e.m.m.a.A.findAdminInfoById - <==      Total: 1
2026-04-28 22:00:01.237 [http-nio-8080-exec-8] INFO  c.z.e.interceptor.UsallyInterceptor - 【请求开始】Method: GET, URI: /api/admin/universityMap/findUniversityMapById, Controller: AdminUniversityMapController.findUniversityMapById, IP: 0:0:0:0:0:0:0:1, Params: {"_t":"1777384800635","universityMapId":"4001"}
2026-04-28 22:00:01.305 [http-nio-8080-exec-8] INFO  c.z.e.s.s.S.ServiceLogAspect - 【Service执行】类: UniversityMapAdminServiceImpl, 方法: findUniversityMapById, 参数: [4001]
2026-04-28 22:00:01.307 [http-nio-8080-exec-8] DEBUG c.z.e.m.m.u.U.selectById - ==>  Preparing: SELECT universityMap_id,universityMap_name,universityMap_address,universityMap_lat,universityMap_lng,universityMap_status FROM general_universityMap WHERE universityMap_id=?
2026-04-28 22:00:01.307 [http-nio-8080-exec-8] DEBUG c.z.e.m.m.u.U.selectById - ==> Parameters: 4001(Integer)
2026-04-28 22:00:01.343 [http-nio-8080-exec-8] DEBUG c.z.e.m.m.u.U.selectById - <==      Total: 1
2026-04-28 22:00:01.345 [http-nio-8080-exec-8] INFO  c.z.e.s.s.S.ServiceLogAspect - 【Service完成】类: UniversityMapAdminServiceImpl, 方法: findUniversityMapById, 返回值: {"universityMapId":4001,"universityMapName":"清华大学","universityMapAddress":"北京市海淀区双清路30号","universityMapLat":"116.327","universityMapLng":"40.0028","universityMapStatus":0}, 耗时: 40ms
2026-04-28 22:00:01.619 [http-nio-8080-exec-8] INFO  c.z.e.interceptor.UsallyInterceptor - 【请求结束】Method: GET, URI: /api/admin/universityMap/findUniversityMapById, Controller: AdminUniversityMapController.findUniversityMapById, Status: 200, Duration: 382ms
2026-04-28 22:00:24.440 [http-nio-8080-exec-5] DEBUG c.z.e.m.m.a.AdminMapper.selectById - ==>  Preparing: SELECT admin_id,admin_account,admin_username,admin_email,admin_phone,admin_password,admin_image,admin_introduce,admin_state,admin_loginTime,deleted FROM admin_admin WHERE admin_id=? AND deleted=0
2026-04-28 22:00:24.440 [http-nio-8080-exec-5] DEBUG c.z.e.m.m.a.AdminMapper.selectById - ==> Parameters: 1(Integer)
2026-04-28 22:00:24.481 [http-nio-8080-exec-5] DEBUG c.z.e.m.m.a.AdminMapper.selectById - <==      Total: 1
2026-04-28 22:00:24.482 [http-nio-8080-exec-5] DEBUG c.z.e.m.m.a.A.findAdminInfoById - ==>  Preparing: select * from admin_admin left join admin_admin_role on admin_admin.admin_id = admin_admin_role.adminId left join admin_role on admin_admin_role.roleId = admin_role.role_id and admin_role.deleted = 0 left join admin_role_permission on admin_role.role_id = admin_role_permission.roleId left join admin_permission on admin_role_permission.permissionId = admin_permission.permission_id and admin_permission.deleted = 0 where admin_admin.admin_id = ? and admin_admin.deleted = 0
2026-04-28 22:00:24.482 [http-nio-8080-exec-5] DEBUG c.z.e.m.m.a.A.findAdminInfoById - ==> Parameters: 1(Integer)
2026-04-28 22:00:24.522 [http-nio-8080-exec-5] DEBUG c.z.e.m.m.a.A.findAdminInfoById - <==      Total: 1
2026-04-28 22:00:24.523 [http-nio-8080-exec-5] INFO  c.z.e.interceptor.UsallyInterceptor - 【请求开始】Method: POST, URI: /api/admin/provinceMap/findProvinceMapByPage, Controller: AdminProvinceMapController.findProvinceMapByPage, IP: 0:0:0:0:0:0:0:1, Params: {"pageSize":"10","pageNum":"1"}
2026-04-28 22:00:24.656 [http-nio-8080-exec-5] INFO  c.z.e.s.s.S.ServiceLogAspect - 【Service执行】类: ProvinceMapAdminServiceImpl, 方法: findProvinceMapByPage, 参数: [1,10,{"provinceMapPname":""}]
2026-04-28 22:00:24.681 [http-nio-8080-exec-5] DEBUG c.z.e.m.m.a.P.selectList_mpCount - ==>  Preparing: SELECT COUNT(*) AS total FROM general_provinceMap
2026-04-28 22:00:24.681 [http-nio-8080-exec-5] DEBUG c.z.e.m.m.a.P.selectList_mpCount - ==> Parameters: 
2026-04-28 22:00:24.719 [http-nio-8080-exec-5] DEBUG c.z.e.m.m.a.P.selectList_mpCount - <==      Total: 1
2026-04-28 22:00:24.719 [http-nio-8080-exec-5] DEBUG c.z.e.m.m.a.P.selectList - ==>  Preparing: SELECT provinceMap_pid,provinceMap_pname FROM general_provinceMap ORDER BY provinceMap_pid ASC LIMIT ?
2026-04-28 22:00:24.720 [http-nio-8080-exec-5] DEBUG c.z.e.m.m.a.P.selectList - ==> Parameters: 10(Long)
2026-04-28 22:00:24.756 [http-nio-8080-exec-5] DEBUG c.z.e.m.m.a.P.selectList - <==      Total: 10
2026-04-28 22:00:24.761 [http-nio-8080-exec-5] INFO  c.z.e.s.s.S.ServiceLogAspect - 【Service完成】类: ProvinceMapAdminServiceImpl, 方法: findProvinceMapByPage, 返回值: {"records":[{"provinceMapPid":1,"provinceMapPname":"北京"},{"provinceMapPid":2,"provinceMapPname":"上海"},{"provinceMapPid":3,"provinceMapPname":"天津"},{"provinceMapPid":4,"provinceMapPname":"重庆"},{"provinceMapPid":5,"provinceMapPname":"河北"},{"provinceMapPid":6,"provinceMapPname":"山西"},{"provinceMapPid":7,"provinceMapPname":"河南"},{"provinceMapPid":8,"provinceMapPname":"辽宁"},{"provinceMapPid":9,"provinceMapPname":"吉林"},{"provinceMapPid":10,"provinceMapPname":"黑龙江"}],"total":34,"size":10,"current":1}, 耗时: 104ms
2026-04-28 22:00:24.838 [http-nio-8080-exec-5] INFO  c.z.e.interceptor.UsallyInterceptor - 【请求结束】Method: POST, URI: /api/admin/provinceMap/findProvinceMapByPage, Controller: AdminProvinceMapController.findProvinceMapByPage, Status: 200, Duration: 315ms
2026-04-28 22:00:26.128 [http-nio-8080-exec-10] DEBUG c.z.e.m.m.a.AdminMapper.selectById - ==>  Preparing: SELECT admin_id,admin_account,admin_username,admin_email,admin_phone,admin_password,admin_image,admin_introduce,admin_state,admin_loginTime,deleted FROM admin_admin WHERE admin_id=? AND deleted=0
2026-04-28 22:00:26.129 [http-nio-8080-exec-10] DEBUG c.z.e.m.m.a.AdminMapper.selectById - ==> Parameters: 1(Integer)
2026-04-28 22:00:26.171 [http-nio-8080-exec-10] DEBUG c.z.e.m.m.a.AdminMapper.selectById - <==      Total: 1
2026-04-28 22:00:26.172 [http-nio-8080-exec-10] DEBUG c.z.e.m.m.a.A.findAdminInfoById - ==>  Preparing: select * from admin_admin left join admin_admin_role on admin_admin.admin_id = admin_admin_role.adminId left join admin_role on admin_admin_role.roleId = admin_role.role_id and admin_role.deleted = 0 left join admin_role_permission on admin_role.role_id = admin_role_permission.roleId left join admin_permission on admin_role_permission.permissionId = admin_permission.permission_id and admin_permission.deleted = 0 where admin_admin.admin_id = ? and admin_admin.deleted = 0
2026-04-28 22:00:26.172 [http-nio-8080-exec-10] DEBUG c.z.e.m.m.a.A.findAdminInfoById - ==> Parameters: 1(Integer)
2026-04-28 22:00:26.212 [http-nio-8080-exec-10] DEBUG c.z.e.m.m.a.A.findAdminInfoById - <==      Total: 1
2026-04-28 22:00:26.214 [http-nio-8080-exec-10] INFO  c.z.e.interceptor.UsallyInterceptor - 【请求开始】Method: GET, URI: /api/admin/provinceMap/findProvinceMapById, Controller: AdminProvinceMapController.findProvinceMapById, IP: 0:0:0:0:0:0:0:1, Params: {"provinceMapId":"1","_t":"1777384825701"}
2026-04-28 22:00:26.255 [http-nio-8080-exec-10] INFO  c.z.e.s.s.S.ServiceLogAspect - 【Service执行】类: ProvinceMapAdminServiceImpl, 方法: findProvinceMapById, 参数: [1]
2026-04-28 22:00:26.256 [http-nio-8080-exec-10] DEBUG c.z.e.m.m.a.P.selectById - ==>  Preparing: SELECT provinceMap_pid,provinceMap_pname FROM general_provinceMap WHERE provinceMap_pid=?
2026-04-28 22:00:26.256 [http-nio-8080-exec-10] DEBUG c.z.e.m.m.a.P.selectById - ==> Parameters: 1(Integer)
2026-04-28 22:00:26.293 [http-nio-8080-exec-10] DEBUG c.z.e.m.m.a.P.selectById - <==      Total: 1
2026-04-28 22:00:26.294 [http-nio-8080-exec-10] INFO  c.z.e.s.s.S.ServiceLogAspect - 【Service完成】类: ProvinceMapAdminServiceImpl, 方法: findProvinceMapById, 返回值: {"provinceMapPid":1,"provinceMapPname":"北京"}, 耗时: 39ms
2026-04-28 22:00:26.368 [http-nio-8080-exec-10] INFO  c.z.e.interceptor.UsallyInterceptor - 【请求结束】Method: GET, URI: /api/admin/provinceMap/findProvinceMapById, Controller: AdminProvinceMapController.findProvinceMapById, Status: 200, Duration: 154ms
2026-04-28 22:00:28.600 [http-nio-8080-exec-9] DEBUG c.z.e.m.m.a.AdminMapper.selectById - ==>  Preparing: SELECT admin_id,admin_account,admin_username,admin_email,admin_phone,admin_password,admin_image,admin_introduce,admin_state,admin_loginTime,deleted FROM admin_admin WHERE admin_id=? AND deleted=0
2026-04-28 22:00:28.600 [http-nio-8080-exec-9] DEBUG c.z.e.m.m.a.AdminMapper.selectById - ==> Parameters: 1(Integer)
2026-04-28 22:00:28.662 [http-nio-8080-exec-9] DEBUG c.z.e.m.m.a.AdminMapper.selectById - <==      Total: 1
2026-04-28 22:00:28.663 [http-nio-8080-exec-9] DEBUG c.z.e.m.m.a.A.findAdminInfoById - ==>  Preparing: select * from admin_admin left join admin_admin_role on admin_admin.admin_id = admin_admin_role.adminId left join admin_role on admin_admin_role.roleId = admin_role.role_id and admin_role.deleted = 0 left join admin_role_permission on admin_role.role_id = admin_role_permission.roleId left join admin_permission on admin_role_permission.permissionId = admin_permission.permission_id and admin_permission.deleted = 0 where admin_admin.admin_id = ? and admin_admin.deleted = 0
2026-04-28 22:00:28.663 [http-nio-8080-exec-9] DEBUG c.z.e.m.m.a.A.findAdminInfoById - ==> Parameters: 1(Integer)
2026-04-28 22:00:28.745 [http-nio-8080-exec-9] DEBUG c.z.e.m.m.a.A.findAdminInfoById - <==      Total: 1
2026-04-28 22:00:28.746 [http-nio-8080-exec-9] INFO  c.z.e.interceptor.UsallyInterceptor - 【请求开始】Method: POST, URI: /api/admin/cityMap/findCityMapByPage, Controller: AdminCityMapController.findCityMapByPage, IP: 0:0:0:0:0:0:0:1, Params: {"pageSize":"10","pageNum":"1"}
2026-04-28 22:00:28.857 [http-nio-8080-exec-9] INFO  c.z.e.s.s.S.ServiceLogAspect - 【Service执行】类: CityMapServiceImpl, 方法: findCityMapByPage, 参数: [1,10,{"cityMapCname":""}]
2026-04-28 22:00:28.867 [http-nio-8080-exec-9] DEBUG c.z.e.m.m.a.C.selectList_mpCount - ==>  Preparing: SELECT COUNT(*) AS total FROM general_cityMap
2026-04-28 22:00:28.867 [http-nio-8080-exec-9] DEBUG c.z.e.m.m.a.C.selectList_mpCount - ==> Parameters: 
2026-04-28 22:00:28.970 [http-nio-8080-exec-9] DEBUG c.z.e.m.m.a.C.selectList_mpCount - <==      Total: 1
2026-04-28 22:00:28.971 [http-nio-8080-exec-9] DEBUG c.z.e.m.m.a.CityMapMapper.selectList - ==>  Preparing: SELECT cityMap_cid,cityMap_cname,cityMap_pid FROM general_cityMap ORDER BY cityMap_cid ASC LIMIT ?
2026-04-28 22:00:28.971 [http-nio-8080-exec-9] DEBUG c.z.e.m.m.a.CityMapMapper.selectList - ==> Parameters: 10(Long)
2026-04-28 22:00:29.086 [http-nio-8080-exec-9] DEBUG c.z.e.m.m.a.CityMapMapper.selectList - <==      Total: 10
2026-04-28 22:00:29.091 [http-nio-8080-exec-9] INFO  c.z.e.s.s.S.ServiceLogAspect - 【Service完成】类: CityMapServiceImpl, 方法: findCityMapByPage, 返回值: {"records":[{"cityMapCid":72,"cityMapCname":"朝阳区","cityMapPid":1},{"cityMapCid":78,"cityMapCname":"黄浦区","cityMapPid":2},{"cityMapCid":113,"cityMapCname":"万州区","cityMapPid":4},{"cityMapCid":114,"cityMapCname":"涪陵区","cityMapPid":4},{"cityMapCid":115,"cityMapCname":"梁平区","cityMapPid":4},{"cityMapCid":119,"cityMapCname":"南川区","cityMapPid":4},{"cityMapCid":123,"cityMapCname":"潼南区","cityMapPid":4},{"cityMapCid":126,"cityMapCname":"大足区","cityMapPid":4},{"cityMapCid":128,"cityMapCname":"黔江区","cityMapPid":4},{"cityMapCid":129,"cityMapCname":"武隆区","cityMapPid":4}],"total":453,"size":10,"current":1}, 耗时: 232ms
2026-04-28 22:00:29.249 [http-nio-8080-exec-9] INFO  c.z.e.interceptor.UsallyInterceptor - 【请求结束】Method: POST, URI: /api/admin/cityMap/findCityMapByPage, Controller: AdminCityMapController.findCityMapByPage, Status: 200, Duration: 503ms
2026-04-28 22:00:31.618 [http-nio-8080-exec-1] DEBUG c.z.e.m.m.a.AdminMapper.selectById - ==>  Preparing: SELECT admin_id,admin_account,admin_username,admin_email,admin_phone,admin_password,admin_image,admin_introduce,admin_state,admin_loginTime,deleted FROM admin_admin WHERE admin_id=? AND deleted=0
2026-04-28 22:00:31.619 [http-nio-8080-exec-1] DEBUG c.z.e.m.m.a.AdminMapper.selectById - ==> Parameters: 1(Integer)
2026-04-28 22:00:31.672 [http-nio-8080-exec-1] DEBUG c.z.e.m.m.a.AdminMapper.selectById - <==      Total: 1
2026-04-28 22:00:31.673 [http-nio-8080-exec-1] DEBUG c.z.e.m.m.a.A.findAdminInfoById - ==>  Preparing: select * from admin_admin left join admin_admin_role on admin_admin.admin_id = admin_admin_role.adminId left join admin_role on admin_admin_role.roleId = admin_role.role_id and admin_role.deleted = 0 left join admin_role_permission on admin_role.role_id = admin_role_permission.roleId left join admin_permission on admin_role_permission.permissionId = admin_permission.permission_id and admin_permission.deleted = 0 where admin_admin.admin_id = ? and admin_admin.deleted = 0
2026-04-28 22:00:31.674 [http-nio-8080-exec-1] DEBUG c.z.e.m.m.a.A.findAdminInfoById - ==> Parameters: 1(Integer)
2026-04-28 22:00:31.789 [http-nio-8080-exec-1] DEBUG c.z.e.m.m.a.A.findAdminInfoById - <==      Total: 1
2026-04-28 22:00:31.792 [http-nio-8080-exec-1] INFO  c.z.e.interceptor.UsallyInterceptor - 【请求开始】Method: GET, URI: /api/admin/cityMap/findCityMapById, Controller: AdminCityMapController.findCityMapById, IP: 0:0:0:0:0:0:0:1, Params: {"_t":"1777384831077","cityMapId":"72"}
2026-04-28 22:00:31.896 [http-nio-8080-exec-1] INFO  c.z.e.s.s.S.ServiceLogAspect - 【Service执行】类: CityMapServiceImpl, 方法: findCityMapById, 参数: [72]
2026-04-28 22:00:31.899 [http-nio-8080-exec-1] DEBUG c.z.e.m.m.a.CityMapMapper.selectById - ==>  Preparing: SELECT cityMap_cid,cityMap_cname,cityMap_pid FROM general_cityMap WHERE cityMap_cid=?
2026-04-28 22:00:31.899 [http-nio-8080-exec-1] DEBUG c.z.e.m.m.a.CityMapMapper.selectById - ==> Parameters: 72(Integer)
2026-04-28 22:00:32.010 [http-nio-8080-exec-1] DEBUG c.z.e.m.m.a.CityMapMapper.selectById - <==      Total: 1
2026-04-28 22:00:32.013 [http-nio-8080-exec-1] INFO  c.z.e.s.s.S.ServiceLogAspect - 【Service完成】类: CityMapServiceImpl, 方法: findCityMapById, 返回值: {"cityMapCid":72,"cityMapCname":"朝阳区","cityMapPid":1}, 耗时: 117ms
2026-04-28 22:00:32.234 [http-nio-8080-exec-1] INFO  c.z.e.interceptor.UsallyInterceptor - 【请求结束】Method: GET, URI: /api/admin/cityMap/findCityMapById, Controller: AdminCityMapController.findCityMapById, Status: 200, Duration: 443ms
2026-04-28 22:00:35.337 [http-nio-8080-exec-2] DEBUG c.z.e.m.m.a.AdminMapper.selectById - ==>  Preparing: SELECT admin_id,admin_account,admin_username,admin_email,admin_phone,admin_password,admin_image,admin_introduce,admin_state,admin_loginTime,deleted FROM admin_admin WHERE admin_id=? AND deleted=0
2026-04-28 22:00:35.338 [http-nio-8080-exec-2] DEBUG c.z.e.m.m.a.AdminMapper.selectById - ==> Parameters: 1(Integer)
2026-04-28 22:00:35.499 [http-nio-8080-exec-2] DEBUG c.z.e.m.m.a.AdminMapper.selectById - <==      Total: 1
2026-04-28 22:00:35.499 [http-nio-8080-exec-2] DEBUG c.z.e.m.m.a.A.findAdminInfoById - ==>  Preparing: select * from admin_admin left join admin_admin_role on admin_admin.admin_id = admin_admin_role.adminId left join admin_role on admin_admin_role.roleId = admin_role.role_id and admin_role.deleted = 0 left join admin_role_permission on admin_role.role_id = admin_role_permission.roleId left join admin_permission on admin_role_permission.permissionId = admin_permission.permission_id and admin_permission.deleted = 0 where admin_admin.admin_id = ? and admin_admin.deleted = 0
2026-04-28 22:00:35.500 [http-nio-8080-exec-2] DEBUG c.z.e.m.m.a.A.findAdminInfoById - ==> Parameters: 1(Integer)
2026-04-28 22:00:35.616 [http-nio-8080-exec-2] DEBUG c.z.e.m.m.a.A.findAdminInfoById - <==      Total: 1
2026-04-28 22:00:35.617 [http-nio-8080-exec-2] INFO  c.z.e.interceptor.UsallyInterceptor - 【请求开始】Method: POST, URI: /api/admin/areaMap/findAreaMapByPage, Controller: AdminAreaMapController.findAreaMapByPage, IP: 0:0:0:0:0:0:0:1, Params: {"pageSize":"10","pageNum":"1"}
2026-04-28 22:00:35.725 [http-nio-8080-exec-2] INFO  c.z.e.s.s.S.ServiceLogAspect - 【Service执行】类: AreaMapServiceImpl, 方法: findAreaMapByPage, 参数: [1,10,{"areaMapAname":""}]
2026-04-28 22:00:35.734 [http-nio-8080-exec-2] DEBUG c.z.e.m.m.a.A.selectList_mpCount - ==>  Preparing: SELECT COUNT(*) AS total FROM general_areaMap
2026-04-28 22:00:35.734 [http-nio-8080-exec-2] DEBUG c.z.e.m.m.a.A.selectList_mpCount - ==> Parameters: 
2026-04-28 22:00:35.837 [http-nio-8080-exec-2] DEBUG c.z.e.m.m.a.A.selectList_mpCount - <==      Total: 1
2026-04-28 22:00:35.837 [http-nio-8080-exec-2] DEBUG c.z.e.m.m.a.AreaMapMapper.selectList - ==>  Preparing: SELECT areaMap_aid AS areaMapId,areaMap_aname,areaMap_cid FROM general_areaMap ORDER BY areaMap_aid ASC LIMIT ?
2026-04-28 22:00:35.838 [http-nio-8080-exec-2] DEBUG c.z.e.m.m.a.AreaMapMapper.selectList - ==> Parameters: 10(Long)
2026-04-28 22:00:36.006 [http-nio-8080-exec-2] DEBUG c.z.e.m.m.a.AreaMapMapper.selectList - <==      Total: 10
2026-04-28 22:00:36.011 [http-nio-8080-exec-2] INFO  c.z.e.s.s.S.ServiceLogAspect - 【Service完成】类: AreaMapServiceImpl, 方法: findAreaMapByPage, 返回值: {"records":[{"areaMapId":143,"areaMapAname":"辛集市","areaMapCid":142},{"areaMapId":145,"areaMapAname":"晋州市","areaMapCid":142},{"areaMapId":146,"areaMapAname":"新乐市","areaMapCid":142},{"areaMapId":153,"areaMapAname":"井陉县","areaMapCid":142},{"areaMapId":154,"areaMapAname":"栾城区","areaMapCid":142},{"areaMapId":156,"areaMapAname":"行唐县","areaMapCid":142},{"areaMapId":157,"areaMapAname":"灵寿县","areaMapCid":142},{"areaMapId":158,"areaMapAname":"高邑县","areaMapCid":142},{"areaMapId":159,"areaMapAname":"赵县","areaMapCid":142},{"areaMapId":160,"areaMapAname":"赞皇县","areaMapCid":142}],"total":5234,"size":10,"current":1}, 耗时: 282ms
2026-04-28 22:00:36.089 [http-nio-8080-exec-2] INFO  c.z.e.interceptor.UsallyInterceptor - 【请求结束】Method: POST, URI: /api/admin/areaMap/findAreaMapByPage, Controller: AdminAreaMapController.findAreaMapByPage, Status: 200, Duration: 472ms
2026-04-28 22:00:38.108 [http-nio-8080-exec-6] DEBUG c.z.e.m.m.a.AdminMapper.selectById - ==>  Preparing: SELECT admin_id,admin_account,admin_username,admin_email,admin_phone,admin_password,admin_image,admin_introduce,admin_state,admin_loginTime,deleted FROM admin_admin WHERE admin_id=? AND deleted=0
2026-04-28 22:00:38.108 [http-nio-8080-exec-6] DEBUG c.z.e.m.m.a.AdminMapper.selectById - ==> Parameters: 1(Integer)
2026-04-28 22:00:38.144 [http-nio-8080-exec-6] DEBUG c.z.e.m.m.a.AdminMapper.selectById - <==      Total: 1
2026-04-28 22:00:38.145 [http-nio-8080-exec-6] DEBUG c.z.e.m.m.a.A.findAdminInfoById - ==>  Preparing: select * from admin_admin left join admin_admin_role on admin_admin.admin_id = admin_admin_role.adminId left join admin_role on admin_admin_role.roleId = admin_role.role_id and admin_role.deleted = 0 left join admin_role_permission on admin_role.role_id = admin_role_permission.roleId left join admin_permission on admin_role_permission.permissionId = admin_permission.permission_id and admin_permission.deleted = 0 where admin_admin.admin_id = ? and admin_admin.deleted = 0
2026-04-28 22:00:38.146 [http-nio-8080-exec-6] DEBUG c.z.e.m.m.a.A.findAdminInfoById - ==> Parameters: 1(Integer)
2026-04-28 22:00:38.184 [http-nio-8080-exec-6] DEBUG c.z.e.m.m.a.A.findAdminInfoById - <==      Total: 1
2026-04-28 22:00:38.186 [http-nio-8080-exec-6] INFO  c.z.e.interceptor.UsallyInterceptor - 【请求开始】Method: GET, URI: /api/admin/areaMap/findAreaMapById, Controller: AdminAreaMapController.findAreaMapById, IP: 0:0:0:0:0:0:0:1, Params: {"areaMapId":"143","_t":"1777384837718"}
2026-04-28 22:00:38.223 [http-nio-8080-exec-6] INFO  c.z.e.s.s.S.ServiceLogAspect - 【Service执行】类: AreaMapServiceImpl, 方法: findAreaMapById, 参数: [143]
2026-04-28 22:00:38.224 [http-nio-8080-exec-6] DEBUG c.z.e.m.m.a.AreaMapMapper.selectById - ==>  Preparing: SELECT areaMap_aid AS areaMapId,areaMap_aname,areaMap_cid FROM general_areaMap WHERE areaMap_aid=?
2026-04-28 22:00:38.224 [http-nio-8080-exec-6] DEBUG c.z.e.m.m.a.AreaMapMapper.selectById - ==> Parameters: 143(Integer)
2026-04-28 22:00:38.260 [http-nio-8080-exec-6] DEBUG c.z.e.m.m.a.AreaMapMapper.selectById - <==      Total: 1
2026-04-28 22:00:38.262 [http-nio-8080-exec-6] INFO  c.z.e.s.s.S.ServiceLogAspect - 【Service完成】类: AreaMapServiceImpl, 方法: findAreaMapById, 返回值: {"areaMapId":143,"areaMapAname":"辛集市","areaMapCid":142}, 耗时: 38ms
2026-04-28 22:00:38.334 [http-nio-8080-exec-6] INFO  c.z.e.interceptor.UsallyInterceptor - 【请求结束】Method: GET, URI: /api/admin/areaMap/findAreaMapById, Controller: AdminAreaMapController.findAreaMapById, Status: 200, Duration: 148ms
2026-04-28 22:00:59.318 [http-nio-8080-exec-7] DEBUG c.z.e.m.m.a.AdminMapper.selectById - ==>  Preparing: SELECT admin_id,admin_account,admin_username,admin_email,admin_phone,admin_password,admin_image,admin_introduce,admin_state,admin_loginTime,deleted FROM admin_admin WHERE admin_id=? AND deleted=0
2026-04-28 22:00:59.318 [http-nio-8080-exec-7] DEBUG c.z.e.m.m.a.AdminMapper.selectById - ==> Parameters: 1(Integer)
2026-04-28 22:00:59.397 [http-nio-8080-exec-7] DEBUG c.z.e.m.m.a.AdminMapper.selectById - <==      Total: 1
2026-04-28 22:00:59.398 [http-nio-8080-exec-7] DEBUG c.z.e.m.m.a.A.findAdminInfoById - ==>  Preparing: select * from admin_admin left join admin_admin_role on admin_admin.admin_id = admin_admin_role.adminId left join admin_role on admin_admin_role.roleId = admin_role.role_id and admin_role.deleted = 0 left join admin_role_permission on admin_role.role_id = admin_role_permission.roleId left join admin_permission on admin_role_permission.permissionId = admin_permission.permission_id and admin_permission.deleted = 0 where admin_admin.admin_id = ? and admin_admin.deleted = 0
2026-04-28 22:00:59.398 [http-nio-8080-exec-7] DEBUG c.z.e.m.m.a.A.findAdminInfoById - ==> Parameters: 1(Integer)
2026-04-28 22:00:59.480 [http-nio-8080-exec-7] DEBUG c.z.e.m.m.a.A.findAdminInfoById - <==      Total: 1
2026-04-28 22:00:59.481 [http-nio-8080-exec-7] INFO  c.z.e.interceptor.UsallyInterceptor - 【请求开始】Method: GET, URI: /api/admin/areaMap/findAreaMapById, Controller: AdminAreaMapController.findAreaMapById, IP: 0:0:0:0:0:0:0:1, Params: {"areaMapId":"143","_t":"1777384859165"}
2026-04-28 22:00:59.696 [http-nio-8080-exec-7] INFO  c.z.e.s.s.S.ServiceLogAspect - 【Service执行】类: AreaMapServiceImpl, 方法: findAreaMapById, 参数: [143]
2026-04-28 22:00:59.697 [http-nio-8080-exec-7] DEBUG c.z.e.m.m.a.AreaMapMapper.selectById - ==>  Preparing: SELECT areaMap_aid AS areaMapId,areaMap_aname,areaMap_cid FROM general_areaMap WHERE areaMap_aid=?
2026-04-28 22:00:59.697 [http-nio-8080-exec-7] DEBUG c.z.e.m.m.a.AreaMapMapper.selectById - ==> Parameters: 143(Integer)
2026-04-28 22:00:59.816 [http-nio-8080-exec-7] DEBUG c.z.e.m.m.a.AreaMapMapper.selectById - <==      Total: 1
2026-04-28 22:00:59.817 [http-nio-8080-exec-7] INFO  c.z.e.s.s.S.ServiceLogAspect - 【Service完成】类: AreaMapServiceImpl, 方法: findAreaMapById, 返回值: {"areaMapId":143,"areaMapAname":"辛集市","areaMapCid":142}, 耗时: 121ms
2026-04-28 22:00:59.992 [http-nio-8080-exec-7] INFO  c.z.e.interceptor.UsallyInterceptor - 【请求结束】Method: GET, URI: /api/admin/areaMap/findAreaMapById, Controller: AdminAreaMapController.findAreaMapById, Status: 200, Duration: 511ms
2026-04-28 22:01:02.458 [http-nio-8080-exec-4] DEBUG c.z.e.m.m.a.AdminMapper.selectById - ==>  Preparing: SELECT admin_id,admin_account,admin_username,admin_email,admin_phone,admin_password,admin_image,admin_introduce,admin_state,admin_loginTime,deleted FROM admin_admin WHERE admin_id=? AND deleted=0
2026-04-28 22:01:02.459 [http-nio-8080-exec-4] DEBUG c.z.e.m.m.a.AdminMapper.selectById - ==> Parameters: 1(Integer)
2026-04-28 22:01:02.754 [http-nio-8080-exec-4] DEBUG c.z.e.m.m.a.AdminMapper.selectById - <==      Total: 1
2026-04-28 22:01:02.756 [http-nio-8080-exec-4] DEBUG c.z.e.m.m.a.A.findAdminInfoById - ==>  Preparing: select * from admin_admin left join admin_admin_role on admin_admin.admin_id = admin_admin_role.adminId left join admin_role on admin_admin_role.roleId = admin_role.role_id and admin_role.deleted = 0 left join admin_role_permission on admin_role.role_id = admin_role_permission.roleId left join admin_permission on admin_role_permission.permissionId = admin_permission.permission_id and admin_permission.deleted = 0 where admin_admin.admin_id = ? and admin_admin.deleted = 0
2026-04-28 22:01:02.756 [http-nio-8080-exec-4] DEBUG c.z.e.m.m.a.A.findAdminInfoById - ==> Parameters: 1(Integer)
2026-04-28 22:01:02.816 [http-nio-8080-exec-4] DEBUG c.z.e.m.m.a.A.findAdminInfoById - <==      Total: 1
2026-04-28 22:01:02.817 [http-nio-8080-exec-4] INFO  c.z.e.interceptor.UsallyInterceptor - 【请求开始】Method: POST, URI: /api/admin/streetMap/findStreetMapByPage, Controller: AdminStreetMapController.findStreetMapByPage, IP: 0:0:0:0:0:0:0:1, Params: {"pageSize":"10","pageNum":"1"}
2026-04-28 22:01:02.907 [http-nio-8080-exec-4] INFO  c.z.e.s.s.S.ServiceLogAspect - 【Service执行】类: StreetMapServiceImpl, 方法: findStreetMapByPage, 参数: [1,10,{"streetMapSname":""}]
2026-04-28 22:01:02.915 [http-nio-8080-exec-4] DEBUG c.z.e.m.m.a.S.selectList_mpCount - ==>  Preparing: SELECT COUNT(*) AS total FROM general_streetMap
2026-04-28 22:01:02.915 [http-nio-8080-exec-4] DEBUG c.z.e.m.m.a.S.selectList_mpCount - ==> Parameters: 
2026-04-28 22:01:03.077 [http-nio-8080-exec-4] DEBUG c.z.e.m.m.a.S.selectList_mpCount - <==      Total: 1
2026-04-28 22:01:03.078 [http-nio-8080-exec-4] DEBUG c.z.e.m.m.a.S.selectList - ==>  Preparing: SELECT streetMap_sid,streetMap_sname,streetMap_aid FROM general_streetMap ORDER BY streetMap_sid ASC LIMIT ?
2026-04-28 22:01:03.079 [http-nio-8080-exec-4] DEBUG c.z.e.m.m.a.S.selectList - ==> Parameters: 10(Long)
2026-04-28 22:01:03.190 [http-nio-8080-exec-4] DEBUG c.z.e.m.m.a.S.selectList - <==      Total: 10
2026-04-28 22:01:03.196 [http-nio-8080-exec-4] INFO  c.z.e.s.s.S.ServiceLogAspect - 【Service完成】类: StreetMapServiceImpl, 方法: findStreetMapByPage, 返回值: {"records":[{"streetMapSid":5008,"streetMapSname":"辛集镇","streetMapAid":143},{"streetMapSid":5009,"streetMapSname":"旧城镇","streetMapAid":143},{"streetMapSid":5010,"streetMapSname":"张古庄镇","streetMapAid":143},{"streetMapSid":5011,"streetMapSname":"位伯镇","streetMapAid":143},{"streetMapSid":5012,"streetMapSname":"新垒头镇","streetMapAid":143},{"streetMapSid":5013,"streetMapSname":"新城镇","streetMapAid":143},{"streetMapSid":5014,"streetMapSname":"南智邱镇","streetMapAid":143},{"streetMapSid":5015,"streetMapSname":"王口镇","streetMapAid":143},{"streetMapSid":5016,"streetMapSname":"天宫营乡","streetMapAid":143},{"streetMapSid":5017,"streetMapSname":"前营乡","streetMapAid":143}],"total":43558,"size":10,"current":1}, 耗时: 288ms
2026-04-28 22:01:03.417 [http-nio-8080-exec-4] INFO  c.z.e.interceptor.UsallyInterceptor - 【请求结束】Method: POST, URI: /api/admin/streetMap/findStreetMapByPage, Controller: AdminStreetMapController.findStreetMapByPage, Status: 200, Duration: 600ms
2026-04-28 22:01:04.158 [http-nio-8080-exec-3] DEBUG c.z.e.m.m.a.AdminMapper.selectById - ==>  Preparing: SELECT admin_id,admin_account,admin_username,admin_email,admin_phone,admin_password,admin_image,admin_introduce,admin_state,admin_loginTime,deleted FROM admin_admin WHERE admin_id=? AND deleted=0
2026-04-28 22:01:04.158 [http-nio-8080-exec-3] DEBUG c.z.e.m.m.a.AdminMapper.selectById - ==> Parameters: 1(Integer)
2026-04-28 22:01:04.257 [http-nio-8080-exec-3] DEBUG c.z.e.m.m.a.AdminMapper.selectById - <==      Total: 1
2026-04-28 22:01:04.258 [http-nio-8080-exec-3] DEBUG c.z.e.m.m.a.A.findAdminInfoById - ==>  Preparing: select * from admin_admin left join admin_admin_role on admin_admin.admin_id = admin_admin_role.adminId left join admin_role on admin_admin_role.roleId = admin_role.role_id and admin_role.deleted = 0 left join admin_role_permission on admin_role.role_id = admin_role_permission.roleId left join admin_permission on admin_role_permission.permissionId = admin_permission.permission_id and admin_permission.deleted = 0 where admin_admin.admin_id = ? and admin_admin.deleted = 0
2026-04-28 22:01:04.259 [http-nio-8080-exec-3] DEBUG c.z.e.m.m.a.A.findAdminInfoById - ==> Parameters: 1(Integer)
2026-04-28 22:01:04.297 [http-nio-8080-exec-3] DEBUG c.z.e.m.m.a.A.findAdminInfoById - <==      Total: 1
2026-04-28 22:01:04.302 [http-nio-8080-exec-3] INFO  c.z.e.interceptor.UsallyInterceptor - 【请求开始】Method: GET, URI: /api/admin/streetMap/findStreetMapById, Controller: AdminStreetMapController.findStreetMapById, IP: 0:0:0:0:0:0:0:1, Params: {"streetMapId":"5008","_t":"1777384863955"}
2026-04-28 22:01:04.342 [http-nio-8080-exec-3] INFO  c.z.e.s.s.S.ServiceLogAspect - 【Service执行】类: StreetMapServiceImpl, 方法: findStreetMapById, 参数: [5008]
2026-04-28 22:01:04.342 [http-nio-8080-exec-3] DEBUG c.z.e.m.m.a.S.selectById - ==>  Preparing: SELECT streetMap_sid,streetMap_sname,streetMap_aid FROM general_streetMap WHERE streetMap_sid=?
2026-04-28 22:01:04.343 [http-nio-8080-exec-3] DEBUG c.z.e.m.m.a.S.selectById - ==> Parameters: 5008(Integer)
2026-04-28 22:01:04.425 [http-nio-8080-exec-3] DEBUG c.z.e.m.m.a.S.selectById - <==      Total: 1
2026-04-28 22:01:04.429 [http-nio-8080-exec-3] INFO  c.z.e.s.s.S.ServiceLogAspect - 【Service完成】类: StreetMapServiceImpl, 方法: findStreetMapById, 返回值: {"streetMapSid":5008,"streetMapSname":"辛集镇","streetMapAid":143}, 耗时: 86ms
2026-04-28 22:01:04.542 [http-nio-8080-exec-3] INFO  c.z.e.interceptor.UsallyInterceptor - 【请求结束】Method: GET, URI: /api/admin/streetMap/findStreetMapById, Controller: AdminStreetMapController.findStreetMapById, Status: 200, Duration: 240ms
2026-04-28 22:01:08.458 [http-nio-8080-exec-8] DEBUG c.z.e.m.m.a.AdminMapper.selectById - ==>  Preparing: SELECT admin_id,admin_account,admin_username,admin_email,admin_phone,admin_password,admin_image,admin_introduce,admin_state,admin_loginTime,deleted FROM admin_admin WHERE admin_id=? AND deleted=0
2026-04-28 22:01:08.461 [http-nio-8080-exec-8] DEBUG c.z.e.m.m.a.AdminMapper.selectById - ==> Parameters: 1(Integer)
2026-04-28 22:01:08.497 [http-nio-8080-exec-8] DEBUG c.z.e.m.m.a.AdminMapper.selectById - <==      Total: 1
2026-04-28 22:01:08.499 [http-nio-8080-exec-8] DEBUG c.z.e.m.m.a.A.findAdminInfoById - ==>  Preparing: select * from admin_admin left join admin_admin_role on admin_admin.admin_id = admin_admin_role.adminId left join admin_role on admin_admin_role.roleId = admin_role.role_id and admin_role.deleted = 0 left join admin_role_permission on admin_role.role_id = admin_role_permission.roleId left join admin_permission on admin_role_permission.permissionId = admin_permission.permission_id and admin_permission.deleted = 0 where admin_admin.admin_id = ? and admin_admin.deleted = 0
2026-04-28 22:01:08.500 [http-nio-8080-exec-8] DEBUG c.z.e.m.m.a.A.findAdminInfoById - ==> Parameters: 1(Integer)
2026-04-28 22:01:08.591 [http-nio-8080-exec-8] DEBUG c.z.e.m.m.a.A.findAdminInfoById - <==      Total: 1
2026-04-28 22:01:08.594 [http-nio-8080-exec-8] INFO  c.z.e.interceptor.UsallyInterceptor - 【请求开始】Method: POST, URI: /api/admin/userFeedback/getFeedbackPage, Controller: AdminUserFeedbackController.getFeedbackPage, IP: 0:0:0:0:0:0:0:1, Params: {"size":"10","page":"1"}
2026-04-28 22:01:08.634 [http-nio-8080-exec-8] INFO  c.z.e.s.s.S.ServiceLogAspect - 【Service执行】类: UserFeedbackServiceImpl, 方法: getFeedbackPage, 参数: [10,1,{"userFeedbackTitle":"","userFeedbackContent":""}]
2026-04-28 22:01:08.644 [http-nio-8080-exec-8] DEBUG c.z.e.m.m.u.U.selectList_mpCount - ==>  Preparing: SELECT COUNT(*) AS total FROM user_userFeedback
2026-04-28 22:01:08.644 [http-nio-8080-exec-8] DEBUG c.z.e.m.m.u.U.selectList_mpCount - ==> Parameters: 
2026-04-28 22:01:08.681 [http-nio-8080-exec-8] DEBUG c.z.e.m.m.u.U.selectList_mpCount - <==      Total: 1
2026-04-28 22:01:08.682 [http-nio-8080-exec-8] DEBUG c.z.e.m.m.u.U.selectList - ==>  Preparing: SELECT userFeedback_id,userFeedback_title,userFeedback_content,userFeedback_time,userFeedback_recentTime,userFeedback_curStep,userFeedback_userId FROM user_userFeedback ORDER BY userFeedback_id DESC LIMIT ?
2026-04-28 22:01:08.682 [http-nio-8080-exec-8] DEBUG c.z.e.m.m.u.U.selectList - ==> Parameters: 10(Long)
2026-04-28 22:01:08.741 [http-nio-8080-exec-8] DEBUG c.z.e.m.m.u.U.selectList - <==      Total: 10
2026-04-28 22:01:08.746 [http-nio-8080-exec-8] DEBUG c.z.e.m.m.user.UserMapper.selectById - ==>  Preparing: SELECT user_id,user_account,user_username,user_email,user_phone,user_password,user_image,user_introduce,user_createdTime,user_loginTime,user_dreamPosition,user_dreamMinMonthSalary,user_dreamMaxMonthSalary,user_dreamWeekWorkDayNum,user_dreamGoodWelfare,user_recruitLocationFirst,user_recruitLocationSecond,user_recruitLocationDetail,user_universityCode FROM user_user WHERE user_id=?
2026-04-28 22:01:08.746 [http-nio-8080-exec-8] DEBUG c.z.e.m.m.user.UserMapper.selectById - ==> Parameters: 1(Integer)
2026-04-28 22:01:08.799 [http-nio-8080-exec-8] DEBUG c.z.e.m.m.user.UserMapper.selectById - <==      Total: 1
2026-04-28 22:01:08.808 [http-nio-8080-exec-8] INFO  c.z.e.s.s.S.ServiceLogAspect - 【Service完成】类: UserFeedbackServiceImpl, 方法: getFeedbackPage, 返回值: {"records":[{"userFeedbackId":13,"userFeedbackTitle":"bbbb","userFeedbackContent":"bbbbbbbbbbbbbbbb","userFeedbackTime":1765952633000,"userFeedbackRecentTime":1766237840000,"userFeedbackCurStep":"已回复","userFeedbackUserId":1,"userFeedbackUserName":"超级管理员"},{"userFeedbackId":12,"userFeedbackTitle":"aaaaaaaa","userFeedbackContent":"aaaaaaaaaaaaaaaaaaa","userFeedbackTime":1765951586000,"userFeedbackRecentTime":1766237357000,"userFeedbackCurStep":"已忽视","userFeedbackUserId":1,"userFeedbackUserName":"超级管理员"},{"userFeedbackId":11,"userFeedbackTitle":"aaaaaaaaaaaa","userFeedbackContent":"aaaaaaaaaaaa","userFeedbackTime":1765951550000,"userFeedbackRecentTime":1766289004000,"userFeedbackCurStep":"已忽视","userFeedbackUserId":1,"userFeedbackUserName":"超级管理员"},{"userFeedbackId":10,"userFeedbackTitle":"66666666666","userFeedbackContent":"66666666666","userFeedbackTime":1765951524000,"userFeedbackRecentTime":1766289006000,"userFeedbackCurStep":"已忽视","userFeedbackUserId":1,"userFeedbackUserName":"超级管理员"},{"userFeedbackId":9,"userFeedbackTitle":"后端问题2222222222","userFeedbackContent":"后端问题2222222222","userFeedbackTime":1765951442000,"userFeedbackRecentTime":1765951442000,"userFeedbackCurStep":"待接受","userFeedbackUserId":1,"userFeedbackUserName":"超级管理员"},{"userFeedbackId":8,"userFeedbackTitle":"后端问题6666666","userFeedbackContent":"后端问题6666666","userFeedbackTime":1765951296000,"userFeedbackRecentTime":1765951296000,"userFeedbackCurStep":"待接受","userFeedbackUserId":1,"userFeedbackUserName":"超级管理员"},{"userFeedbackId":7,"userFeedbackTitle":"用户问题111111111111","userFeedbackContent":"用户问题111111111111","userFeedbackTime":1765942512000,"userFeedbackRecentTime":1765942512000,"userFeedbackCurStep":"待接受","userFeedbackUserId":1,"userFeedbackUserName":"超级管理员"},{"userFeedbackId":6,"userFeedbackTitle":"用户端重复问题11","userFeedbackContent":"用户端重复问题11","userFeedbackTime":1765942402000,"userFeedbackRecentTime":1765942402000,"userFeedbackCurStep":"待接受","userFeedbackUserId":1,"userFeedbackUserName":"超级管理员"},{"userFeedbackId":5,"userFeedbackTitle":"用户端问题111111111111111","userFeedbackContent":"用户端问题111111111111111","userFeedbackTime":1765942269000,"userFeedbackRecentTime":1765942269000,"userFeedbackCurStep":"待接受","userFeedbackUserId":1,"userFeedbackUserName":"超级管理员"},{"userFeedbackId":4,"userFeedbackTitle":"org.springframework.http.converter.","userFeedbackContent":"org.springframework.http.converter.HttpMessageNotReadableException: Required request body is missing: public com.zyh.easyapplyresume.bean.usallyexceptionandEnum.BaseResult<?> com.zyh.easyapplyresume.controller.user.UserFeedbackController.addFeedback(com.zyh.easyapplyresume.model.form.user.UserFeedbackForm)\n\tat org.springframework.web.servlet.mvc.method.annotation.RequestResponseBodyMethodProcessor.readWithMessageConverters(RequestResponseBodyMethodProcessor.java:164)\n\tat org.springframework.web.servlet.mvc.method.annotation.RequestResponseBodyMethodProcessor.resolveArgument(RequestResponseBodyMethodProcessor.java:135)\n\tat org.springframework.web.method.support.HandlerMethodArgumentResolverComposite.resolveArgument(HandlerMethodArgumentResolverComposite.java:122)\n\tat org.springframework.web.method.support.InvocableHandlerMethod.getMethodArgumentValues(InvocableHandlerMethod.java:224)\n\tat org.springframework.web.method.support.InvocableHandlerMethod.invokeForRequest(InvocableHandlerMethod.java:178)\n\tat org.springframework.web.servlet.mvc.method.annotation.ServletInvocableHandlerMethod.invokeAndHandle(ServletInvocableHandlerMethod.java:118)\n\tat org.springframework.web.servlet.mvc.method.annotation.RequestMappingHandlerAdapter.invokeHandlerMethod(RequestMappingHandlerAdapter.java:926)\n\tat org.springframework.web.servlet.mvc.method.annotation.RequestMappingHandlerAdapter.handleInternal(RequestMappingHandlerAdapter.java:831)\n\tat org.springframework.web.servlet.mvc.method.AbstractHandlerMethodAdapter.handle(AbstractHandlerMethodAdapter.java:87)\n\tat org.springframework.web.servlet.DispatcherServlet.doDispatch(DispatcherServlet.java:1089)\n\tat org.springframework.web.servlet.DispatcherServlet.doService(DispatcherServlet.java:979)\n\tat org.springframework.web.servlet.FrameworkServlet.processRequest(FrameworkServlet.java:1014)\n\tat org.springframework.web.servlet.FrameworkServlet.doPost(FrameworkServlet.java:914)\n\tat jakarta.servlet.http.HttpServlet.service(HttpServlet.java:590)\n\tat org.springframework.web.servlet.FrameworkServlet.service(FrameworkServlet.java:885)\n\tat jakarta.servlet.http.HttpServlet.service(HttpServlet.java:658)\n\tat org.apache.catalina.core.ApplicationFilterChain.internalDoFilter(ApplicationFilterChain.java:195)\n\tat org.apache.catalina.core.ApplicationFilterChain.doFilter(ApplicationFilterChain.java:140)\n\tat org.springframework.web.filter.CompositeFilter$VirtualFilterChain.doFilter(CompositeFilter.java:108)\n\tat org.springframework.security.web.FilterChainProxy.lambda$doFilterInternal$3(FilterChainProxy.java:231)\n\tat org.springframework.security.web.FilterChainProxy$VirtualFilterChain.doFilter(FilterChainProxy.java:365)\n\tat com.zyh.easyapplyresume.filter.UserJwtAuthFilter.doFilterInternal(UserJwtAuthFilter.java:100)\n\tat org.springframework.web.filter.OncePerRequestFilter.doFilter(OncePerRequestFilter.java:116)\n\tat org.springframework.security.web.FilterChainProxy$VirtualFilterChain.doFilter(FilterChainProxy.java:374)\n\tat org.springframework.security.web.authentication.logout.LogoutFilter.doFilter(LogoutFilter.java:107)\n\tat org.springframework.security.web.authentication.logout.LogoutFilter.doFilter(LogoutFilter.java:93)\n\tat org.springframework.security.web.FilterChainProxy$VirtualFilterChain.doFilter(FilterChainProxy.java:374)\n\tat org.springframework.web.filter.CorsFilter.doFilterInternal(CorsFilter.java:91)\n\tat org.springframework.web.filter.OncePerRequestFilter.doFilter(OncePerRequestFilter.java:116)\n\tat org.springframework.security.web.FilterChainProxy$VirtualFilterChain.doFilter(FilterChainProxy.java:374)\n\tat org.springframework.security.web.header.HeaderWriterFilter.doHeadersAfter(HeaderWriterFilter.java:90)\n\tat org.springframework.security.web.header.HeaderWriterFilter.doFilterInternal(HeaderWriterFilter.java:75)\n\tat org.springframework.web.filter.OncePerRequestFilter.doFilter(OncePerRequestFilter.java:116)\n\tat org.springframework.security.web.FilterChainProxy$VirtualFilterChain.doFilter(FilterChainProxy.java:374)\n\tat org.springframework.security.web.context.SecurityContextHolderFilter.doFilter(SecurityContextHolderFilter.java:82)\n\tat org.springframework.security.web.context.SecurityContextHolderFilter.doFilter(SecurityContextHolderFilter.java:69)\n\tat org.springframework.security.web.FilterChainProxy$VirtualFilterChain.doFilter(FilterChainProxy.java:374)\n\tat org.springframework.security.web.context.request.async.WebAsyncManagerIntegrationFilter.doFilterInternal(WebAsyncManagerIntegrationFilter.java:62)\n\tat org.springframework.web.filter.OncePerRequestFilter.doFilter(OncePerRequestFilter.java:116)\n\tat org.springframework.security.web.FilterChainProxy$VirtualFilterChain.doFilter(FilterChainProxy.java:374)\n\tat org.springframework.security.web.session.DisableEncodeUrlFilter.doFilterInternal(DisableEncodeUrlFilter.java:42)\n\tat org.springframework.web.filter.OncePerRequestFilter.doFilter(OncePerRequestFilter.java:116)\n\tat org.springframework.security.web.FilterChainProxy$VirtualFilterChain.doFilter(FilterChainProxy.java:374)\n\tat org.springframework.security.web.FilterChainProxy.doFilterInternal(FilterChainProxy.java:233)\n\tat org.springframework.security.web.FilterChainProxy.doFilter(FilterChainProxy.java:191)\n\tat org.springframework.web.filter.CompositeFilter$VirtualFilterChain.doFilter(CompositeFilter.java:113)\n\tat org.springframework.web.servlet.handler.HandlerMappingIntrospector.lambda$createCacheFilter$3(HandlerMappingIntrospector.java:195)\n\tat org.springframework.web.filter.CompositeFilter$VirtualFilterChain.doFilter(CompositeFilter.java:113)\n\tat org.springframework.web.filter.CompositeFilter.doFilter(CompositeFilter.java:74)\n\tat org.springframework.security.config.annotation.web.configuration.WebMvcSecurityConfiguration$CompositeFilterChainProxy.doFilter(WebMvcSecurityConfiguration.java:230)\n\tat org.springframework.web.filter.DelegatingFilterProxy.invokeDelegate(DelegatingFilterProxy.java:362)\n\tat org.springframework.web.filter.DelegatingFilterProxy.doFilter(DelegatingFilterProxy.java:278)\n\tat org.apache.catalina.core.ApplicationFilterChain.internalDoFilter(ApplicationFilterChain.java:164)\n\tat org.apache.catalina.core.ApplicationFilterChain.doFilter(ApplicationFilterChain.java:140)\n\tat org.springframework.web.filter.RequestContextFilter.doFilterInternal(RequestContextFilter.java:100)\n\tat org.springframework.web.filter.OncePerRequestFilter.doFilter(OncePerRequestFilter.java:116)\n\tat org.apache.catalina.core.ApplicationFilterChain.internalDoFilter(ApplicationFilterChain.java:164)\n\tat org.apache.catalina.core.ApplicationFilterChain.doFilter(ApplicationFilterChain.java:140)\n\tat org.springframework.web.filter.FormContentFilter.doFilterInternal(FormContentFilter.java:93)\n\tat org.springframework.web.filter.OncePerRequestFilter.doFilter(OncePerRequestFilter.java:116)\n\tat org.apache.catalina.core.ApplicationFilterChain.internalDoFilter(ApplicationFilterChain.java:164)\n\tat org.apache.catalina.core.ApplicationFilterChain.doFilter(ApplicationFilterChain.java:140)\n\tat org.springframework.web.filter.CharacterEncodingFilter.doFilterInternal(CharacterEncodingFilter.java:201)\n\tat org.springframework.web.filter.OncePerRequestFilter.doFilter(OncePerRequestFilter.java:116)\n\tat org.apache.catalina.core.ApplicationFilterChain.internalDoFilter(ApplicationFilterChain.java:164)\n\tat org.apache.catalina.core.ApplicationFilterChain.doFilter(ApplicationFilterChain.java:140)\n\tat org.apache.catalina.core.StandardWrapperValve.invoke(StandardWrapperValve.java:167)\n\tat org.apache.catalina.core.StandardContextValve.invoke(StandardContextValve.java:90)\n\tat org.apache.catalina.authenticator.AuthenticatorBase.invoke(AuthenticatorBase.java:483)\n\tat org.apache.catalina.core.StandardHostValve.invoke(StandardHostValve.java:115)\n\tat org.apache.catalina.valves.ErrorReportValve.invoke(ErrorReportValve.java:93)\n\tat org.apache.catalina.core.StandardEngineValve.invoke(StandardEngineValve.java:74)\n\tat org.apache.catalina.connector.CoyoteAdapter.service(CoyoteAdapter.java:344)\n\tat org.apache.coyote.http11.Http11Processor.service(Http11Processor.java:384)\n\tat org.apache.coyote.AbstractProcessorLight.process(AbstractProcessorLight.java:63)\n\tat org.apache.coyote.AbstractProtocol$ConnectionHandler.process(AbstractProtocol.java:905)\n\tat org.apache.tomcat.util.net.NioEndpoint$SocketProcessor.doRun(NioEndpoint.java:1741)\n\tat org.apache.tomcat.util.net.SocketProcessorBase.run(SocketProcessorBase.java:52)\n\tat org.apache.tomcat.util.threads.ThreadPoolExecutor.runWorker(ThreadPoolExecutor.java:1190)\n\tat org.apache.tomcat.util.threads.ThreadPoolExecutor$Worker.run(ThreadPoolExecutor.java:659)\n\tat org.apache.tomcat.util.threads.TaskThread$WrappingRunnable.run(TaskThread.java:63)\n\tat java.base/java.lang.Thread.run(Thread.java:1583)\n","userFeedbackTime":1765941989000,"userFeedbackRecentTime":1765941989000,"userFeedbackCurStep":"待接受","userFeedbackUserId":1,"userFeedbackUserName":"超级管理员"}],"total":13,"size":10,"current":1}, 耗时: 169ms
2026-04-28 22:01:08.933 [http-nio-8080-exec-8] INFO  c.z.e.interceptor.UsallyInterceptor - 【请求结束】Method: POST, URI: /api/admin/userFeedback/getFeedbackPage, Controller: AdminUserFeedbackController.getFeedbackPage, Status: 200, Duration: 340ms
2026-04-28 22:01:10.056 [http-nio-8080-exec-5] DEBUG c.z.e.m.m.a.AdminMapper.selectById - ==>  Preparing: SELECT admin_id,admin_account,admin_username,admin_email,admin_phone,admin_password,admin_image,admin_introduce,admin_state,admin_loginTime,deleted FROM admin_admin WHERE admin_id=? AND deleted=0
2026-04-28 22:01:10.056 [http-nio-8080-exec-5] DEBUG c.z.e.m.m.a.AdminMapper.selectById - ==> Parameters: 1(Integer)
2026-04-28 22:01:10.169 [http-nio-8080-exec-5] DEBUG c.z.e.m.m.a.AdminMapper.selectById - <==      Total: 1
2026-04-28 22:01:10.171 [http-nio-8080-exec-5] DEBUG c.z.e.m.m.a.A.findAdminInfoById - ==>  Preparing: select * from admin_admin left join admin_admin_role on admin_admin.admin_id = admin_admin_role.adminId left join admin_role on admin_admin_role.roleId = admin_role.role_id and admin_role.deleted = 0 left join admin_role_permission on admin_role.role_id = admin_role_permission.roleId left join admin_permission on admin_role_permission.permissionId = admin_permission.permission_id and admin_permission.deleted = 0 where admin_admin.admin_id = ? and admin_admin.deleted = 0
2026-04-28 22:01:10.173 [http-nio-8080-exec-5] DEBUG c.z.e.m.m.a.A.findAdminInfoById - ==> Parameters: 1(Integer)
2026-04-28 22:01:10.231 [http-nio-8080-exec-5] DEBUG c.z.e.m.m.a.A.findAdminInfoById - <==      Total: 1
2026-04-28 22:01:10.233 [http-nio-8080-exec-5] INFO  c.z.e.interceptor.UsallyInterceptor - 【请求开始】Method: GET, URI: /api/admin/userFeedback/findFeedbackById, Controller: AdminUserFeedbackController.findFeedbackById, IP: 0:0:0:0:0:0:0:1, Params: {"_t":"1777384869949","feedbackId":"13"}
2026-04-28 22:01:10.392 [http-nio-8080-exec-5] INFO  c.z.e.s.s.S.ServiceLogAspect - 【Service执行】类: UserFeedbackServiceImpl, 方法: findFeedbackById, 参数: [13]
2026-04-28 22:01:10.403 [http-nio-8080-exec-5] DEBUG c.z.e.m.m.u.U.selectList - ==>  Preparing: SELECT userFeedback_id,userFeedback_title,userFeedback_content,userFeedback_time,userFeedback_recentTime,userFeedback_curStep,userFeedback_userId FROM user_userFeedback WHERE (userFeedback_id = ?)
2026-04-28 22:01:10.403 [http-nio-8080-exec-5] DEBUG c.z.e.m.m.u.U.selectList - ==> Parameters: 13(Integer)
2026-04-28 22:01:10.515 [http-nio-8080-exec-5] DEBUG c.z.e.m.m.u.U.selectList - <==      Total: 1
2026-04-28 22:01:10.518 [http-nio-8080-exec-5] DEBUG c.z.e.m.m.user.UserMapper.selectById - ==>  Preparing: SELECT user_id,user_account,user_username,user_email,user_phone,user_password,user_image,user_introduce,user_createdTime,user_loginTime,user_dreamPosition,user_dreamMinMonthSalary,user_dreamMaxMonthSalary,user_dreamWeekWorkDayNum,user_dreamGoodWelfare,user_recruitLocationFirst,user_recruitLocationSecond,user_recruitLocationDetail,user_universityCode FROM user_user WHERE user_id=?
2026-04-28 22:01:10.519 [http-nio-8080-exec-5] DEBUG c.z.e.m.m.user.UserMapper.selectById - ==> Parameters: 1(Integer)
2026-04-28 22:01:10.555 [http-nio-8080-exec-5] DEBUG c.z.e.m.m.user.UserMapper.selectById - <==      Total: 1
2026-04-28 22:01:10.556 [http-nio-8080-exec-5] INFO  c.z.e.s.s.S.ServiceLogAspect - 【Service完成】类: UserFeedbackServiceImpl, 方法: findFeedbackById, 返回值: {"userFeedbackId":13,"userFeedbackTitle":"bbbb","userFeedbackContent":"bbbbbbbbbbbbbbbb","userFeedbackTime":1765952633000,"userFeedbackRecentTime":1766237840000,"userFeedbackCurStep":"已回复","userFeedbackUserId":1,"userFeedbackUserName":"超级管理员"}, 耗时: 164ms
2026-04-28 22:01:10.661 [http-nio-8080-exec-5] INFO  c.z.e.interceptor.UsallyInterceptor - 【请求结束】Method: GET, URI: /api/admin/userFeedback/findFeedbackById, Controller: AdminUserFeedbackController.findFeedbackById, Status: 200, Duration: 428ms
2026-04-28 22:01:13.682 [http-nio-8080-exec-10] DEBUG c.z.e.m.m.a.AdminMapper.selectById - ==>  Preparing: SELECT admin_id,admin_account,admin_username,admin_email,admin_phone,admin_password,admin_image,admin_introduce,admin_state,admin_loginTime,deleted FROM admin_admin WHERE admin_id=? AND deleted=0
2026-04-28 22:01:13.682 [http-nio-8080-exec-10] DEBUG c.z.e.m.m.a.AdminMapper.selectById - ==> Parameters: 1(Integer)
2026-04-28 22:01:13.771 [http-nio-8080-exec-10] DEBUG c.z.e.m.m.a.AdminMapper.selectById - <==      Total: 1
2026-04-28 22:01:13.771 [http-nio-8080-exec-10] DEBUG c.z.e.m.m.a.A.findAdminInfoById - ==>  Preparing: select * from admin_admin left join admin_admin_role on admin_admin.admin_id = admin_admin_role.adminId left join admin_role on admin_admin_role.roleId = admin_role.role_id and admin_role.deleted = 0 left join admin_role_permission on admin_role.role_id = admin_role_permission.roleId left join admin_permission on admin_role_permission.permissionId = admin_permission.permission_id and admin_permission.deleted = 0 where admin_admin.admin_id = ? and admin_admin.deleted = 0
2026-04-28 22:01:13.772 [http-nio-8080-exec-10] DEBUG c.z.e.m.m.a.A.findAdminInfoById - ==> Parameters: 1(Integer)
2026-04-28 22:01:13.887 [http-nio-8080-exec-10] DEBUG c.z.e.m.m.a.A.findAdminInfoById - <==      Total: 1
2026-04-28 22:01:13.891 [http-nio-8080-exec-10] INFO  c.z.e.interceptor.UsallyInterceptor - 【请求开始】Method: POST, URI: /api/admin/feedback/getFeedbackPage, Controller: AdminFeedbackController.getFeedbackPage, IP: 0:0:0:0:0:0:0:1, Params: {"pageSize":"10","pageNum":"1"}
2026-04-28 22:01:13.995 [http-nio-8080-exec-10] INFO  c.z.e.s.s.S.ServiceLogAspect - 【Service执行】类: AdminFeedbackServiceImpl, 方法: getFeedbackPage, 参数: [1,10,{"adminFeedbackTitle":"","adminFeedbackContent":""}]
2026-04-28 22:01:14.005 [http-nio-8080-exec-10] DEBUG c.z.e.m.m.a.A.selectList_mpCount - ==>  Preparing: SELECT COUNT(*) AS total FROM admin_adminFeedback
2026-04-28 22:01:14.005 [http-nio-8080-exec-10] DEBUG c.z.e.m.m.a.A.selectList_mpCount - ==> Parameters: 
2026-04-28 22:01:14.066 [http-nio-8080-exec-10] DEBUG c.z.e.m.m.a.A.selectList_mpCount - <==      Total: 1
2026-04-28 22:01:14.066 [http-nio-8080-exec-10] DEBUG c.z.e.m.m.a.A.selectList - ==>  Preparing: SELECT adminFeedback_id,adminFeedback_title,adminFeedback_content,adminFeedback_time,adminFeedback_recentTime,adminFeedback_curStep,adminFeedback_adminId FROM admin_adminFeedback ORDER BY adminFeedback_id DESC LIMIT ?
2026-04-28 22:01:14.066 [http-nio-8080-exec-10] DEBUG c.z.e.m.m.a.A.selectList - ==> Parameters: 10(Long)
2026-04-28 22:01:14.223 [http-nio-8080-exec-10] DEBUG c.z.e.m.m.a.A.selectList - <==      Total: 8
2026-04-28 22:01:14.229 [http-nio-8080-exec-10] DEBUG c.z.e.m.m.a.AdminMapper.selectById - ==>  Preparing: SELECT admin_id,admin_account,admin_username,admin_email,admin_phone,admin_password,admin_image,admin_introduce,admin_state,admin_loginTime,deleted FROM admin_admin WHERE admin_id=? AND deleted=0
2026-04-28 22:01:14.229 [http-nio-8080-exec-10] DEBUG c.z.e.m.m.a.AdminMapper.selectById - ==> Parameters: 2(Integer)
2026-04-28 22:01:14.337 [http-nio-8080-exec-10] DEBUG c.z.e.m.m.a.AdminMapper.selectById - <==      Total: 1
2026-04-28 22:01:14.337 [http-nio-8080-exec-10] DEBUG c.z.e.m.m.a.AdminMapper.selectById - ==>  Preparing: SELECT admin_id,admin_account,admin_username,admin_email,admin_phone,admin_password,admin_image,admin_introduce,admin_state,admin_loginTime,deleted FROM admin_admin WHERE admin_id=? AND deleted=0
2026-04-28 22:01:14.337 [http-nio-8080-exec-10] DEBUG c.z.e.m.m.a.AdminMapper.selectById - ==> Parameters: 1(Integer)
2026-04-28 22:01:14.448 [http-nio-8080-exec-10] DEBUG c.z.e.m.m.a.AdminMapper.selectById - <==      Total: 1
2026-04-28 22:01:14.455 [http-nio-8080-exec-10] INFO  c.z.e.s.s.S.ServiceLogAspect - 【Service完成】类: AdminFeedbackServiceImpl, 方法: getFeedbackPage, 返回值: {"records":[{"adminFeedbackId":8,"adminFeedbackTitle":"用户111","adminFeedbackContent":"用户111","adminFeedbackTime":1766452948000,"adminFeedbackRecentTime":1766452998000,"adminFeedbackCurStep":"已回复","adminFeedbackAdminId":2,"adminFeedbackAdminName":"朱珺豪"},{"adminFeedbackId":7,"adminFeedbackTitle":"测试反馈记录数据！！！！！","adminFeedbackContent":"测试反馈记录数据！！！！！","adminFeedbackTime":1765812083000,"adminFeedbackRecentTime":1765812099000,"adminFeedbackCurStep":"待回复","adminFeedbackAdminId":1,"adminFeedbackAdminName":"超级管理员"},{"adminFeedbackId":6,"adminFeedbackTitle":"后端问题1112","adminFeedbackContent":"后端问题1112","adminFeedbackTime":1765800955000,"adminFeedbackRecentTime":1765800955000,"adminFeedbackCurStep":"待接受","adminFeedbackAdminId":1,"adminFeedbackAdminName":"超级管理员"},{"adminFeedbackId":5,"adminFeedbackTitle":"后端问题1111","adminFeedbackContent":"后端问题1111","adminFeedbackTime":1765800950000,"adminFeedbackRecentTime":1765801157000,"adminFeedbackCurStep":"待回复","adminFeedbackAdminId":1,"adminFeedbackAdminName":"超级管理员"},{"adminFeedbackId":4,"adminFeedbackTitle":"后端问题111","adminFeedbackContent":"后端问题111","adminFeedbackTime":1765800884000,"adminFeedbackRecentTime":1765800898000,"adminFeedbackCurStep":"待回复","adminFeedbackAdminId":1,"adminFeedbackAdminName":"超级管理员"},{"adminFeedbackId":3,"adminFeedbackTitle":"后端问题3","adminFeedbackContent":"后端问题3","adminFeedbackTime":1765785054000,"adminFeedbackRecentTime":1765801750000,"adminFeedbackCurStep":"已拒绝回复","adminFeedbackAdminId":1,"adminFeedbackAdminName":"超级管理员"},{"adminFeedbackId":2,"adminFeedbackTitle":"后端问题1","adminFeedbackContent":"后端问题1","adminFeedbackTime":1765784643000,"adminFeedbackRecentTime":1765800620000,"adminFeedbackCurStep":"已忽视","adminFeedbackAdminId":1,"adminFeedbackAdminName":"超级管理员"},{"adminFeedbackId":1,"adminFeedbackTitle":"后端问题1","adminFeedbackContent":"后端问题1","adminFeedbackTime":1765784627000,"adminFeedbackRecentTime":1765801730000,"adminFeedbackCurStep":"已回复","adminFeedbackAdminId":1,"adminFeedbackAdminName":"超级管理员"}],"total":8,"size":10,"current":1}, 耗时: 454ms
2026-04-28 22:01:14.657 [http-nio-8080-exec-10] INFO  c.z.e.interceptor.UsallyInterceptor - 【请求结束】Method: POST, URI: /api/admin/feedback/getFeedbackPage, Controller: AdminFeedbackController.getFeedbackPage, Status: 200, Duration: 767ms
2026-04-28 22:01:16.056 [http-nio-8080-exec-9] DEBUG c.z.e.m.m.a.AdminMapper.selectById - ==>  Preparing: SELECT admin_id,admin_account,admin_username,admin_email,admin_phone,admin_password,admin_image,admin_introduce,admin_state,admin_loginTime,deleted FROM admin_admin WHERE admin_id=? AND deleted=0
2026-04-28 22:01:16.056 [http-nio-8080-exec-9] DEBUG c.z.e.m.m.a.AdminMapper.selectById - ==> Parameters: 1(Integer)
2026-04-28 22:01:16.256 [http-nio-8080-exec-9] DEBUG c.z.e.m.m.a.AdminMapper.selectById - <==      Total: 1
2026-04-28 22:01:16.258 [http-nio-8080-exec-9] DEBUG c.z.e.m.m.a.A.findAdminInfoById - ==>  Preparing: select * from admin_admin left join admin_admin_role on admin_admin.admin_id = admin_admin_role.adminId left join admin_role on admin_admin_role.roleId = admin_role.role_id and admin_role.deleted = 0 left join admin_role_permission on admin_role.role_id = admin_role_permission.roleId left join admin_permission on admin_role_permission.permissionId = admin_permission.permission_id and admin_permission.deleted = 0 where admin_admin.admin_id = ? and admin_admin.deleted = 0
2026-04-28 22:01:16.258 [http-nio-8080-exec-9] DEBUG c.z.e.m.m.a.A.findAdminInfoById - ==> Parameters: 1(Integer)
2026-04-28 22:01:16.360 [http-nio-8080-exec-9] DEBUG c.z.e.m.m.a.A.findAdminInfoById - <==      Total: 1
2026-04-28 22:01:16.363 [http-nio-8080-exec-9] INFO  c.z.e.interceptor.UsallyInterceptor - 【请求开始】Method: GET, URI: /api/admin/feedback/findFeedbackById, Controller: AdminFeedbackController.findFeedbackById, IP: 0:0:0:0:0:0:0:1, Params: {"_t":"1777384875741","feedbackId":"8"}
2026-04-28 22:01:16.471 [http-nio-8080-exec-9] INFO  c.z.e.s.s.S.ServiceLogAspect - 【Service执行】类: AdminFeedbackServiceImpl, 方法: findFeedbackById, 参数: [8]
2026-04-28 22:01:16.474 [http-nio-8080-exec-9] DEBUG c.z.e.m.m.a.A.selectList - ==>  Preparing: SELECT adminFeedback_id,adminFeedback_title,adminFeedback_content,adminFeedback_time,adminFeedback_recentTime,adminFeedback_curStep,adminFeedback_adminId FROM admin_adminFeedback WHERE (adminFeedback_id = ?)
2026-04-28 22:01:16.474 [http-nio-8080-exec-9] DEBUG c.z.e.m.m.a.A.selectList - ==> Parameters: 8(Integer)
2026-04-28 22:01:16.585 [http-nio-8080-exec-9] DEBUG c.z.e.m.m.a.A.selectList - <==      Total: 1
2026-04-28 22:01:16.589 [http-nio-8080-exec-9] DEBUG c.z.e.m.m.a.AdminMapper.selectById - ==>  Preparing: SELECT admin_id,admin_account,admin_username,admin_email,admin_phone,admin_password,admin_image,admin_introduce,admin_state,admin_loginTime,deleted FROM admin_admin WHERE admin_id=? AND deleted=0
2026-04-28 22:01:16.589 [http-nio-8080-exec-9] DEBUG c.z.e.m.m.a.AdminMapper.selectById - ==> Parameters: 2(Integer)
2026-04-28 22:01:16.698 [http-nio-8080-exec-9] DEBUG c.z.e.m.m.a.AdminMapper.selectById - <==      Total: 1
2026-04-28 22:01:16.699 [http-nio-8080-exec-9] INFO  c.z.e.s.s.S.ServiceLogAspect - 【Service完成】类: AdminFeedbackServiceImpl, 方法: findFeedbackById, 返回值: {"adminFeedbackId":8,"adminFeedbackTitle":"用户111","adminFeedbackContent":"用户111","adminFeedbackTime":1766452948000,"adminFeedbackRecentTime":1766452998000,"adminFeedbackCurStep":"已回复","adminFeedbackAdminId":2,"adminFeedbackAdminName":"朱珺豪"}, 耗时: 227ms
2026-04-28 22:01:16.891 [http-nio-8080-exec-9] INFO  c.z.e.interceptor.UsallyInterceptor - 【请求结束】Method: GET, URI: /api/admin/feedback/findFeedbackById, Controller: AdminFeedbackController.findFeedbackById, Status: 200, Duration: 528ms
2026-04-28 22:01:19.573 [http-nio-8080-exec-1] DEBUG c.z.e.m.m.a.AdminMapper.selectById - ==>  Preparing: SELECT admin_id,admin_account,admin_username,admin_email,admin_phone,admin_password,admin_image,admin_introduce,admin_state,admin_loginTime,deleted FROM admin_admin WHERE admin_id=? AND deleted=0
2026-04-28 22:01:19.574 [http-nio-8080-exec-1] DEBUG c.z.e.m.m.a.AdminMapper.selectById - ==> Parameters: 1(Integer)
2026-04-28 22:01:19.610 [http-nio-8080-exec-1] DEBUG c.z.e.m.m.a.AdminMapper.selectById - <==      Total: 1
2026-04-28 22:01:19.610 [http-nio-8080-exec-1] DEBUG c.z.e.m.m.a.A.findAdminInfoById - ==>  Preparing: select * from admin_admin left join admin_admin_role on admin_admin.admin_id = admin_admin_role.adminId left join admin_role on admin_admin_role.roleId = admin_role.role_id and admin_role.deleted = 0 left join admin_role_permission on admin_role.role_id = admin_role_permission.roleId left join admin_permission on admin_role_permission.permissionId = admin_permission.permission_id and admin_permission.deleted = 0 where admin_admin.admin_id = ? and admin_admin.deleted = 0
2026-04-28 22:01:19.612 [http-nio-8080-exec-1] DEBUG c.z.e.m.m.a.A.findAdminInfoById - ==> Parameters: 1(Integer)
2026-04-28 22:01:19.650 [http-nio-8080-exec-1] DEBUG c.z.e.m.m.a.A.findAdminInfoById - <==      Total: 1
2026-04-28 22:01:19.653 [http-nio-8080-exec-1] INFO  c.z.e.interceptor.UsallyInterceptor - 【请求开始】Method: POST, URI: /api/admin/adminFeedbackRecord/findAdminFeedbackRecordPage, Controller: AdminFeedbackRecordController.findAdminFeedbackRecordPage, IP: 0:0:0:0:0:0:0:1, Params: {"pageSize":"20","pageNum":"1"}
2026-04-28 22:01:19.693 [http-nio-8080-exec-1] INFO  c.z.e.s.s.S.ServiceLogAspect - 【Service执行】类: AdminFeedbackRecordServiceImpl, 方法: findAdminFeedbackRecordPage, 参数: [1,20,{"adminFeedbackRecordName":"","adminFeedbackRecordTitle":"","adminFeedbackRecordApprovalPersonName":""}]
2026-04-28 22:01:19.704 [http-nio-8080-exec-1] DEBUG c.z.e.m.m.a.A.selectList_mpCount - ==>  Preparing: SELECT COUNT(*) AS total FROM admin_adminFeedbackRecord
2026-04-28 22:01:19.705 [http-nio-8080-exec-1] DEBUG c.z.e.m.m.a.A.selectList_mpCount - ==> Parameters: 
2026-04-28 22:01:19.739 [http-nio-8080-exec-1] DEBUG c.z.e.m.m.a.A.selectList_mpCount - <==      Total: 1
2026-04-28 22:01:19.739 [http-nio-8080-exec-1] DEBUG c.z.e.m.m.a.A.selectList - ==>  Preparing: SELECT adminFeedbackRecord_id,adminFeedbackRecord_adminId,adminFeedbackRecord_title,adminFeedbackRecord_content,adminFeedbackRecord_time,adminFeedbackRecord_currentStepSolveTime,adminFeedbackRecord_oldStep,adminFeedbackRecord_newStep,adminFeedbackRecord_approvalPersonId FROM admin_adminFeedbackRecord ORDER BY adminFeedbackRecord_id DESC LIMIT ?
2026-04-28 22:01:19.739 [http-nio-8080-exec-1] DEBUG c.z.e.m.m.a.A.selectList - ==> Parameters: 20(Long)
2026-04-28 22:01:19.796 [http-nio-8080-exec-1] DEBUG c.z.e.m.m.a.A.selectList - <==      Total: 10
2026-04-28 22:01:19.801 [http-nio-8080-exec-1] DEBUG c.z.e.m.m.a.AdminMapper.selectById - ==>  Preparing: SELECT admin_id,admin_account,admin_username,admin_email,admin_phone,admin_password,admin_image,admin_introduce,admin_state,admin_loginTime,deleted FROM admin_admin WHERE admin_id=? AND deleted=0
2026-04-28 22:01:19.801 [http-nio-8080-exec-1] DEBUG c.z.e.m.m.a.AdminMapper.selectById - ==> Parameters: 2(Integer)
2026-04-28 22:01:19.837 [http-nio-8080-exec-1] DEBUG c.z.e.m.m.a.AdminMapper.selectById - <==      Total: 1
2026-04-28 22:01:19.838 [http-nio-8080-exec-1] DEBUG c.z.e.m.m.a.AdminMapper.selectById - ==>  Preparing: SELECT admin_id,admin_account,admin_username,admin_email,admin_phone,admin_password,admin_image,admin_introduce,admin_state,admin_loginTime,deleted FROM admin_admin WHERE admin_id=? AND deleted=0
2026-04-28 22:01:19.838 [http-nio-8080-exec-1] DEBUG c.z.e.m.m.a.AdminMapper.selectById - ==> Parameters: 1(Integer)
2026-04-28 22:01:19.875 [http-nio-8080-exec-1] DEBUG c.z.e.m.m.a.AdminMapper.selectById - <==      Total: 1
2026-04-28 22:01:19.882 [http-nio-8080-exec-1] INFO  c.z.e.s.s.S.ServiceLogAspect - 【Service完成】类: AdminFeedbackRecordServiceImpl, 方法: findAdminFeedbackRecordPage, 返回值: {"records":[{"adminFeedbackRecordId":10,"adminFeedbackRecordAdminId":2,"adminFeedbackRecordName":"朱珺豪","adminFeedbackRecordTitle":"用户111","adminFeedbackRecordContent":"用户111","adminFeedbackRecordTime":1766452948000,"adminFeedbackRecordCurrentStepSolveTime":1766452990000,"adminFeedbackRecordOldStep":"待回复","adminFeedbackRecordNewStep":"已回复","adminFeedbackRecordApprovalPersonId":2,"adminFeedbackRecordApprovalPersonName":"朱珺豪"},{"adminFeedbackRecordId":9,"adminFeedbackRecordAdminId":2,"adminFeedbackRecordName":"朱珺豪","adminFeedbackRecordTitle":"用户111","adminFeedbackRecordContent":"用户111","adminFeedbackRecordTime":1766452948000,"adminFeedbackRecordCurrentStepSolveTime":1766452968000,"adminFeedbackRecordOldStep":"待接受","adminFeedbackRecordNewStep":"待回复","adminFeedbackRecordApprovalPersonId":2,"adminFeedbackRecordApprovalPersonName":"朱珺豪"},{"adminFeedbackRecordId":8,"adminFeedbackRecordAdminId":1,"adminFeedbackRecordName":"超级管理员","adminFeedbackRecordTitle":"测试反馈记录数据！！！！！","adminFeedbackRecordContent":"测试反馈记录数据！！！！！","adminFeedbackRecordTime":1765812083000,"adminFeedbackRecordCurrentStepSolveTime":1765812096000,"adminFeedbackRecordOldStep":"待接受","adminFeedbackRecordNewStep":"待回复","adminFeedbackRecordApprovalPersonId":1,"adminFeedbackRecordApprovalPersonName":"超级管理员"},{"adminFeedbackRecordId":7,"adminFeedbackRecordAdminId":1,"adminFeedbackRecordName":"超级管理员","adminFeedbackRecordTitle":"后端问题3","adminFeedbackRecordContent":"后端问题3","adminFeedbackRecordTime":1765785054000,"adminFeedbackRecordCurrentStepSolveTime":1765801749000,"adminFeedbackRecordOldStep":"待回复","adminFeedbackRecordNewStep":"已拒绝回复","adminFeedbackRecordApprovalPersonId":1,"adminFeedbackRecordApprovalPersonName":"超级管理员"},{"adminFeedbackRecordId":6,"adminFeedbackRecordAdminId":1,"adminFeedbackRecordName":"超级管理员","adminFeedbackRecordTitle":"后端问题1","adminFeedbackRecordContent":"后端问题1","adminFeedbackRecordTime":1765784627000,"adminFeedbackRecordCurrentStepSolveTime":1765801726000,"adminFeedbackRecordOldStep":"待回复","adminFeedbackRecordNewStep":"已回复","adminFeedbackRecordApprovalPersonId":1,"adminFeedbackRecordApprovalPersonName":"超级管理员"},{"adminFeedbackRecordId":5,"adminFeedbackRecordAdminId":1,"adminFeedbackRecordName":"超级管理员","adminFeedbackRecordTitle":"后端问题1111","adminFeedbackRecordContent":"后端问题1111","adminFeedbackRecordTime":1765800950000,"adminFeedbackRecordCurrentStepSolveTime":1765800971000,"adminFeedbackRecordOldStep":"待接受","adminFeedbackRecordNewStep":"待回复","adminFeedbackRecordApprovalPersonId":1,"adminFeedbackRecordApprovalPersonName":"超级管理员"},{"adminFeedbackRecordId":4,"adminFeedbackRecordAdminId":1,"adminFeedbackRecordName":"超级管理员","adminFeedbackRecordTitle":"后端问题111","adminFeedbackRecordContent":"后端问题111","adminFeedbackRecordTime":1765800884000,"adminFeedbackRecordCurrentStepSolveTime":1765800896000,"adminFeedbackRecordOldStep":"待接受","adminFeedbackRecordNewStep":"待回复","adminFeedbackRecordApprovalPersonId":1,"adminFeedbackRecordApprovalPersonName":"超级管理员"},{"adminFeedbackRecordId":3,"adminFeedbackRecordAdminId":1,"adminFeedbackRecordName":"超级管理员","adminFeedbackRecordTitle":"后端问题3","adminFeedbackRecordContent":"后端问题3","adminFeedbackRecordTime":1765785054000,"adminFeedbackRecordCurrentStepSolveTime":1765800657000,"adminFeedbackRecordOldStep":"待接受","adminFeedbackRecordNewStep":"待回复","adminFeedbackRecordApprovalPersonId":1,"adminFeedbackRecordApprovalPersonName":"超级管理员"},{"adminFeedbackRecordId":2,"adminFeedbackRecordAdminId":1,"adminFeedbackRecordName":"超级管理员","adminFeedbackRecordTitle":"后端问题1","adminFeedbackRecordContent":"后端问题1","adminFeedbackRecordTime":1765784643000,"adminFeedbackRecordCurrentStepSolveTime":1765800620000,"adminFeedbackRecordOldStep":"待接受","adminFeedbackRecordNewStep":"已忽视","adminFeedbackRecordApprovalPersonId":1,"adminFeedbackRecordApprovalPersonName":"超级管理员"},{"adminFeedbackRecordId":1,"adminFeedbackRecordAdminId":1,"adminFeedbackRecordName":"超级管理员","adminFeedbackRecordTitle":"后端问题1","adminFeedbackRecordContent":"后端问题1","adminFeedbackRecordTime":1765784627000,"adminFeedbackRecordCurrentStepSolveTime":1765800578000,"adminFeedbackRecordOldStep":"待接受","adminFeedbackRecordNewStep":"待回复","adminFeedbackRecordApprovalPersonId":1,"adminFeedbackRecordApprovalPersonName":"超级管理员"}],"total":10,"size":20,"current":1}, 耗时: 186ms
2026-04-28 22:01:19.955 [http-nio-8080-exec-1] INFO  c.z.e.interceptor.UsallyInterceptor - 【请求结束】Method: POST, URI: /api/admin/adminFeedbackRecord/findAdminFeedbackRecordPage, Controller: AdminFeedbackRecordController.findAdminFeedbackRecordPage, Status: 200, Duration: 303ms
2026-04-28 22:01:20.800 [http-nio-8080-exec-2] DEBUG c.z.e.m.m.a.AdminMapper.selectById - ==>  Preparing: SELECT admin_id,admin_account,admin_username,admin_email,admin_phone,admin_password,admin_image,admin_introduce,admin_state,admin_loginTime,deleted FROM admin_admin WHERE admin_id=? AND deleted=0
2026-04-28 22:01:20.801 [http-nio-8080-exec-2] DEBUG c.z.e.m.m.a.AdminMapper.selectById - ==> Parameters: 1(Integer)
2026-04-28 22:01:20.837 [http-nio-8080-exec-2] DEBUG c.z.e.m.m.a.AdminMapper.selectById - <==      Total: 1
2026-04-28 22:01:20.838 [http-nio-8080-exec-2] DEBUG c.z.e.m.m.a.A.findAdminInfoById - ==>  Preparing: select * from admin_admin left join admin_admin_role on admin_admin.admin_id = admin_admin_role.adminId left join admin_role on admin_admin_role.roleId = admin_role.role_id and admin_role.deleted = 0 left join admin_role_permission on admin_role.role_id = admin_role_permission.roleId left join admin_permission on admin_role_permission.permissionId = admin_permission.permission_id and admin_permission.deleted = 0 where admin_admin.admin_id = ? and admin_admin.deleted = 0
2026-04-28 22:01:20.838 [http-nio-8080-exec-2] DEBUG c.z.e.m.m.a.A.findAdminInfoById - ==> Parameters: 1(Integer)
2026-04-28 22:01:20.876 [http-nio-8080-exec-2] DEBUG c.z.e.m.m.a.A.findAdminInfoById - <==      Total: 1
2026-04-28 22:01:20.878 [http-nio-8080-exec-2] INFO  c.z.e.interceptor.UsallyInterceptor - 【请求开始】Method: GET, URI: /api/admin/adminFeedbackRecord/findAdminFeedbackRecordByFeedbackRecordId, Controller: AdminFeedbackRecordController.findAdminFeedbackRecordByFeedbackRecordId, IP: 0:0:0:0:0:0:0:1, Params: {"_t":"1777384880718","params[feedbackRecordId]":"10"}
2026-04-28 22:01:20.881 [http-nio-8080-exec-2] INFO  c.z.e.interceptor.UsallyInterceptor - 【请求结束】Method: GET, URI: /api/admin/adminFeedbackRecord/findAdminFeedbackRecordByFeedbackRecordId, Controller: AdminFeedbackRecordController.findAdminFeedbackRecordByFeedbackRecordId, Status: 200, Duration: 5ms
2026-04-28 22:01:23.407 [http-nio-8080-exec-6] DEBUG c.z.e.m.m.a.AdminMapper.selectById - ==>  Preparing: SELECT admin_id,admin_account,admin_username,admin_email,admin_phone,admin_password,admin_image,admin_introduce,admin_state,admin_loginTime,deleted FROM admin_admin WHERE admin_id=? AND deleted=0
2026-04-28 22:01:23.408 [http-nio-8080-exec-6] DEBUG c.z.e.m.m.a.AdminMapper.selectById - ==> Parameters: 1(Integer)
2026-04-28 22:01:23.567 [http-nio-8080-exec-6] DEBUG c.z.e.m.m.a.AdminMapper.selectById - <==      Total: 1
2026-04-28 22:01:23.567 [http-nio-8080-exec-6] DEBUG c.z.e.m.m.a.A.findAdminInfoById - ==>  Preparing: select * from admin_admin left join admin_admin_role on admin_admin.admin_id = admin_admin_role.adminId left join admin_role on admin_admin_role.roleId = admin_role.role_id and admin_role.deleted = 0 left join admin_role_permission on admin_role.role_id = admin_role_permission.roleId left join admin_permission on admin_role_permission.permissionId = admin_permission.permission_id and admin_permission.deleted = 0 where admin_admin.admin_id = ? and admin_admin.deleted = 0
2026-04-28 22:01:23.567 [http-nio-8080-exec-6] DEBUG c.z.e.m.m.a.A.findAdminInfoById - ==> Parameters: 1(Integer)
2026-04-28 22:01:23.677 [http-nio-8080-exec-6] DEBUG c.z.e.m.m.a.A.findAdminInfoById - <==      Total: 1
2026-04-28 22:01:23.678 [http-nio-8080-exec-6] INFO  c.z.e.interceptor.UsallyInterceptor - 【请求开始】Method: POST, URI: /api/admin/userfeedbackRecord/findUserFeedbackRecordPage, Controller: AdminUserFeedbackRecordController.findUserFeedbackRecordPage, IP: 0:0:0:0:0:0:0:1, Params: {"pageSize":"20","pageNum":"1"}
2026-04-28 22:01:23.734 [http-nio-8080-exec-6] INFO  c.z.e.s.s.S.ServiceLogAspect - 【Service执行】类: UserFeedbackRecordServiceImpl, 方法: findUserFeedbackRecordPage, 参数: [1,20,{"userFeedbackRecordName":"","userFeedbackRecordTitle":"","userFeedbackRecordApprovalPersonName":""}]
2026-04-28 22:01:23.744 [http-nio-8080-exec-6] DEBUG c.z.e.m.m.u.U.selectList_mpCount - ==>  Preparing: SELECT COUNT(*) AS total FROM user_userFeedbackRecord
2026-04-28 22:01:23.745 [http-nio-8080-exec-6] DEBUG c.z.e.m.m.u.U.selectList_mpCount - ==> Parameters: 
2026-04-28 22:01:23.903 [http-nio-8080-exec-6] DEBUG c.z.e.m.m.u.U.selectList_mpCount - <==      Total: 1
2026-04-28 22:01:23.904 [http-nio-8080-exec-6] DEBUG c.z.e.m.m.u.U.selectList - ==>  Preparing: SELECT userFeedbackRecord_id,userFeedbackRecord_userId,userFeedbackRecord_title,userFeedbackRecord_content,userFeedbackRecord_time,userFeedbackRecord_currentStepSolveTime,userFeedbackRecord_oldStep,userFeedbackRecord_newStep,userFeedbackRecord_approvalPersonId FROM user_userFeedbackRecord LIMIT ?
2026-04-28 22:01:23.904 [http-nio-8080-exec-6] DEBUG c.z.e.m.m.u.U.selectList - ==> Parameters: 20(Long)
2026-04-28 22:01:24.018 [http-nio-8080-exec-6] DEBUG c.z.e.m.m.u.U.selectList - <==      Total: 5
2026-04-28 22:01:24.024 [http-nio-8080-exec-6] DEBUG c.z.e.m.m.user.UserMapper.selectById - ==>  Preparing: SELECT user_id,user_account,user_username,user_email,user_phone,user_password,user_image,user_introduce,user_createdTime,user_loginTime,user_dreamPosition,user_dreamMinMonthSalary,user_dreamMaxMonthSalary,user_dreamWeekWorkDayNum,user_dreamGoodWelfare,user_recruitLocationFirst,user_recruitLocationSecond,user_recruitLocationDetail,user_universityCode FROM user_user WHERE user_id=?
2026-04-28 22:01:24.024 [http-nio-8080-exec-6] DEBUG c.z.e.m.m.user.UserMapper.selectById - ==> Parameters: 1(Integer)
2026-04-28 22:01:24.169 [http-nio-8080-exec-6] DEBUG c.z.e.m.m.user.UserMapper.selectById - <==      Total: 1
2026-04-28 22:01:24.169 [http-nio-8080-exec-6] DEBUG c.z.e.m.m.a.AdminMapper.selectById - ==>  Preparing: SELECT admin_id,admin_account,admin_username,admin_email,admin_phone,admin_password,admin_image,admin_introduce,admin_state,admin_loginTime,deleted FROM admin_admin WHERE admin_id=? AND deleted=0
2026-04-28 22:01:24.170 [http-nio-8080-exec-6] DEBUG c.z.e.m.m.a.AdminMapper.selectById - ==> Parameters: 1(Integer)
2026-04-28 22:01:24.240 [http-nio-8080-exec-6] DEBUG c.z.e.m.m.a.AdminMapper.selectById - <==      Total: 1
2026-04-28 22:01:24.245 [http-nio-8080-exec-6] INFO  c.z.e.s.s.S.ServiceLogAspect - 【Service完成】类: UserFeedbackRecordServiceImpl, 方法: findUserFeedbackRecordPage, 返回值: {"records":[{"userFeedbackRecordId":1,"userFeedbackRecordUserId":1,"userFeedbackRecordName":"超级管理员","userFeedbackRecordTitle":"bbbb","userFeedbackRecordContent":"bbbbbbbbbbbbbbbb","userFeedbackRecordTime":1765952633000,"userFeedbackRecordCurrentStepSolveTime":1766236916000,"userFeedbackRecordOldStep":"待接受","userFeedbackRecordNewStep":"待回复","userFeedbackRecordApprovalPersonId":1,"adminFeedbackRecordApprovalPersonName":"超级管理员"},{"userFeedbackRecordId":2,"userFeedbackRecordUserId":1,"userFeedbackRecordName":"超级管理员","userFeedbackRecordTitle":"aaaaaaaa","userFeedbackRecordContent":"aaaaaaaaaaaaaaaaaaa","userFeedbackRecordTime":1765951586000,"userFeedbackRecordCurrentStepSolveTime":1766237357000,"userFeedbackRecordOldStep":"待接受","userFeedbackRecordNewStep":"已忽视","userFeedbackRecordApprovalPersonId":1,"adminFeedbackRecordApprovalPersonName":"超级管理员"},{"userFeedbackRecordId":3,"userFeedbackRecordUserId":1,"userFeedbackRecordName":"超级管理员","userFeedbackRecordTitle":"bbbb","userFeedbackRecordContent":"bbbbbbbbbbbbbbbb","userFeedbackRecordTime":1765952633000,"userFeedbackRecordCurrentStepSolveTime":1766237834000,"userFeedbackRecordOldStep":"待回复","userFeedbackRecordNewStep":"已回复","userFeedbackRecordApprovalPersonId":1,"adminFeedbackRecordApprovalPersonName":"超级管理员"},{"userFeedbackRecordId":4,"userFeedbackRecordUserId":1,"userFeedbackRecordName":"超级管理员","userFeedbackRecordTitle":"aaaaaaaaaaaa","userFeedbackRecordContent":"aaaaaaaaaaaa","userFeedbackRecordTime":1765951550000,"userFeedbackRecordCurrentStepSolveTime":1766289004000,"userFeedbackRecordOldStep":"待接受","userFeedbackRecordNewStep":"已忽视","userFeedbackRecordApprovalPersonId":1,"adminFeedbackRecordApprovalPersonName":"超级管理员"},{"userFeedbackRecordId":5,"userFeedbackRecordUserId":1,"userFeedbackRecordName":"超级管理员","userFeedbackRecordTitle":"66666666666","userFeedbackRecordContent":"66666666666","userFeedbackRecordTime":1765951524000,"userFeedbackRecordCurrentStepSolveTime":1766289006000,"userFeedbackRecordOldStep":"待接受","userFeedbackRecordNewStep":"已忽视","userFeedbackRecordApprovalPersonId":1,"adminFeedbackRecordApprovalPersonName":"超级管理员"}],"total":5,"size":20,"current":1}, 耗时: 508ms
2026-04-28 22:01:24.389 [http-nio-8080-exec-6] INFO  c.z.e.interceptor.UsallyInterceptor - 【请求结束】Method: POST, URI: /api/admin/userfeedbackRecord/findUserFeedbackRecordPage, Controller: AdminUserFeedbackRecordController.findUserFeedbackRecordPage, Status: 200, Duration: 712ms
2026-04-28 22:01:25.723 [http-nio-8080-exec-7] DEBUG c.z.e.m.m.a.AdminMapper.selectById - ==>  Preparing: SELECT admin_id,admin_account,admin_username,admin_email,admin_phone,admin_password,admin_image,admin_introduce,admin_state,admin_loginTime,deleted FROM admin_admin WHERE admin_id=? AND deleted=0
2026-04-28 22:01:25.723 [http-nio-8080-exec-7] DEBUG c.z.e.m.m.a.AdminMapper.selectById - ==> Parameters: 1(Integer)
2026-04-28 22:01:25.786 [http-nio-8080-exec-7] DEBUG c.z.e.m.m.a.AdminMapper.selectById - <==      Total: 1
2026-04-28 22:01:25.787 [http-nio-8080-exec-7] DEBUG c.z.e.m.m.a.A.findAdminInfoById - ==>  Preparing: select * from admin_admin left join admin_admin_role on admin_admin.admin_id = admin_admin_role.adminId left join admin_role on admin_admin_role.roleId = admin_role.role_id and admin_role.deleted = 0 left join admin_role_permission on admin_role.role_id = admin_role_permission.roleId left join admin_permission on admin_role_permission.permissionId = admin_permission.permission_id and admin_permission.deleted = 0 where admin_admin.admin_id = ? and admin_admin.deleted = 0
2026-04-28 22:01:25.787 [http-nio-8080-exec-7] DEBUG c.z.e.m.m.a.A.findAdminInfoById - ==> Parameters: 1(Integer)
2026-04-28 22:01:25.930 [http-nio-8080-exec-7] DEBUG c.z.e.m.m.a.A.findAdminInfoById - <==      Total: 1
2026-04-28 22:01:25.931 [http-nio-8080-exec-7] INFO  c.z.e.interceptor.UsallyInterceptor - 【请求开始】Method: GET, URI: /api/admin/userfeedbackRecord/findUserFeedbackRecordByFeedbackRecordId, Controller: AdminUserFeedbackRecordController.findUserFeedbackRecordByFeedbackRecordId, IP: 0:0:0:0:0:0:0:1, Params: {"_t":"1777384885597","params[feedbackRecordId]":"1"}
2026-04-28 22:01:25.936 [http-nio-8080-exec-7] INFO  c.z.e.interceptor.UsallyInterceptor - 【请求结束】Method: GET, URI: /api/admin/userfeedbackRecord/findUserFeedbackRecordByFeedbackRecordId, Controller: AdminUserFeedbackRecordController.findUserFeedbackRecordByFeedbackRecordId, Status: 200, Duration: 5ms
2026-04-28 22:01:39.009 [http-nio-8080-exec-4] DEBUG c.z.e.m.m.a.AdminMapper.selectById - ==>  Preparing: SELECT admin_id,admin_account,admin_username,admin_email,admin_phone,admin_password,admin_image,admin_introduce,admin_state,admin_loginTime,deleted FROM admin_admin WHERE admin_id=? AND deleted=0
2026-04-28 22:01:39.010 [http-nio-8080-exec-4] DEBUG c.z.e.m.m.a.AdminMapper.selectById - ==> Parameters: 1(Integer)
2026-04-28 22:01:39.102 [http-nio-8080-exec-4] DEBUG c.z.e.m.m.a.AdminMapper.selectById - <==      Total: 1
2026-04-28 22:01:39.103 [http-nio-8080-exec-4] DEBUG c.z.e.m.m.a.A.findAdminInfoById - ==>  Preparing: select * from admin_admin left join admin_admin_role on admin_admin.admin_id = admin_admin_role.adminId left join admin_role on admin_admin_role.roleId = admin_role.role_id and admin_role.deleted = 0 left join admin_role_permission on admin_role.role_id = admin_role_permission.roleId left join admin_permission on admin_role_permission.permissionId = admin_permission.permission_id and admin_permission.deleted = 0 where admin_admin.admin_id = ? and admin_admin.deleted = 0
2026-04-28 22:01:39.105 [http-nio-8080-exec-4] DEBUG c.z.e.m.m.a.A.findAdminInfoById - ==> Parameters: 1(Integer)
2026-04-28 22:01:39.149 [http-nio-8080-exec-4] DEBUG c.z.e.m.m.a.A.findAdminInfoById - <==      Total: 1
2026-04-28 22:01:39.153 [http-nio-8080-exec-4] INFO  c.z.e.interceptor.UsallyInterceptor - 【请求开始】Method: GET, URI: /api/admin/projectIntroduce/getInfo, Controller: AdminProjectIntroduceController.getProjectIntroduceInfo, IP: 0:0:0:0:0:0:0:1, Params: {"_t":"1777384898884"}
2026-04-28 22:01:39.189 [http-nio-8080-exec-4] INFO  c.z.e.s.s.S.ServiceLogAspect - 【Service执行】类: AdminProjectIntroduceServiceImpl, 方法: getProjectIntroduceInfo, 参数: 无参数
2026-04-28 22:01:39.189 [http-nio-8080-exec-4] INFO  c.z.e.s.i.a.AdminProjectIntroduceServiceImpl - 获取项目介绍信息
2026-04-28 22:01:39.192 [http-nio-8080-exec-4] DEBUG c.z.e.m.m.a.A.selectList - ==>  Preparing: SELECT projectIntroduce_id,projectIntroduce_title,projectIntroduce_content,projectIntroduce_updatedTime FROM general_projectIntroduce
2026-04-28 22:01:39.192 [http-nio-8080-exec-4] DEBUG c.z.e.m.m.a.A.selectList - ==> Parameters: 
2026-04-28 22:01:39.257 [http-nio-8080-exec-4] DEBUG c.z.e.m.m.a.A.selectList - <==      Total: 1
2026-04-28 22:01:39.258 [http-nio-8080-exec-4] INFO  c.z.e.s.s.S.ServiceLogAspect - 【Service完成】类: AdminProjectIntroduceServiceImpl, 方法: getProjectIntroduceInfo, 返回值: {"projectIntroduceId":1,"projectIntroduceTitle":"<p>项目介绍测试1</p>","projectIntroduceContent":"<p><strong>项目介绍测试</strong></p>","projectIntroduceUpdatedTime":1773886745000}, 耗时: 68ms
2026-04-28 22:01:39.329 [http-nio-8080-exec-3] DEBUG c.z.e.m.m.a.AdminMapper.selectById - ==>  Preparing: SELECT admin_id,admin_account,admin_username,admin_email,admin_phone,admin_password,admin_image,admin_introduce,admin_state,admin_loginTime,deleted FROM admin_admin WHERE admin_id=? AND deleted=0
2026-04-28 22:01:39.329 [http-nio-8080-exec-3] DEBUG c.z.e.m.m.a.AdminMapper.selectById - ==> Parameters: 1(Integer)
2026-04-28 22:01:39.429 [http-nio-8080-exec-3] DEBUG c.z.e.m.m.a.AdminMapper.selectById - <==      Total: 1
2026-04-28 22:01:39.429 [http-nio-8080-exec-3] DEBUG c.z.e.m.m.a.A.findAdminInfoById - ==>  Preparing: select * from admin_admin left join admin_admin_role on admin_admin.admin_id = admin_admin_role.adminId left join admin_role on admin_admin_role.roleId = admin_role.role_id and admin_role.deleted = 0 left join admin_role_permission on admin_role.role_id = admin_role_permission.roleId left join admin_permission on admin_role_permission.permissionId = admin_permission.permission_id and admin_permission.deleted = 0 where admin_admin.admin_id = ? and admin_admin.deleted = 0
2026-04-28 22:01:39.430 [http-nio-8080-exec-3] DEBUG c.z.e.m.m.a.A.findAdminInfoById - ==> Parameters: 1(Integer)
2026-04-28 22:01:39.432 [http-nio-8080-exec-4] INFO  c.z.e.interceptor.UsallyInterceptor - 【请求结束】Method: GET, URI: /api/admin/projectIntroduce/getInfo, Controller: AdminProjectIntroduceController.getProjectIntroduceInfo, Status: 200, Duration: 280ms
2026-04-28 22:01:39.490 [http-nio-8080-exec-3] DEBUG c.z.e.m.m.a.A.findAdminInfoById - <==      Total: 1
2026-04-28 22:01:39.497 [http-nio-8080-exec-3] INFO  c.z.e.interceptor.UsallyInterceptor - 【请求开始】Method: GET, URI: /api/admin/teamIntroduce/getInfo, Controller: AdminTeamIntroduceController.getTeamIntroduceInfo, IP: 0:0:0:0:0:0:0:1, Params: {"_t":"1777384899168"}
2026-04-28 22:01:39.547 [http-nio-8080-exec-3] INFO  c.z.e.s.s.S.ServiceLogAspect - 【Service执行】类: AdminTeamIntroduceServiceImpl, 方法: getTeamIntroduceInfo, 参数: 无参数
2026-04-28 22:01:39.547 [http-nio-8080-exec-3] INFO  c.z.e.s.i.a.AdminTeamIntroduceServiceImpl - 获取团队介绍信息
2026-04-28 22:01:39.549 [http-nio-8080-exec-3] DEBUG c.z.e.m.m.a.A.selectList - ==>  Preparing: SELECT teamIntroduce_id,teamIntroduce_title,teamIntroduce_content,teamIntroduce_updatedTime FROM general_teamIntroduce
2026-04-28 22:01:39.549 [http-nio-8080-exec-3] DEBUG c.z.e.m.m.a.A.selectList - ==> Parameters: 
2026-04-28 22:01:39.597 [http-nio-8080-exec-3] DEBUG c.z.e.m.m.a.A.selectList - <==      Total: 1
2026-04-28 22:01:39.599 [http-nio-8080-exec-3] INFO  c.z.e.s.s.S.ServiceLogAspect - 【Service完成】类: AdminTeamIntroduceServiceImpl, 方法: getTeamIntroduceInfo, 返回值: {"teamIntroduceId":1,"teamIntroduceTitle":"团队介绍测试","teamIntroduceContent":"<p data-line=\"0\"><strong>团队介绍测试</strong></p>","teamIntroduceUpdatedTime":1773791992000}, 耗时: 50ms
2026-04-28 22:01:39.773 [http-nio-8080-exec-3] INFO  c.z.e.interceptor.UsallyInterceptor - 【请求结束】Method: GET, URI: /api/admin/teamIntroduce/getInfo, Controller: AdminTeamIntroduceController.getTeamIntroduceInfo, Status: 200, Duration: 276ms
2026-04-28 22:01:40.267 [http-nio-8080-exec-8] DEBUG c.z.e.m.m.a.AdminMapper.selectById - ==>  Preparing: SELECT admin_id,admin_account,admin_username,admin_email,admin_phone,admin_password,admin_image,admin_introduce,admin_state,admin_loginTime,deleted FROM admin_admin WHERE admin_id=? AND deleted=0
2026-04-28 22:01:40.267 [http-nio-8080-exec-8] DEBUG c.z.e.m.m.a.AdminMapper.selectById - ==> Parameters: 1(Integer)
2026-04-28 22:01:40.335 [http-nio-8080-exec-8] DEBUG c.z.e.m.m.a.AdminMapper.selectById - <==      Total: 1
2026-04-28 22:01:40.337 [http-nio-8080-exec-8] DEBUG c.z.e.m.m.a.A.findAdminInfoById - ==>  Preparing: select * from admin_admin left join admin_admin_role on admin_admin.admin_id = admin_admin_role.adminId left join admin_role on admin_admin_role.roleId = admin_role.role_id and admin_role.deleted = 0 left join admin_role_permission on admin_role.role_id = admin_role_permission.roleId left join admin_permission on admin_role_permission.permissionId = admin_permission.permission_id and admin_permission.deleted = 0 where admin_admin.admin_id = ? and admin_admin.deleted = 0
2026-04-28 22:01:40.338 [http-nio-8080-exec-8] DEBUG c.z.e.m.m.a.A.findAdminInfoById - ==> Parameters: 1(Integer)
2026-04-28 22:01:40.449 [http-nio-8080-exec-8] DEBUG c.z.e.m.m.a.A.findAdminInfoById - <==      Total: 1
2026-04-28 22:01:40.451 [http-nio-8080-exec-8] INFO  c.z.e.interceptor.UsallyInterceptor - 【请求开始】Method: GET, URI: /api/admin/developHistory/getInfo, Controller: AdminDevelopHistoryController.getDevelopHistoryInfo, IP: 0:0:0:0:0:0:0:1, Params: {"_t":"1777384900160"}
2026-04-28 22:01:40.980 [http-nio-8080-exec-8] INFO  c.z.e.s.s.S.ServiceLogAspect - 【Service执行】类: AdminDevelopHistoryServiceImpl, 方法: getDevelopHistoryInfo, 参数: 无参数
2026-04-28 22:01:40.980 [http-nio-8080-exec-8] INFO  c.z.e.s.i.a.AdminDevelopHistoryServiceImpl - 获取发展历程信息
2026-04-28 22:01:40.982 [http-nio-8080-exec-8] DEBUG c.z.e.m.m.a.A.selectList - ==>  Preparing: SELECT developHistory_id,developHistory_title,developHistory_content,developHistory_updatedTime FROM general_developHistory
2026-04-28 22:01:40.983 [http-nio-8080-exec-8] DEBUG c.z.e.m.m.a.A.selectList - ==> Parameters: 
2026-04-28 22:01:41.038 [http-nio-8080-exec-5] DEBUG c.z.e.m.m.a.AdminMapper.selectById - ==>  Preparing: SELECT admin_id,admin_account,admin_username,admin_email,admin_phone,admin_password,admin_image,admin_introduce,admin_state,admin_loginTime,deleted FROM admin_admin WHERE admin_id=? AND deleted=0
2026-04-28 22:01:41.038 [http-nio-8080-exec-5] DEBUG c.z.e.m.m.a.AdminMapper.selectById - ==> Parameters: 1(Integer)
2026-04-28 22:01:41.039 [http-nio-8080-exec-8] DEBUG c.z.e.m.m.a.A.selectList - <==      Total: 1
2026-04-28 22:01:41.042 [http-nio-8080-exec-8] INFO  c.z.e.s.s.S.ServiceLogAspect - 【Service完成】类: AdminDevelopHistoryServiceImpl, 方法: getDevelopHistoryInfo, 返回值: {"developHistoryId":1,"developHistoryTitle":"测试用例","developHistoryContent":"<h1 data-line=\"0\" id=\"测试用例\">测试用例</h1>","developHistoryUpdatedTime":1773792063000}, 耗时: 60ms
2026-04-28 22:01:41.073 [http-nio-8080-exec-5] DEBUG c.z.e.m.m.a.AdminMapper.selectById - <==      Total: 1
2026-04-28 22:01:41.076 [http-nio-8080-exec-5] DEBUG c.z.e.m.m.a.A.findAdminInfoById - ==>  Preparing: select * from admin_admin left join admin_admin_role on admin_admin.admin_id = admin_admin_role.adminId left join admin_role on admin_admin_role.roleId = admin_role.role_id and admin_role.deleted = 0 left join admin_role_permission on admin_role.role_id = admin_role_permission.roleId left join admin_permission on admin_role_permission.permissionId = admin_permission.permission_id and admin_permission.deleted = 0 where admin_admin.admin_id = ? and admin_admin.deleted = 0
2026-04-28 22:01:41.077 [http-nio-8080-exec-5] DEBUG c.z.e.m.m.a.A.findAdminInfoById - ==> Parameters: 1(Integer)
2026-04-28 22:01:41.114 [http-nio-8080-exec-5] DEBUG c.z.e.m.m.a.A.findAdminInfoById - <==      Total: 1
2026-04-28 22:01:41.115 [http-nio-8080-exec-8] INFO  c.z.e.interceptor.UsallyInterceptor - 【请求结束】Method: GET, URI: /api/admin/developHistory/getInfo, Controller: AdminDevelopHistoryController.getDevelopHistoryInfo, Status: 200, Duration: 664ms
2026-04-28 22:01:41.115 [http-nio-8080-exec-5] INFO  c.z.e.interceptor.UsallyInterceptor - 【请求开始】Method: GET, URI: /api/admin/joinUs/getInfo, Controller: AdminJoinUsController.getJoinUsInfo, IP: 0:0:0:0:0:0:0:1, Params: {"_t":"1777384900730"}
2026-04-28 22:01:41.154 [http-nio-8080-exec-5] INFO  c.z.e.s.s.S.ServiceLogAspect - 【Service执行】类: AdminJoinUsServiceImpl, 方法: getJoinUsInfo, 参数: 无参数
2026-04-28 22:01:41.155 [http-nio-8080-exec-5] INFO  c.z.e.s.i.a.AdminJoinUsServiceImpl - 获取加入我们信息
2026-04-28 22:01:41.157 [http-nio-8080-exec-5] DEBUG c.z.e.m.m.a.A.selectList - ==>  Preparing: SELECT joinUs_id,joinUs_title,joinUs_content,joinUs_updatedTime FROM general_joinUs
2026-04-28 22:01:41.158 [http-nio-8080-exec-5] DEBUG c.z.e.m.m.a.A.selectList - ==> Parameters: 
2026-04-28 22:01:41.192 [http-nio-8080-exec-5] DEBUG c.z.e.m.m.a.A.selectList - <==      Total: 0
2026-04-28 22:01:41.192 [http-nio-8080-exec-5] INFO  c.z.e.s.s.S.ServiceLogAspect - 【Service完成】类: AdminJoinUsServiceImpl, 方法: getJoinUsInfo, 返回值: null, 耗时: 38ms
2026-04-28 22:01:42.147 [http-nio-8080-exec-9] DEBUG c.z.e.m.m.a.AdminMapper.selectById - ==>  Preparing: SELECT admin_id,admin_account,admin_username,admin_email,admin_phone,admin_password,admin_image,admin_introduce,admin_state,admin_loginTime,deleted FROM admin_admin WHERE admin_id=? AND deleted=0
2026-04-28 22:01:42.148 [http-nio-8080-exec-9] DEBUG c.z.e.m.m.a.AdminMapper.selectById - ==> Parameters: 1(Integer)
2026-04-28 22:01:42.183 [http-nio-8080-exec-9] DEBUG c.z.e.m.m.a.AdminMapper.selectById - <==      Total: 1
2026-04-28 22:01:42.183 [http-nio-8080-exec-9] DEBUG c.z.e.m.m.a.A.findAdminInfoById - ==>  Preparing: select * from admin_admin left join admin_admin_role on admin_admin.admin_id = admin_admin_role.adminId left join admin_role on admin_admin_role.roleId = admin_role.role_id and admin_role.deleted = 0 left join admin_role_permission on admin_role.role_id = admin_role_permission.roleId left join admin_permission on admin_role_permission.permissionId = admin_permission.permission_id and admin_permission.deleted = 0 where admin_admin.admin_id = ? and admin_admin.deleted = 0
2026-04-28 22:01:42.185 [http-nio-8080-exec-9] DEBUG c.z.e.m.m.a.A.findAdminInfoById - ==> Parameters: 1(Integer)
2026-04-28 22:01:42.220 [http-nio-8080-exec-9] DEBUG c.z.e.m.m.a.A.findAdminInfoById - <==      Total: 1
2026-04-28 22:01:42.221 [http-nio-8080-exec-9] INFO  c.z.e.interceptor.UsallyInterceptor - 【请求开始】Method: GET, URI: /api/admin/mediaReport/getInfo, Controller: AdminMediaReportController.getMediaReportInfo, IP: 0:0:0:0:0:0:0:1, Params: {"_t":"1777384901710"}
2026-04-28 22:01:42.258 [http-nio-8080-exec-9] INFO  c.z.e.s.s.S.ServiceLogAspect - 【Service执行】类: AdminMediaReportServiceImpl, 方法: getMediaReportInfo, 参数: 无参数
2026-04-28 22:01:42.258 [http-nio-8080-exec-9] INFO  c.z.e.s.i.a.AdminMediaReportServiceImpl - 获取媒体报道信息
2026-04-28 22:01:42.259 [http-nio-8080-exec-9] DEBUG c.z.e.m.m.a.A.selectList - ==>  Preparing: SELECT mediaReport_id,mediaReport_title,mediaReport_content,mediaReport_updatedTime FROM general_mediaReport
2026-04-28 22:01:42.259 [http-nio-8080-exec-9] DEBUG c.z.e.m.m.a.A.selectList - ==> Parameters: 
2026-04-28 22:01:42.296 [http-nio-8080-exec-9] DEBUG c.z.e.m.m.a.A.selectList - <==      Total: 0
2026-04-28 22:01:42.296 [http-nio-8080-exec-9] INFO  c.z.e.s.s.S.ServiceLogAspect - 【Service完成】类: AdminMediaReportServiceImpl, 方法: getMediaReportInfo, 返回值: null, 耗时: 38ms
2026-04-28 22:01:42.367 [http-nio-8080-exec-9] INFO  c.z.e.interceptor.UsallyInterceptor - 【请求结束】Method: GET, URI: /api/admin/mediaReport/getInfo, Controller: AdminMediaReportController.getMediaReportInfo, Status: 200, Duration: 146ms
2026-04-28 22:01:42.388 [http-nio-8080-exec-5] INFO  c.z.e.interceptor.UsallyInterceptor - 【请求结束】Method: GET, URI: /api/admin/joinUs/getInfo, Controller: AdminJoinUsController.getJoinUsInfo, Status: 200, Duration: 1273ms
2026-04-28 22:01:42.416 [http-nio-8080-exec-10] DEBUG c.z.e.m.m.a.AdminMapper.selectById - ==>  Preparing: SELECT admin_id,admin_account,admin_username,admin_email,admin_phone,admin_password,admin_image,admin_introduce,admin_state,admin_loginTime,deleted FROM admin_admin WHERE admin_id=? AND deleted=0
2026-04-28 22:01:42.417 [http-nio-8080-exec-10] DEBUG c.z.e.m.m.a.AdminMapper.selectById - ==> Parameters: 1(Integer)
2026-04-28 22:01:42.454 [http-nio-8080-exec-10] DEBUG c.z.e.m.m.a.AdminMapper.selectById - <==      Total: 1
2026-04-28 22:01:42.455 [http-nio-8080-exec-10] DEBUG c.z.e.m.m.a.A.findAdminInfoById - ==>  Preparing: select * from admin_admin left join admin_admin_role on admin_admin.admin_id = admin_admin_role.adminId left join admin_role on admin_admin_role.roleId = admin_role.role_id and admin_role.deleted = 0 left join admin_role_permission on admin_role.role_id = admin_role_permission.roleId left join admin_permission on admin_role_permission.permissionId = admin_permission.permission_id and admin_permission.deleted = 0 where admin_admin.admin_id = ? and admin_admin.deleted = 0
2026-04-28 22:01:42.455 [http-nio-8080-exec-10] DEBUG c.z.e.m.m.a.A.findAdminInfoById - ==> Parameters: 1(Integer)
2026-04-28 22:01:42.495 [http-nio-8080-exec-10] DEBUG c.z.e.m.m.a.A.findAdminInfoById - <==      Total: 1
2026-04-28 22:01:42.497 [http-nio-8080-exec-10] INFO  c.z.e.interceptor.UsallyInterceptor - 【请求开始】Method: GET, URI: /api/admin/partnerIntroduce/getInfo, Controller: AdminPartnerIntroduceController.getPartnerIntroduceInfo, IP: 0:0:0:0:0:0:0:1, Params: {"_t":"1777384901137"}
2026-04-28 22:01:42.536 [http-nio-8080-exec-10] INFO  c.z.e.s.s.S.ServiceLogAspect - 【Service执行】类: AdminPartnerIntroduceServiceImpl, 方法: getPartnerIntroduceInfo, 参数: 无参数
2026-04-28 22:01:42.538 [http-nio-8080-exec-10] INFO  c.z.e.s.i.a.AdminPartnerIntroduceServiceImpl - 获取合作伙伴信息
2026-04-28 22:01:42.539 [http-nio-8080-exec-10] DEBUG c.z.e.m.m.a.A.selectList - ==>  Preparing: SELECT partnerIntroduce_id,partnerIntroduce_title,partnerIntroduce_content,partnerIntroduce_updatedTime FROM general_partnerIntroduce
2026-04-28 22:01:42.539 [http-nio-8080-exec-10] DEBUG c.z.e.m.m.a.A.selectList - ==> Parameters: 
2026-04-28 22:01:42.577 [http-nio-8080-exec-10] DEBUG c.z.e.m.m.a.A.selectList - <==      Total: 0
2026-04-28 22:01:42.577 [http-nio-8080-exec-10] INFO  c.z.e.s.s.S.ServiceLogAspect - 【Service完成】类: AdminPartnerIntroduceServiceImpl, 方法: getPartnerIntroduceInfo, 返回值: null, 耗时: 41ms
2026-04-28 22:01:42.653 [http-nio-8080-exec-10] INFO  c.z.e.interceptor.UsallyInterceptor - 【请求结束】Method: GET, URI: /api/admin/partnerIntroduce/getInfo, Controller: AdminPartnerIntroduceController.getPartnerIntroduceInfo, Status: 200, Duration: 156ms
2026-04-28 22:01:44.613 [http-nio-8080-exec-1] DEBUG c.z.e.m.m.a.AdminMapper.selectById - ==>  Preparing: SELECT admin_id,admin_account,admin_username,admin_email,admin_phone,admin_password,admin_image,admin_introduce,admin_state,admin_loginTime,deleted FROM admin_admin WHERE admin_id=? AND deleted=0
2026-04-28 22:01:44.613 [http-nio-8080-exec-1] DEBUG c.z.e.m.m.a.AdminMapper.selectById - ==> Parameters: 1(Integer)
2026-04-28 22:01:44.649 [http-nio-8080-exec-1] DEBUG c.z.e.m.m.a.AdminMapper.selectById - <==      Total: 1
2026-04-28 22:01:44.649 [http-nio-8080-exec-1] DEBUG c.z.e.m.m.a.A.findAdminInfoById - ==>  Preparing: select * from admin_admin left join admin_admin_role on admin_admin.admin_id = admin_admin_role.adminId left join admin_role on admin_admin_role.roleId = admin_role.role_id and admin_role.deleted = 0 left join admin_role_permission on admin_role.role_id = admin_role_permission.roleId left join admin_permission on admin_role_permission.permissionId = admin_permission.permission_id and admin_permission.deleted = 0 where admin_admin.admin_id = ? and admin_admin.deleted = 0
2026-04-28 22:01:44.650 [http-nio-8080-exec-1] DEBUG c.z.e.m.m.a.A.findAdminInfoById - ==> Parameters: 1(Integer)
2026-04-28 22:01:44.686 [http-nio-8080-exec-1] DEBUG c.z.e.m.m.a.A.findAdminInfoById - <==      Total: 1
2026-04-28 22:01:44.687 [http-nio-8080-exec-1] INFO  c.z.e.interceptor.UsallyInterceptor - 【请求开始】Method: POST, URI: /api/admin/faq/getPage, Controller: AdminFaqController.getFaqPage, IP: 0:0:0:0:0:0:0:1, Params: {"pageSize":"10","pageNum":"1"}
2026-04-28 22:01:44.728 [http-nio-8080-exec-1] INFO  c.z.e.s.s.S.ServiceLogAspect - 【Service执行】类: AdminFaqServiceImpl, 方法: getFaqPage, 参数: [10,1,{}]
2026-04-28 22:01:44.728 [http-nio-8080-exec-1] INFO  c.z.e.s.i.admin.AdminFaqServiceImpl - 分页查询常见问题
2026-04-28 22:01:44.753 [http-nio-8080-exec-1] DEBUG c.z.e.m.m.a.A.selectList_mpCount - ==>  Preparing: SELECT COUNT(*) AS total FROM general_faq WHERE deleted = 0 AND (deleted = ?)
2026-04-28 22:01:44.754 [http-nio-8080-exec-1] DEBUG c.z.e.m.m.a.A.selectList_mpCount - ==> Parameters: 0(Integer)
2026-04-28 22:01:44.790 [http-nio-8080-exec-1] DEBUG c.z.e.m.m.a.A.selectList_mpCount - <==      Total: 1
2026-04-28 22:01:44.790 [http-nio-8080-exec-1] DEBUG c.z.e.m.m.a.A.selectList - ==>  Preparing: SELECT faq_id,faq_title,faq_content,deleted,faq_createdTime,faq_updatedTime FROM general_faq WHERE deleted=0 AND (deleted = ?) LIMIT ?
2026-04-28 22:01:44.790 [http-nio-8080-exec-1] DEBUG c.z.e.m.m.a.A.selectList - ==> Parameters: 0(Integer), 10(Long)
2026-04-28 22:01:44.827 [http-nio-8080-exec-1] DEBUG c.z.e.m.m.a.A.selectList - <==      Total: 1
2026-04-28 22:01:44.830 [http-nio-8080-exec-1] INFO  c.z.e.s.i.admin.AdminFaqServiceImpl - 分页查询常见问题成功
2026-04-28 22:01:44.833 [http-nio-8080-exec-1] INFO  c.z.e.s.s.S.ServiceLogAspect - 【Service完成】类: AdminFaqServiceImpl, 方法: getFaqPage, 返回值: {"records":[{"faqId":1,"faqTitle":"<p><strong>常见问题测试</strong></p>","faqContent":"<p><strong>常见问题测试2</strong></p>","faqCreatedTime":1769600688000,"faqUpdatedTime":1769600695000}],"total":1,"size":10,"current":1}, 耗时: 102ms
2026-04-28 22:01:44.910 [http-nio-8080-exec-1] INFO  c.z.e.interceptor.UsallyInterceptor - 【请求结束】Method: POST, URI: /api/admin/faq/getPage, Controller: AdminFaqController.getFaqPage, Status: 200, Duration: 223ms
2026-04-28 22:01:47.749 [http-nio-8080-exec-2] DEBUG c.z.e.m.m.a.AdminMapper.selectById - ==>  Preparing: SELECT admin_id,admin_account,admin_username,admin_email,admin_phone,admin_password,admin_image,admin_introduce,admin_state,admin_loginTime,deleted FROM admin_admin WHERE admin_id=? AND deleted=0
2026-04-28 22:01:47.749 [http-nio-8080-exec-2] DEBUG c.z.e.m.m.a.AdminMapper.selectById - ==> Parameters: 1(Integer)
2026-04-28 22:01:47.786 [http-nio-8080-exec-2] DEBUG c.z.e.m.m.a.AdminMapper.selectById - <==      Total: 1
2026-04-28 22:01:47.788 [http-nio-8080-exec-2] DEBUG c.z.e.m.m.a.A.findAdminInfoById - ==>  Preparing: select * from admin_admin left join admin_admin_role on admin_admin.admin_id = admin_admin_role.adminId left join admin_role on admin_admin_role.roleId = admin_role.role_id and admin_role.deleted = 0 left join admin_role_permission on admin_role.role_id = admin_role_permission.roleId left join admin_permission on admin_role_permission.permissionId = admin_permission.permission_id and admin_permission.deleted = 0 where admin_admin.admin_id = ? and admin_admin.deleted = 0
2026-04-28 22:01:47.790 [http-nio-8080-exec-2] DEBUG c.z.e.m.m.a.A.findAdminInfoById - ==> Parameters: 1(Integer)
2026-04-28 22:01:47.854 [http-nio-8080-exec-2] DEBUG c.z.e.m.m.a.A.findAdminInfoById - <==      Total: 1
2026-04-28 22:01:47.857 [http-nio-8080-exec-2] INFO  c.z.e.interceptor.UsallyInterceptor - 【请求开始】Method: GET, URI: /api/admin/faq/getInfo, Controller: AdminFaqController.getFaqInfo, IP: 0:0:0:0:0:0:0:1, Params: {"_t":"1777384907619","faqId":"1"}
2026-04-28 22:01:47.936 [http-nio-8080-exec-2] INFO  c.z.e.s.s.S.ServiceLogAspect - 【Service执行】类: AdminFaqServiceImpl, 方法: getFaqInfo, 参数: [1]
2026-04-28 22:01:47.936 [http-nio-8080-exec-2] INFO  c.z.e.s.i.admin.AdminFaqServiceImpl - 获取常见问题信息
2026-04-28 22:01:47.939 [http-nio-8080-exec-2] DEBUG c.z.e.m.m.a.A.selectById - ==>  Preparing: SELECT faq_id,faq_title,faq_content,deleted,faq_createdTime,faq_updatedTime FROM general_faq WHERE faq_id=? AND deleted=0
2026-04-28 22:01:47.940 [http-nio-8080-exec-2] DEBUG c.z.e.m.m.a.A.selectById - ==> Parameters: 1(Integer)
2026-04-28 22:01:48.308 [http-nio-8080-exec-2] DEBUG c.z.e.m.m.a.A.selectById - <==      Total: 1
2026-04-28 22:01:48.309 [http-nio-8080-exec-2] INFO  c.z.e.s.i.admin.AdminFaqServiceImpl - 获取常见问题信息成功
2026-04-28 22:01:48.312 [http-nio-8080-exec-2] INFO  c.z.e.s.s.S.ServiceLogAspect - 【Service完成】类: AdminFaqServiceImpl, 方法: getFaqInfo, 返回值: {"faqId":1,"faqTitle":"<p><strong>常见问题测试</strong></p>","faqContent":"<p><strong>常见问题测试2</strong></p>","faqCreatedTime":1769600688000,"faqUpdatedTime":1769600695000}, 耗时: 373ms
2026-04-28 22:01:48.434 [http-nio-8080-exec-2] INFO  c.z.e.interceptor.UsallyInterceptor - 【请求结束】Method: GET, URI: /api/admin/faq/getInfo, Controller: AdminFaqController.getFaqInfo, Status: 200, Duration: 577ms
2026-04-28 22:01:49.937 [http-nio-8080-exec-6] DEBUG c.z.e.m.m.a.AdminMapper.selectById - ==>  Preparing: SELECT admin_id,admin_account,admin_username,admin_email,admin_phone,admin_password,admin_image,admin_introduce,admin_state,admin_loginTime,deleted FROM admin_admin WHERE admin_id=? AND deleted=0
2026-04-28 22:01:49.938 [http-nio-8080-exec-6] DEBUG c.z.e.m.m.a.AdminMapper.selectById - ==> Parameters: 1(Integer)
2026-04-28 22:01:49.977 [http-nio-8080-exec-6] DEBUG c.z.e.m.m.a.AdminMapper.selectById - <==      Total: 1
2026-04-28 22:01:49.977 [http-nio-8080-exec-6] DEBUG c.z.e.m.m.a.A.findAdminInfoById - ==>  Preparing: select * from admin_admin left join admin_admin_role on admin_admin.admin_id = admin_admin_role.adminId left join admin_role on admin_admin_role.roleId = admin_role.role_id and admin_role.deleted = 0 left join admin_role_permission on admin_role.role_id = admin_role_permission.roleId left join admin_permission on admin_role_permission.permissionId = admin_permission.permission_id and admin_permission.deleted = 0 where admin_admin.admin_id = ? and admin_admin.deleted = 0
2026-04-28 22:01:49.977 [http-nio-8080-exec-6] DEBUG c.z.e.m.m.a.A.findAdminInfoById - ==> Parameters: 1(Integer)
2026-04-28 22:01:50.137 [http-nio-8080-exec-6] DEBUG c.z.e.m.m.a.A.findAdminInfoById - <==      Total: 1
2026-04-28 22:01:50.139 [http-nio-8080-exec-6] INFO  c.z.e.interceptor.UsallyInterceptor - 【请求开始】Method: GET, URI: /api/admin/faq/getInfo, Controller: AdminFaqController.getFaqInfo, IP: 0:0:0:0:0:0:0:1, Params: {"_t":"1777384909766","faqId":"1"}
2026-04-28 22:01:50.241 [http-nio-8080-exec-6] INFO  c.z.e.s.s.S.ServiceLogAspect - 【Service执行】类: AdminFaqServiceImpl, 方法: getFaqInfo, 参数: [1]
2026-04-28 22:01:50.241 [http-nio-8080-exec-6] INFO  c.z.e.s.i.admin.AdminFaqServiceImpl - 获取常见问题信息
2026-04-28 22:01:50.241 [http-nio-8080-exec-6] DEBUG c.z.e.m.m.a.A.selectById - ==>  Preparing: SELECT faq_id,faq_title,faq_content,deleted,faq_createdTime,faq_updatedTime FROM general_faq WHERE faq_id=? AND deleted=0
2026-04-28 22:01:50.242 [http-nio-8080-exec-6] DEBUG c.z.e.m.m.a.A.selectById - ==> Parameters: 1(Integer)
2026-04-28 22:01:50.295 [http-nio-8080-exec-6] DEBUG c.z.e.m.m.a.A.selectById - <==      Total: 1
2026-04-28 22:01:50.295 [http-nio-8080-exec-6] INFO  c.z.e.s.i.admin.AdminFaqServiceImpl - 获取常见问题信息成功
2026-04-28 22:01:50.295 [http-nio-8080-exec-6] INFO  c.z.e.s.s.S.ServiceLogAspect - 【Service完成】类: AdminFaqServiceImpl, 方法: getFaqInfo, 返回值: {"faqId":1,"faqTitle":"<p><strong>常见问题测试</strong></p>","faqContent":"<p><strong>常见问题测试2</strong></p>","faqCreatedTime":1769600688000,"faqUpdatedTime":1769600695000}, 耗时: 54ms
2026-04-28 22:01:50.466 [http-nio-8080-exec-6] INFO  c.z.e.interceptor.UsallyInterceptor - 【请求结束】Method: GET, URI: /api/admin/faq/getInfo, Controller: AdminFaqController.getFaqInfo, Status: 200, Duration: 327ms
2026-04-28 22:01:52.418 [http-nio-8080-exec-7] DEBUG c.z.e.m.m.a.AdminMapper.selectById - ==>  Preparing: SELECT admin_id,admin_account,admin_username,admin_email,admin_phone,admin_password,admin_image,admin_introduce,admin_state,admin_loginTime,deleted FROM admin_admin WHERE admin_id=? AND deleted=0
2026-04-28 22:01:52.419 [http-nio-8080-exec-7] DEBUG c.z.e.m.m.a.AdminMapper.selectById - ==> Parameters: 1(Integer)
2026-04-28 22:01:52.490 [http-nio-8080-exec-7] DEBUG c.z.e.m.m.a.AdminMapper.selectById - <==      Total: 1
2026-04-28 22:01:52.490 [http-nio-8080-exec-7] DEBUG c.z.e.m.m.a.A.findAdminInfoById - ==>  Preparing: select * from admin_admin left join admin_admin_role on admin_admin.admin_id = admin_admin_role.adminId left join admin_role on admin_admin_role.roleId = admin_role.role_id and admin_role.deleted = 0 left join admin_role_permission on admin_role.role_id = admin_role_permission.roleId left join admin_permission on admin_role_permission.permissionId = admin_permission.permission_id and admin_permission.deleted = 0 where admin_admin.admin_id = ? and admin_admin.deleted = 0
2026-04-28 22:01:52.491 [http-nio-8080-exec-7] DEBUG c.z.e.m.m.a.A.findAdminInfoById - ==> Parameters: 1(Integer)
2026-04-28 22:01:53.104 [http-nio-8080-exec-7] DEBUG c.z.e.m.m.a.A.findAdminInfoById - <==      Total: 1
2026-04-28 22:01:53.106 [http-nio-8080-exec-7] INFO  c.z.e.interceptor.UsallyInterceptor - 【请求开始】Method: GET, URI: /api/admin/customerService/getInfo, Controller: AdminCustomerServiceController.getCustomerServiceInfo, IP: 0:0:0:0:0:0:0:1, Params: {"_t":"1777384912271"}
2026-04-28 22:01:53.145 [http-nio-8080-exec-7] INFO  c.z.e.s.s.S.ServiceLogAspect - 【Service执行】类: AdminCustomerServiceServiceImpl, 方法: getCustomerServiceInfo, 参数: 无参数
2026-04-28 22:01:53.145 [http-nio-8080-exec-7] INFO  c.z.e.s.i.a.AdminCustomerServiceServiceImpl - 获取人工客服信息
2026-04-28 22:01:53.146 [http-nio-8080-exec-7] DEBUG c.z.e.m.m.a.A.selectList - ==>  Preparing: SELECT customerService_id,customerService_title,customerService_content,customerService_updatedTime FROM general_customerService
2026-04-28 22:01:53.146 [http-nio-8080-exec-7] DEBUG c.z.e.m.m.a.A.selectList - ==> Parameters: 
2026-04-28 22:01:53.220 [http-nio-8080-exec-7] DEBUG c.z.e.m.m.a.A.selectList - <==      Total: 0
2026-04-28 22:01:53.223 [http-nio-8080-exec-7] INFO  c.z.e.s.s.S.ServiceLogAspect - 【Service完成】类: AdminCustomerServiceServiceImpl, 方法: getCustomerServiceInfo, 返回值: null, 耗时: 78ms
2026-04-28 22:01:53.398 [http-nio-8080-exec-7] INFO  c.z.e.interceptor.UsallyInterceptor - 【请求结束】Method: GET, URI: /api/admin/customerService/getInfo, Controller: AdminCustomerServiceController.getCustomerServiceInfo, Status: 200, Duration: 292ms
2026-04-28 22:01:54.869 [http-nio-8080-exec-4] DEBUG c.z.e.m.m.a.AdminMapper.selectById - ==>  Preparing: SELECT admin_id,admin_account,admin_username,admin_email,admin_phone,admin_password,admin_image,admin_introduce,admin_state,admin_loginTime,deleted FROM admin_admin WHERE admin_id=? AND deleted=0
2026-04-28 22:01:54.869 [http-nio-8080-exec-4] DEBUG c.z.e.m.m.a.AdminMapper.selectById - ==> Parameters: 1(Integer)
2026-04-28 22:01:54.969 [http-nio-8080-exec-4] DEBUG c.z.e.m.m.a.AdminMapper.selectById - <==      Total: 1
2026-04-28 22:01:54.970 [http-nio-8080-exec-4] DEBUG c.z.e.m.m.a.A.findAdminInfoById - ==>  Preparing: select * from admin_admin left join admin_admin_role on admin_admin.admin_id = admin_admin_role.adminId left join admin_role on admin_admin_role.roleId = admin_role.role_id and admin_role.deleted = 0 left join admin_role_permission on admin_role.role_id = admin_role_permission.roleId left join admin_permission on admin_role_permission.permissionId = admin_permission.permission_id and admin_permission.deleted = 0 where admin_admin.admin_id = ? and admin_admin.deleted = 0
2026-04-28 22:01:54.970 [http-nio-8080-exec-4] DEBUG c.z.e.m.m.a.A.findAdminInfoById - ==> Parameters: 1(Integer)
2026-04-28 22:01:55.028 [http-nio-8080-exec-4] DEBUG c.z.e.m.m.a.A.findAdminInfoById - <==      Total: 1
2026-04-28 22:01:55.030 [http-nio-8080-exec-4] INFO  c.z.e.interceptor.UsallyInterceptor - 【请求开始】Method: POST, URI: /api/admin/faq/getPage, Controller: AdminFaqController.getFaqPage, IP: 0:0:0:0:0:0:0:1, Params: {"pageSize":"10","pageNum":"1"}
2026-04-28 22:01:55.082 [http-nio-8080-exec-4] INFO  c.z.e.s.s.S.ServiceLogAspect - 【Service执行】类: AdminFaqServiceImpl, 方法: getFaqPage, 参数: [10,1,{}]
2026-04-28 22:01:55.082 [http-nio-8080-exec-4] INFO  c.z.e.s.i.admin.AdminFaqServiceImpl - 分页查询常见问题
2026-04-28 22:01:55.089 [http-nio-8080-exec-4] DEBUG c.z.e.m.m.a.A.selectList_mpCount - ==>  Preparing: SELECT COUNT(*) AS total FROM general_faq WHERE deleted = 0 AND (deleted = ?)
2026-04-28 22:01:55.089 [http-nio-8080-exec-4] DEBUG c.z.e.m.m.a.A.selectList_mpCount - ==> Parameters: 0(Integer)
2026-04-28 22:01:55.193 [http-nio-8080-exec-4] DEBUG c.z.e.m.m.a.A.selectList_mpCount - <==      Total: 1
2026-04-28 22:01:55.193 [http-nio-8080-exec-4] DEBUG c.z.e.m.m.a.A.selectList - ==>  Preparing: SELECT faq_id,faq_title,faq_content,deleted,faq_createdTime,faq_updatedTime FROM general_faq WHERE deleted=0 AND (deleted = ?) LIMIT ?
2026-04-28 22:01:55.194 [http-nio-8080-exec-4] DEBUG c.z.e.m.m.a.A.selectList - ==> Parameters: 0(Integer), 10(Long)
2026-04-28 22:01:55.307 [http-nio-8080-exec-4] DEBUG c.z.e.m.m.a.A.selectList - <==      Total: 1
2026-04-28 22:01:55.307 [http-nio-8080-exec-4] INFO  c.z.e.s.i.admin.AdminFaqServiceImpl - 分页查询常见问题成功
2026-04-28 22:01:55.310 [http-nio-8080-exec-4] INFO  c.z.e.s.s.S.ServiceLogAspect - 【Service完成】类: AdminFaqServiceImpl, 方法: getFaqPage, 返回值: {"records":[{"faqId":1,"faqTitle":"<p><strong>常见问题测试</strong></p>","faqContent":"<p><strong>常见问题测试2</strong></p>","faqCreatedTime":1769600688000,"faqUpdatedTime":1769600695000}],"total":1,"size":10,"current":1}, 耗时: 225ms
2026-04-28 22:01:55.420 [http-nio-8080-exec-4] INFO  c.z.e.interceptor.UsallyInterceptor - 【请求结束】Method: POST, URI: /api/admin/faq/getPage, Controller: AdminFaqController.getFaqPage, Status: 200, Duration: 390ms
2026-04-28 22:01:56.941 [http-nio-8080-exec-3] DEBUG c.z.e.m.m.a.AdminMapper.selectById - ==>  Preparing: SELECT admin_id,admin_account,admin_username,admin_email,admin_phone,admin_password,admin_image,admin_introduce,admin_state,admin_loginTime,deleted FROM admin_admin WHERE admin_id=? AND deleted=0
2026-04-28 22:01:56.941 [http-nio-8080-exec-3] DEBUG c.z.e.m.m.a.AdminMapper.selectById - ==> Parameters: 1(Integer)
2026-04-28 22:01:56.997 [http-nio-8080-exec-3] DEBUG c.z.e.m.m.a.AdminMapper.selectById - <==      Total: 1
2026-04-28 22:01:56.998 [http-nio-8080-exec-3] DEBUG c.z.e.m.m.a.A.findAdminInfoById - ==>  Preparing: select * from admin_admin left join admin_admin_role on admin_admin.admin_id = admin_admin_role.adminId left join admin_role on admin_admin_role.roleId = admin_role.role_id and admin_role.deleted = 0 left join admin_role_permission on admin_role.role_id = admin_role_permission.roleId left join admin_permission on admin_role_permission.permissionId = admin_permission.permission_id and admin_permission.deleted = 0 where admin_admin.admin_id = ? and admin_admin.deleted = 0
2026-04-28 22:01:56.998 [http-nio-8080-exec-3] DEBUG c.z.e.m.m.a.A.findAdminInfoById - ==> Parameters: 1(Integer)
2026-04-28 22:01:57.110 [http-nio-8080-exec-3] DEBUG c.z.e.m.m.a.A.findAdminInfoById - <==      Total: 1
2026-04-28 22:01:57.112 [http-nio-8080-exec-3] INFO  c.z.e.interceptor.UsallyInterceptor - 【请求开始】Method: GET, URI: /api/admin/faq/getInfo, Controller: AdminFaqController.getFaqInfo, IP: 0:0:0:0:0:0:0:1, Params: {"_t":"1777384916709","faqId":"1"}
2026-04-28 22:01:57.227 [http-nio-8080-exec-3] INFO  c.z.e.s.s.S.ServiceLogAspect - 【Service执行】类: AdminFaqServiceImpl, 方法: getFaqInfo, 参数: [1]
2026-04-28 22:01:57.227 [http-nio-8080-exec-3] INFO  c.z.e.s.i.admin.AdminFaqServiceImpl - 获取常见问题信息
2026-04-28 22:01:57.228 [http-nio-8080-exec-3] DEBUG c.z.e.m.m.a.A.selectById - ==>  Preparing: SELECT faq_id,faq_title,faq_content,deleted,faq_createdTime,faq_updatedTime FROM general_faq WHERE faq_id=? AND deleted=0
2026-04-28 22:01:57.229 [http-nio-8080-exec-3] DEBUG c.z.e.m.m.a.A.selectById - ==> Parameters: 1(Integer)
2026-04-28 22:01:57.335 [http-nio-8080-exec-3] DEBUG c.z.e.m.m.a.A.selectById - <==      Total: 1
2026-04-28 22:01:57.335 [http-nio-8080-exec-3] INFO  c.z.e.s.i.admin.AdminFaqServiceImpl - 获取常见问题信息成功
2026-04-28 22:01:57.336 [http-nio-8080-exec-3] INFO  c.z.e.s.s.S.ServiceLogAspect - 【Service完成】类: AdminFaqServiceImpl, 方法: getFaqInfo, 返回值: {"faqId":1,"faqTitle":"<p><strong>常见问题测试</strong></p>","faqContent":"<p><strong>常见问题测试2</strong></p>","faqCreatedTime":1769600688000,"faqUpdatedTime":1769600695000}, 耗时: 109ms
2026-04-28 22:01:57.500 [http-nio-8080-exec-3] INFO  c.z.e.interceptor.UsallyInterceptor - 【请求结束】Method: GET, URI: /api/admin/faq/getInfo, Controller: AdminFaqController.getFaqInfo, Status: 200, Duration: 388ms
2026-04-28 22:02:00.206 [http-nio-8080-exec-8] DEBUG c.z.e.m.m.a.AdminMapper.selectById - ==>  Preparing: SELECT admin_id,admin_account,admin_username,admin_email,admin_phone,admin_password,admin_image,admin_introduce,admin_state,admin_loginTime,deleted FROM admin_admin WHERE admin_id=? AND deleted=0
2026-04-28 22:02:00.206 [http-nio-8080-exec-8] DEBUG c.z.e.m.m.a.AdminMapper.selectById - ==> Parameters: 1(Integer)
2026-04-28 22:02:00.263 [http-nio-8080-exec-8] DEBUG c.z.e.m.m.a.AdminMapper.selectById - <==      Total: 1
2026-04-28 22:02:00.263 [http-nio-8080-exec-8] DEBUG c.z.e.m.m.a.A.findAdminInfoById - ==>  Preparing: select * from admin_admin left join admin_admin_role on admin_admin.admin_id = admin_admin_role.adminId left join admin_role on admin_admin_role.roleId = admin_role.role_id and admin_role.deleted = 0 left join admin_role_permission on admin_role.role_id = admin_role_permission.roleId left join admin_permission on admin_role_permission.permissionId = admin_permission.permission_id and admin_permission.deleted = 0 where admin_admin.admin_id = ? and admin_admin.deleted = 0
2026-04-28 22:02:00.264 [http-nio-8080-exec-8] DEBUG c.z.e.m.m.a.A.findAdminInfoById - ==> Parameters: 1(Integer)
2026-04-28 22:02:00.350 [http-nio-8080-exec-8] DEBUG c.z.e.m.m.a.A.findAdminInfoById - <==      Total: 1
2026-04-28 22:02:00.352 [http-nio-8080-exec-8] INFO  c.z.e.interceptor.UsallyInterceptor - 【请求开始】Method: GET, URI: /api/admin/customerService/getInfo, Controller: AdminCustomerServiceController.getCustomerServiceInfo, IP: 0:0:0:0:0:0:0:1, Params: {"_t":"1777384919678"}
2026-04-28 22:02:00.486 [http-nio-8080-exec-8] INFO  c.z.e.s.s.S.ServiceLogAspect - 【Service执行】类: AdminCustomerServiceServiceImpl, 方法: getCustomerServiceInfo, 参数: 无参数
2026-04-28 22:02:00.489 [http-nio-8080-exec-8] INFO  c.z.e.s.i.a.AdminCustomerServiceServiceImpl - 获取人工客服信息
2026-04-28 22:02:00.489 [http-nio-8080-exec-8] DEBUG c.z.e.m.m.a.A.selectList - ==>  Preparing: SELECT customerService_id,customerService_title,customerService_content,customerService_updatedTime FROM general_customerService
2026-04-28 22:02:00.489 [http-nio-8080-exec-8] DEBUG c.z.e.m.m.a.A.selectList - ==> Parameters: 
2026-04-28 22:02:00.547 [http-nio-8080-exec-9] DEBUG c.z.e.m.m.a.AdminMapper.selectById - ==>  Preparing: SELECT admin_id,admin_account,admin_username,admin_email,admin_phone,admin_password,admin_image,admin_introduce,admin_state,admin_loginTime,deleted FROM admin_admin WHERE admin_id=? AND deleted=0
2026-04-28 22:02:00.547 [http-nio-8080-exec-8] DEBUG c.z.e.m.m.a.A.selectList - <==      Total: 0
2026-04-28 22:02:00.547 [http-nio-8080-exec-9] DEBUG c.z.e.m.m.a.AdminMapper.selectById - ==> Parameters: 1(Integer)
2026-04-28 22:02:00.547 [http-nio-8080-exec-8] INFO  c.z.e.s.s.S.ServiceLogAspect - 【Service完成】类: AdminCustomerServiceServiceImpl, 方法: getCustomerServiceInfo, 返回值: null, 耗时: 58ms
2026-04-28 22:02:00.598 [http-nio-8080-exec-9] DEBUG c.z.e.m.m.a.AdminMapper.selectById - <==      Total: 1
2026-04-28 22:02:00.598 [http-nio-8080-exec-9] DEBUG c.z.e.m.m.a.A.findAdminInfoById - ==>  Preparing: select * from admin_admin left join admin_admin_role on admin_admin.admin_id = admin_admin_role.adminId left join admin_role on admin_admin_role.roleId = admin_role.role_id and admin_role.deleted = 0 left join admin_role_permission on admin_role.role_id = admin_role_permission.roleId left join admin_permission on admin_role_permission.permissionId = admin_permission.permission_id and admin_permission.deleted = 0 where admin_admin.admin_id = ? and admin_admin.deleted = 0
2026-04-28 22:02:00.599 [http-nio-8080-exec-9] DEBUG c.z.e.m.m.a.A.findAdminInfoById - ==> Parameters: 1(Integer)
2026-04-28 22:02:00.635 [http-nio-8080-exec-9] DEBUG c.z.e.m.m.a.A.findAdminInfoById - <==      Total: 1
2026-04-28 22:02:00.635 [http-nio-8080-exec-8] INFO  c.z.e.interceptor.UsallyInterceptor - 【请求结束】Method: GET, URI: /api/admin/customerService/getInfo, Controller: AdminCustomerServiceController.getCustomerServiceInfo, Status: 200, Duration: 283ms
2026-04-28 22:02:00.636 [http-nio-8080-exec-9] INFO  c.z.e.interceptor.UsallyInterceptor - 【请求开始】Method: POST, URI: /api/admin/userGuide/getPage, Controller: AdminUserGuideController.getUserGuidePage, IP: 0:0:0:0:0:0:0:1, Params: {"pageSize":"10","pageNum":"1"}
2026-04-28 22:02:00.685 [http-nio-8080-exec-9] INFO  c.z.e.s.s.S.ServiceLogAspect - 【Service执行】类: AdminUserGuideServiceImpl, 方法: getUserGuidePage, 参数: [10,1,{}]
2026-04-28 22:02:00.686 [http-nio-8080-exec-9] INFO  c.z.e.s.i.a.AdminUserGuideServiceImpl - 分页查询使用指南
2026-04-28 22:02:00.694 [http-nio-8080-exec-9] DEBUG c.z.e.m.m.a.A.selectList_mpCount - ==>  Preparing: SELECT COUNT(*) AS total FROM general_userGuide WHERE deleted = 0 AND (deleted = ?)
2026-04-28 22:02:00.695 [http-nio-8080-exec-9] DEBUG c.z.e.m.m.a.A.selectList_mpCount - ==> Parameters: 0(Integer)
2026-04-28 22:02:00.803 [http-nio-8080-exec-9] DEBUG c.z.e.m.m.a.A.selectList_mpCount - <==      Total: 1
2026-04-28 22:02:00.803 [http-nio-8080-exec-9] DEBUG c.z.e.m.m.a.A.selectList - ==>  Preparing: SELECT userGuide_id,userGuide_title,userGuide_content,deleted,userGuide_createdTime,userGuide_updatedTime FROM general_userGuide WHERE deleted=0 AND (deleted = ?) LIMIT ?
2026-04-28 22:02:00.805 [http-nio-8080-exec-9] DEBUG c.z.e.m.m.a.A.selectList - ==> Parameters: 0(Integer), 10(Long)
2026-04-28 22:02:00.846 [http-nio-8080-exec-9] DEBUG c.z.e.m.m.a.A.selectList - <==      Total: 1
2026-04-28 22:02:00.848 [http-nio-8080-exec-9] INFO  c.z.e.s.i.a.AdminUserGuideServiceImpl - 分页查询使用指南成功
2026-04-28 22:02:00.851 [http-nio-8080-exec-9] INFO  c.z.e.s.s.S.ServiceLogAspect - 【Service完成】类: AdminUserGuideServiceImpl, 方法: getUserGuidePage, 返回值: {"records":[{"userGuideId":1,"userGuideTitle":"<p>测试12</p>","userGuideContent":"<p>测试1</p>","userGuideCreatedTime":1769600231000,"userGuideUpdatedTime":1769600653000}],"total":1,"size":10,"current":1}, 耗时: 163ms
2026-04-28 22:02:00.923 [http-nio-8080-exec-9] INFO  c.z.e.interceptor.UsallyInterceptor - 【请求结束】Method: POST, URI: /api/admin/userGuide/getPage, Controller: AdminUserGuideController.getUserGuidePage, Status: 200, Duration: 287ms
2026-04-28 22:02:02.779 [http-nio-8080-exec-5] DEBUG c.z.e.m.m.a.AdminMapper.selectById - ==>  Preparing: SELECT admin_id,admin_account,admin_username,admin_email,admin_phone,admin_password,admin_image,admin_introduce,admin_state,admin_loginTime,deleted FROM admin_admin WHERE admin_id=? AND deleted=0
2026-04-28 22:02:02.780 [http-nio-8080-exec-5] DEBUG c.z.e.m.m.a.AdminMapper.selectById - ==> Parameters: 1(Integer)
2026-04-28 22:02:02.818 [http-nio-8080-exec-5] DEBUG c.z.e.m.m.a.AdminMapper.selectById - <==      Total: 1
2026-04-28 22:02:02.819 [http-nio-8080-exec-5] DEBUG c.z.e.m.m.a.A.findAdminInfoById - ==>  Preparing: select * from admin_admin left join admin_admin_role on admin_admin.admin_id = admin_admin_role.adminId left join admin_role on admin_admin_role.roleId = admin_role.role_id and admin_role.deleted = 0 left join admin_role_permission on admin_role.role_id = admin_role_permission.roleId left join admin_permission on admin_role_permission.permissionId = admin_permission.permission_id and admin_permission.deleted = 0 where admin_admin.admin_id = ? and admin_admin.deleted = 0
2026-04-28 22:02:02.820 [http-nio-8080-exec-5] DEBUG c.z.e.m.m.a.A.findAdminInfoById - ==> Parameters: 1(Integer)
2026-04-28 22:02:02.857 [http-nio-8080-exec-5] DEBUG c.z.e.m.m.a.A.findAdminInfoById - <==      Total: 1
2026-04-28 22:02:02.860 [http-nio-8080-exec-5] INFO  c.z.e.interceptor.UsallyInterceptor - 【请求开始】Method: GET, URI: /api/admin/userGuide/getInfo, Controller: AdminUserGuideController.getUserGuideInfo, IP: 0:0:0:0:0:0:0:1, Params: {"_t":"1777384922379","userGuideId":"1"}
2026-04-28 22:02:02.894 [http-nio-8080-exec-5] INFO  c.z.e.s.s.S.ServiceLogAspect - 【Service执行】类: AdminUserGuideServiceImpl, 方法: getUserGuideInfo, 参数: [1]
2026-04-28 22:02:02.895 [http-nio-8080-exec-5] INFO  c.z.e.s.i.a.AdminUserGuideServiceImpl - 获取使用指南信息
2026-04-28 22:02:02.895 [http-nio-8080-exec-5] DEBUG c.z.e.m.m.a.A.selectById - ==>  Preparing: SELECT userGuide_id,userGuide_title,userGuide_content,deleted,userGuide_createdTime,userGuide_updatedTime FROM general_userGuide WHERE userGuide_id=? AND deleted=0
2026-04-28 22:02:02.896 [http-nio-8080-exec-5] DEBUG c.z.e.m.m.a.A.selectById - ==> Parameters: 1(Integer)
2026-04-28 22:02:02.934 [http-nio-8080-exec-5] DEBUG c.z.e.m.m.a.A.selectById - <==      Total: 1
2026-04-28 22:02:02.936 [http-nio-8080-exec-5] INFO  c.z.e.s.i.a.AdminUserGuideServiceImpl - 获取使用指南信息成功
2026-04-28 22:02:02.939 [http-nio-8080-exec-5] INFO  c.z.e.s.s.S.ServiceLogAspect - 【Service完成】类: AdminUserGuideServiceImpl, 方法: getUserGuideInfo, 返回值: {"userGuideId":1,"userGuideTitle":"<p>测试12</p>","userGuideContent":"<p>测试1</p>","userGuideCreatedTime":1769600231000,"userGuideUpdatedTime":1769600653000}, 耗时: 41ms
2026-04-28 22:02:03.188 [http-nio-8080-exec-5] INFO  c.z.e.interceptor.UsallyInterceptor - 【请求结束】Method: GET, URI: /api/admin/userGuide/getInfo, Controller: AdminUserGuideController.getUserGuideInfo, Status: 200, Duration: 329ms
2026-04-28 22:02:05.478 [http-nio-8080-exec-10] DEBUG c.z.e.m.m.a.AdminMapper.selectById - ==>  Preparing: SELECT admin_id,admin_account,admin_username,admin_email,admin_phone,admin_password,admin_image,admin_introduce,admin_state,admin_loginTime,deleted FROM admin_admin WHERE admin_id=? AND deleted=0
2026-04-28 22:02:05.478 [http-nio-8080-exec-10] DEBUG c.z.e.m.m.a.AdminMapper.selectById - ==> Parameters: 1(Integer)
2026-04-28 22:02:05.553 [http-nio-8080-exec-10] DEBUG c.z.e.m.m.a.AdminMapper.selectById - <==      Total: 1
2026-04-28 22:02:05.553 [http-nio-8080-exec-10] DEBUG c.z.e.m.m.a.A.findAdminInfoById - ==>  Preparing: select * from admin_admin left join admin_admin_role on admin_admin.admin_id = admin_admin_role.adminId left join admin_role on admin_admin_role.roleId = admin_role.role_id and admin_role.deleted = 0 left join admin_role_permission on admin_role.role_id = admin_role_permission.roleId left join admin_permission on admin_role_permission.permissionId = admin_permission.permission_id and admin_permission.deleted = 0 where admin_admin.admin_id = ? and admin_admin.deleted = 0
2026-04-28 22:02:05.554 [http-nio-8080-exec-10] DEBUG c.z.e.m.m.a.A.findAdminInfoById - ==> Parameters: 1(Integer)
2026-04-28 22:02:05.667 [http-nio-8080-exec-10] DEBUG c.z.e.m.m.a.A.findAdminInfoById - <==      Total: 1
2026-04-28 22:02:05.668 [http-nio-8080-exec-10] INFO  c.z.e.interceptor.UsallyInterceptor - 【请求开始】Method: GET, URI: /api/admin/userGuide/getInfo, Controller: AdminUserGuideController.getUserGuideInfo, IP: 0:0:0:0:0:0:0:1, Params: {"_t":"1777384925316","userGuideId":"1"}
2026-04-28 22:02:05.776 [http-nio-8080-exec-10] INFO  c.z.e.s.s.S.ServiceLogAspect - 【Service执行】类: AdminUserGuideServiceImpl, 方法: getUserGuideInfo, 参数: [1]
2026-04-28 22:02:05.776 [http-nio-8080-exec-10] INFO  c.z.e.s.i.a.AdminUserGuideServiceImpl - 获取使用指南信息
2026-04-28 22:02:05.776 [http-nio-8080-exec-10] DEBUG c.z.e.m.m.a.A.selectById - ==>  Preparing: SELECT userGuide_id,userGuide_title,userGuide_content,deleted,userGuide_createdTime,userGuide_updatedTime FROM general_userGuide WHERE userGuide_id=? AND deleted=0
2026-04-28 22:02:05.776 [http-nio-8080-exec-10] DEBUG c.z.e.m.m.a.A.selectById - ==> Parameters: 1(Integer)
2026-04-28 22:02:05.839 [http-nio-8080-exec-10] DEBUG c.z.e.m.m.a.A.selectById - <==      Total: 1
2026-04-28 22:02:05.839 [http-nio-8080-exec-10] INFO  c.z.e.s.i.a.AdminUserGuideServiceImpl - 获取使用指南信息成功
2026-04-28 22:02:05.839 [http-nio-8080-exec-10] INFO  c.z.e.s.s.S.ServiceLogAspect - 【Service完成】类: AdminUserGuideServiceImpl, 方法: getUserGuideInfo, 返回值: {"userGuideId":1,"userGuideTitle":"<p>测试12</p>","userGuideContent":"<p>测试1</p>","userGuideCreatedTime":1769600231000,"userGuideUpdatedTime":1769600653000}, 耗时: 63ms
2026-04-28 22:02:06.005 [http-nio-8080-exec-10] INFO  c.z.e.interceptor.UsallyInterceptor - 【请求结束】Method: GET, URI: /api/admin/userGuide/getInfo, Controller: AdminUserGuideController.getUserGuideInfo, Status: 200, Duration: 337ms
2026-04-28 22:02:08.312 [http-nio-8080-exec-1] DEBUG c.z.e.m.m.a.AdminMapper.selectById - ==>  Preparing: SELECT admin_id,admin_account,admin_username,admin_email,admin_phone,admin_password,admin_image,admin_introduce,admin_state,admin_loginTime,deleted FROM admin_admin WHERE admin_id=? AND deleted=0
2026-04-28 22:02:08.315 [http-nio-8080-exec-1] DEBUG c.z.e.m.m.a.AdminMapper.selectById - ==> Parameters: 1(Integer)
2026-04-28 22:02:08.391 [http-nio-8080-exec-1] DEBUG c.z.e.m.m.a.AdminMapper.selectById - <==      Total: 1
2026-04-28 22:02:08.392 [http-nio-8080-exec-1] DEBUG c.z.e.m.m.a.A.findAdminInfoById - ==>  Preparing: select * from admin_admin left join admin_admin_role on admin_admin.admin_id = admin_admin_role.adminId left join admin_role on admin_admin_role.roleId = admin_role.role_id and admin_role.deleted = 0 left join admin_role_permission on admin_role.role_id = admin_role_permission.roleId left join admin_permission on admin_role_permission.permissionId = admin_permission.permission_id and admin_permission.deleted = 0 where admin_admin.admin_id = ? and admin_admin.deleted = 0
2026-04-28 22:02:08.392 [http-nio-8080-exec-1] DEBUG c.z.e.m.m.a.A.findAdminInfoById - ==> Parameters: 1(Integer)
2026-04-28 22:02:08.478 [http-nio-8080-exec-1] DEBUG c.z.e.m.m.a.A.findAdminInfoById - <==      Total: 1
2026-04-28 22:02:08.481 [http-nio-8080-exec-1] INFO  c.z.e.interceptor.UsallyInterceptor - 【请求开始】Method: POST, URI: /api/admin/questionFirstCategory/findQuestionFirstCategoryByPage, Controller: AdminQuestionFirstCategoryController.findQuestionFirstCategoryByPage, IP: 0:0:0:0:0:0:0:1, Params: {"pageSize":"10","pageNum":"1"}
2026-04-28 22:02:08.589 [http-nio-8080-exec-1] INFO  c.z.e.s.s.S.ServiceLogAspect - 【Service执行】类: AdminQuestionFirstCategoryServiceImpl, 方法: findQuestionFirstCategoryByPage, 参数: [1,10,{"questionFirstCategoryName":"","questionFirstCategoryIntroduce":""}]
2026-04-28 22:02:08.599 [http-nio-8080-exec-1] DEBUG c.z.e.m.m.a.A.selectList_mpCount - ==>  Preparing: SELECT COUNT(*) AS total FROM general_questionFirstCategory WHERE deleted = 0 AND (deleted = ?)
2026-04-28 22:02:08.601 [http-nio-8080-exec-1] DEBUG c.z.e.m.m.a.A.selectList_mpCount - ==> Parameters: 0(Integer)
2026-04-28 22:02:08.994 [http-nio-8080-exec-1] DEBUG c.z.e.m.m.a.A.selectList_mpCount - <==      Total: 1
2026-04-28 22:02:08.997 [http-nio-8080-exec-1] DEBUG c.z.e.m.m.a.A.selectList - ==>  Preparing: SELECT questionFirstCategory_id,questionFirstCategory_name,questionFirstCategory_introduce,questionFirstCategory_createTime,deleted FROM general_questionFirstCategory WHERE deleted=0 AND (deleted = ?) ORDER BY questionFirstCategory_createTime DESC LIMIT ?
2026-04-28 22:02:08.998 [http-nio-8080-exec-1] DEBUG c.z.e.m.m.a.A.selectList - ==> Parameters: 0(Integer), 10(Long)
2026-04-28 22:02:09.081 [http-nio-8080-exec-1] DEBUG c.z.e.m.m.a.A.selectList - <==      Total: 1
2026-04-28 22:02:09.085 [http-nio-8080-exec-1] INFO  c.z.e.s.s.S.ServiceLogAspect - 【Service完成】类: AdminQuestionFirstCategoryServiceImpl, 方法: findQuestionFirstCategoryByPage, 返回值: {"records":[{"questionFirstCategoryId":1,"questionFirstCategoryName":"互联网","questionFirstCategoryIntroduce":"互联网相关的题库","questionFirstCategoryCreateTime":1776918444000}],"total":1,"size":10,"current":1}, 耗时: 495ms
2026-04-28 22:02:09.210 [http-nio-8080-exec-1] INFO  c.z.e.interceptor.UsallyInterceptor - 【请求结束】Method: POST, URI: /api/admin/questionFirstCategory/findQuestionFirstCategoryByPage, Controller: AdminQuestionFirstCategoryController.findQuestionFirstCategoryByPage, Status: 200, Duration: 729ms
2026-04-28 22:02:09.880 [http-nio-8080-exec-2] DEBUG c.z.e.m.m.a.AdminMapper.selectById - ==>  Preparing: SELECT admin_id,admin_account,admin_username,admin_email,admin_phone,admin_password,admin_image,admin_introduce,admin_state,admin_loginTime,deleted FROM admin_admin WHERE admin_id=? AND deleted=0
2026-04-28 22:02:09.881 [http-nio-8080-exec-2] DEBUG c.z.e.m.m.a.AdminMapper.selectById - ==> Parameters: 1(Integer)
2026-04-28 22:02:09.928 [http-nio-8080-exec-2] DEBUG c.z.e.m.m.a.AdminMapper.selectById - <==      Total: 1
2026-04-28 22:02:09.931 [http-nio-8080-exec-2] DEBUG c.z.e.m.m.a.A.findAdminInfoById - ==>  Preparing: select * from admin_admin left join admin_admin_role on admin_admin.admin_id = admin_admin_role.adminId left join admin_role on admin_admin_role.roleId = admin_role.role_id and admin_role.deleted = 0 left join admin_role_permission on admin_role.role_id = admin_role_permission.roleId left join admin_permission on admin_role_permission.permissionId = admin_permission.permission_id and admin_permission.deleted = 0 where admin_admin.admin_id = ? and admin_admin.deleted = 0
2026-04-28 22:02:09.931 [http-nio-8080-exec-2] DEBUG c.z.e.m.m.a.A.findAdminInfoById - ==> Parameters: 1(Integer)
2026-04-28 22:02:10.054 [http-nio-8080-exec-2] DEBUG c.z.e.m.m.a.A.findAdminInfoById - <==      Total: 1
2026-04-28 22:02:10.059 [http-nio-8080-exec-2] INFO  c.z.e.interceptor.UsallyInterceptor - 【请求开始】Method: GET, URI: /api/admin/questionFirstCategory/findQuestionFirstCategoryById, Controller: AdminQuestionFirstCategoryController.findQuestionFirstCategoryById, IP: 0:0:0:0:0:0:0:1, Params: {"_t":"1777384929720","questionFirstCategoryId":"1"}
2026-04-28 22:02:10.156 [http-nio-8080-exec-2] INFO  c.z.e.s.s.S.ServiceLogAspect - 【Service执行】类: AdminQuestionFirstCategoryServiceImpl, 方法: findQuestionFirstCategoryById, 参数: [1]
2026-04-28 22:02:10.160 [http-nio-8080-exec-2] DEBUG c.z.e.m.m.a.A.selectList - ==>  Preparing: SELECT questionFirstCategory_id,questionFirstCategory_name,questionFirstCategory_introduce,questionFirstCategory_createTime,deleted FROM general_questionFirstCategory WHERE deleted=0 AND (questionFirstCategory_id = ? AND deleted = ?)
2026-04-28 22:02:10.160 [http-nio-8080-exec-2] DEBUG c.z.e.m.m.a.A.selectList - ==> Parameters: 1(Integer), 0(Integer)
2026-04-28 22:02:10.271 [http-nio-8080-exec-2] DEBUG c.z.e.m.m.a.A.selectList - <==      Total: 1
2026-04-28 22:02:10.275 [http-nio-8080-exec-2] INFO  c.z.e.s.s.S.ServiceLogAspect - 【Service完成】类: AdminQuestionFirstCategoryServiceImpl, 方法: findQuestionFirstCategoryById, 返回值: {"questionFirstCategoryId":1,"questionFirstCategoryName":"互联网","questionFirstCategoryIntroduce":"互联网相关的题库","questionFirstCategoryCreateTime":1776918444000}, 耗时: 117ms
2026-04-28 22:02:10.507 [http-nio-8080-exec-2] INFO  c.z.e.interceptor.UsallyInterceptor - 【请求结束】Method: GET, URI: /api/admin/questionFirstCategory/findQuestionFirstCategoryById, Controller: AdminQuestionFirstCategoryController.findQuestionFirstCategoryById, Status: 200, Duration: 452ms
2026-04-28 22:02:12.677 [http-nio-8080-exec-6] DEBUG c.z.e.m.m.a.AdminMapper.selectById - ==>  Preparing: SELECT admin_id,admin_account,admin_username,admin_email,admin_phone,admin_password,admin_image,admin_introduce,admin_state,admin_loginTime,deleted FROM admin_admin WHERE admin_id=? AND deleted=0
2026-04-28 22:02:12.678 [http-nio-8080-exec-6] DEBUG c.z.e.m.m.a.AdminMapper.selectById - ==> Parameters: 1(Integer)
2026-04-28 22:02:12.756 [http-nio-8080-exec-6] DEBUG c.z.e.m.m.a.AdminMapper.selectById - <==      Total: 1
2026-04-28 22:02:12.756 [http-nio-8080-exec-6] DEBUG c.z.e.m.m.a.A.findAdminInfoById - ==>  Preparing: select * from admin_admin left join admin_admin_role on admin_admin.admin_id = admin_admin_role.adminId left join admin_role on admin_admin_role.roleId = admin_role.role_id and admin_role.deleted = 0 left join admin_role_permission on admin_role.role_id = admin_role_permission.roleId left join admin_permission on admin_role_permission.permissionId = admin_permission.permission_id and admin_permission.deleted = 0 where admin_admin.admin_id = ? and admin_admin.deleted = 0
2026-04-28 22:02:12.758 [http-nio-8080-exec-6] DEBUG c.z.e.m.m.a.A.findAdminInfoById - ==> Parameters: 1(Integer)
2026-04-28 22:02:12.871 [http-nio-8080-exec-6] DEBUG c.z.e.m.m.a.A.findAdminInfoById - <==      Total: 1
2026-04-28 22:02:12.875 [http-nio-8080-exec-6] INFO  c.z.e.interceptor.UsallyInterceptor - 【请求开始】Method: GET, URI: /api/admin/questionFirstCategory/findQuestionFirstCategoryById, Controller: AdminQuestionFirstCategoryController.findQuestionFirstCategoryById, IP: 0:0:0:0:0:0:0:1, Params: {"_t":"1777384932546","questionFirstCategoryId":"1"}
2026-04-28 22:02:12.979 [http-nio-8080-exec-6] INFO  c.z.e.s.s.S.ServiceLogAspect - 【Service执行】类: AdminQuestionFirstCategoryServiceImpl, 方法: findQuestionFirstCategoryById, 参数: [1]
2026-04-28 22:02:12.980 [http-nio-8080-exec-6] DEBUG c.z.e.m.m.a.A.selectList - ==>  Preparing: SELECT questionFirstCategory_id,questionFirstCategory_name,questionFirstCategory_introduce,questionFirstCategory_createTime,deleted FROM general_questionFirstCategory WHERE deleted=0 AND (questionFirstCategory_id = ? AND deleted = ?)
2026-04-28 22:02:12.981 [http-nio-8080-exec-6] DEBUG c.z.e.m.m.a.A.selectList - ==> Parameters: 1(Integer), 0(Integer)
2026-04-28 22:02:13.097 [http-nio-8080-exec-6] DEBUG c.z.e.m.m.a.A.selectList - <==      Total: 1
2026-04-28 22:02:13.097 [http-nio-8080-exec-6] INFO  c.z.e.s.s.S.ServiceLogAspect - 【Service完成】类: AdminQuestionFirstCategoryServiceImpl, 方法: findQuestionFirstCategoryById, 返回值: {"questionFirstCategoryId":1,"questionFirstCategoryName":"互联网","questionFirstCategoryIntroduce":"互联网相关的题库","questionFirstCategoryCreateTime":1776918444000}, 耗时: 118ms
2026-04-28 22:02:13.308 [http-nio-8080-exec-6] INFO  c.z.e.interceptor.UsallyInterceptor - 【请求结束】Method: GET, URI: /api/admin/questionFirstCategory/findQuestionFirstCategoryById, Controller: AdminQuestionFirstCategoryController.findQuestionFirstCategoryById, Status: 200, Duration: 435ms
2026-04-28 22:02:14.697 [http-nio-8080-exec-7] DEBUG c.z.e.m.m.a.AdminMapper.selectById - ==>  Preparing: SELECT admin_id,admin_account,admin_username,admin_email,admin_phone,admin_password,admin_image,admin_introduce,admin_state,admin_loginTime,deleted FROM admin_admin WHERE admin_id=? AND deleted=0
2026-04-28 22:02:14.697 [http-nio-8080-exec-7] DEBUG c.z.e.m.m.a.AdminMapper.selectById - ==> Parameters: 1(Integer)
2026-04-28 22:02:14.711 [http-nio-8080-exec-4] DEBUG c.z.e.m.m.a.AdminMapper.selectById - ==>  Preparing: SELECT admin_id,admin_account,admin_username,admin_email,admin_phone,admin_password,admin_image,admin_introduce,admin_state,admin_loginTime,deleted FROM admin_admin WHERE admin_id=? AND deleted=0
2026-04-28 22:02:14.711 [http-nio-8080-exec-4] DEBUG c.z.e.m.m.a.AdminMapper.selectById - ==> Parameters: 1(Integer)
2026-04-28 22:02:14.771 [http-nio-8080-exec-7] DEBUG c.z.e.m.m.a.AdminMapper.selectById - <==      Total: 1
2026-04-28 22:02:14.771 [http-nio-8080-exec-4] DEBUG c.z.e.m.m.a.AdminMapper.selectById - <==      Total: 1
2026-04-28 22:02:14.771 [http-nio-8080-exec-7] DEBUG c.z.e.m.m.a.A.findAdminInfoById - ==>  Preparing: select * from admin_admin left join admin_admin_role on admin_admin.admin_id = admin_admin_role.adminId left join admin_role on admin_admin_role.roleId = admin_role.role_id and admin_role.deleted = 0 left join admin_role_permission on admin_role.role_id = admin_role_permission.roleId left join admin_permission on admin_role_permission.permissionId = admin_permission.permission_id and admin_permission.deleted = 0 where admin_admin.admin_id = ? and admin_admin.deleted = 0
2026-04-28 22:02:14.771 [http-nio-8080-exec-4] DEBUG c.z.e.m.m.a.A.findAdminInfoById - ==>  Preparing: select * from admin_admin left join admin_admin_role on admin_admin.admin_id = admin_admin_role.adminId left join admin_role on admin_admin_role.roleId = admin_role.role_id and admin_role.deleted = 0 left join admin_role_permission on admin_role.role_id = admin_role_permission.roleId left join admin_permission on admin_role_permission.permissionId = admin_permission.permission_id and admin_permission.deleted = 0 where admin_admin.admin_id = ? and admin_admin.deleted = 0
2026-04-28 22:02:14.772 [http-nio-8080-exec-7] DEBUG c.z.e.m.m.a.A.findAdminInfoById - ==> Parameters: 1(Integer)
2026-04-28 22:02:14.772 [http-nio-8080-exec-4] DEBUG c.z.e.m.m.a.A.findAdminInfoById - ==> Parameters: 1(Integer)
2026-04-28 22:02:14.822 [http-nio-8080-exec-4] DEBUG c.z.e.m.m.a.A.findAdminInfoById - <==      Total: 1
2026-04-28 22:02:14.822 [http-nio-8080-exec-7] DEBUG c.z.e.m.m.a.A.findAdminInfoById - <==      Total: 1
2026-04-28 22:02:14.823 [http-nio-8080-exec-4] INFO  c.z.e.interceptor.UsallyInterceptor - 【请求开始】Method: GET, URI: /api/admin/questionFirstCategory/findAllQuestionFirstCategory, Controller: AdminQuestionFirstCategoryController.findAllQuestionFirstCategory, IP: 0:0:0:0:0:0:0:1, Params: {"_t":"1777384934446"}
2026-04-28 22:02:14.823 [http-nio-8080-exec-7] INFO  c.z.e.interceptor.UsallyInterceptor - 【请求开始】Method: POST, URI: /api/admin/questionBank/findQuestionBankByPage, Controller: AdminQuestionBankController.findQuestionBankByPage, IP: 0:0:0:0:0:0:0:1, Params: {"pageSize":"10","pageNum":"1"}
2026-04-28 22:02:14.858 [http-nio-8080-exec-4] INFO  c.z.e.s.s.S.ServiceLogAspect - 【Service执行】类: AdminQuestionFirstCategoryServiceImpl, 方法: findAllQuestionFirstCategory, 参数: 无参数
2026-04-28 22:02:14.861 [http-nio-8080-exec-4] DEBUG c.z.e.m.m.a.A.selectList - ==>  Preparing: SELECT questionFirstCategory_id,questionFirstCategory_name,questionFirstCategory_introduce,questionFirstCategory_createTime,deleted FROM general_questionFirstCategory WHERE deleted=0 AND (deleted = ?) ORDER BY questionFirstCategory_createTime DESC
2026-04-28 22:02:14.861 [http-nio-8080-exec-4] DEBUG c.z.e.m.m.a.A.selectList - ==> Parameters: 0(Integer)
2026-04-28 22:02:14.862 [http-nio-8080-exec-7] INFO  c.z.e.s.s.S.ServiceLogAspect - 【Service执行】类: AdminQuestionBankServiceImpl, 方法: findQuestionBankByPage, 参数: [1,10,{}]
2026-04-28 22:02:14.877 [http-nio-8080-exec-7] DEBUG c.z.e.m.m.a.A.selectList_mpCount - ==>  Preparing: SELECT COUNT(*) AS total FROM general_questionBank WHERE deleted = 0 AND (deleted = ?)
2026-04-28 22:02:14.877 [http-nio-8080-exec-7] DEBUG c.z.e.m.m.a.A.selectList_mpCount - ==> Parameters: 0(Integer)
2026-04-28 22:02:14.897 [http-nio-8080-exec-4] DEBUG c.z.e.m.m.a.A.selectList - <==      Total: 1
2026-04-28 22:02:14.899 [http-nio-8080-exec-4] INFO  c.z.e.s.s.S.ServiceLogAspect - 【Service完成】类: AdminQuestionFirstCategoryServiceImpl, 方法: findAllQuestionFirstCategory, 返回值: [{"questionFirstCategoryId":1,"questionFirstCategoryName":"互联网","questionFirstCategoryIntroduce":"互联网相关的题库","questionFirstCategoryCreateTime":1776918444000}], 耗时: 40ms
2026-04-28 22:02:14.914 [http-nio-8080-exec-7] DEBUG c.z.e.m.m.a.A.selectList_mpCount - <==      Total: 1
2026-04-28 22:02:14.915 [http-nio-8080-exec-7] DEBUG c.z.e.m.m.a.A.selectList - ==>  Preparing: SELECT questionBank_id,questionBank_description,questionBank_optionA,questionBank_optionB,questionBank_optionC,questionBank_optionD,questionBank_correctAnswer,questionBank_image,questionBank_code,questionBank_type,questionFirstCategory_id,questionFirstCategory_name,questionSecondCategory_id,questionSecondCategory_name,questionBank_referenceAnswer,questionBank_analysis,questionBank_difficulty,questionBank_state,questionBank_createTime,questionBank_updateTime,deleted FROM general_questionBank WHERE deleted=0 AND (deleted = ?) ORDER BY questionBank_createTime DESC LIMIT ?
2026-04-28 22:02:14.915 [http-nio-8080-exec-7] DEBUG c.z.e.m.m.a.A.selectList - ==> Parameters: 0(Integer), 10(Long)
2026-04-28 22:02:14.952 [http-nio-8080-exec-7] DEBUG c.z.e.m.m.a.A.selectList - <==      Total: 1
2026-04-28 22:02:14.956 [http-nio-8080-exec-7] INFO  c.z.e.s.s.S.ServiceLogAspect - 【Service完成】类: AdminQuestionBankServiceImpl, 方法: findQuestionBankByPage, 返回值: {"records":[{"questionBankId":1,"questionBankDescription":"在以下选项中,属于Java基本数据类型的是?1","questionBankType":1,"questionFirstCategoryName":"互联网","questionSecondCategoryName":"后端开发-Java","questionBankDifficulty":1,"questionBankState":1,"questionBankCreateTime":1776935585000,"questionBankUpdateTime":1777004032000}],"total":1,"size":10,"current":1}, 耗时: 93ms
2026-04-28 22:02:14.967 [http-nio-8080-exec-4] INFO  c.z.e.interceptor.UsallyInterceptor - 【请求结束】Method: GET, URI: /api/admin/questionFirstCategory/findAllQuestionFirstCategory, Controller: AdminQuestionFirstCategoryController.findAllQuestionFirstCategory, Status: 200, Duration: 144ms
2026-04-28 22:02:15.025 [http-nio-8080-exec-7] INFO  c.z.e.interceptor.UsallyInterceptor - 【请求结束】Method: POST, URI: /api/admin/questionBank/findQuestionBankByPage, Controller: AdminQuestionBankController.findQuestionBankByPage, Status: 200, Duration: 202ms
2026-04-28 22:02:16.386 [http-nio-8080-exec-3] DEBUG c.z.e.m.m.a.AdminMapper.selectById - ==>  Preparing: SELECT admin_id,admin_account,admin_username,admin_email,admin_phone,admin_password,admin_image,admin_introduce,admin_state,admin_loginTime,deleted FROM admin_admin WHERE admin_id=? AND deleted=0
2026-04-28 22:02:16.387 [http-nio-8080-exec-3] DEBUG c.z.e.m.m.a.AdminMapper.selectById - ==> Parameters: 1(Integer)
2026-04-28 22:02:16.424 [http-nio-8080-exec-3] DEBUG c.z.e.m.m.a.AdminMapper.selectById - <==      Total: 1
2026-04-28 22:02:16.425 [http-nio-8080-exec-3] DEBUG c.z.e.m.m.a.A.findAdminInfoById - ==>  Preparing: select * from admin_admin left join admin_admin_role on admin_admin.admin_id = admin_admin_role.adminId left join admin_role on admin_admin_role.roleId = admin_role.role_id and admin_role.deleted = 0 left join admin_role_permission on admin_role.role_id = admin_role_permission.roleId left join admin_permission on admin_role_permission.permissionId = admin_permission.permission_id and admin_permission.deleted = 0 where admin_admin.admin_id = ? and admin_admin.deleted = 0
2026-04-28 22:02:16.425 [http-nio-8080-exec-3] DEBUG c.z.e.m.m.a.A.findAdminInfoById - ==> Parameters: 1(Integer)
2026-04-28 22:02:16.465 [http-nio-8080-exec-3] DEBUG c.z.e.m.m.a.A.findAdminInfoById - <==      Total: 1
2026-04-28 22:02:16.466 [http-nio-8080-exec-3] INFO  c.z.e.interceptor.UsallyInterceptor - 【请求开始】Method: GET, URI: /api/admin/questionBank/findQuestionBankById, Controller: AdminQuestionBankController.findQuestionBankById, IP: 0:0:0:0:0:0:0:1, Params: {"questionBankId":"1","_t":"1777384935980"}
2026-04-28 22:02:16.505 [http-nio-8080-exec-3] INFO  c.z.e.s.s.S.ServiceLogAspect - 【Service执行】类: AdminQuestionBankServiceImpl, 方法: findQuestionBankById, 参数: [1]
2026-04-28 22:02:16.508 [http-nio-8080-exec-3] DEBUG c.z.e.m.m.a.A.selectList - ==>  Preparing: SELECT questionBank_id,questionBank_description,questionBank_optionA,questionBank_optionB,questionBank_optionC,questionBank_optionD,questionBank_correctAnswer,questionBank_image,questionBank_code,questionBank_type,questionFirstCategory_id,questionFirstCategory_name,questionSecondCategory_id,questionSecondCategory_name,questionBank_referenceAnswer,questionBank_analysis,questionBank_difficulty,questionBank_state,questionBank_createTime,questionBank_updateTime,deleted FROM general_questionBank WHERE deleted=0 AND (questionBank_id = ? AND deleted = ?)
2026-04-28 22:02:16.508 [http-nio-8080-exec-3] DEBUG c.z.e.m.m.a.A.selectList - ==> Parameters: 1(Integer), 0(Integer)
2026-04-28 22:02:16.547 [http-nio-8080-exec-3] DEBUG c.z.e.m.m.a.A.selectList - <==      Total: 1
2026-04-28 22:02:16.554 [http-nio-8080-exec-3] INFO  c.z.e.s.s.S.ServiceLogAspect - 【Service完成】类: AdminQuestionBankServiceImpl, 方法: findQuestionBankById, 返回值: {"questionBankId":1,"questionBankDescription":"在以下选项中,属于Java基本数据类型的是?1","questionBankOptionA":"String","questionBankOptionB":"Character","questionBankOptionC":"char","questionBankOptionD":"Double","questionBankCorrectAnswer":"C","questionBankImage":"","questionBankCode":"","questionBankType":1,"questionFirstCategoryId":1,"questionFirstCategoryName":"互联网","questionSecondCategoryId":1,"questionSecondCategoryName":"后端开发-Java","questionBankReferenceAnswer":"","questionBankAnalysis":"A、B、D都是引用数据类型","questionBankDifficulty":1,"questionBankState":1,"questionBankCreateTime":1776935585000,"questionBankUpdateTime":1777004032000}, 耗时: 46ms
2026-04-28 22:02:16.629 [http-nio-8080-exec-3] INFO  c.z.e.interceptor.UsallyInterceptor - 【请求结束】Method: GET, URI: /api/admin/questionBank/findQuestionBankById, Controller: AdminQuestionBankController.findQuestionBankById, Status: 200, Duration: 163ms
2026-04-28 22:02:18.013 [http-nio-8080-exec-8] DEBUG c.z.e.m.m.a.AdminMapper.selectById - ==>  Preparing: SELECT admin_id,admin_account,admin_username,admin_email,admin_phone,admin_password,admin_image,admin_introduce,admin_state,admin_loginTime,deleted FROM admin_admin WHERE admin_id=? AND deleted=0
2026-04-28 22:02:18.013 [http-nio-8080-exec-8] DEBUG c.z.e.m.m.a.AdminMapper.selectById - ==> Parameters: 1(Integer)
2026-04-28 22:02:18.157 [http-nio-8080-exec-8] DEBUG c.z.e.m.m.a.AdminMapper.selectById - <==      Total: 1
2026-04-28 22:02:18.158 [http-nio-8080-exec-8] DEBUG c.z.e.m.m.a.A.findAdminInfoById - ==>  Preparing: select * from admin_admin left join admin_admin_role on admin_admin.admin_id = admin_admin_role.adminId left join admin_role on admin_admin_role.roleId = admin_role.role_id and admin_role.deleted = 0 left join admin_role_permission on admin_role.role_id = admin_role_permission.roleId left join admin_permission on admin_role_permission.permissionId = admin_permission.permission_id and admin_permission.deleted = 0 where admin_admin.admin_id = ? and admin_admin.deleted = 0
2026-04-28 22:02:18.158 [http-nio-8080-exec-8] DEBUG c.z.e.m.m.a.A.findAdminInfoById - ==> Parameters: 1(Integer)
2026-04-28 22:02:18.245 [http-nio-8080-exec-8] DEBUG c.z.e.m.m.a.A.findAdminInfoById - <==      Total: 1
2026-04-28 22:02:18.247 [http-nio-8080-exec-8] INFO  c.z.e.interceptor.UsallyInterceptor - 【请求开始】Method: GET, URI: /api/admin/questionBank/findQuestionBankById, Controller: AdminQuestionBankController.findQuestionBankById, IP: 0:0:0:0:0:0:0:1, Params: {"questionBankId":"1","_t":"1777384937906"}
2026-04-28 22:02:18.381 [http-nio-8080-exec-8] INFO  c.z.e.s.s.S.ServiceLogAspect - 【Service执行】类: AdminQuestionBankServiceImpl, 方法: findQuestionBankById, 参数: [1]
2026-04-28 22:02:18.382 [http-nio-8080-exec-8] DEBUG c.z.e.m.m.a.A.selectList - ==>  Preparing: SELECT questionBank_id,questionBank_description,questionBank_optionA,questionBank_optionB,questionBank_optionC,questionBank_optionD,questionBank_correctAnswer,questionBank_image,questionBank_code,questionBank_type,questionFirstCategory_id,questionFirstCategory_name,questionSecondCategory_id,questionSecondCategory_name,questionBank_referenceAnswer,questionBank_analysis,questionBank_difficulty,questionBank_state,questionBank_createTime,questionBank_updateTime,deleted FROM general_questionBank WHERE deleted=0 AND (questionBank_id = ? AND deleted = ?)
2026-04-28 22:02:18.384 [http-nio-8080-exec-8] DEBUG c.z.e.m.m.a.A.selectList - ==> Parameters: 1(Integer), 0(Integer)
2026-04-28 22:02:18.447 [http-nio-8080-exec-8] DEBUG c.z.e.m.m.a.A.selectList - <==      Total: 1
2026-04-28 22:02:18.450 [http-nio-8080-exec-8] INFO  c.z.e.s.s.S.ServiceLogAspect - 【Service完成】类: AdminQuestionBankServiceImpl, 方法: findQuestionBankById, 返回值: {"questionBankId":1,"questionBankDescription":"在以下选项中,属于Java基本数据类型的是?1","questionBankOptionA":"String","questionBankOptionB":"Character","questionBankOptionC":"char","questionBankOptionD":"Double","questionBankCorrectAnswer":"C","questionBankImage":"","questionBankCode":"","questionBankType":1,"questionFirstCategoryId":1,"questionFirstCategoryName":"互联网","questionSecondCategoryId":1,"questionSecondCategoryName":"后端开发-Java","questionBankReferenceAnswer":"","questionBankAnalysis":"A、B、D都是引用数据类型","questionBankDifficulty":1,"questionBankState":1,"questionBankCreateTime":1776935585000,"questionBankUpdateTime":1777004032000}, 耗时: 67ms
2026-04-28 22:02:18.723 [http-nio-8080-exec-8] INFO  c.z.e.interceptor.UsallyInterceptor - 【请求结束】Method: GET, URI: /api/admin/questionBank/findQuestionBankById, Controller: AdminQuestionBankController.findQuestionBankById, Status: 200, Duration: 477ms
2026-04-28 22:02:19.163 [http-nio-8080-exec-9] DEBUG c.z.e.m.m.a.AdminMapper.selectById - ==>  Preparing: SELECT admin_id,admin_account,admin_username,admin_email,admin_phone,admin_password,admin_image,admin_introduce,admin_state,admin_loginTime,deleted FROM admin_admin WHERE admin_id=? AND deleted=0
2026-04-28 22:02:19.163 [http-nio-8080-exec-9] DEBUG c.z.e.m.m.a.AdminMapper.selectById - ==> Parameters: 1(Integer)
2026-04-28 22:02:19.198 [http-nio-8080-exec-9] DEBUG c.z.e.m.m.a.AdminMapper.selectById - <==      Total: 1
2026-04-28 22:02:19.198 [http-nio-8080-exec-9] DEBUG c.z.e.m.m.a.A.findAdminInfoById - ==>  Preparing: select * from admin_admin left join admin_admin_role on admin_admin.admin_id = admin_admin_role.adminId left join admin_role on admin_admin_role.roleId = admin_role.role_id and admin_role.deleted = 0 left join admin_role_permission on admin_role.role_id = admin_role_permission.roleId left join admin_permission on admin_role_permission.permissionId = admin_permission.permission_id and admin_permission.deleted = 0 where admin_admin.admin_id = ? and admin_admin.deleted = 0
2026-04-28 22:02:19.199 [http-nio-8080-exec-9] DEBUG c.z.e.m.m.a.A.findAdminInfoById - ==> Parameters: 1(Integer)
2026-04-28 22:02:19.285 [http-nio-8080-exec-9] DEBUG c.z.e.m.m.a.A.findAdminInfoById - <==      Total: 1
2026-04-28 22:02:19.286 [http-nio-8080-exec-9] INFO  c.z.e.interceptor.UsallyInterceptor - 【请求开始】Method: GET, URI: /api/admin/questionSecondCategory/findQuestionSecondCategoryByFirstCategoryId, Controller: AdminQuestionSecondCategoryController.findQuestionSecondCategoryByFirstCategoryId, IP: 0:0:0:0:0:0:0:1, Params: {"_t":"1777384938725","questionFirstCategoryId":"1"}
2026-04-28 22:02:19.395 [http-nio-8080-exec-9] INFO  c.z.e.s.s.S.ServiceLogAspect - 【Service执行】类: AdminQuestionSecondCategoryServiceImpl, 方法: findQuestionSecondCategoryByFirstCategoryId, 参数: [1]
2026-04-28 22:02:19.400 [http-nio-8080-exec-9] DEBUG c.z.e.m.m.a.A.selectList - ==>  Preparing: SELECT questionSecondCategory_id,questionFirstCategory_id,questionSecondCategory_name,questionSecondCategory_introduce,questionSecondCategory_createTime,deleted FROM general_questionSecondCategory WHERE deleted=0 AND (questionFirstCategory_id = ? AND deleted = ?) ORDER BY questionSecondCategory_createTime DESC
2026-04-28 22:02:19.401 [http-nio-8080-exec-9] DEBUG c.z.e.m.m.a.A.selectList - ==> Parameters: 1(Integer), 0(Integer)
2026-04-28 22:02:19.443 [http-nio-8080-exec-9] DEBUG c.z.e.m.m.a.A.selectList - <==      Total: 1
2026-04-28 22:02:19.446 [http-nio-8080-exec-9] INFO  c.z.e.s.s.S.ServiceLogAspect - 【Service完成】类: AdminQuestionSecondCategoryServiceImpl, 方法: findQuestionSecondCategoryByFirstCategoryId, 返回值: [{"questionSecondCategoryId":1,"questionFirstCategoryId":1,"questionSecondCategoryName":"后端开发-Java","questionSecondCategoryIntroduce":"Java后端开发题库","questionSecondCategoryCreateTime":1776927485000}], 耗时: 50ms
2026-04-28 22:02:19.623 [http-nio-8080-exec-9] INFO  c.z.e.interceptor.UsallyInterceptor - 【请求结束】Method: GET, URI: /api/admin/questionSecondCategory/findQuestionSecondCategoryByFirstCategoryId, Controller: AdminQuestionSecondCategoryController.findQuestionSecondCategoryByFirstCategoryId, Status: 200, Duration: 337ms
2026-04-28 22:02:21.147 [http-nio-8080-exec-5] DEBUG c.z.e.m.m.a.AdminMapper.selectById - ==>  Preparing: SELECT admin_id,admin_account,admin_username,admin_email,admin_phone,admin_password,admin_image,admin_introduce,admin_state,admin_loginTime,deleted FROM admin_admin WHERE admin_id=? AND deleted=0
2026-04-28 22:02:21.149 [http-nio-8080-exec-5] DEBUG c.z.e.m.m.a.AdminMapper.selectById - ==> Parameters: 1(Integer)
2026-04-28 22:02:21.199 [http-nio-8080-exec-5] DEBUG c.z.e.m.m.a.AdminMapper.selectById - <==      Total: 1
2026-04-28 22:02:21.199 [http-nio-8080-exec-5] DEBUG c.z.e.m.m.a.A.findAdminInfoById - ==>  Preparing: select * from admin_admin left join admin_admin_role on admin_admin.admin_id = admin_admin_role.adminId left join admin_role on admin_admin_role.roleId = admin_role.role_id and admin_role.deleted = 0 left join admin_role_permission on admin_role.role_id = admin_role_permission.roleId left join admin_permission on admin_role_permission.permissionId = admin_permission.permission_id and admin_permission.deleted = 0 where admin_admin.admin_id = ? and admin_admin.deleted = 0
2026-04-28 22:02:21.200 [http-nio-8080-exec-5] DEBUG c.z.e.m.m.a.A.findAdminInfoById - ==> Parameters: 1(Integer)
2026-04-28 22:02:21.312 [http-nio-8080-exec-5] DEBUG c.z.e.m.m.a.A.findAdminInfoById - <==      Total: 1
2026-04-28 22:02:21.314 [http-nio-8080-exec-5] INFO  c.z.e.interceptor.UsallyInterceptor - 【请求开始】Method: POST, URI: /api/admin/questionSecondCategory/findQuestionSecondCategoryByPage, Controller: AdminQuestionSecondCategoryController.findQuestionSecondCategoryByPage, IP: 0:0:0:0:0:0:0:1, Params: {"pageSize":"10","pageNum":"1"}
2026-04-28 22:02:21.354 [http-nio-8080-exec-5] INFO  c.z.e.s.s.S.ServiceLogAspect - 【Service执行】类: AdminQuestionSecondCategoryServiceImpl, 方法: findQuestionSecondCategoryByPage, 参数: [1,10,{"questionSecondCategoryName":"","questionSecondCategoryIntroduce":""}]
2026-04-28 22:02:21.366 [http-nio-8080-exec-5] DEBUG c.z.e.m.m.a.A.selectList_mpCount - ==>  Preparing: SELECT COUNT(*) AS total FROM general_questionSecondCategory WHERE deleted = 0 AND (deleted = ?)
2026-04-28 22:02:21.366 [http-nio-8080-exec-5] DEBUG c.z.e.m.m.a.A.selectList_mpCount - ==> Parameters: 0(Integer)
2026-04-28 22:02:21.506 [http-nio-8080-exec-10] DEBUG c.z.e.m.m.a.AdminMapper.selectById - ==>  Preparing: SELECT admin_id,admin_account,admin_username,admin_email,admin_phone,admin_password,admin_image,admin_introduce,admin_state,admin_loginTime,deleted FROM admin_admin WHERE admin_id=? AND deleted=0
2026-04-28 22:02:21.506 [http-nio-8080-exec-5] DEBUG c.z.e.m.m.a.A.selectList_mpCount - <==      Total: 1
2026-04-28 22:02:21.506 [http-nio-8080-exec-10] DEBUG c.z.e.m.m.a.AdminMapper.selectById - ==> Parameters: 1(Integer)
2026-04-28 22:02:21.506 [http-nio-8080-exec-5] DEBUG c.z.e.m.m.a.A.selectList - ==>  Preparing: SELECT questionSecondCategory_id,questionFirstCategory_id,questionSecondCategory_name,questionSecondCategory_introduce,questionSecondCategory_createTime,deleted FROM general_questionSecondCategory WHERE deleted=0 AND (deleted = ?) ORDER BY questionSecondCategory_createTime DESC LIMIT ?
2026-04-28 22:02:21.506 [http-nio-8080-exec-5] DEBUG c.z.e.m.m.a.A.selectList - ==> Parameters: 0(Integer), 10(Long)
2026-04-28 22:02:21.543 [http-nio-8080-exec-5] DEBUG c.z.e.m.m.a.A.selectList - <==      Total: 1
2026-04-28 22:02:21.546 [http-nio-8080-exec-5] INFO  c.z.e.s.s.S.ServiceLogAspect - 【Service完成】类: AdminQuestionSecondCategoryServiceImpl, 方法: findQuestionSecondCategoryByPage, 返回值: {"records":[{"questionSecondCategoryId":1,"questionFirstCategoryId":1,"questionSecondCategoryName":"后端开发-Java","questionSecondCategoryIntroduce":"Java后端开发题库","questionSecondCategoryCreateTime":1776927485000}],"total":1,"size":10,"current":1}, 耗时: 190ms
2026-04-28 22:02:21.602 [http-nio-8080-exec-10] DEBUG c.z.e.m.m.a.AdminMapper.selectById - <==      Total: 1
2026-04-28 22:02:21.602 [http-nio-8080-exec-10] DEBUG c.z.e.m.m.a.A.findAdminInfoById - ==>  Preparing: select * from admin_admin left join admin_admin_role on admin_admin.admin_id = admin_admin_role.adminId left join admin_role on admin_admin_role.roleId = admin_role.role_id and admin_role.deleted = 0 left join admin_role_permission on admin_role.role_id = admin_role_permission.roleId left join admin_permission on admin_role_permission.permissionId = admin_permission.permission_id and admin_permission.deleted = 0 where admin_admin.admin_id = ? and admin_admin.deleted = 0
2026-04-28 22:02:21.604 [http-nio-8080-exec-10] DEBUG c.z.e.m.m.a.A.findAdminInfoById - ==> Parameters: 1(Integer)
2026-04-28 22:02:21.697 [http-nio-8080-exec-10] DEBUG c.z.e.m.m.a.A.findAdminInfoById - <==      Total: 1
2026-04-28 22:02:21.698 [http-nio-8080-exec-5] INFO  c.z.e.interceptor.UsallyInterceptor - 【请求结束】Method: POST, URI: /api/admin/questionSecondCategory/findQuestionSecondCategoryByPage, Controller: AdminQuestionSecondCategoryController.findQuestionSecondCategoryByPage, Status: 200, Duration: 385ms
2026-04-28 22:02:21.699 [http-nio-8080-exec-10] INFO  c.z.e.interceptor.UsallyInterceptor - 【请求开始】Method: GET, URI: /api/admin/questionFirstCategory/findAllQuestionFirstCategory, Controller: AdminQuestionFirstCategoryController.findAllQuestionFirstCategory, IP: 0:0:0:0:0:0:0:1, Params: {"_t":"1777384940995"}
2026-04-28 22:02:21.789 [http-nio-8080-exec-10] INFO  c.z.e.s.s.S.ServiceLogAspect - 【Service执行】类: AdminQuestionFirstCategoryServiceImpl, 方法: findAllQuestionFirstCategory, 参数: 无参数
2026-04-28 22:02:21.791 [http-nio-8080-exec-10] DEBUG c.z.e.m.m.a.A.selectList - ==>  Preparing: SELECT questionFirstCategory_id,questionFirstCategory_name,questionFirstCategory_introduce,questionFirstCategory_createTime,deleted FROM general_questionFirstCategory WHERE deleted=0 AND (deleted = ?) ORDER BY questionFirstCategory_createTime DESC
2026-04-28 22:02:21.791 [http-nio-8080-exec-10] DEBUG c.z.e.m.m.a.A.selectList - ==> Parameters: 0(Integer)
2026-04-28 22:02:22.127 [http-nio-8080-exec-10] DEBUG c.z.e.m.m.a.A.selectList - <==      Total: 1
2026-04-28 22:02:22.128 [http-nio-8080-exec-10] INFO  c.z.e.s.s.S.ServiceLogAspect - 【Service完成】类: AdminQuestionFirstCategoryServiceImpl, 方法: findAllQuestionFirstCategory, 返回值: [{"questionFirstCategoryId":1,"questionFirstCategoryName":"互联网","questionFirstCategoryIntroduce":"互联网相关的题库","questionFirstCategoryCreateTime":1776918444000}], 耗时: 338ms
2026-04-28 22:02:22.215 [http-nio-8080-exec-10] INFO  c.z.e.interceptor.UsallyInterceptor - 【请求结束】Method: GET, URI: /api/admin/questionFirstCategory/findAllQuestionFirstCategory, Controller: AdminQuestionFirstCategoryController.findAllQuestionFirstCategory, Status: 200, Duration: 517ms
2026-04-28 22:02:23.070 [http-nio-8080-exec-1] DEBUG c.z.e.m.m.a.AdminMapper.selectById - ==>  Preparing: SELECT admin_id,admin_account,admin_username,admin_email,admin_phone,admin_password,admin_image,admin_introduce,admin_state,admin_loginTime,deleted FROM admin_admin WHERE admin_id=? AND deleted=0
2026-04-28 22:02:23.070 [http-nio-8080-exec-1] DEBUG c.z.e.m.m.a.AdminMapper.selectById - ==> Parameters: 1(Integer)
2026-04-28 22:02:23.109 [http-nio-8080-exec-1] DEBUG c.z.e.m.m.a.AdminMapper.selectById - <==      Total: 1
2026-04-28 22:02:23.109 [http-nio-8080-exec-1] DEBUG c.z.e.m.m.a.A.findAdminInfoById - ==>  Preparing: select * from admin_admin left join admin_admin_role on admin_admin.admin_id = admin_admin_role.adminId left join admin_role on admin_admin_role.roleId = admin_role.role_id and admin_role.deleted = 0 left join admin_role_permission on admin_role.role_id = admin_role_permission.roleId left join admin_permission on admin_role_permission.permissionId = admin_permission.permission_id and admin_permission.deleted = 0 where admin_admin.admin_id = ? and admin_admin.deleted = 0
2026-04-28 22:02:23.109 [http-nio-8080-exec-1] DEBUG c.z.e.m.m.a.A.findAdminInfoById - ==> Parameters: 1(Integer)
2026-04-28 22:02:23.147 [http-nio-8080-exec-1] DEBUG c.z.e.m.m.a.A.findAdminInfoById - <==      Total: 1
2026-04-28 22:02:23.148 [http-nio-8080-exec-1] INFO  c.z.e.interceptor.UsallyInterceptor - 【请求开始】Method: GET, URI: /api/admin/questionSecondCategory/findQuestionSecondCategoryById, Controller: AdminQuestionSecondCategoryController.findQuestionSecondCategoryById, IP: 0:0:0:0:0:0:0:1, Params: {"_t":"1777384942653","questionSecondCategoryId":"1"}
2026-04-28 22:02:23.186 [http-nio-8080-exec-1] INFO  c.z.e.s.s.S.ServiceLogAspect - 【Service执行】类: AdminQuestionSecondCategoryServiceImpl, 方法: findQuestionSecondCategoryById, 参数: [1]
2026-04-28 22:02:23.191 [http-nio-8080-exec-1] DEBUG c.z.e.m.m.a.A.selectList - ==>  Preparing: SELECT questionSecondCategory_id,questionFirstCategory_id,questionSecondCategory_name,questionSecondCategory_introduce,questionSecondCategory_createTime,deleted FROM general_questionSecondCategory WHERE deleted=0 AND (questionSecondCategory_id = ? AND deleted = ?)
2026-04-28 22:02:23.191 [http-nio-8080-exec-1] DEBUG c.z.e.m.m.a.A.selectList - ==> Parameters: 1(Integer), 0(Integer)
2026-04-28 22:02:23.228 [http-nio-8080-exec-1] DEBUG c.z.e.m.m.a.A.selectList - <==      Total: 1
2026-04-28 22:02:23.230 [http-nio-8080-exec-1] INFO  c.z.e.s.s.S.ServiceLogAspect - 【Service完成】类: AdminQuestionSecondCategoryServiceImpl, 方法: findQuestionSecondCategoryById, 返回值: {"questionSecondCategoryId":1,"questionFirstCategoryId":1,"questionSecondCategoryName":"后端开发-Java","questionSecondCategoryIntroduce":"Java后端开发题库","questionSecondCategoryCreateTime":1776927485000}, 耗时: 42ms
2026-04-28 22:02:23.301 [http-nio-8080-exec-1] INFO  c.z.e.interceptor.UsallyInterceptor - 【请求结束】Method: GET, URI: /api/admin/questionSecondCategory/findQuestionSecondCategoryById, Controller: AdminQuestionSecondCategoryController.findQuestionSecondCategoryById, Status: 200, Duration: 153ms
2026-04-28 22:02:25.665 [http-nio-8080-exec-2] DEBUG c.z.e.m.m.a.AdminMapper.selectById - ==>  Preparing: SELECT admin_id,admin_account,admin_username,admin_email,admin_phone,admin_password,admin_image,admin_introduce,admin_state,admin_loginTime,deleted FROM admin_admin WHERE admin_id=? AND deleted=0
2026-04-28 22:02:25.667 [http-nio-8080-exec-2] DEBUG c.z.e.m.m.a.AdminMapper.selectById - ==> Parameters: 1(Integer)
2026-04-28 22:02:25.704 [http-nio-8080-exec-2] DEBUG c.z.e.m.m.a.AdminMapper.selectById - <==      Total: 1
2026-04-28 22:02:25.705 [http-nio-8080-exec-2] DEBUG c.z.e.m.m.a.A.findAdminInfoById - ==>  Preparing: select * from admin_admin left join admin_admin_role on admin_admin.admin_id = admin_admin_role.adminId left join admin_role on admin_admin_role.roleId = admin_role.role_id and admin_role.deleted = 0 left join admin_role_permission on admin_role.role_id = admin_role_permission.roleId left join admin_permission on admin_role_permission.permissionId = admin_permission.permission_id and admin_permission.deleted = 0 where admin_admin.admin_id = ? and admin_admin.deleted = 0
2026-04-28 22:02:25.705 [http-nio-8080-exec-2] DEBUG c.z.e.m.m.a.A.findAdminInfoById - ==> Parameters: 1(Integer)
2026-04-28 22:02:25.850 [http-nio-8080-exec-2] DEBUG c.z.e.m.m.a.A.findAdminInfoById - <==      Total: 1
2026-04-28 22:02:25.852 [http-nio-8080-exec-2] INFO  c.z.e.interceptor.UsallyInterceptor - 【请求开始】Method: GET, URI: /api/admin/questionSecondCategory/findQuestionSecondCategoryById, Controller: AdminQuestionSecondCategoryController.findQuestionSecondCategoryById, IP: 0:0:0:0:0:0:0:1, Params: {"_t":"1777384945125","questionSecondCategoryId":"1"}
2026-04-28 22:02:25.889 [http-nio-8080-exec-2] INFO  c.z.e.s.s.S.ServiceLogAspect - 【Service执行】类: AdminQuestionSecondCategoryServiceImpl, 方法: findQuestionSecondCategoryById, 参数: [1]
2026-04-28 22:02:25.892 [http-nio-8080-exec-2] DEBUG c.z.e.m.m.a.A.selectList - ==>  Preparing: SELECT questionSecondCategory_id,questionFirstCategory_id,questionSecondCategory_name,questionSecondCategory_introduce,questionSecondCategory_createTime,deleted FROM general_questionSecondCategory WHERE deleted=0 AND (questionSecondCategory_id = ? AND deleted = ?)
2026-04-28 22:02:25.893 [http-nio-8080-exec-2] DEBUG c.z.e.m.m.a.A.selectList - ==> Parameters: 1(Integer), 0(Integer)
2026-04-28 22:02:25.944 [http-nio-8080-exec-2] DEBUG c.z.e.m.m.a.A.selectList - <==      Total: 1
2026-04-28 22:02:25.945 [http-nio-8080-exec-2] INFO  c.z.e.s.s.S.ServiceLogAspect - 【Service完成】类: AdminQuestionSecondCategoryServiceImpl, 方法: findQuestionSecondCategoryById, 返回值: {"questionSecondCategoryId":1,"questionFirstCategoryId":1,"questionSecondCategoryName":"后端开发-Java","questionSecondCategoryIntroduce":"Java后端开发题库","questionSecondCategoryCreateTime":1776927485000}, 耗时: 55ms
2026-04-28 22:02:26.108 [http-nio-8080-exec-2] INFO  c.z.e.interceptor.UsallyInterceptor - 【请求结束】Method: GET, URI: /api/admin/questionSecondCategory/findQuestionSecondCategoryById, Controller: AdminQuestionSecondCategoryController.findQuestionSecondCategoryById, Status: 200, Duration: 256ms
2026-04-28 22:02:50.954 [http-nio-8080-exec-6] DEBUG c.z.e.m.m.a.AdminMapper.selectById - ==>  Preparing: SELECT admin_id,admin_account,admin_username,admin_email,admin_phone,admin_password,admin_image,admin_introduce,admin_state,admin_loginTime,deleted FROM admin_admin WHERE admin_id=? AND deleted=0
2026-04-28 22:02:50.954 [http-nio-8080-exec-6] DEBUG c.z.e.m.m.a.AdminMapper.selectById - ==> Parameters: 1(Integer)
2026-04-28 22:02:51.066 [http-nio-8080-exec-6] DEBUG c.z.e.m.m.a.AdminMapper.selectById - <==      Total: 1
2026-04-28 22:02:51.067 [http-nio-8080-exec-6] DEBUG c.z.e.m.m.a.A.findAdminInfoById - ==>  Preparing: select * from admin_admin left join admin_admin_role on admin_admin.admin_id = admin_admin_role.adminId left join admin_role on admin_admin_role.roleId = admin_role.role_id and admin_role.deleted = 0 left join admin_role_permission on admin_role.role_id = admin_role_permission.roleId left join admin_permission on admin_role_permission.permissionId = admin_permission.permission_id and admin_permission.deleted = 0 where admin_admin.admin_id = ? and admin_admin.deleted = 0
2026-04-28 22:02:51.067 [http-nio-8080-exec-6] DEBUG c.z.e.m.m.a.A.findAdminInfoById - ==> Parameters: 1(Integer)
2026-04-28 22:02:51.178 [http-nio-8080-exec-6] DEBUG c.z.e.m.m.a.A.findAdminInfoById - <==      Total: 1
2026-04-28 22:02:51.181 [http-nio-8080-exec-6] INFO  c.z.e.interceptor.UsallyInterceptor - 【请求开始】Method: GET, URI: /api/admin/questionSecondCategory/findQuestionSecondCategoryById, Controller: AdminQuestionSecondCategoryController.findQuestionSecondCategoryById, IP: 0:0:0:0:0:0:0:1, Params: {"_t":"1777384970860","questionSecondCategoryId":"1"}
2026-04-28 22:02:51.290 [http-nio-8080-exec-6] INFO  c.z.e.s.s.S.ServiceLogAspect - 【Service执行】类: AdminQuestionSecondCategoryServiceImpl, 方法: findQuestionSecondCategoryById, 参数: [1]
2026-04-28 22:02:51.292 [http-nio-8080-exec-6] DEBUG c.z.e.m.m.a.A.selectList - ==>  Preparing: SELECT questionSecondCategory_id,questionFirstCategory_id,questionSecondCategory_name,questionSecondCategory_introduce,questionSecondCategory_createTime,deleted FROM general_questionSecondCategory WHERE deleted=0 AND (questionSecondCategory_id = ? AND deleted = ?)
2026-04-28 22:02:51.293 [http-nio-8080-exec-6] DEBUG c.z.e.m.m.a.A.selectList - ==> Parameters: 1(Integer), 0(Integer)
2026-04-28 22:02:51.406 [http-nio-8080-exec-6] DEBUG c.z.e.m.m.a.A.selectList - <==      Total: 1
2026-04-28 22:02:51.406 [http-nio-8080-exec-6] INFO  c.z.e.s.s.S.ServiceLogAspect - 【Service完成】类: AdminQuestionSecondCategoryServiceImpl, 方法: findQuestionSecondCategoryById, 返回值: {"questionSecondCategoryId":1,"questionFirstCategoryId":1,"questionSecondCategoryName":"后端开发-Java","questionSecondCategoryIntroduce":"Java后端开发题库","questionSecondCategoryCreateTime":1776927485000}, 耗时: 116ms
2026-04-28 22:02:51.497 [http-nio-8080-exec-6] INFO  c.z.e.interceptor.UsallyInterceptor - 【请求结束】Method: GET, URI: /api/admin/questionSecondCategory/findQuestionSecondCategoryById, Controller: AdminQuestionSecondCategoryController.findQuestionSecondCategoryById, Status: 200, Duration: 317ms
2026-04-28 22:02:53.046 [http-nio-8080-exec-4] DEBUG c.z.e.m.m.a.AdminMapper.selectById - ==>  Preparing: SELECT admin_id,admin_account,admin_username,admin_email,admin_phone,admin_password,admin_image,admin_introduce,admin_state,admin_loginTime,deleted FROM admin_admin WHERE admin_id=? AND deleted=0
2026-04-28 22:02:53.047 [http-nio-8080-exec-4] DEBUG c.z.e.m.m.a.AdminMapper.selectById - ==> Parameters: 1(Integer)
2026-04-28 22:02:53.183 [http-nio-8080-exec-4] DEBUG c.z.e.m.m.a.AdminMapper.selectById - <==      Total: 1
2026-04-28 22:02:53.183 [http-nio-8080-exec-4] DEBUG c.z.e.m.m.a.A.findAdminInfoById - ==>  Preparing: select * from admin_admin left join admin_admin_role on admin_admin.admin_id = admin_admin_role.adminId left join admin_role on admin_admin_role.roleId = admin_role.role_id and admin_role.deleted = 0 left join admin_role_permission on admin_role.role_id = admin_role_permission.roleId left join admin_permission on admin_role_permission.permissionId = admin_permission.permission_id and admin_permission.deleted = 0 where admin_admin.admin_id = ? and admin_admin.deleted = 0
2026-04-28 22:02:53.184 [http-nio-8080-exec-4] DEBUG c.z.e.m.m.a.A.findAdminInfoById - ==> Parameters: 1(Integer)
2026-04-28 22:02:53.293 [http-nio-8080-exec-4] DEBUG c.z.e.m.m.a.A.findAdminInfoById - <==      Total: 1
2026-04-28 22:02:53.294 [http-nio-8080-exec-4] INFO  c.z.e.interceptor.UsallyInterceptor - 【请求开始】Method: GET, URI: /api/admin/questionSecondCategory/findQuestionSecondCategoryById, Controller: AdminQuestionSecondCategoryController.findQuestionSecondCategoryById, IP: 0:0:0:0:0:0:0:1, Params: {"_t":"1777384972644","questionSecondCategoryId":"1"}
2026-04-28 22:02:53.437 [http-nio-8080-exec-4] INFO  c.z.e.s.s.S.ServiceLogAspect - 【Service执行】类: AdminQuestionSecondCategoryServiceImpl, 方法: findQuestionSecondCategoryById, 参数: [1]
2026-04-28 22:02:53.440 [http-nio-8080-exec-4] DEBUG c.z.e.m.m.a.A.selectList - ==>  Preparing: SELECT questionSecondCategory_id,questionFirstCategory_id,questionSecondCategory_name,questionSecondCategory_introduce,questionSecondCategory_createTime,deleted FROM general_questionSecondCategory WHERE deleted=0 AND (questionSecondCategory_id = ? AND deleted = ?)
2026-04-28 22:02:53.441 [http-nio-8080-exec-4] DEBUG c.z.e.m.m.a.A.selectList - ==> Parameters: 1(Integer), 0(Integer)
2026-04-28 22:02:53.544 [http-nio-8080-exec-4] DEBUG c.z.e.m.m.a.A.selectList - <==      Total: 1
2026-04-28 22:02:53.547 [http-nio-8080-exec-4] INFO  c.z.e.s.s.S.ServiceLogAspect - 【Service完成】类: AdminQuestionSecondCategoryServiceImpl, 方法: findQuestionSecondCategoryById, 返回值: {"questionSecondCategoryId":1,"questionFirstCategoryId":1,"questionSecondCategoryName":"后端开发-Java","questionSecondCategoryIntroduce":"Java后端开发题库","questionSecondCategoryCreateTime":1776927485000}, 耗时: 108ms
2026-04-28 22:02:53.779 [http-nio-8080-exec-4] INFO  c.z.e.interceptor.UsallyInterceptor - 【请求结束】Method: GET, URI: /api/admin/questionSecondCategory/findQuestionSecondCategoryById, Controller: AdminQuestionSecondCategoryController.findQuestionSecondCategoryById, Status: 200, Duration: 485ms
2026-04-28 22:02:53.881 [http-nio-8080-exec-7] DEBUG c.z.e.m.m.a.AdminMapper.selectById - ==>  Preparing: SELECT admin_id,admin_account,admin_username,admin_email,admin_phone,admin_password,admin_image,admin_introduce,admin_state,admin_loginTime,deleted FROM admin_admin WHERE admin_id=? AND deleted=0
2026-04-28 22:02:53.881 [http-nio-8080-exec-7] DEBUG c.z.e.m.m.a.AdminMapper.selectById - ==> Parameters: 1(Integer)
2026-04-28 22:02:53.995 [http-nio-8080-exec-7] DEBUG c.z.e.m.m.a.AdminMapper.selectById - <==      Total: 1
2026-04-28 22:02:53.996 [http-nio-8080-exec-7] DEBUG c.z.e.m.m.a.A.findAdminInfoById - ==>  Preparing: select * from admin_admin left join admin_admin_role on admin_admin.admin_id = admin_admin_role.adminId left join admin_role on admin_admin_role.roleId = admin_role.role_id and admin_role.deleted = 0 left join admin_role_permission on admin_role.role_id = admin_role_permission.roleId left join admin_permission on admin_role_permission.permissionId = admin_permission.permission_id and admin_permission.deleted = 0 where admin_admin.admin_id = ? and admin_admin.deleted = 0
2026-04-28 22:02:53.998 [http-nio-8080-exec-7] DEBUG c.z.e.m.m.a.A.findAdminInfoById - ==> Parameters: 1(Integer)
2026-04-28 22:02:54.107 [http-nio-8080-exec-7] DEBUG c.z.e.m.m.a.A.findAdminInfoById - <==      Total: 1
2026-04-28 22:02:54.110 [http-nio-8080-exec-7] INFO  c.z.e.interceptor.UsallyInterceptor - 【请求开始】Method: GET, URI: /api/admin/questionSecondCategory/findQuestionSecondCategoryById, Controller: AdminQuestionSecondCategoryController.findQuestionSecondCategoryById, IP: 0:0:0:0:0:0:0:1, Params: {"_t":"1777384973749","questionSecondCategoryId":"1"}
2026-04-28 22:02:54.219 [http-nio-8080-exec-7] INFO  c.z.e.s.s.S.ServiceLogAspect - 【Service执行】类: AdminQuestionSecondCategoryServiceImpl, 方法: findQuestionSecondCategoryById, 参数: [1]
2026-04-28 22:02:54.221 [http-nio-8080-exec-7] DEBUG c.z.e.m.m.a.A.selectList - ==>  Preparing: SELECT questionSecondCategory_id,questionFirstCategory_id,questionSecondCategory_name,questionSecondCategory_introduce,questionSecondCategory_createTime,deleted FROM general_questionSecondCategory WHERE deleted=0 AND (questionSecondCategory_id = ? AND deleted = ?)
2026-04-28 22:02:54.221 [http-nio-8080-exec-7] DEBUG c.z.e.m.m.a.A.selectList - ==> Parameters: 1(Integer), 0(Integer)
2026-04-28 22:02:54.333 [http-nio-8080-exec-7] DEBUG c.z.e.m.m.a.A.selectList - <==      Total: 1
2026-04-28 22:02:54.333 [http-nio-8080-exec-7] INFO  c.z.e.s.s.S.ServiceLogAspect - 【Service完成】类: AdminQuestionSecondCategoryServiceImpl, 方法: findQuestionSecondCategoryById, 返回值: {"questionSecondCategoryId":1,"questionFirstCategoryId":1,"questionSecondCategoryName":"后端开发-Java","questionSecondCategoryIntroduce":"Java后端开发题库","questionSecondCategoryCreateTime":1776927485000}, 耗时: 114ms
2026-04-28 22:02:54.556 [http-nio-8080-exec-7] INFO  c.z.e.interceptor.UsallyInterceptor - 【请求结束】Method: GET, URI: /api/admin/questionSecondCategory/findQuestionSecondCategoryById, Controller: AdminQuestionSecondCategoryController.findQuestionSecondCategoryById, Status: 200, Duration: 447ms
2026-04-28 22:02:55.456 [http-nio-8080-exec-3] DEBUG c.z.e.m.m.a.AdminMapper.selectById - ==>  Preparing: SELECT admin_id,admin_account,admin_username,admin_email,admin_phone,admin_password,admin_image,admin_introduce,admin_state,admin_loginTime,deleted FROM admin_admin WHERE admin_id=? AND deleted=0
2026-04-28 22:02:55.456 [http-nio-8080-exec-8] DEBUG c.z.e.m.m.a.AdminMapper.selectById - ==>  Preparing: SELECT admin_id,admin_account,admin_username,admin_email,admin_phone,admin_password,admin_image,admin_introduce,admin_state,admin_loginTime,deleted FROM admin_admin WHERE admin_id=? AND deleted=0
2026-04-28 22:02:55.457 [http-nio-8080-exec-8] DEBUG c.z.e.m.m.a.AdminMapper.selectById - ==> Parameters: 1(Integer)
2026-04-28 22:02:55.459 [http-nio-8080-exec-3] DEBUG c.z.e.m.m.a.AdminMapper.selectById - ==> Parameters: 1(Integer)
2026-04-28 22:02:55.508 [http-nio-8080-exec-8] DEBUG c.z.e.m.m.a.AdminMapper.selectById - <==      Total: 1
2026-04-28 22:02:55.508 [http-nio-8080-exec-8] DEBUG c.z.e.m.m.a.A.findAdminInfoById - ==>  Preparing: select * from admin_admin left join admin_admin_role on admin_admin.admin_id = admin_admin_role.adminId left join admin_role on admin_admin_role.roleId = admin_role.role_id and admin_role.deleted = 0 left join admin_role_permission on admin_role.role_id = admin_role_permission.roleId left join admin_permission on admin_role_permission.permissionId = admin_permission.permission_id and admin_permission.deleted = 0 where admin_admin.admin_id = ? and admin_admin.deleted = 0
2026-04-28 22:02:55.509 [http-nio-8080-exec-8] DEBUG c.z.e.m.m.a.A.findAdminInfoById - ==> Parameters: 1(Integer)
2026-04-28 22:02:55.509 [http-nio-8080-exec-3] DEBUG c.z.e.m.m.a.AdminMapper.selectById - <==      Total: 1
2026-04-28 22:02:55.509 [http-nio-8080-exec-3] DEBUG c.z.e.m.m.a.A.findAdminInfoById - ==>  Preparing: select * from admin_admin left join admin_admin_role on admin_admin.admin_id = admin_admin_role.adminId left join admin_role on admin_admin_role.roleId = admin_role.role_id and admin_role.deleted = 0 left join admin_role_permission on admin_role.role_id = admin_role_permission.roleId left join admin_permission on admin_role_permission.permissionId = admin_permission.permission_id and admin_permission.deleted = 0 where admin_admin.admin_id = ? and admin_admin.deleted = 0
2026-04-28 22:02:55.509 [http-nio-8080-exec-3] DEBUG c.z.e.m.m.a.A.findAdminInfoById - ==> Parameters: 1(Integer)
2026-04-28 22:02:55.570 [http-nio-8080-exec-8] DEBUG c.z.e.m.m.a.A.findAdminInfoById - <==      Total: 1
2026-04-28 22:02:55.573 [http-nio-8080-exec-8] INFO  c.z.e.interceptor.UsallyInterceptor - 【请求开始】Method: GET, URI: /api/admin/questionFirstCategory/findAllQuestionFirstCategory, Controller: AdminQuestionFirstCategoryController.findAllQuestionFirstCategory, IP: 0:0:0:0:0:0:0:1, Params: {"_t":"1777384974962"}
2026-04-28 22:02:55.585 [http-nio-8080-exec-3] DEBUG c.z.e.m.m.a.A.findAdminInfoById - <==      Total: 1
2026-04-28 22:02:55.587 [http-nio-8080-exec-3] INFO  c.z.e.interceptor.UsallyInterceptor - 【请求开始】Method: POST, URI: /api/admin/questionBank/findQuestionBankByPage, Controller: AdminQuestionBankController.findQuestionBankByPage, IP: 0:0:0:0:0:0:0:1, Params: {"pageSize":"10","pageNum":"1"}
2026-04-28 22:02:55.627 [http-nio-8080-exec-8] INFO  c.z.e.s.s.S.ServiceLogAspect - 【Service执行】类: AdminQuestionFirstCategoryServiceImpl, 方法: findAllQuestionFirstCategory, 参数: 无参数
2026-04-28 22:02:55.627 [http-nio-8080-exec-3] INFO  c.z.e.s.s.S.ServiceLogAspect - 【Service执行】类: AdminQuestionBankServiceImpl, 方法: findQuestionBankByPage, 参数: [1,10,{}]
2026-04-28 22:02:55.628 [http-nio-8080-exec-8] DEBUG c.z.e.m.m.a.A.selectList - ==>  Preparing: SELECT questionFirstCategory_id,questionFirstCategory_name,questionFirstCategory_introduce,questionFirstCategory_createTime,deleted FROM general_questionFirstCategory WHERE deleted=0 AND (deleted = ?) ORDER BY questionFirstCategory_createTime DESC
2026-04-28 22:02:55.628 [http-nio-8080-exec-8] DEBUG c.z.e.m.m.a.A.selectList - ==> Parameters: 0(Integer)
2026-04-28 22:02:55.637 [http-nio-8080-exec-3] DEBUG c.z.e.m.m.a.A.selectList_mpCount - ==>  Preparing: SELECT COUNT(*) AS total FROM general_questionBank WHERE deleted = 0 AND (deleted = ?)
2026-04-28 22:02:55.637 [http-nio-8080-exec-3] DEBUG c.z.e.m.m.a.A.selectList_mpCount - ==> Parameters: 0(Integer)
2026-04-28 22:02:55.683 [http-nio-8080-exec-3] DEBUG c.z.e.m.m.a.A.selectList_mpCount - <==      Total: 1
2026-04-28 22:02:55.683 [http-nio-8080-exec-8] DEBUG c.z.e.m.m.a.A.selectList - <==      Total: 1
2026-04-28 22:02:55.684 [http-nio-8080-exec-3] DEBUG c.z.e.m.m.a.A.selectList - ==>  Preparing: SELECT questionBank_id,questionBank_description,questionBank_optionA,questionBank_optionB,questionBank_optionC,questionBank_optionD,questionBank_correctAnswer,questionBank_image,questionBank_code,questionBank_type,questionFirstCategory_id,questionFirstCategory_name,questionSecondCategory_id,questionSecondCategory_name,questionBank_referenceAnswer,questionBank_analysis,questionBank_difficulty,questionBank_state,questionBank_createTime,questionBank_updateTime,deleted FROM general_questionBank WHERE deleted=0 AND (deleted = ?) ORDER BY questionBank_createTime DESC LIMIT ?
2026-04-28 22:02:55.684 [http-nio-8080-exec-8] INFO  c.z.e.s.s.S.ServiceLogAspect - 【Service完成】类: AdminQuestionFirstCategoryServiceImpl, 方法: findAllQuestionFirstCategory, 返回值: [{"questionFirstCategoryId":1,"questionFirstCategoryName":"互联网","questionFirstCategoryIntroduce":"互联网相关的题库","questionFirstCategoryCreateTime":1776918444000}], 耗时: 57ms
2026-04-28 22:02:55.684 [http-nio-8080-exec-3] DEBUG c.z.e.m.m.a.A.selectList - ==> Parameters: 0(Integer), 10(Long)
2026-04-28 22:02:55.799 [http-nio-8080-exec-3] DEBUG c.z.e.m.m.a.A.selectList - <==      Total: 1
2026-04-28 22:02:55.800 [http-nio-8080-exec-3] INFO  c.z.e.s.s.S.ServiceLogAspect - 【Service完成】类: AdminQuestionBankServiceImpl, 方法: findQuestionBankByPage, 返回值: {"records":[{"questionBankId":1,"questionBankDescription":"在以下选项中,属于Java基本数据类型的是?1","questionBankType":1,"questionFirstCategoryName":"互联网","questionSecondCategoryName":"后端开发-Java","questionBankDifficulty":1,"questionBankState":1,"questionBankCreateTime":1776935585000,"questionBankUpdateTime":1777004032000}],"total":1,"size":10,"current":1}, 耗时: 172ms
2026-04-28 22:02:55.919 [http-nio-8080-exec-8] INFO  c.z.e.interceptor.UsallyInterceptor - 【请求结束】Method: GET, URI: /api/admin/questionFirstCategory/findAllQuestionFirstCategory, Controller: AdminQuestionFirstCategoryController.findAllQuestionFirstCategory, Status: 200, Duration: 347ms
2026-04-28 22:02:55.972 [http-nio-8080-exec-3] INFO  c.z.e.interceptor.UsallyInterceptor - 【请求结束】Method: POST, URI: /api/admin/questionBank/findQuestionBankByPage, Controller: AdminQuestionBankController.findQuestionBankByPage, Status: 200, Duration: 385ms
2026-04-28 22:02:56.652 [http-nio-8080-exec-9] DEBUG c.z.e.m.m.a.AdminMapper.selectById - ==>  Preparing: SELECT admin_id,admin_account,admin_username,admin_email,admin_phone,admin_password,admin_image,admin_introduce,admin_state,admin_loginTime,deleted FROM admin_admin WHERE admin_id=? AND deleted=0
2026-04-28 22:02:56.652 [http-nio-8080-exec-9] DEBUG c.z.e.m.m.a.AdminMapper.selectById - ==> Parameters: 1(Integer)
2026-04-28 22:02:56.745 [http-nio-8080-exec-9] DEBUG c.z.e.m.m.a.AdminMapper.selectById - <==      Total: 1
2026-04-28 22:02:56.748 [http-nio-8080-exec-9] DEBUG c.z.e.m.m.a.A.findAdminInfoById - ==>  Preparing: select * from admin_admin left join admin_admin_role on admin_admin.admin_id = admin_admin_role.adminId left join admin_role on admin_admin_role.roleId = admin_role.role_id and admin_role.deleted = 0 left join admin_role_permission on admin_role.role_id = admin_role_permission.roleId left join admin_permission on admin_role_permission.permissionId = admin_permission.permission_id and admin_permission.deleted = 0 where admin_admin.admin_id = ? and admin_admin.deleted = 0
2026-04-28 22:02:56.749 [http-nio-8080-exec-9] DEBUG c.z.e.m.m.a.A.findAdminInfoById - ==> Parameters: 1(Integer)
2026-04-28 22:02:56.812 [http-nio-8080-exec-9] DEBUG c.z.e.m.m.a.A.findAdminInfoById - <==      Total: 1
2026-04-28 22:02:56.813 [http-nio-8080-exec-9] INFO  c.z.e.interceptor.UsallyInterceptor - 【请求开始】Method: GET, URI: /api/admin/questionBank/findQuestionBankById, Controller: AdminQuestionBankController.findQuestionBankById, IP: 0:0:0:0:0:0:0:1, Params: {"questionBankId":"1","_t":"1777384976477"}
2026-04-28 22:02:56.869 [http-nio-8080-exec-9] INFO  c.z.e.s.s.S.ServiceLogAspect - 【Service执行】类: AdminQuestionBankServiceImpl, 方法: findQuestionBankById, 参数: [1]
2026-04-28 22:02:56.871 [http-nio-8080-exec-9] DEBUG c.z.e.m.m.a.A.selectList - ==>  Preparing: SELECT questionBank_id,questionBank_description,questionBank_optionA,questionBank_optionB,questionBank_optionC,questionBank_optionD,questionBank_correctAnswer,questionBank_image,questionBank_code,questionBank_type,questionFirstCategory_id,questionFirstCategory_name,questionSecondCategory_id,questionSecondCategory_name,questionBank_referenceAnswer,questionBank_analysis,questionBank_difficulty,questionBank_state,questionBank_createTime,questionBank_updateTime,deleted FROM general_questionBank WHERE deleted=0 AND (questionBank_id = ? AND deleted = ?)
2026-04-28 22:02:56.871 [http-nio-8080-exec-9] DEBUG c.z.e.m.m.a.A.selectList - ==> Parameters: 1(Integer), 0(Integer)
2026-04-28 22:02:56.921 [http-nio-8080-exec-9] DEBUG c.z.e.m.m.a.A.selectList - <==      Total: 1
2026-04-28 22:02:56.922 [http-nio-8080-exec-9] INFO  c.z.e.s.s.S.ServiceLogAspect - 【Service完成】类: AdminQuestionBankServiceImpl, 方法: findQuestionBankById, 返回值: {"questionBankId":1,"questionBankDescription":"在以下选项中,属于Java基本数据类型的是?1","questionBankOptionA":"String","questionBankOptionB":"Character","questionBankOptionC":"char","questionBankOptionD":"Double","questionBankCorrectAnswer":"C","questionBankImage":"","questionBankCode":"","questionBankType":1,"questionFirstCategoryId":1,"questionFirstCategoryName":"互联网","questionSecondCategoryId":1,"questionSecondCategoryName":"后端开发-Java","questionBankReferenceAnswer":"","questionBankAnalysis":"A、B、D都是引用数据类型","questionBankDifficulty":1,"questionBankState":1,"questionBankCreateTime":1776935585000,"questionBankUpdateTime":1777004032000}, 耗时: 52ms
2026-04-28 22:02:57.149 [http-nio-8080-exec-9] INFO  c.z.e.interceptor.UsallyInterceptor - 【请求结束】Method: GET, URI: /api/admin/questionBank/findQuestionBankById, Controller: AdminQuestionBankController.findQuestionBankById, Status: 200, Duration: 336ms
2026-04-28 22:02:57.539 [http-nio-8080-exec-5] DEBUG c.z.e.m.m.a.AdminMapper.selectById - ==>  Preparing: SELECT admin_id,admin_account,admin_username,admin_email,admin_phone,admin_password,admin_image,admin_introduce,admin_state,admin_loginTime,deleted FROM admin_admin WHERE admin_id=? AND deleted=0
2026-04-28 22:02:57.540 [http-nio-8080-exec-5] DEBUG c.z.e.m.m.a.AdminMapper.selectById - ==> Parameters: 1(Integer)
2026-04-28 22:02:57.598 [http-nio-8080-exec-5] DEBUG c.z.e.m.m.a.AdminMapper.selectById - <==      Total: 1
2026-04-28 22:02:57.598 [http-nio-8080-exec-5] DEBUG c.z.e.m.m.a.A.findAdminInfoById - ==>  Preparing: select * from admin_admin left join admin_admin_role on admin_admin.admin_id = admin_admin_role.adminId left join admin_role on admin_admin_role.roleId = admin_role.role_id and admin_role.deleted = 0 left join admin_role_permission on admin_role.role_id = admin_role_permission.roleId left join admin_permission on admin_role_permission.permissionId = admin_permission.permission_id and admin_permission.deleted = 0 where admin_admin.admin_id = ? and admin_admin.deleted = 0
2026-04-28 22:02:57.599 [http-nio-8080-exec-5] DEBUG c.z.e.m.m.a.A.findAdminInfoById - ==> Parameters: 1(Integer)
2026-04-28 22:02:57.714 [http-nio-8080-exec-5] DEBUG c.z.e.m.m.a.A.findAdminInfoById - <==      Total: 1
2026-04-28 22:02:57.716 [http-nio-8080-exec-5] INFO  c.z.e.interceptor.UsallyInterceptor - 【请求开始】Method: GET, URI: /api/admin/questionSecondCategory/findQuestionSecondCategoryByFirstCategoryId, Controller: AdminQuestionSecondCategoryController.findQuestionSecondCategoryByFirstCategoryId, IP: 0:0:0:0:0:0:0:1, Params: {"_t":"1777384977152","questionFirstCategoryId":"1"}
2026-04-28 22:02:57.823 [http-nio-8080-exec-5] INFO  c.z.e.s.s.S.ServiceLogAspect - 【Service执行】类: AdminQuestionSecondCategoryServiceImpl, 方法: findQuestionSecondCategoryByFirstCategoryId, 参数: [1]
2026-04-28 22:02:57.824 [http-nio-8080-exec-5] DEBUG c.z.e.m.m.a.A.selectList - ==>  Preparing: SELECT questionSecondCategory_id,questionFirstCategory_id,questionSecondCategory_name,questionSecondCategory_introduce,questionSecondCategory_createTime,deleted FROM general_questionSecondCategory WHERE deleted=0 AND (questionFirstCategory_id = ? AND deleted = ?) ORDER BY questionSecondCategory_createTime DESC
2026-04-28 22:02:57.824 [http-nio-8080-exec-5] DEBUG c.z.e.m.m.a.A.selectList - ==> Parameters: 1(Integer), 0(Integer)
2026-04-28 22:02:57.936 [http-nio-8080-exec-5] DEBUG c.z.e.m.m.a.A.selectList - <==      Total: 1
2026-04-28 22:02:57.938 [http-nio-8080-exec-5] INFO  c.z.e.s.s.S.ServiceLogAspect - 【Service完成】类: AdminQuestionSecondCategoryServiceImpl, 方法: findQuestionSecondCategoryByFirstCategoryId, 返回值: [{"questionSecondCategoryId":1,"questionFirstCategoryId":1,"questionSecondCategoryName":"后端开发-Java","questionSecondCategoryIntroduce":"Java后端开发题库","questionSecondCategoryCreateTime":1776927485000}], 耗时: 113ms
2026-04-28 22:02:58.161 [http-nio-8080-exec-5] INFO  c.z.e.interceptor.UsallyInterceptor - 【请求结束】Method: GET, URI: /api/admin/questionSecondCategory/findQuestionSecondCategoryByFirstCategoryId, Controller: AdminQuestionSecondCategoryController.findQuestionSecondCategoryByFirstCategoryId, Status: 200, Duration: 445ms
2026-04-28 22:02:59.321 [http-nio-8080-exec-10] DEBUG c.z.e.m.m.a.AdminMapper.selectById - ==>  Preparing: SELECT admin_id,admin_account,admin_username,admin_email,admin_phone,admin_password,admin_image,admin_introduce,admin_state,admin_loginTime,deleted FROM admin_admin WHERE admin_id=? AND deleted=0
2026-04-28 22:02:59.322 [http-nio-8080-exec-10] DEBUG c.z.e.m.m.a.AdminMapper.selectById - ==> Parameters: 1(Integer)
2026-04-28 22:02:59.400 [http-nio-8080-exec-10] DEBUG c.z.e.m.m.a.AdminMapper.selectById - <==      Total: 1
2026-04-28 22:02:59.402 [http-nio-8080-exec-10] DEBUG c.z.e.m.m.a.A.findAdminInfoById - ==>  Preparing: select * from admin_admin left join admin_admin_role on admin_admin.admin_id = admin_admin_role.adminId left join admin_role on admin_admin_role.roleId = admin_role.role_id and admin_role.deleted = 0 left join admin_role_permission on admin_role.role_id = admin_role_permission.roleId left join admin_permission on admin_role_permission.permissionId = admin_permission.permission_id and admin_permission.deleted = 0 where admin_admin.admin_id = ? and admin_admin.deleted = 0
2026-04-28 22:02:59.402 [http-nio-8080-exec-10] DEBUG c.z.e.m.m.a.A.findAdminInfoById - ==> Parameters: 1(Integer)
2026-04-28 22:02:59.514 [http-nio-8080-exec-10] DEBUG c.z.e.m.m.a.A.findAdminInfoById - <==      Total: 1
2026-04-28 22:02:59.516 [http-nio-8080-exec-10] INFO  c.z.e.interceptor.UsallyInterceptor - 【请求开始】Method: GET, URI: /api/admin/questionBank/findQuestionBankById, Controller: AdminQuestionBankController.findQuestionBankById, IP: 0:0:0:0:0:0:0:1, Params: {"questionBankId":"1","_t":"1777384979140"}
2026-04-28 22:02:59.626 [http-nio-8080-exec-10] INFO  c.z.e.s.s.S.ServiceLogAspect - 【Service执行】类: AdminQuestionBankServiceImpl, 方法: findQuestionBankById, 参数: [1]
2026-04-28 22:02:59.627 [http-nio-8080-exec-10] DEBUG c.z.e.m.m.a.A.selectList - ==>  Preparing: SELECT questionBank_id,questionBank_description,questionBank_optionA,questionBank_optionB,questionBank_optionC,questionBank_optionD,questionBank_correctAnswer,questionBank_image,questionBank_code,questionBank_type,questionFirstCategory_id,questionFirstCategory_name,questionSecondCategory_id,questionSecondCategory_name,questionBank_referenceAnswer,questionBank_analysis,questionBank_difficulty,questionBank_state,questionBank_createTime,questionBank_updateTime,deleted FROM general_questionBank WHERE deleted=0 AND (questionBank_id = ? AND deleted = ?)
2026-04-28 22:02:59.627 [http-nio-8080-exec-10] DEBUG c.z.e.m.m.a.A.selectList - ==> Parameters: 1(Integer), 0(Integer)
2026-04-28 22:02:59.738 [http-nio-8080-exec-10] DEBUG c.z.e.m.m.a.A.selectList - <==      Total: 1
2026-04-28 22:02:59.740 [http-nio-8080-exec-10] INFO  c.z.e.s.s.S.ServiceLogAspect - 【Service完成】类: AdminQuestionBankServiceImpl, 方法: findQuestionBankById, 返回值: {"questionBankId":1,"questionBankDescription":"在以下选项中,属于Java基本数据类型的是?1","questionBankOptionA":"String","questionBankOptionB":"Character","questionBankOptionC":"char","questionBankOptionD":"Double","questionBankCorrectAnswer":"C","questionBankImage":"","questionBankCode":"","questionBankType":1,"questionFirstCategoryId":1,"questionFirstCategoryName":"互联网","questionSecondCategoryId":1,"questionSecondCategoryName":"后端开发-Java","questionBankReferenceAnswer":"","questionBankAnalysis":"A、B、D都是引用数据类型","questionBankDifficulty":1,"questionBankState":1,"questionBankCreateTime":1776935585000,"questionBankUpdateTime":1777004032000}, 耗时: 113ms
2026-04-28 22:02:59.924 [http-nio-8080-exec-10] INFO  c.z.e.interceptor.UsallyInterceptor - 【请求结束】Method: GET, URI: /api/admin/questionBank/findQuestionBankById, Controller: AdminQuestionBankController.findQuestionBankById, Status: 200, Duration: 409ms
2026-04-28 22:03:00.030 [http-nio-8080-exec-1] DEBUG c.z.e.m.m.a.AdminMapper.selectById - ==>  Preparing: SELECT admin_id,admin_account,admin_username,admin_email,admin_phone,admin_password,admin_image,admin_introduce,admin_state,admin_loginTime,deleted FROM admin_admin WHERE admin_id=? AND deleted=0
2026-04-28 22:03:00.030 [http-nio-8080-exec-1] DEBUG c.z.e.m.m.a.AdminMapper.selectById - ==> Parameters: 1(Integer)
2026-04-28 22:03:00.190 [http-nio-8080-exec-1] DEBUG c.z.e.m.m.a.AdminMapper.selectById - <==      Total: 1
2026-04-28 22:03:00.190 [http-nio-8080-exec-1] DEBUG c.z.e.m.m.a.A.findAdminInfoById - ==>  Preparing: select * from admin_admin left join admin_admin_role on admin_admin.admin_id = admin_admin_role.adminId left join admin_role on admin_admin_role.roleId = admin_role.role_id and admin_role.deleted = 0 left join admin_role_permission on admin_role.role_id = admin_role_permission.roleId left join admin_permission on admin_role_permission.permissionId = admin_permission.permission_id and admin_permission.deleted = 0 where admin_admin.admin_id = ? and admin_admin.deleted = 0
2026-04-28 22:03:00.191 [http-nio-8080-exec-1] DEBUG c.z.e.m.m.a.A.findAdminInfoById - ==> Parameters: 1(Integer)
2026-04-28 22:03:00.239 [http-nio-8080-exec-1] DEBUG c.z.e.m.m.a.A.findAdminInfoById - <==      Total: 1
2026-04-28 22:03:00.242 [http-nio-8080-exec-1] INFO  c.z.e.interceptor.UsallyInterceptor - 【请求开始】Method: GET, URI: /api/admin/questionBank/findQuestionBankById, Controller: AdminQuestionBankController.findQuestionBankById, IP: 0:0:0:0:0:0:0:1, Params: {"questionBankId":"1","_t":"1777384979612"}
2026-04-28 22:03:00.301 [http-nio-8080-exec-1] INFO  c.z.e.s.s.S.ServiceLogAspect - 【Service执行】类: AdminQuestionBankServiceImpl, 方法: findQuestionBankById, 参数: [1]
2026-04-28 22:03:00.302 [http-nio-8080-exec-1] DEBUG c.z.e.m.m.a.A.selectList - ==>  Preparing: SELECT questionBank_id,questionBank_description,questionBank_optionA,questionBank_optionB,questionBank_optionC,questionBank_optionD,questionBank_correctAnswer,questionBank_image,questionBank_code,questionBank_type,questionFirstCategory_id,questionFirstCategory_name,questionSecondCategory_id,questionSecondCategory_name,questionBank_referenceAnswer,questionBank_analysis,questionBank_difficulty,questionBank_state,questionBank_createTime,questionBank_updateTime,deleted FROM general_questionBank WHERE deleted=0 AND (questionBank_id = ? AND deleted = ?)
2026-04-28 22:03:00.303 [http-nio-8080-exec-1] DEBUG c.z.e.m.m.a.A.selectList - ==> Parameters: 1(Integer), 0(Integer)
2026-04-28 22:03:00.419 [http-nio-8080-exec-1] DEBUG c.z.e.m.m.a.A.selectList - <==      Total: 1
2026-04-28 22:03:00.419 [http-nio-8080-exec-1] INFO  c.z.e.s.s.S.ServiceLogAspect - 【Service完成】类: AdminQuestionBankServiceImpl, 方法: findQuestionBankById, 返回值: {"questionBankId":1,"questionBankDescription":"在以下选项中,属于Java基本数据类型的是?1","questionBankOptionA":"String","questionBankOptionB":"Character","questionBankOptionC":"char","questionBankOptionD":"Double","questionBankCorrectAnswer":"C","questionBankImage":"","questionBankCode":"","questionBankType":1,"questionFirstCategoryId":1,"questionFirstCategoryName":"互联网","questionSecondCategoryId":1,"questionSecondCategoryName":"后端开发-Java","questionBankReferenceAnswer":"","questionBankAnalysis":"A、B、D都是引用数据类型","questionBankDifficulty":1,"questionBankState":1,"questionBankCreateTime":1776935585000,"questionBankUpdateTime":1777004032000}, 耗时: 118ms
2026-04-28 22:03:00.580 [http-nio-8080-exec-1] INFO  c.z.e.interceptor.UsallyInterceptor - 【请求结束】Method: GET, URI: /api/admin/questionBank/findQuestionBankById, Controller: AdminQuestionBankController.findQuestionBankById, Status: 200, Duration: 339ms
2026-04-28 22:03:02.787 [http-nio-8080-exec-2] DEBUG c.z.e.m.m.a.AdminMapper.selectById - ==>  Preparing: SELECT admin_id,admin_account,admin_username,admin_email,admin_phone,admin_password,admin_image,admin_introduce,admin_state,admin_loginTime,deleted FROM admin_admin WHERE admin_id=? AND deleted=0
2026-04-28 22:03:02.788 [http-nio-8080-exec-2] DEBUG c.z.e.m.m.a.AdminMapper.selectById - ==> Parameters: 1(Integer)
2026-04-28 22:03:02.825 [http-nio-8080-exec-2] DEBUG c.z.e.m.m.a.AdminMapper.selectById - <==      Total: 1
2026-04-28 22:03:02.825 [http-nio-8080-exec-2] DEBUG c.z.e.m.m.a.A.findAdminInfoById - ==>  Preparing: select * from admin_admin left join admin_admin_role on admin_admin.admin_id = admin_admin_role.adminId left join admin_role on admin_admin_role.roleId = admin_role.role_id and admin_role.deleted = 0 left join admin_role_permission on admin_role.role_id = admin_role_permission.roleId left join admin_permission on admin_role_permission.permissionId = admin_permission.permission_id and admin_permission.deleted = 0 where admin_admin.admin_id = ? and admin_admin.deleted = 0
2026-04-28 22:03:02.826 [http-nio-8080-exec-2] DEBUG c.z.e.m.m.a.A.findAdminInfoById - ==> Parameters: 1(Integer)
2026-04-28 22:03:02.862 [http-nio-8080-exec-2] DEBUG c.z.e.m.m.a.A.findAdminInfoById - <==      Total: 1
2026-04-28 22:03:02.864 [http-nio-8080-exec-2] INFO  c.z.e.interceptor.UsallyInterceptor - 【请求开始】Method: POST, URI: /api/admin/firstCategoryQuestionBank/findFirstCategoryQuestionBankByPage, Controller: AdminFirstCategoryQuestionBankController.findFirstCategoryQuestionBankByPage, IP: 0:0:0:0:0:0:0:1, Params: {"pageSize":"10","pageNum":"1"}
2026-04-28 22:03:02.904 [http-nio-8080-exec-2] INFO  c.z.e.s.s.S.ServiceLogAspect - 【Service执行】类: AdminFirstCategoryQuestionBankServiceImpl, 方法: findFirstCategoryQuestionBankByPage, 参数: [1,10,{}]
2026-04-28 22:03:02.913 [http-nio-8080-exec-2] DEBUG c.z.e.m.m.u.U.selectList_mpCount - ==>  Preparing: SELECT COUNT(*) AS total FROM general_firstCategory_questionBank_user
2026-04-28 22:03:02.914 [http-nio-8080-exec-2] DEBUG c.z.e.m.m.u.U.selectList_mpCount - ==> Parameters: 
2026-04-28 22:03:02.950 [http-nio-8080-exec-2] DEBUG c.z.e.m.m.u.U.selectList_mpCount - <==      Total: 1
2026-04-28 22:03:02.950 [http-nio-8080-exec-2] DEBUG c.z.e.m.m.u.U.selectList - ==>  Preparing: SELECT firstCategoryQuestionBankUser_userId,firstCategoryQuestionBankUser_questionBankId,firstCategoryQuestionBankUser_questionFirstCategoryId,firstCategoryQuestionBankUser_questionFirstCategoryName,firstCategoryQuestionBankUser_questionSecondCategoryId,firstCategoryQuestionBankUser_questionSecondCategoryName,firstCategoryQuestionBankUser_answerStatus,firstCategoryQuestionBankUser_createTime,firstCategoryQuestionBankUser_updateTime FROM general_firstCategory_questionBank_user ORDER BY firstCategoryQuestionBankUser_createTime DESC LIMIT ?
2026-04-28 22:03:02.951 [http-nio-8080-exec-2] DEBUG c.z.e.m.m.u.U.selectList - ==> Parameters: 10(Long)
2026-04-28 22:03:02.986 [http-nio-8080-exec-2] DEBUG c.z.e.m.m.u.U.selectList - <==      Total: 1
2026-04-28 22:03:02.992 [http-nio-8080-exec-2] INFO  c.z.e.s.s.S.ServiceLogAspect - 【Service完成】类: AdminFirstCategoryQuestionBankServiceImpl, 方法: findFirstCategoryQuestionBankByPage, 返回值: {"records":[{"firstCategoryQuestionBankUserUserId":1,"firstCategoryQuestionBankUserQuestionBankId":1,"firstCategoryQuestionBankUserQuestionFirstCategoryName":"互联网","firstCategoryQuestionBankUserQuestionSecondCategoryName":"后端开发-Java","firstCategoryQuestionBankUserAnswerStatus":2,"firstCategoryQuestionBankUserCreateTime":1777004090000,"firstCategoryQuestionBankUserUpdateTime":1777005132000}],"total":1,"size":10,"current":1}, 耗时: 86ms
2026-04-28 22:03:03.067 [http-nio-8080-exec-2] INFO  c.z.e.interceptor.UsallyInterceptor - 【请求结束】Method: POST, URI: /api/admin/firstCategoryQuestionBank/findFirstCategoryQuestionBankByPage, Controller: AdminFirstCategoryQuestionBankController.findFirstCategoryQuestionBankByPage, Status: 200, Duration: 204ms
2026-04-28 22:03:04.081 [http-nio-8080-exec-6] DEBUG c.z.e.m.m.a.AdminMapper.selectById - ==>  Preparing: SELECT admin_id,admin_account,admin_username,admin_email,admin_phone,admin_password,admin_image,admin_introduce,admin_state,admin_loginTime,deleted FROM admin_admin WHERE admin_id=? AND deleted=0
2026-04-28 22:03:04.081 [http-nio-8080-exec-6] DEBUG c.z.e.m.m.a.AdminMapper.selectById - ==> Parameters: 1(Integer)
2026-04-28 22:03:04.132 [http-nio-8080-exec-6] DEBUG c.z.e.m.m.a.AdminMapper.selectById - <==      Total: 1
2026-04-28 22:03:04.132 [http-nio-8080-exec-6] DEBUG c.z.e.m.m.a.A.findAdminInfoById - ==>  Preparing: select * from admin_admin left join admin_admin_role on admin_admin.admin_id = admin_admin_role.adminId left join admin_role on admin_admin_role.roleId = admin_role.role_id and admin_role.deleted = 0 left join admin_role_permission on admin_role.role_id = admin_role_permission.roleId left join admin_permission on admin_role_permission.permissionId = admin_permission.permission_id and admin_permission.deleted = 0 where admin_admin.admin_id = ? and admin_admin.deleted = 0
2026-04-28 22:03:04.133 [http-nio-8080-exec-6] DEBUG c.z.e.m.m.a.A.findAdminInfoById - ==> Parameters: 1(Integer)
2026-04-28 22:03:04.245 [http-nio-8080-exec-6] DEBUG c.z.e.m.m.a.A.findAdminInfoById - <==      Total: 1
2026-04-28 22:03:04.246 [http-nio-8080-exec-6] INFO  c.z.e.interceptor.UsallyInterceptor - 【请求开始】Method: GET, URI: /api/admin/firstCategoryQuestionBank/findFirstCategoryQuestionBankById, Controller: AdminFirstCategoryQuestionBankController.findFirstCategoryQuestionBankById, IP: 0:0:0:0:0:0:0:1, Params: {"questionBankId":"1","_t":"1777384983941","userId":"1"}
2026-04-28 22:03:04.365 [http-nio-8080-exec-6] INFO  c.z.e.s.s.S.ServiceLogAspect - 【Service执行】类: AdminFirstCategoryQuestionBankServiceImpl, 方法: findFirstCategoryQuestionBankById, 参数: [1,1]
2026-04-28 22:03:04.368 [http-nio-8080-exec-6] DEBUG c.z.e.m.m.u.U.selectList - ==>  Preparing: SELECT firstCategoryQuestionBankUser_userId,firstCategoryQuestionBankUser_questionBankId,firstCategoryQuestionBankUser_questionFirstCategoryId,firstCategoryQuestionBankUser_questionFirstCategoryName,firstCategoryQuestionBankUser_questionSecondCategoryId,firstCategoryQuestionBankUser_questionSecondCategoryName,firstCategoryQuestionBankUser_answerStatus,firstCategoryQuestionBankUser_createTime,firstCategoryQuestionBankUser_updateTime FROM general_firstCategory_questionBank_user WHERE (firstCategoryQuestionBankUser_userId = ? AND firstCategoryQuestionBankUser_questionBankId = ?)
2026-04-28 22:03:04.369 [http-nio-8080-exec-6] DEBUG c.z.e.m.m.u.U.selectList - ==> Parameters: 1(Integer), 1(Integer)
2026-04-28 22:03:04.405 [http-nio-8080-exec-6] DEBUG c.z.e.m.m.u.U.selectList - <==      Total: 1
2026-04-28 22:03:04.408 [http-nio-8080-exec-6] INFO  c.z.e.s.s.S.ServiceLogAspect - 【Service完成】类: AdminFirstCategoryQuestionBankServiceImpl, 方法: findFirstCategoryQuestionBankById, 返回值: {"firstCategoryQuestionBankUserUserId":1,"firstCategoryQuestionBankUserQuestionBankId":1,"firstCategoryQuestionBankUserQuestionFirstCategoryId":1,"firstCategoryQuestionBankUserQuestionFirstCategoryName":"互联网","firstCategoryQuestionBankUserQuestionSecondCategoryId":1,"firstCategoryQuestionBankUserQuestionSecondCategoryName":"后端开发-Java","firstCategoryQuestionBankUserAnswerStatus":2,"firstCategoryQuestionBankUserCreateTime":1777004090000,"firstCategoryQuestionBankUserUpdateTime":1777005132000}, 耗时: 41ms
2026-04-28 22:03:04.587 [http-nio-8080-exec-6] INFO  c.z.e.interceptor.UsallyInterceptor - 【请求结束】Method: GET, URI: /api/admin/firstCategoryQuestionBank/findFirstCategoryQuestionBankById, Controller: AdminFirstCategoryQuestionBankController.findFirstCategoryQuestionBankById, Status: 200, Duration: 341ms
2026-04-28 22:03:09.252 [http-nio-8080-exec-4] DEBUG c.z.e.m.m.a.AdminMapper.selectById - ==>  Preparing: SELECT admin_id,admin_account,admin_username,admin_email,admin_phone,admin_password,admin_image,admin_introduce,admin_state,admin_loginTime,deleted FROM admin_admin WHERE admin_id=? AND deleted=0
2026-04-28 22:03:09.253 [http-nio-8080-exec-4] DEBUG c.z.e.m.m.a.AdminMapper.selectById - ==> Parameters: 1(Integer)
2026-04-28 22:03:09.317 [http-nio-8080-exec-4] DEBUG c.z.e.m.m.a.AdminMapper.selectById - <==      Total: 1
2026-04-28 22:03:09.317 [http-nio-8080-exec-4] DEBUG c.z.e.m.m.a.A.findAdminInfoById - ==>  Preparing: select * from admin_admin left join admin_admin_role on admin_admin.admin_id = admin_admin_role.adminId left join admin_role on admin_admin_role.roleId = admin_role.role_id and admin_role.deleted = 0 left join admin_role_permission on admin_role.role_id = admin_role_permission.roleId left join admin_permission on admin_role_permission.permissionId = admin_permission.permission_id and admin_permission.deleted = 0 where admin_admin.admin_id = ? and admin_admin.deleted = 0
2026-04-28 22:03:09.317 [http-nio-8080-exec-4] DEBUG c.z.e.m.m.a.A.findAdminInfoById - ==> Parameters: 1(Integer)
2026-04-28 22:03:09.427 [http-nio-8080-exec-4] DEBUG c.z.e.m.m.a.A.findAdminInfoById - <==      Total: 1
2026-04-28 22:03:09.428 [http-nio-8080-exec-4] INFO  c.z.e.interceptor.UsallyInterceptor - 【请求开始】Method: POST, URI: /api/admin/scoreTrainingData/findScoreTrainingDataByPage, Controller: AdminScoreTrainingDataController.findScoreTrainingDataByPage, IP: 0:0:0:0:0:0:0:1, Params: {"pageSize":"10","pageNum":"1"}
2026-04-28 22:03:09.474 [http-nio-8080-exec-4] INFO  c.z.e.s.s.S.ServiceLogAspect - 【Service执行】类: AdminScoreTrainingDataServiceImpl, 方法: findScoreTrainingDataByPage, 参数: [1,10,{"scoreTrainingDataResumeName":"","scoreTrainingDataIndustryName":""}]
2026-04-28 22:03:09.482 [http-nio-8080-exec-4] DEBUG c.z.e.m.m.a.A.selectList_mpCount - ==>  Preparing: SELECT COUNT(*) AS total FROM admin_scoreTrainingData WHERE deleted = 0 AND (deleted = ?)
2026-04-28 22:03:09.484 [http-nio-8080-exec-4] DEBUG c.z.e.m.m.a.A.selectList_mpCount - ==> Parameters: 0(Integer)
2026-04-28 22:03:09.518 [http-nio-8080-exec-4] DEBUG c.z.e.m.m.a.A.selectList_mpCount - <==      Total: 1
2026-04-28 22:03:09.519 [http-nio-8080-exec-4] DEBUG c.z.e.m.m.a.A.selectList - ==>  Preparing: SELECT scoreTrainingData_id,scoreTrainingData_resumeName,scoreTrainingData_industryName,scoreTrainingData_resumeContent,scoreTrainingData_labelScore,scoreTrainingData_dataSource,scoreTrainingData_createTime,deleted FROM admin_scoreTrainingData WHERE deleted=0 AND (deleted = ?) ORDER BY scoreTrainingData_createTime DESC LIMIT ?
2026-04-28 22:03:09.520 [http-nio-8080-exec-4] DEBUG c.z.e.m.m.a.A.selectList - ==> Parameters: 0(Integer), 10(Long)
2026-04-28 22:03:09.644 [http-nio-8080-exec-4] DEBUG c.z.e.m.m.a.A.selectList - <==      Total: 7
2026-04-28 22:03:09.650 [http-nio-8080-exec-4] INFO  c.z.e.s.s.S.ServiceLogAspect - 【Service完成】类: AdminScoreTrainingDataServiceImpl, 方法: findScoreTrainingDataByPage, 返回值: {"records":[{"scoreTrainingDataId":7,"scoreTrainingDataResumeName":"123123","scoreTrainingDataIndustryName":"互联网","scoreTrainingDataLabelScore":0,"scoreTrainingDataDataSource":1,"scoreTrainingDataCreateTime":1777019557000},{"scoreTrainingDataId":6,"scoreTrainingDataResumeName":"123123","scoreTrainingDataIndustryName":"互联网","scoreTrainingDataLabelScore":0,"scoreTrainingDataDataSource":1,"scoreTrainingDataCreateTime":1777003504000},{"scoreTrainingDataId":5,"scoreTrainingDataResumeName":"123123","scoreTrainingDataIndustryName":"互联网","scoreTrainingDataLabelScore":0,"scoreTrainingDataDataSource":1,"scoreTrainingDataCreateTime":1777003161000},{"scoreTrainingDataId":4,"scoreTrainingDataResumeName":"优秀中级前端开发工程师简历","scoreTrainingDataIndustryName":"互联网","scoreTrainingDataLabelScore":88,"scoreTrainingDataDataSource":0,"scoreTrainingDataCreateTime":1776863068000},{"scoreTrainingDataId":3,"scoreTrainingDataResumeName":"基础初级前端开发工程师简历","scoreTrainingDataIndustryName":"互联网","scoreTrainingDataLabelScore":60,"scoreTrainingDataDataSource":0,"scoreTrainingDataCreateTime":1776863039000},{"scoreTrainingDataId":2,"scoreTrainingDataResumeName":"中等初级前端开发工程师简历","scoreTrainingDataIndustryName":"互联网","scoreTrainingDataLabelScore":72,"scoreTrainingDataDataSource":0,"scoreTrainingDataCreateTime":1776863037000},{"scoreTrainingDataId":1,"scoreTrainingDataResumeName":"优秀初级前端开发工程师简历","scoreTrainingDataIndustryName":"互联网","scoreTrainingDataLabelScore":82,"scoreTrainingDataDataSource":0,"scoreTrainingDataCreateTime":1776862799000}],"total":7,"size":10,"current":1}, 耗时: 173ms
2026-04-28 22:03:09.737 [http-nio-8080-exec-4] INFO  c.z.e.interceptor.UsallyInterceptor - 【请求结束】Method: POST, URI: /api/admin/scoreTrainingData/findScoreTrainingDataByPage, Controller: AdminScoreTrainingDataController.findScoreTrainingDataByPage, Status: 200, Duration: 309ms
2026-04-28 22:03:10.942 [http-nio-8080-exec-7] DEBUG c.z.e.m.m.a.AdminMapper.selectById - ==>  Preparing: SELECT admin_id,admin_account,admin_username,admin_email,admin_phone,admin_password,admin_image,admin_introduce,admin_state,admin_loginTime,deleted FROM admin_admin WHERE admin_id=? AND deleted=0
2026-04-28 22:03:10.942 [http-nio-8080-exec-7] DEBUG c.z.e.m.m.a.AdminMapper.selectById - ==> Parameters: 1(Integer)
2026-04-28 22:03:11.003 [http-nio-8080-exec-7] DEBUG c.z.e.m.m.a.AdminMapper.selectById - <==      Total: 1
2026-04-28 22:03:11.003 [http-nio-8080-exec-7] DEBUG c.z.e.m.m.a.A.findAdminInfoById - ==>  Preparing: select * from admin_admin left join admin_admin_role on admin_admin.admin_id = admin_admin_role.adminId left join admin_role on admin_admin_role.roleId = admin_role.role_id and admin_role.deleted = 0 left join admin_role_permission on admin_role.role_id = admin_role_permission.roleId left join admin_permission on admin_role_permission.permissionId = admin_permission.permission_id and admin_permission.deleted = 0 where admin_admin.admin_id = ? and admin_admin.deleted = 0
2026-04-28 22:03:11.004 [http-nio-8080-exec-7] DEBUG c.z.e.m.m.a.A.findAdminInfoById - ==> Parameters: 1(Integer)
2026-04-28 22:03:11.117 [http-nio-8080-exec-7] DEBUG c.z.e.m.m.a.A.findAdminInfoById - <==      Total: 1
2026-04-28 22:03:11.118 [http-nio-8080-exec-7] INFO  c.z.e.interceptor.UsallyInterceptor - 【请求开始】Method: GET, URI: /api/admin/scoreTrainingData/findScoreTrainingDataById, Controller: AdminScoreTrainingDataController.findScoreTrainingDataById, IP: 0:0:0:0:0:0:0:1, Params: {"_t":"1777384990769","scoreTrainingDataId":"7"}
2026-04-28 22:03:11.227 [http-nio-8080-exec-7] INFO  c.z.e.s.s.S.ServiceLogAspect - 【Service执行】类: AdminScoreTrainingDataServiceImpl, 方法: findScoreTrainingDataById, 参数: [7]
2026-04-28 22:03:11.229 [http-nio-8080-exec-7] DEBUG c.z.e.m.m.a.A.selectList - ==>  Preparing: SELECT scoreTrainingData_id,scoreTrainingData_resumeName,scoreTrainingData_industryName,scoreTrainingData_resumeContent,scoreTrainingData_labelScore,scoreTrainingData_dataSource,scoreTrainingData_createTime,deleted FROM admin_scoreTrainingData WHERE deleted=0 AND (scoreTrainingData_id = ? AND deleted = ?)
2026-04-28 22:03:11.229 [http-nio-8080-exec-7] DEBUG c.z.e.m.m.a.A.selectList - ==> Parameters: 7(Integer), 0(Integer)
2026-04-28 22:03:11.354 [http-nio-8080-exec-7] DEBUG c.z.e.m.m.a.A.selectList - <==      Total: 1
2026-04-28 22:03:11.358 [http-nio-8080-exec-7] INFO  c.z.e.s.s.S.ServiceLogAspect - 【Service完成】类: AdminScoreTrainingDataServiceImpl, 方法: findScoreTrainingDataById, 返回值: {"scoreTrainingDataId":7,"scoreTrainingDataResumeName":"123123","scoreTrainingDataIndustryName":"互联网","scoreTrainingDataResumeContent":"const ResumeTemplate = () => {\n  return (\n    <div dangerouslySetInnerHTML={{ __html: `<div><div style=\"font-family: &quot;Microsoft YaHei&quot;, sans-serif; max-width: 800px; margin: 0px auto; padding: 40px; background: white;\"><div style=\"text-align: center; margin-bottom: 30px; border-bottom: 2px solid rgb(24, 144, 255); padding-bottom: 20px;\"><div style=\"font-size: 28px; font-weight: bold; color: rgb(24, 144, 255); margin-bottom: 10px;\">s张三ssssss</div><div style=\"font-size: 14px; color: rgb(102, 102, 102);\">📱 138-0000-0000 | ✉️ zhangsan@email.com | 📍 北京市</div></div><div style=\"margin-bottom: 25px;\"><div style=\"font-size: 18px; font-weight: bold; color: rgb(24, 144, 255); border-left: 4px solid rgb(24, 144, 255); padding-left: 10px; margin-bottom: 15px;\">教育背景</div><div style=\"margin-bottom: 15px;\"><div style=\"display: flex; justify-content: space-between; margin-bottom: 5px;\"><span style=\"font-weight: bold; font-size: 15px;\">北京大学 · 计算机科学与技术</span><span style=\"color: rgb(153, 153, 153); font-size: 13px;\">2018.09 - 2022.06</span></div><div style=\"font-size: 14px; color: rgb(51, 51, 51); line-height: 1.6;\">本科 | GPA: 3.8/4.0</div></div></div><div style=\"margin-bottom: 25px;\"><div style=\"font-size: 18px; font-weight: bold; color: rgb(24, 144, 255); border-left: 4px solid rgb(24, 144, 255); padding-left: 10px; margin-bottom: 15px;\">工作经历</div><div style=\"margin-bottom: 15px;\"><div style=\"display: flex; justify-content: space-between; margin-bottom: 5px;\"><span style=\"font-weight: bold; font-size: 15px;\">阿里巴巴 · 前端开发工程师</span><span style=\"color: rgb(153, 153, 153); font-size: 13px;\">2022.07 - 至今</span></div><div style=\"font-size: 14px; color: rgb(51, 51, 51); line-height: 1.6;\">• 负责淘宝商家后台系统开发，使用 React + TypeScript<br>• 优化页面性能，首屏加载时间降低 40%<br>• 主导组件库建设，提升团队开发效率 30%</div></div></div><div style=\"margin-bottom: 25px;\"><div style=\"font-size: 18px; font-weight: bold; color: rgb(24, 144, 255); border-left: 4px solid rgb(24, 144, 255); padding-left: 10px; margin-bottom: 15px;\">项目经验</div><div style=\"margin-bottom: 15px;\"><div style=\"display: flex; justify-content: space-between; margin-bottom: 5px;\"><span style=\"font-weight: bold; font-size: 15px;\">电商管理系统</span><span style=\"color: rgb(153, 153, 153); font-size: 13px;\">2023.01 - 2023.06</span></div><div style=\"font-size: 14px; color: rgb(51, 51, 51); line-height: 1.6;\">• 使用 React 18 + Ant Design 搭建后台管理系统<br>• 实现权限管理、数据可视化、订单管理等核心模块<br>• 采用 React Query 优化数据请求，提升用户体验</div></div></div><div style=\"margin-bottom: 25px;\"><div style=\"font-size: 18px; font-weight: bold; color: rgb(24, 144, 255); border-left: 4px solid rgb(24, 144, 255); padding-left: 10px; margin-bottom: 15px;\">专业技能</div><div style=\"display: flex; flex-wrap: wrap; gap: 8px;\"><span style=\"background: rgb(230, 247, 255); color: rgb(24, 144, 255); padding: 4px 12px; border-radius: 4px; font-size: 13px;\">React</span><span style=\"background: rgb(230, 247, 255); color: rgb(24, 144, 255); padding: 4px 12px; border-radius: 4px; font-size: 13px;\">TypeScript</span><span style=\"background: rgb(230, 247, 255); color: rgb(24, 144, 255); padding: 4px 12px; border-radius: 4px; font-size: 13px;\">Vue.js</span><span style=\"background: rgb(230, 247, 255); color: rgb(24, 144, 255); padding: 4px 12px; border-radius: 4px; font-size: 13px;\">Node.js</span><span style=\"background: rgb(230, 247, 255); color: rgb(24, 144, 255); padding: 4px 12px; border-radius: 4px; font-size: 13px;\">Webpack</span><span style=\"background: rgb(230, 247, 255); color: rgb(24, 144, 255); padding: 4px 12px; border-radius: 4px; font-size: 13px;\">Git</span></div></div></div></div>` }} />\n  )\n}\n\nrender(<ResumeTemplate />)","scoreTrainingDataLabelScore":0,"scoreTrainingDataDataSource":1,"scoreTrainingDataCreateTime":1777019557000}, 耗时: 130ms
2026-04-28 22:03:11.567 [http-nio-8080-exec-7] INFO  c.z.e.interceptor.UsallyInterceptor - 【请求结束】Method: GET, URI: /api/admin/scoreTrainingData/findScoreTrainingDataById, Controller: AdminScoreTrainingDataController.findScoreTrainingDataById, Status: 200, Duration: 449ms
2026-04-28 22:03:14.321 [http-nio-8080-exec-8] DEBUG c.z.e.m.m.a.AdminMapper.selectById - ==>  Preparing: SELECT admin_id,admin_account,admin_username,admin_email,admin_phone,admin_password,admin_image,admin_introduce,admin_state,admin_loginTime,deleted FROM admin_admin WHERE admin_id=? AND deleted=0
2026-04-28 22:03:14.321 [http-nio-8080-exec-8] DEBUG c.z.e.m.m.a.AdminMapper.selectById - ==> Parameters: 1(Integer)
2026-04-28 22:03:14.390 [http-nio-8080-exec-8] DEBUG c.z.e.m.m.a.AdminMapper.selectById - <==      Total: 1
2026-04-28 22:03:14.390 [http-nio-8080-exec-8] DEBUG c.z.e.m.m.a.A.findAdminInfoById - ==>  Preparing: select * from admin_admin left join admin_admin_role on admin_admin.admin_id = admin_admin_role.adminId left join admin_role on admin_admin_role.roleId = admin_role.role_id and admin_role.deleted = 0 left join admin_role_permission on admin_role.role_id = admin_role_permission.roleId left join admin_permission on admin_role_permission.permissionId = admin_permission.permission_id and admin_permission.deleted = 0 where admin_admin.admin_id = ? and admin_admin.deleted = 0
2026-04-28 22:03:14.390 [http-nio-8080-exec-8] DEBUG c.z.e.m.m.a.A.findAdminInfoById - ==> Parameters: 1(Integer)
2026-04-28 22:03:14.444 [http-nio-8080-exec-8] DEBUG c.z.e.m.m.a.A.findAdminInfoById - <==      Total: 1
2026-04-28 22:03:14.446 [http-nio-8080-exec-8] INFO  c.z.e.interceptor.UsallyInterceptor - 【请求开始】Method: POST, URI: /api/admin/scoreModelTrainCode/findScoreModelTrainCodeByPage, Controller: AdminScoreModelTrainCodeController.findScoreModelTrainCodeByPage, IP: 0:0:0:0:0:0:0:1, Params: {"pageSize":"10","pageNum":"1"}
2026-04-28 22:03:14.588 [http-nio-8080-exec-8] INFO  c.z.e.s.s.S.ServiceLogAspect - 【Service执行】类: AdminScoreModelTrainCodeServiceImpl, 方法: findScoreModelTrainCodeByPage, 参数: [1,10,{"scoreModelTrainCodeName":"","scoreModelTrainCodeLanguage":""}]
2026-04-28 22:03:14.601 [http-nio-8080-exec-8] DEBUG c.z.e.m.m.a.A.selectList_mpCount - ==>  Preparing: SELECT COUNT(*) AS total FROM admin_scoreModelTrainCode WHERE deleted = 0 AND (deleted = ?)
2026-04-28 22:03:14.601 [http-nio-8080-exec-8] DEBUG c.z.e.m.m.a.A.selectList_mpCount - ==> Parameters: 0(Integer)
2026-04-28 22:03:14.718 [http-nio-8080-exec-8] DEBUG c.z.e.m.m.a.A.selectList_mpCount - <==      Total: 1
2026-04-28 22:03:14.719 [http-nio-8080-exec-8] DEBUG c.z.e.m.m.a.A.selectList - ==>  Preparing: SELECT scoreModelTrainCode_id,scoreModelTrainCode_name,scoreModelTrainCode_version,scoreModelTrainCode_language,scoreModelTrainCode_content,scoreModelTrainCode_desc,scoreModelTrainCode_createTime,deleted FROM admin_scoreModelTrainCode WHERE deleted=0 AND (deleted = ?) ORDER BY scoreModelTrainCode_createTime DESC LIMIT ?
2026-04-28 22:03:14.719 [http-nio-8080-exec-8] DEBUG c.z.e.m.m.a.A.selectList - ==> Parameters: 0(Integer), 10(Long)
2026-04-28 22:03:14.868 [http-nio-8080-exec-8] DEBUG c.z.e.m.m.a.A.selectList - <==      Total: 1
2026-04-28 22:03:14.876 [http-nio-8080-exec-8] INFO  c.z.e.s.s.S.ServiceLogAspect - 【Service完成】类: AdminScoreModelTrainCodeServiceImpl, 方法: findScoreModelTrainCodeByPage, 返回值: {"records":[{"scoreModelTrainCodeId":1,"scoreModelTrainCodeName":"基于XgBoost的简历评分模型代码","scoreModelTrainCodeVersion":"V0.0","scoreModelTrainCodeLanguage":"Python","scoreModelTrainCodeDesc":"基于XgBoost的简历评分模型代码","scoreModelTrainCodeCreateTime":1776908820000}],"total":1,"size":10,"current":1}, 耗时: 285ms
2026-04-28 22:03:15.004 [http-nio-8080-exec-8] INFO  c.z.e.interceptor.UsallyInterceptor - 【请求结束】Method: POST, URI: /api/admin/scoreModelTrainCode/findScoreModelTrainCodeByPage, Controller: AdminScoreModelTrainCodeController.findScoreModelTrainCodeByPage, Status: 200, Duration: 558ms
2026-04-28 22:03:16.702 [http-nio-8080-exec-3] DEBUG c.z.e.m.m.a.AdminMapper.selectById - ==>  Preparing: SELECT admin_id,admin_account,admin_username,admin_email,admin_phone,admin_password,admin_image,admin_introduce,admin_state,admin_loginTime,deleted FROM admin_admin WHERE admin_id=? AND deleted=0
2026-04-28 22:03:16.702 [http-nio-8080-exec-3] DEBUG c.z.e.m.m.a.AdminMapper.selectById - ==> Parameters: 1(Integer)
2026-04-28 22:03:16.866 [http-nio-8080-exec-3] DEBUG c.z.e.m.m.a.AdminMapper.selectById - <==      Total: 1
2026-04-28 22:03:16.866 [http-nio-8080-exec-3] DEBUG c.z.e.m.m.a.A.findAdminInfoById - ==>  Preparing: select * from admin_admin left join admin_admin_role on admin_admin.admin_id = admin_admin_role.adminId left join admin_role on admin_admin_role.roleId = admin_role.role_id and admin_role.deleted = 0 left join admin_role_permission on admin_role.role_id = admin_role_permission.roleId left join admin_permission on admin_role_permission.permissionId = admin_permission.permission_id and admin_permission.deleted = 0 where admin_admin.admin_id = ? and admin_admin.deleted = 0
2026-04-28 22:03:16.866 [http-nio-8080-exec-3] DEBUG c.z.e.m.m.a.A.findAdminInfoById - ==> Parameters: 1(Integer)
2026-04-28 22:03:16.972 [http-nio-8080-exec-3] DEBUG c.z.e.m.m.a.A.findAdminInfoById - <==      Total: 1
2026-04-28 22:03:16.974 [http-nio-8080-exec-3] INFO  c.z.e.interceptor.UsallyInterceptor - 【请求开始】Method: GET, URI: /api/admin/scoreModelTrainCode/findScoreModelTrainCodeById, Controller: AdminScoreModelTrainCodeController.findScoreModelTrainCodeById, IP: 0:0:0:0:0:0:0:1, Params: {"_t":"1777384996561","scoreModelTrainCodeId":"1"}
2026-04-28 22:03:17.085 [http-nio-8080-exec-3] INFO  c.z.e.s.s.S.ServiceLogAspect - 【Service执行】类: AdminScoreModelTrainCodeServiceImpl, 方法: findScoreModelTrainCodeById, 参数: [1]
2026-04-28 22:03:17.090 [http-nio-8080-exec-3] DEBUG c.z.e.m.m.a.A.selectList - ==>  Preparing: SELECT scoreModelTrainCode_id,scoreModelTrainCode_name,scoreModelTrainCode_version,scoreModelTrainCode_language,scoreModelTrainCode_content,scoreModelTrainCode_desc,scoreModelTrainCode_createTime,deleted FROM admin_scoreModelTrainCode WHERE deleted=0 AND (scoreModelTrainCode_id = ? AND deleted = ?)
2026-04-28 22:03:17.090 [http-nio-8080-exec-3] DEBUG c.z.e.m.m.a.A.selectList - ==> Parameters: 1(Integer), 0(Integer)
2026-04-28 22:03:17.311 [http-nio-8080-exec-3] DEBUG c.z.e.m.m.a.A.selectList - <==      Total: 1
2026-04-28 22:03:17.316 [http-nio-8080-exec-3] INFO  c.z.e.s.s.S.ServiceLogAspect - 【Service完成】类: AdminScoreModelTrainCodeServiceImpl, 方法: findScoreModelTrainCodeById, 返回值: {"scoreModelTrainCodeId":1,"scoreModelTrainCodeName":"基于XgBoost的简历评分模型代码","scoreModelTrainCodeVersion":"V0.0","scoreModelTrainCodeLanguage":"Python","scoreModelTrainCodeContent":"++++???++++\n文件名:基于XgBoost的简历评分模型代码.py\n# -*- coding: utf-8 -*-\n\"\"\"\n简历评分模型训练脚本（Excel 输入单文件版）\n\n依赖安装：\npip install pandas openpyxl numpy scikit-learn xgboost FlagEmbedding\n\n运行示例：\npython resume_score_train_excel.py --excel-path \"D:/train_data.xlsx\"\n\n可选示例：\npython resume_score_train_excel.py \\\n  --excel-path \"D:/train_data.xlsx\" \\\n  --sheet-name 0 \\\n  --embedding-model-name \"BAAI/bge-m3\" \\\n  --model-name \"resume-score-model\" \\\n  --model-type \"xgboost\"\n\"\"\"\n\nimport argparse\nimport json\nimport logging\nimport re\nimport time\nfrom datetime import datetime\nfrom pathlib import Path\nfrom typing import Any, Dict, List, Union\n\nimport numpy as np\nimport pandas as pd\nfrom sklearn.metrics import mean_absolute_error, mean_squared_error, r2_score\nfrom sklearn.model_selection import train_test_split\nfrom xgboost import XGBRegressor\n\n\nLOGGER = logging.getLogger(\"resume_score_train_excel\")\nSCRIPT_PATH = Path(__file__).resolve()\nPROJECT_ROOT = SCRIPT_PATH.parents[8]\nDEFAULT_OUTPUT_ROOT = PROJECT_ROOT / \"upload\"\n\nCOL_ID = \"训练数据ID\"\nCOL_INDUSTRY_NAME = \"行业名称\"\nCOL_RESUME_NAME = \"简历名称\"\nCOL_RESUME_CONTENT = \"简历内容\"\nCOL_LABEL_SCORE = \"训练标签分数\"\n\n\ndef init_logger() -> None:\n    logging.basicConfig(\n        level=logging.INFO,\n        format=\"%(asctime)s [%(levelname)s] %(message)s\",\n    )\n\n\ndef parse_args() -> argparse.Namespace:\n    parser = argparse.ArgumentParser(description=\"简历评分模型训练脚本（Excel 输入版）\")\n    parser.add_argument(\"--excel-path\", required=True, help=\"训练 Excel 路径\")\n    parser.add_argument(\"--sheet-name\", default=\"0\", help=\"sheet 名称或索引，默认 0\")\n    parser.add_argument(\"--embedding-model-name\", default=\"BAAI/bge-m3\", help=\"embedding 模型名\")\n    parser.add_argument(\"--model-name\", default=\"resume-score-model\", help=\"模型名称\")\n    parser.add_argument(\"--model-type\", default=\"xgboost\", help=\"模型类型\")\n    parser.add_argument(\"--output-root\", default=str(DEFAULT_OUTPUT_ROOT), help=\"模型输出根目录\")\n    parser.add_argument(\"--batch-size\", type=int, default=8, help=\"embedding 批大小\")\n    parser.add_argument(\"--max-length\", type=int, default=8192, help=\"embedding 最大长度\")\n    parser.add_argument(\"--min-content-length\", type=int, default=20, help=\"简历内容最小长度\")\n    parser.add_argument(\"--test-size\", type=float, default=0.2, help=\"验证集比例\")\n    parser.add_argument(\"--random-state\", type=int, default=42, help=\"随机种子\")\n    parser.add_argument(\"--n-estimators\", type=int, default=300, help=\"XGBoost 树数量\")\n    parser.add_argument(\"--learning-rate\", type=float, default=0.05, help=\"学习率\")\n    parser.add_argument(\"--max-depth\", type=int, default=6, help=\"树深度\")\n    parser.add_argument(\"--subsample\", type=float, default=0.9, help=\"subsample\")\n    parser.add_argument(\"--colsample-bytree\", type=float, default=0.9, help=\"colsample_bytree\")\n    parser.add_argument(\"--reg-lambda\", type=float, default=1.0, help=\"L2 正则\")\n    parser.add_argument(\"--n-jobs\", type=int, default=-1, help=\"并行线程数\")\n    parser.add_argument(\"--use-fp16\", action=\"store_true\", help=\"如果有 GPU，可以打开 fp16\")\n    parser.add_argument(\"--version\", default=\"\", help=\"手动指定版本号，不传则自动生成\")\n    return parser.parse_args()\n\n\ndef resolve_sheet_name(sheet_name_arg: str) -> Union[int, str]:\n    sheet_name_arg = str(sheet_name_arg).strip()\n    if sheet_name_arg.isdigit():\n        return int(sheet_name_arg)\n    return sheet_name_arg\n\n\ndef normalize_text(value: Any) -> str:\n    if value is None:\n        return \"\"\n    return str(value).strip()\n\n\ndef build_sample_text(resume_name: str, industry_name: str, resume_content: str) -> str:\n    return (\n        f\"[简历名称] {resume_name.strip()}\\n\"\n        f\"[行业名称] {industry_name.strip()}\\n\"\n        f\"[简历内容] {resume_content.strip()}\"\n    )\n\n\ndef load_excel_samples(excel_path: str, sheet_name: Union[int, str], min_content_length: int) -> List[Dict[str, Any]]:\n    df = pd.read_excel(excel_path, sheet_name=sheet_name, engine=\"openpyxl\")\n\n    required_columns = [\n        COL_ID,\n        COL_INDUSTRY_NAME,\n        COL_RESUME_NAME,\n        COL_RESUME_CONTENT,\n        COL_LABEL_SCORE,\n    ]\n    missing_columns = [col for col in required_columns if col not in df.columns]\n    if missing_columns:\n        raise ValueError(f\"Excel 缺少必需列: {missing_columns}\")\n\n    df = df[required_columns].copy()\n    df = df.rename(\n        columns={\n            COL_ID: \"sample_id\",\n            COL_INDUSTRY_NAME: \"industry_name\",\n            COL_RESUME_NAME: \"resume_name\",\n            COL_RESUME_CONTENT: \"resume_content\",\n            COL_LABEL_SCORE: \"label_score\",\n        }\n    )\n\n    df[\"resume_name\"] = df[\"resume_name\"].fillna(\"\").astype(str).str.strip()\n    df[\"industry_name\"] = df[\"industry_name\"].fillna(\"\").astype(str).str.strip()\n    df[\"resume_content\"] = df[\"resume_content\"].fillna(\"\").astype(str).str.strip()\n    df[\"label_score\"] = pd.to_numeric(df[\"label_score\"], errors=\"coerce\")\n\n    df = df[\n        (df[\"resume_name\"] != \"\")\n        & (df[\"industry_name\"] != \"\")\n        & (df[\"resume_content\"] != \"\")\n        & df[\"label_score\"].notna()\n    ].copy()\n\n    df = df[df[\"resume_content\"].str.len() >= min_content_length].copy()\n    df = df.drop_duplicates(subset=[\"resume_name\", \"industry_name\", \"resume_content\"]).copy()\n\n    if df.empty:\n        raise ValueError(\"清洗后没有可用训练样本\")\n\n    sample_texts = []\n    for _, row in df.iterrows():\n        sample_texts.append(\n            build_sample_text(\n                resume_name=row[\"resume_name\"],\n                industry_name=row[\"industry_name\"],\n                resume_content=row[\"resume_content\"],\n            )\n        )\n    df[\"sample_text\"] = sample_texts\n\n    LOGGER.info(\"Excel 样本读取并清洗完成，剩余 %s 条\", len(df))\n\n    result: List[Dict[str, Any]] = []\n    for _, row in df.iterrows():\n        result.append(\n            {\n                \"sample_id\": int(row[\"sample_id\"]) if pd.notna(row[\"sample_id\"]) else None,\n                \"resume_name\": row[\"resume_name\"],\n                \"industry_name\": row[\"industry_name\"],\n                \"resume_content\": row[\"resume_content\"],\n                \"label_score\": float(row[\"label_score\"]),\n                \"sample_text\": row[\"sample_text\"],\n            }\n        )\n    return result\n\n\ndef build_embeddings(\n    texts: List[str],\n    embedding_model_name: str,\n    batch_size: int,\n    max_length: int,\n    use_fp16: bool,\n) -> np.ndarray:\n    from FlagEmbedding import BGEM3FlagModel\n\n    LOGGER.info(\"开始加载 embedding 模型: %s\", embedding_model_name)\n    embedding_model = BGEM3FlagModel(embedding_model_name, use_fp16=use_fp16)\n\n    LOGGER.info(\"开始生成 embedding，样本数: %s\", len(texts))\n    result = embedding_model.encode(\n        texts,\n        batch_size=batch_size,\n        max_length=max_length,\n    )\n\n    embeddings = np.asarray(result[\"dense_vecs\"], dtype=np.float32)\n    if embeddings.ndim != 2:\n        raise ValueError(\"embedding 结果维度不正确\")\n\n    LOGGER.info(\"embedding 完成，向量维度: %s\", embeddings.shape[1])\n    return embeddings\n\n\ndef compute_metric_block(y_true: np.ndarray, y_pred: np.ndarray, prefix: str) -> Dict[str, Any]:\n    return {\n        f\"{prefix}_rmse\": round(float(np.sqrt(mean_squared_error(y_true, y_pred))), 6),\n        f\"{prefix}_mae\": round(float(mean_absolute_error(y_true, y_pred)), 6),\n        f\"{prefix}_r2\": round(float(r2_score(y_true, y_pred)), 6),\n    }\n\n\ndef train_xgboost_model(X: np.ndarray, y: np.ndarray, args: argparse.Namespace):\n    model = XGBRegressor(\n        objective=\"reg:squarederror\",\n        n_estimators=args.n_estimators,\n        learning_rate=args.learning_rate,\n        max_depth=args.max_depth,\n        subsample=args.subsample,\n        colsample_bytree=args.colsample_bytree,\n        reg_lambda=args.reg_lambda,\n        random_state=args.random_state,\n        n_jobs=args.n_jobs,\n        tree_method=\"hist\",\n    )\n\n    if len(X) >= 10:\n        X_train, X_valid, y_train, y_valid = train_test_split(\n            X,\n            y,\n            test_size=args.test_size,\n            random_state=args.random_state,\n        )\n\n        LOGGER.info(\"开始训练 XGBoost，训练集=%s，验证集=%s\", len(X_train), len(X_valid))\n        model.fit(X_train, y_train)\n\n        train_pred = model.predict(X_train)\n        valid_pred = model.predict(X_valid)\n\n        metrics = {\n            \"eval_mode\": \"train_valid_split\",\n            \"train_size\": int(len(X_train)),\n            \"valid_size\": int(len(X_valid)),\n        }\n        metrics.update(compute_metric_block(y_train, train_pred, \"train\"))\n        metrics.update(compute_metric_block(y_valid, valid_pred, \"valid\"))\n        return model, metrics\n\n    LOGGER.warning(\"样本数量小于10，改为全量训练并在训练集上评估\")\n    model.fit(X, y)\n\n    pred = model.predict(X)\n    metrics = {\n        \"eval_mode\": \"train_only\",\n        \"train_size\": int(len(X)),\n        \"valid_size\": 0,\n    }\n    metrics.update(compute_metric_block(y, pred, \"train\"))\n    return model, metrics\n\n\ndef sanitize_file_name(file_name: str) -> str:\n    file_name = normalize_text(file_name)\n    file_name = re.sub(r'[<>:\"/\\\\|?*\\x00-\\x1f]+', \"_\", file_name)\n    file_name = re.sub(r\"\\s+\", \"_\", file_name)\n    file_name = re.sub(r\"_+\", \"_\", file_name)\n    file_name = file_name.strip(\"._-\")\n    return file_name or \"resume_score_model\"\n\n\ndef sanitize_path_segment(value: str) -> str:\n    value = normalize_text(value)\n    value = re.sub(r\"[^A-Za-z0-9._-]+\", \"_\", value)\n    value = re.sub(r\"_+\", \"_\", value)\n    value = value.strip(\"._-\")\n    return value or \"unknown\"\n\n\ndef build_version(args: argparse.Namespace) -> str:\n    if normalize_text(args.version):\n        return normalize_text(args.version)\n    return datetime.now().strftime(\"v%Y.%m.%d-%H%M%S\")\n\n\ndef resolve_unique_path(target_path: Path) -> Path:\n    if not target_path.exists():\n        return target_path\n\n    suffix_index = 1\n    stem = target_path.stem\n    suffix = target_path.suffix\n    parent = target_path.parent\n\n    while True:\n        candidate = parent / f\"{stem}_{suffix_index}{suffix}\"\n        if not candidate.exists():\n            return candidate\n        suffix_index += 1\n\n\ndef save_outputs(\n    model: XGBRegressor,\n    metrics: Dict[str, Any],\n    args: argparse.Namespace,\n    sample_count: int,\n    embedding_dimension: int,\n    train_cost_ms: int,\n) -> Dict[str, Any]:\n    version = build_version(args)\n    date_str = datetime.now().strftime(\"%Y%m%d\")\n\n    safe_model_type = sanitize_path_segment(args.model_type)\n    safe_model_name_for_file = sanitize_file_name(args.model_name)\n    safe_version_for_file = sanitize_file_name(version)\n\n    relative_dir = Path(\"mlmodel\") / safe_model_type / date_str\n    full_dir = Path(args.output_root).resolve() / relative_dir\n    full_dir.mkdir(parents=True, exist_ok=True)\n\n    model_file_name = f\"{safe_model_name_for_file}_{safe_version_for_file}.json\"\n    model_path = resolve_unique_path(full_dir / model_file_name)\n\n    metrics[\"embedding_dimension\"] = int(embedding_dimension)\n    metrics[\"sample_count\"] = int(sample_count)\n    metrics[\"embedding_model\"] = args.embedding_model_name\n    metrics[\"model_type\"] = args.model_type\n\n    model.save_model(str(model_path))\n\n    metrics_path = model_path.with_suffix(\".metrics.json\")\n    metrics_path.write_text(\n        json.dumps(metrics, ensure_ascii=False, indent=2),\n        encoding=\"utf-8\",\n    )\n\n    relative_model_url = str((relative_dir / model_path.name).as_posix())\n\n    summary = {\n        \"scoreModelVersionModelName\": args.model_name,\n        \"scoreModelVersionVersion\": version,\n        \"scoreModelVersionModelType\": args.model_type,\n        \"scoreModelVersionModelUrl\": relative_model_url,\n        \"scoreModelVersionEmbeddingModel\": args.embedding_model_name,\n        \"scoreModelVersionSampleCount\": int(sample_count),\n        \"scoreModelVersionTrainCostMs\": int(train_cost_ms),\n        \"scoreModelVersionMetricJson\": json.dumps(metrics, ensure_ascii=False),\n        \"scoreModelVersionIsActive\": 0,\n        \"localModelAbsolutePath\": str(model_path),\n        \"localMetricAbsolutePath\": str(metrics_path),\n    }\n\n    summary_path = model_path.with_suffix(\".summary.json\")\n    summary_path.write_text(\n        json.dumps(summary, ensure_ascii=False, indent=2),\n        encoding=\"utf-8\",\n    )\n\n    return summary\n\n\ndef main() -> None:\n    init_logger()\n    args = parse_args()\n\n    start_time = time.time()\n\n    samples = load_excel_samples(\n        excel_path=args.excel_path,\n        sheet_name=resolve_sheet_name(args.sheet_name),\n        min_content_length=args.min_content_length,\n    )\n\n    texts = [item[\"sample_text\"] for item in samples]\n    labels = np.asarray([item[\"label_score\"] for item in samples], dtype=np.float32)\n\n    embeddings = build_embeddings(\n        texts=texts,\n        embedding_model_name=args.embedding_model_name,\n        batch_size=args.batch_size,\n        max_length=args.max_length,\n        use_fp16=args.use_fp16,\n    )\n\n    model, metrics = train_xgboost_model(\n        X=embeddings,\n        y=labels,\n        args=args,\n    )\n\n    train_cost_ms = int((time.time() - start_time) * 1000)\n\n    summary = save_outputs(\n        model=model,\n        metrics=metrics,\n        args=args,\n        sample_count=len(samples),\n        embedding_dimension=int(embeddings.shape[1]),\n        train_cost_ms=train_cost_ms,\n    )\n\n    LOGGER.info(\"训练完成\")\n    print(json.dumps(summary, ensure_ascii=False, indent=2))\n\n\nif __name__ == \"__main__\":\n    main()","scoreModelTrainCodeDesc":"基于XgBoost的简历评分模型代码","scoreModelTrainCodeCreateTime":1776908820000}, 耗时: 227ms
2026-04-28 22:03:17.425 [http-nio-8080-exec-3] INFO  c.z.e.interceptor.UsallyInterceptor - 【请求结束】Method: GET, URI: /api/admin/scoreModelTrainCode/findScoreModelTrainCodeById, Controller: AdminScoreModelTrainCodeController.findScoreModelTrainCodeById, Status: 200, Duration: 451ms
2026-04-28 22:03:35.297 [http-nio-8080-exec-9] DEBUG c.z.e.m.m.a.AdminMapper.selectById - ==>  Preparing: SELECT admin_id,admin_account,admin_username,admin_email,admin_phone,admin_password,admin_image,admin_introduce,admin_state,admin_loginTime,deleted FROM admin_admin WHERE admin_id=? AND deleted=0
2026-04-28 22:03:35.297 [http-nio-8080-exec-9] DEBUG c.z.e.m.m.a.AdminMapper.selectById - ==> Parameters: 1(Integer)
2026-04-28 22:03:35.335 [http-nio-8080-exec-9] DEBUG c.z.e.m.m.a.AdminMapper.selectById - <==      Total: 1
2026-04-28 22:03:35.336 [http-nio-8080-exec-9] DEBUG c.z.e.m.m.a.A.findAdminInfoById - ==>  Preparing: select * from admin_admin left join admin_admin_role on admin_admin.admin_id = admin_admin_role.adminId left join admin_role on admin_admin_role.roleId = admin_role.role_id and admin_role.deleted = 0 left join admin_role_permission on admin_role.role_id = admin_role_permission.roleId left join admin_permission on admin_role_permission.permissionId = admin_permission.permission_id and admin_permission.deleted = 0 where admin_admin.admin_id = ? and admin_admin.deleted = 0
2026-04-28 22:03:35.336 [http-nio-8080-exec-9] DEBUG c.z.e.m.m.a.A.findAdminInfoById - ==> Parameters: 1(Integer)
2026-04-28 22:03:35.376 [http-nio-8080-exec-9] DEBUG c.z.e.m.m.a.A.findAdminInfoById - <==      Total: 1
2026-04-28 22:03:35.381 [http-nio-8080-exec-9] INFO  c.z.e.interceptor.UsallyInterceptor - 【请求开始】Method: GET, URI: /api/admin/auth/logout, IP: 0:0:0:0:0:0:0:1, Params: {"_t":"1777385014894"}
2026-04-28 22:03:35.402 [http-nio-8080-exec-9] INFO  c.z.e.interceptor.UsallyInterceptor - 【请求结束】Method: GET, URI: /api/admin/auth/logout, Status: 200, Duration: 21ms
2026-04-28 23:11:56.432 [lettuce-nioEventLoop-6-1] INFO  i.l.core.protocol.CommandHandler - null Unexpected exception during request: java.net.SocketException: Connection reset
java.net.SocketException: Connection reset
	at java.base/sun.nio.ch.SocketChannelImpl.throwConnectionReset(SocketChannelImpl.java:401)
	at java.base/sun.nio.ch.SocketChannelImpl.read(SocketChannelImpl.java:434)
	at io.netty.buffer.PooledByteBuf.setBytes(PooledByteBuf.java:255)
	at io.netty.buffer.AbstractByteBuf.writeBytes(AbstractByteBuf.java:1132)
	at io.netty.channel.socket.nio.NioSocketChannel.doReadBytes(NioSocketChannel.java:356)
	at io.netty.channel.nio.AbstractNioByteChannel$NioByteUnsafe.read(AbstractNioByteChannel.java:151)
	at io.netty.channel.nio.NioEventLoop.processSelectedKey(NioEventLoop.java:788)
	at io.netty.channel.nio.NioEventLoop.processSelectedKeysOptimized(NioEventLoop.java:724)
	at io.netty.channel.nio.NioEventLoop.processSelectedKeys(NioEventLoop.java:650)
	at io.netty.channel.nio.NioEventLoop.run(NioEventLoop.java:562)
	at io.netty.util.concurrent.SingleThreadEventExecutor$4.run(SingleThreadEventExecutor.java:997)
	at io.netty.util.internal.ThreadExecutorMap$2.run(ThreadExecutorMap.java:74)
	at io.netty.util.concurrent.FastThreadLocalRunnable.run(FastThreadLocalRunnable.java:30)
	at java.base/java.lang.Thread.run(Thread.java:1583)
2026-04-28 23:12:15.626 [HikariPool-2 housekeeper] WARN  com.zaxxer.hikari.pool.HikariPool - HikariPool-2 - Thread starvation or clock leap detected (housekeeper delta=6m6s77ms82µs100ns).
2026-04-28 23:12:15.628 [HikariPool-1 housekeeper] WARN  com.zaxxer.hikari.pool.HikariPool - HikariPool-1 - Thread starvation or clock leap detected (housekeeper delta=6m4s104ms207µs200ns).
2026-04-28 23:12:15.704 [lettuce-eventExecutorLoop-1-2] INFO  i.l.core.protocol.ConnectionWatchdog - Reconnecting, last destination was /117.50.184.138:37211
2026-04-28 23:12:16.168 [lettuce-nioEventLoop-6-2] INFO  i.l.c.protocol.ReconnectionHandler - Reconnected to 117.50.184.138/<unresolved>:37211
2026-04-28 23:18:52.209 [lettuce-nioEventLoop-6-2] INFO  i.l.core.protocol.CommandHandler - null Unexpected exception during request: java.net.SocketException: Connection reset
java.net.SocketException: Connection reset
	at java.base/sun.nio.ch.SocketChannelImpl.throwConnectionReset(SocketChannelImpl.java:401)
	at java.base/sun.nio.ch.SocketChannelImpl.read(SocketChannelImpl.java:434)
	at io.netty.buffer.PooledByteBuf.setBytes(PooledByteBuf.java:255)
	at io.netty.buffer.AbstractByteBuf.writeBytes(AbstractByteBuf.java:1132)
	at io.netty.channel.socket.nio.NioSocketChannel.doReadBytes(NioSocketChannel.java:356)
	at io.netty.channel.nio.AbstractNioByteChannel$NioByteUnsafe.read(AbstractNioByteChannel.java:151)
	at io.netty.channel.nio.NioEventLoop.processSelectedKey(NioEventLoop.java:788)
	at io.netty.channel.nio.NioEventLoop.processSelectedKeysOptimized(NioEventLoop.java:724)
	at io.netty.channel.nio.NioEventLoop.processSelectedKeys(NioEventLoop.java:650)
	at io.netty.channel.nio.NioEventLoop.run(NioEventLoop.java:562)
	at io.netty.util.concurrent.SingleThreadEventExecutor$4.run(SingleThreadEventExecutor.java:997)
	at io.netty.util.internal.ThreadExecutorMap$2.run(ThreadExecutorMap.java:74)
	at io.netty.util.concurrent.FastThreadLocalRunnable.run(FastThreadLocalRunnable.java:30)
	at java.base/java.lang.Thread.run(Thread.java:1583)
2026-04-28 23:18:52.509 [lettuce-eventExecutorLoop-1-3] INFO  i.l.core.protocol.ConnectionWatchdog - Reconnecting, last destination was /117.50.184.138:37211
2026-04-28 23:22:43.165 [lettuce-nioEventLoop-6-3] WARN  i.l.core.protocol.ConnectionWatchdog - Cannot reconnect to [117.50.184.138/<unresolved>:37211]: No route to host: getsockopt: /117.50.184.138:37211
io.netty.channel.AbstractChannel$AnnotatedNoRouteToHostException: No route to host: getsockopt: /117.50.184.138:37211
Caused by: java.net.NoRouteToHostException: No route to host: getsockopt
	at java.base/sun.nio.ch.Net.pollConnect(Native Method)
	at java.base/sun.nio.ch.Net.pollConnectNow(Net.java:682)
	at java.base/sun.nio.ch.SocketChannelImpl.finishConnect(SocketChannelImpl.java:973)
	at io.netty.channel.socket.nio.NioSocketChannel.doFinishConnect(NioSocketChannel.java:336)
	at io.netty.channel.nio.AbstractNioChannel$AbstractNioUnsafe.finishConnect(AbstractNioChannel.java:339)
	at io.netty.channel.nio.NioEventLoop.processSelectedKey(NioEventLoop.java:776)
	at io.netty.channel.nio.NioEventLoop.processSelectedKeysOptimized(NioEventLoop.java:724)
	at io.netty.channel.nio.NioEventLoop.processSelectedKeys(NioEventLoop.java:650)
	at io.netty.channel.nio.NioEventLoop.run(NioEventLoop.java:562)
	at io.netty.util.concurrent.SingleThreadEventExecutor$4.run(SingleThreadEventExecutor.java:997)
	at io.netty.util.internal.ThreadExecutorMap$2.run(ThreadExecutorMap.java:74)
	at io.netty.util.concurrent.FastThreadLocalRunnable.run(FastThreadLocalRunnable.java:30)
	at java.base/java.lang.Thread.run(Thread.java:1583)
2026-04-28 23:22:43.325 [lettuce-eventExecutorLoop-1-4] INFO  i.l.core.protocol.ConnectionWatchdog - Reconnecting, last destination was 117.50.184.138/<unresolved>:37211
2026-04-28 23:22:43.407 [lettuce-nioEventLoop-6-4] WARN  i.l.core.protocol.ConnectionWatchdog - Cannot reconnect to [117.50.184.138/<unresolved>:37211]: No route to host: getsockopt: /117.50.184.138:37211
io.netty.channel.AbstractChannel$AnnotatedNoRouteToHostException: No route to host: getsockopt: /117.50.184.138:37211
Caused by: java.net.NoRouteToHostException: No route to host: getsockopt
	at java.base/sun.nio.ch.Net.pollConnect(Native Method)
	at java.base/sun.nio.ch.Net.pollConnectNow(Net.java:682)
	at java.base/sun.nio.ch.SocketChannelImpl.finishConnect(SocketChannelImpl.java:973)
	at io.netty.channel.socket.nio.NioSocketChannel.doFinishConnect(NioSocketChannel.java:336)
	at io.netty.channel.nio.AbstractNioChannel$AbstractNioUnsafe.finishConnect(AbstractNioChannel.java:339)
	at io.netty.channel.nio.NioEventLoop.processSelectedKey(NioEventLoop.java:776)
	at io.netty.channel.nio.NioEventLoop.processSelectedKeysOptimized(NioEventLoop.java:724)
	at io.netty.channel.nio.NioEventLoop.processSelectedKeys(NioEventLoop.java:650)
	at io.netty.channel.nio.NioEventLoop.run(NioEventLoop.java:562)
	at io.netty.util.concurrent.SingleThreadEventExecutor$4.run(SingleThreadEventExecutor.java:997)
	at io.netty.util.internal.ThreadExecutorMap$2.run(ThreadExecutorMap.java:74)
	at io.netty.util.concurrent.FastThreadLocalRunnable.run(FastThreadLocalRunnable.java:30)
	at java.base/java.lang.Thread.run(Thread.java:1583)
2026-04-28 23:22:46.277 [lettuce-nioEventLoop-6-12] INFO  i.l.c.protocol.ReconnectionHandler - Reconnected to 117.50.184.138/<unresolved>:37211
2026-04-28 23:22:54.767 [HikariPool-2 housekeeper] WARN  com.zaxxer.hikari.pool.HikariPool - HikariPool-2 - Thread starvation or clock leap detected (housekeeper delta=5m39s89ms459µs800ns).
2026-04-28 23:22:54.813 [HikariPool-1 housekeeper] WARN  com.zaxxer.hikari.pool.HikariPool - HikariPool-1 - Thread starvation or clock leap detected (housekeeper delta=5m39s88ms817µs900ns).
2026-04-28 23:38:48.802 [lettuce-nioEventLoop-6-12] INFO  i.l.core.protocol.CommandHandler - null Unexpected exception during request: java.net.SocketException: Connection reset
java.net.SocketException: Connection reset
	at java.base/sun.nio.ch.SocketChannelImpl.throwConnectionReset(SocketChannelImpl.java:401)
	at java.base/sun.nio.ch.SocketChannelImpl.read(SocketChannelImpl.java:434)
	at io.netty.buffer.PooledByteBuf.setBytes(PooledByteBuf.java:255)
	at io.netty.buffer.AbstractByteBuf.writeBytes(AbstractByteBuf.java:1132)
	at io.netty.channel.socket.nio.NioSocketChannel.doReadBytes(NioSocketChannel.java:356)
	at io.netty.channel.nio.AbstractNioByteChannel$NioByteUnsafe.read(AbstractNioByteChannel.java:151)
	at io.netty.channel.nio.NioEventLoop.processSelectedKey(NioEventLoop.java:788)
	at io.netty.channel.nio.NioEventLoop.processSelectedKeysOptimized(NioEventLoop.java:724)
	at io.netty.channel.nio.NioEventLoop.processSelectedKeys(NioEventLoop.java:650)
	at io.netty.channel.nio.NioEventLoop.run(NioEventLoop.java:562)
	at io.netty.util.concurrent.SingleThreadEventExecutor$4.run(SingleThreadEventExecutor.java:997)
	at io.netty.util.internal.ThreadExecutorMap$2.run(ThreadExecutorMap.java:74)
	at io.netty.util.concurrent.FastThreadLocalRunnable.run(FastThreadLocalRunnable.java:30)
	at java.base/java.lang.Thread.run(Thread.java:1583)
2026-04-28 23:49:45.248 [lettuce-eventExecutorLoop-1-10] INFO  i.l.core.protocol.ConnectionWatchdog - Reconnecting, last destination was /117.50.184.138:37211
2026-04-28 23:49:45.262 [lettuce-nioEventLoop-6-1] WARN  i.l.core.protocol.ConnectionWatchdog - Cannot reconnect to [117.50.184.138/<unresolved>:37211]: No route to host: getsockopt: /117.50.184.138:37211
io.netty.channel.AbstractChannel$AnnotatedNoRouteToHostException: No route to host: getsockopt: /117.50.184.138:37211
Caused by: java.net.NoRouteToHostException: No route to host: getsockopt
	at java.base/sun.nio.ch.Net.pollConnect(Native Method)
	at java.base/sun.nio.ch.Net.pollConnectNow(Net.java:682)
	at java.base/sun.nio.ch.SocketChannelImpl.finishConnect(SocketChannelImpl.java:973)
	at io.netty.channel.socket.nio.NioSocketChannel.doFinishConnect(NioSocketChannel.java:336)
	at io.netty.channel.nio.AbstractNioChannel$AbstractNioUnsafe.finishConnect(AbstractNioChannel.java:339)
	at io.netty.channel.nio.NioEventLoop.processSelectedKey(NioEventLoop.java:776)
	at io.netty.channel.nio.NioEventLoop.processSelectedKeysOptimized(NioEventLoop.java:724)
	at io.netty.channel.nio.NioEventLoop.processSelectedKeys(NioEventLoop.java:650)
	at io.netty.channel.nio.NioEventLoop.run(NioEventLoop.java:562)
	at io.netty.util.concurrent.SingleThreadEventExecutor$4.run(SingleThreadEventExecutor.java:997)
	at io.netty.util.internal.ThreadExecutorMap$2.run(ThreadExecutorMap.java:74)
	at io.netty.util.concurrent.FastThreadLocalRunnable.run(FastThreadLocalRunnable.java:30)
	at java.base/java.lang.Thread.run(Thread.java:1583)
2026-04-28 23:50:01.995 [lettuce-eventExecutorLoop-1-6] INFO  i.l.core.protocol.ConnectionWatchdog - Reconnecting, last destination was 117.50.184.138/<unresolved>:37211
2026-04-28 23:50:01.995 [HikariPool-1 housekeeper] WARN  com.zaxxer.hikari.pool.HikariPool - HikariPool-1 - Thread starvation or clock leap detected (housekeeper delta=21m37s100ms473µs).
2026-04-28 23:50:01.997 [HikariPool-2 housekeeper] WARN  com.zaxxer.hikari.pool.HikariPool - HikariPool-2 - Thread starvation or clock leap detected (housekeeper delta=21m37s145ms965µs100ns).
2026-04-28 23:50:02.214 [lettuce-nioEventLoop-6-9] INFO  i.l.c.protocol.ReconnectionHandler - Reconnected to 117.50.184.138/<unresolved>:37211
2026-04-28 23:59:01.471 [HikariPool-1 housekeeper] WARN  com.zaxxer.hikari.pool.HikariPool - HikariPool-1 - Thread starvation or clock leap detected (housekeeper delta=3m29s368ms602µs200ns).
2026-04-28 23:59:01.722 [HikariPool-2 housekeeper] WARN  com.zaxxer.hikari.pool.HikariPool - HikariPool-2 - Thread starvation or clock leap detected (housekeeper delta=3m29s477ms965µs600ns).
2026-04-28 23:59:01.481 [lettuce-nioEventLoop-6-9] INFO  i.l.core.protocol.CommandHandler - null Unexpected exception during request: java.net.SocketException: Connection reset
java.net.SocketException: Connection reset
	at java.base/sun.nio.ch.SocketChannelImpl.throwConnectionReset(SocketChannelImpl.java:401)
	at java.base/sun.nio.ch.SocketChannelImpl.read(SocketChannelImpl.java:434)
	at io.netty.buffer.PooledByteBuf.setBytes(PooledByteBuf.java:255)
	at io.netty.buffer.AbstractByteBuf.writeBytes(AbstractByteBuf.java:1132)
	at io.netty.channel.socket.nio.NioSocketChannel.doReadBytes(NioSocketChannel.java:356)
	at io.netty.channel.nio.AbstractNioByteChannel$NioByteUnsafe.read(AbstractNioByteChannel.java:151)
	at io.netty.channel.nio.NioEventLoop.processSelectedKey(NioEventLoop.java:788)
	at io.netty.channel.nio.NioEventLoop.processSelectedKeysOptimized(NioEventLoop.java:724)
	at io.netty.channel.nio.NioEventLoop.processSelectedKeys(NioEventLoop.java:650)
	at io.netty.channel.nio.NioEventLoop.run(NioEventLoop.java:562)
	at io.netty.util.concurrent.SingleThreadEventExecutor$4.run(SingleThreadEventExecutor.java:997)
	at io.netty.util.internal.ThreadExecutorMap$2.run(ThreadExecutorMap.java:74)
	at io.netty.util.concurrent.FastThreadLocalRunnable.run(FastThreadLocalRunnable.java:30)
	at java.base/java.lang.Thread.run(Thread.java:1583)
2026-04-28 23:59:02.350 [lettuce-eventExecutorLoop-1-3] INFO  i.l.core.protocol.ConnectionWatchdog - Reconnecting, last destination was /117.50.184.138:37211
2026-04-28 23:59:03.083 [lettuce-nioEventLoop-6-10] WARN  i.l.core.protocol.ConnectionWatchdog - Cannot reconnect to [117.50.184.138/<unresolved>:37211]: Network is unreachable: getsockopt: /117.50.184.138:37211
io.netty.channel.AbstractChannel$AnnotatedSocketException: Network is unreachable: getsockopt: /117.50.184.138:37211
Caused by: java.net.SocketException: Network is unreachable: getsockopt
	at java.base/sun.nio.ch.Net.pollConnect(Native Method)
	at java.base/sun.nio.ch.Net.pollConnectNow(Net.java:682)
	at java.base/sun.nio.ch.SocketChannelImpl.finishConnect(SocketChannelImpl.java:973)
	at io.netty.channel.socket.nio.NioSocketChannel.doFinishConnect(NioSocketChannel.java:336)
	at io.netty.channel.nio.AbstractNioChannel$AbstractNioUnsafe.finishConnect(AbstractNioChannel.java:339)
	at io.netty.channel.nio.NioEventLoop.processSelectedKey(NioEventLoop.java:776)
	at io.netty.channel.nio.NioEventLoop.processSelectedKeysOptimized(NioEventLoop.java:724)
	at io.netty.channel.nio.NioEventLoop.processSelectedKeys(NioEventLoop.java:650)
	at io.netty.channel.nio.NioEventLoop.run(NioEventLoop.java:562)
	at io.netty.util.concurrent.SingleThreadEventExecutor$4.run(SingleThreadEventExecutor.java:997)
	at io.netty.util.internal.ThreadExecutorMap$2.run(ThreadExecutorMap.java:74)
	at io.netty.util.concurrent.FastThreadLocalRunnable.run(FastThreadLocalRunnable.java:30)
	at java.base/java.lang.Thread.run(Thread.java:1583)
2026-04-29 01:05:08.122 [lettuce-eventExecutorLoop-1-5] INFO  i.l.core.protocol.ConnectionWatchdog - Reconnecting, last destination was 117.50.184.138/<unresolved>:37211
2026-04-29 01:05:13.935 [lettuce-nioEventLoop-6-8] INFO  i.l.c.protocol.ReconnectionHandler - Reconnected to 117.50.184.138/<unresolved>:37211
2026-04-29 09:28:43.237 [HikariPool-1 housekeeper] WARN  com.zaxxer.hikari.pool.HikariPool - HikariPool-1 - Thread starvation or clock leap detected (housekeeper delta=9h29m44s540ms588µs600ns).
2026-04-29 09:28:43.226 [HikariPool-2 housekeeper] WARN  com.zaxxer.hikari.pool.HikariPool - HikariPool-2 - Thread starvation or clock leap detected (housekeeper delta=9h29m44s270ms74µs400ns).
2026-04-29 10:03:11.784 [scheduling-1] INFO  c.z.e.t.a.AdmonitorUserDaliyUserNumScheduledTask - 开始执行统计今日管理员数量任务
2026-04-29 10:03:11.979 [scheduling-1] DEBUG c.z.e.m.m.user.UserMapper.selectList - ==>  Preparing: SELECT user_id,user_account,user_username,user_email,user_phone,user_password,user_image,user_introduce,user_createdTime,user_loginTime,user_dreamPosition,user_dreamMinMonthSalary,user_dreamMaxMonthSalary,user_dreamWeekWorkDayNum,user_dreamGoodWelfare,user_recruitLocationFirst,user_recruitLocationSecond,user_recruitLocationDetail,user_universityCode FROM user_user
2026-04-29 10:03:11.992 [scheduling-1] DEBUG c.z.e.m.m.user.UserMapper.selectList - ==> Parameters: 
2026-04-29 10:03:12.189 [scheduling-1] DEBUG c.z.e.m.m.user.UserMapper.selectList - <==      Total: 9
2026-04-29 10:03:12.344 [scheduling-1] INFO  c.z.e.s.s.S.ServiceLogAspect - 【Service执行】类: AdmonitorUserDaliyUserNumServiceImpl, 方法: addAdmonitorUserDaliyUserNum, 参数: [{"userDaliyUserNumDate":1777428192197,"userDaliyUserNumNum":9}]
2026-04-29 10:03:12.347 [scheduling-1] INFO  c.z.e.s.i.a.AdmonitorUserDaliyUserNumServiceImpl - 新增记录开始
2026-04-29 10:03:12.496 [scheduling-1] DEBUG c.z.e.m.m.a.A.insert - ==>  Preparing: INSERT INTO admonitor_userDaliyUserNum ( userDaliyUserNum_date, userDaliyUserNum_num ) VALUES ( ?, ? )
2026-04-29 10:03:12.512 [scheduling-1] DEBUG c.z.e.m.m.a.A.insert - ==> Parameters: 2026-04-29 10:03:12.197(Timestamp), 9(Integer)
2026-04-29 10:03:12.723 [scheduling-1] DEBUG c.z.e.m.m.a.A.insert - <==    Updates: 1
2026-04-29 10:03:12.809 [scheduling-1] INFO  c.z.e.s.s.S.ServiceLogAspect - 【Service完成】类: AdmonitorUserDaliyUserNumServiceImpl, 方法: addAdmonitorUserDaliyUserNum, 返回值: {}, 耗时: 454ms
2026-04-29 10:03:12.976 [scheduling-1] INFO  c.z.e.t.a.AdmonitorUserDaliyUserNumScheduledTask - 今日管理员数量统计完成
2026-04-29 10:03:13.003 [scheduling-1] INFO  c.z.e.t.a.AdmonitorAdminDaliyAdminNumScheduledTask - 开始执行统计今日管理员数量任务
2026-04-29 10:03:13.005 [scheduling-1] DEBUG c.z.e.m.m.a.AdminMapper.selectList - ==>  Preparing: SELECT admin_id,admin_account,admin_username,admin_email,admin_phone,admin_password,admin_image,admin_introduce,admin_state,admin_loginTime,deleted FROM admin_admin WHERE deleted=0
2026-04-29 10:03:13.006 [scheduling-1] DEBUG c.z.e.m.m.a.AdminMapper.selectList - ==> Parameters: 
2026-04-29 10:03:13.248 [scheduling-1] DEBUG c.z.e.m.m.a.AdminMapper.selectList - <==      Total: 6
2026-04-29 10:03:13.355 [scheduling-1] INFO  c.z.e.s.s.S.ServiceLogAspect - 【Service执行】类: AdmonitorAdminDaliyAdminNumServiceImpl, 方法: addAdmonitorAdminDaliyAdminNum, 参数: [{"adminDaliyAdminNumDate":1777428193248,"adminDaliyAdminNumNum":6}]
2026-04-29 10:03:13.358 [scheduling-1] INFO  c.z.e.s.i.a.AdmonitorAdminDaliyAdminNumServiceImpl - 新增记录开始
2026-04-29 10:03:13.361 [scheduling-1] DEBUG c.z.e.m.m.a.A.insert - ==>  Preparing: INSERT INTO admonitor_adminDaliyAdminNum ( adminDaliyAdminNum_date, adminDaliyAdminNum_num ) VALUES ( ?, ? )
2026-04-29 10:03:13.362 [scheduling-1] DEBUG c.z.e.m.m.a.A.insert - ==> Parameters: 2026-04-29 10:03:13.248(Timestamp), 6(Integer)
2026-04-29 10:03:13.567 [scheduling-1] DEBUG c.z.e.m.m.a.A.insert - <==    Updates: 1
2026-04-29 10:03:13.621 [scheduling-1] INFO  c.z.e.s.s.S.ServiceLogAspect - 【Service完成】类: AdmonitorAdminDaliyAdminNumServiceImpl, 方法: addAdmonitorAdminDaliyAdminNum, 返回值: {}, 耗时: 254ms
2026-04-29 10:03:13.729 [scheduling-1] INFO  c.z.e.t.a.AdmonitorAdminDaliyAdminNumScheduledTask - 今日管理员数量统计完成
2026-04-29 10:03:13.845 [scheduling-1] INFO  c.z.e.t.a.AdmonitorAdminDailyVisitNumScheduledTask - 开始执行统计昨日访问量任务
2026-04-29 10:03:13.892 [scheduling-1] INFO  c.z.e.s.s.S.ServiceLogAspect - 【Service执行】类: AdmonitorAdminDailyVisitNumServiceImpl, 方法: calculateAdmonitorAdminDailyVisitNum, 参数: [1777341793789]
2026-04-29 10:03:13.901 [scheduling-1] INFO  c.z.e.s.i.a.AdmonitorAdminDailyVisitNumServiceImpl - 计算记录开始
2026-04-29 10:03:13.936 [scheduling-1] DEBUG c.z.e.m.m.a.A.selectList - ==>  Preparing: SELECT adminDailyVisitNum_id,adminDailyVisitNum_adminId,adminDailyVisitNum_visitTime FROM admonitor_adminDailyVisitNum WHERE (adminDailyVisitNum_visitTime = ?)
2026-04-29 10:03:13.942 [scheduling-1] DEBUG c.z.e.m.m.a.A.selectList - ==> Parameters: 2026-04-28(LocalDate)
2026-04-29 10:03:14.061 [scheduling-1] DEBUG c.z.e.m.m.a.A.selectList - <==      Total: 1
2026-04-29 10:03:14.061 [scheduling-1] INFO  c.z.e.s.i.a.AdmonitorAdminDailyVisitNumServiceImpl - 计算记录成功
2026-04-29 10:03:14.061 [scheduling-1] INFO  c.z.e.s.s.S.ServiceLogAspect - 【Service完成】类: AdmonitorAdminDailyVisitNumServiceImpl, 方法: calculateAdmonitorAdminDailyVisitNum, 返回值: {}, 耗时: 169ms
2026-04-29 10:03:14.177 [scheduling-1] INFO  c.z.e.t.a.AdmonitorAdminDailyVisitNumScheduledTask - 昨日访问量统计完成
2026-04-29 10:03:14.178 [scheduling-1] INFO  c.z.e.t.a.AdmonitorAdminDailyVisitNumScheduledTask - 开始执行新增昨日访问量任务
2026-04-29 10:03:14.295 [scheduling-1] INFO  c.z.e.s.s.S.ServiceLogAspect - 【Service执行】类: AdmonitorAdminDailyVisitTotalNumServiceImpl, 方法: addAdmonitorAdminDailyVisitTotalNum, 参数: [{"adminDailyVisitTotalNumDate":1777341793789,"adminDailyVisitTotalNumNum":1}]
2026-04-29 10:03:14.295 [scheduling-1] INFO  c.z.e.s.i.a.AdmonitorAdminDailyVisitTotalNumServiceImpl - 新增记录开始
2026-04-29 10:03:14.298 [scheduling-1] DEBUG c.z.e.m.m.a.A.insert - ==>  Preparing: INSERT INTO admonitor_adminDailyVisitTotalNum ( adminDailyVisitTotalNum_date, adminDailyVisitTotalNum_num ) VALUES ( ?, ? )
2026-04-29 10:03:14.299 [scheduling-1] DEBUG c.z.e.m.m.a.A.insert - ==> Parameters: 2026-04-28 10:03:13.789(Timestamp), 1(Integer)
2026-04-29 10:03:14.518 [scheduling-1] DEBUG c.z.e.m.m.a.A.insert - <==    Updates: 1
2026-04-29 10:03:14.519 [scheduling-1] INFO  c.z.e.s.s.S.ServiceLogAspect - 【Service完成】类: AdmonitorAdminDailyVisitTotalNumServiceImpl, 方法: addAdmonitorAdminDailyVisitTotalNum, 返回值: {}, 耗时: 224ms
2026-04-29 10:03:14.744 [scheduling-1] INFO  c.z.e.t.a.AdmonitorAdminDailyVisitNumScheduledTask - 新增昨日访问量任务完成
2026-04-29 10:03:14.745 [scheduling-1] INFO  c.z.e.t.a.AdmonitorUserDailyVisitNumScheduledTask - 开始执行统计用户昨日访问量任务
2026-04-29 10:03:14.810 [scheduling-1] INFO  c.z.e.s.s.S.ServiceLogAspect - 【Service执行】类: AdmonitorUserDailyVisitNumServiceImpl, 方法: calculateAdmonitorUserDailyVisitNum, 参数: [1777341794744]
2026-04-29 10:03:14.888 [scheduling-1] INFO  c.z.e.s.i.a.AdmonitorUserDailyVisitNumServiceImpl - 计算记录开始
2026-04-29 10:03:14.897 [scheduling-1] DEBUG c.z.e.m.m.a.A.selectList - ==>  Preparing: SELECT userDailyVisitNum_id,userDailyVisitNum_userId AS userDailyVisitNumAdminId,userDailyVisitNum_visitTime FROM admonitor_userDailyVisitNum WHERE (userDailyVisitNum_visitTime = ?)
2026-04-29 10:03:14.898 [scheduling-1] DEBUG c.z.e.m.m.a.A.selectList - ==> Parameters: 2026-04-28(LocalDate)
2026-04-29 10:03:14.966 [scheduling-1] DEBUG c.z.e.m.m.a.A.selectList - <==      Total: 1
2026-04-29 10:03:14.967 [scheduling-1] INFO  c.z.e.s.i.a.AdmonitorUserDailyVisitNumServiceImpl - 计算记录成功
2026-04-29 10:03:14.967 [scheduling-1] INFO  c.z.e.s.s.S.ServiceLogAspect - 【Service完成】类: AdmonitorUserDailyVisitNumServiceImpl, 方法: calculateAdmonitorUserDailyVisitNum, 返回值: {}, 耗时: 157ms
2026-04-29 10:03:15.080 [scheduling-1] INFO  c.z.e.t.a.AdmonitorUserDailyVisitNumScheduledTask - 昨日用户访问量统计完成
2026-04-29 10:03:15.080 [scheduling-1] INFO  c.z.e.t.a.AdmonitorUserDailyVisitNumScheduledTask - 开始执行用户新增昨日访问量任务
2026-04-29 10:03:15.195 [scheduling-1] INFO  c.z.e.s.s.S.ServiceLogAspect - 【Service执行】类: AdmonitorUserDailyVisitTotalNumServiceImpl, 方法: addAdmonitorUserDailyVisitTotalNum, 参数: [{"userDailyVisitTotalNumDate":1777341794744,"userDailyVisitTotalNumNum":1}]
2026-04-29 10:03:15.195 [scheduling-1] INFO  c.z.e.s.i.a.AdmonitorUserDailyVisitTotalNumServiceImpl - 新增记录开始
2026-04-29 10:03:15.197 [scheduling-1] DEBUG c.z.e.m.m.a.A.insert - ==>  Preparing: INSERT INTO admonitor_userDailyVisitTotalNum ( userDailyVisitTotalNum_date, userDailyVisitTotalNum_num ) VALUES ( ?, ? )
2026-04-29 10:03:15.197 [scheduling-1] DEBUG c.z.e.m.m.a.A.insert - ==> Parameters: 2026-04-28 10:03:14.744(Timestamp), 1(Integer)
2026-04-29 10:03:15.420 [scheduling-1] DEBUG c.z.e.m.m.a.A.insert - <==    Updates: 1
2026-04-29 10:03:15.420 [scheduling-1] INFO  c.z.e.s.s.S.ServiceLogAspect - 【Service完成】类: AdmonitorUserDailyVisitTotalNumServiceImpl, 方法: addAdmonitorUserDailyVisitTotalNum, 返回值: {}, 耗时: 225ms
2026-04-29 10:03:15.570 [scheduling-1] INFO  c.z.e.t.a.AdmonitorUserDailyVisitNumScheduledTask - 用户新增昨日访问量任务完成
2026-04-29 10:03:15.571 [scheduling-1] INFO  c.z.e.t.u.UserDeleteResumeScheduledTask - 开始执行清理过期简历任务
2026-04-29 10:03:15.644 [scheduling-1] INFO  c.z.e.s.s.S.ServiceLogAspect - 【Service执行】类: UserDeleteResumeServiceImpl, 方法: clearExpiredResume, 参数: 无参数
2026-04-29 10:03:15.648 [scheduling-1] DEBUG c.z.e.m.m.u.U.selectList - ==>  Preparing: SELECT userDeleteResume_id,userDeleteResume_resumeName,userDeleteResume_industry,userDeleteResume_industryName,userDeleteResume_resumeReactCode,userDeleteResume_createdTime,userDeleteResume_updatedTime,userDeleteResume_sortedNum,userDeleteResume_userId,userDeleteResume_deleteTime FROM user_userDeleteResume
2026-04-29 10:03:15.648 [scheduling-1] DEBUG c.z.e.m.m.u.U.selectList - ==> Parameters: 
2026-04-29 10:03:15.758 [scheduling-1] DEBUG c.z.e.m.m.u.U.selectList - <==      Total: 0
2026-04-29 10:03:15.758 [scheduling-1] INFO  c.z.e.s.s.S.ServiceLogAspect - 【Service完成】类: UserDeleteResumeServiceImpl, 方法: clearExpiredResume, 返回值: null, 耗时: 114ms
2026-04-29 10:03:15.982 [scheduling-1] INFO  c.z.e.t.u.UserDeleteResumeScheduledTask - 清理过期简历任务执行完成
2026-04-29 11:11:26.853 [HikariPool-2 housekeeper] WARN  com.zaxxer.hikari.pool.HikariPool - HikariPool-2 - Thread starvation or clock leap detected (housekeeper delta=27m42s492ms174µs700ns).
2026-04-29 11:11:26.853 [HikariPool-1 housekeeper] WARN  com.zaxxer.hikari.pool.HikariPool - HikariPool-1 - Thread starvation or clock leap detected (housekeeper delta=27m42s492ms178µs400ns).
2026-04-29 11:18:39.743 [HikariPool-2 housekeeper] WARN  com.zaxxer.hikari.pool.HikariPool - HikariPool-2 - Thread starvation or clock leap detected (housekeeper delta=6m42s788ms441µs700ns).
2026-04-29 11:18:39.743 [HikariPool-1 housekeeper] WARN  com.zaxxer.hikari.pool.HikariPool - HikariPool-1 - Thread starvation or clock leap detected (housekeeper delta=6m42s788ms441µs700ns).
2026-04-29 11:50:21.403 [HikariPool-1 housekeeper] WARN  com.zaxxer.hikari.pool.HikariPool - HikariPool-1 - Thread starvation or clock leap detected (housekeeper delta=31m11s656ms816µs600ns).
2026-04-29 11:50:21.401 [HikariPool-2 housekeeper] WARN  com.zaxxer.hikari.pool.HikariPool - HikariPool-2 - Thread starvation or clock leap detected (housekeeper delta=31m11s656ms814µs600ns).
2026-04-29 12:17:27.621 [HikariPool-2 housekeeper] WARN  com.zaxxer.hikari.pool.HikariPool - HikariPool-2 - Thread starvation or clock leap detected (housekeeper delta=1m35s883ms259µs700ns).
2026-04-29 12:17:27.632 [HikariPool-1 housekeeper] WARN  com.zaxxer.hikari.pool.HikariPool - HikariPool-1 - Thread starvation or clock leap detected (housekeeper delta=1m35s883ms236µs300ns).
2026-04-29 12:28:45.288 [HikariPool-1 housekeeper] WARN  com.zaxxer.hikari.pool.HikariPool - HikariPool-1 - Thread starvation or clock leap detected (housekeeper delta=1m17s543ms624µs300ns).
2026-04-29 12:28:45.288 [HikariPool-2 housekeeper] WARN  com.zaxxer.hikari.pool.HikariPool - HikariPool-2 - Thread starvation or clock leap detected (housekeeper delta=1m17s543ms627µs600ns).
2026-04-29 13:12:20.371 [HikariPool-1 housekeeper] WARN  com.zaxxer.hikari.pool.HikariPool - HikariPool-1 - Thread starvation or clock leap detected (housekeeper delta=6m34s524ms457µs100ns).
2026-04-29 13:12:20.371 [HikariPool-2 housekeeper] WARN  com.zaxxer.hikari.pool.HikariPool - HikariPool-2 - Thread starvation or clock leap detected (housekeeper delta=6m34s524ms457µs700ns).
2026-04-29 13:24:48.057 [Thread-1] WARN  c.a.n.c.executor.ThreadPoolManager - [ThreadPoolManager] Start destroying ThreadPool
2026-04-29 13:24:48.057 [Thread-9] WARN  c.a.nacos.common.notify.NotifyCenter - [NotifyCenter] Start destroying Publisher
2026-04-29 13:24:48.057 [Thread-7] WARN  c.a.n.c.http.HttpClientBeanHolder - [HttpClientBeanHolder] Start destroying common HttpClient
2026-04-29 13:24:48.062 [Thread-9] WARN  c.a.nacos.common.notify.NotifyCenter - [NotifyCenter] Destruction of the end
2026-04-29 13:24:48.068 [Thread-1] WARN  c.a.n.c.executor.ThreadPoolManager - [ThreadPoolManager] Destruction of the end
2026-04-29 13:24:48.080 [Thread-7] WARN  c.a.n.c.http.HttpClientBeanHolder - [HttpClientBeanHolder] Destruction of the end
2026-04-29 13:24:48.166 [SpringApplicationShutdownHook] INFO  c.a.c.n.r.NacosServiceRegistry - De-registering from Nacos Server now...
2026-04-29 13:24:48.271 [SpringApplicationShutdownHook] INFO  c.a.c.n.r.NacosServiceRegistry - De-registration finished.
2026-04-29 13:24:58.313 [SpringApplicationShutdownHook] INFO  c.a.c.n.r.NacosGracefulShutdownDelegate - Nacos client graceful shutdown has been executed successfully. Graceful shutdown wait time is 10000
2026-04-29 13:24:58.904 [SpringApplicationShutdownHook] INFO  com.zaxxer.hikari.HikariDataSource - HikariPool-1 - Shutdown initiated...
2026-04-29 13:24:58.923 [SpringApplicationShutdownHook] INFO  com.zaxxer.hikari.HikariDataSource - HikariPool-1 - Shutdown completed.
2026-04-29 13:24:58.925 [SpringApplicationShutdownHook] INFO  c.z.e.s.impl.user.UserSmsServiceImpl - 关闭阿里云短信客户端...
2026-04-29 13:24:58.942 [SpringApplicationShutdownHook] INFO  c.z.e.s.impl.user.UserSmsServiceImpl - 阿里云短信客户端已关闭
2026-04-29 13:24:58.945 [SpringApplicationShutdownHook] INFO  c.z.e.s.i.admin.AdminSmsServiceImpl - 关闭阿里云短信客户端...
2026-04-29 13:24:58.951 [SpringApplicationShutdownHook] INFO  c.z.e.s.i.admin.AdminSmsServiceImpl - 阿里云短信客户端已关闭
2026-04-29 13:24:58.975 [SpringApplicationShutdownHook] INFO  com.zaxxer.hikari.HikariDataSource - HikariPool-2 - Shutdown initiated...
2026-04-29 13:24:58.980 [SpringApplicationShutdownHook] INFO  com.zaxxer.hikari.HikariDataSource - HikariPool-2 - Shutdown completed.
2026-04-29 13:24:59.027 [parallel-7] WARN  i.m.c.transport.StdioClientTransport - Process terminated with code 1
2026-04-29 13:24:59.027 [parallel-8] WARN  i.m.c.transport.StdioClientTransport - Process terminated with code 1
2026-04-29 13:25:08.716 [background-preinit] INFO  o.h.validator.internal.util.Version - HV000001: Hibernate Validator 8.0.1.Final
2026-04-29 13:25:09.228 [main] INFO  c.a.c.n.c.NacosConfigDataLoader - [Nacos Config] Load config[dataId=EasyApplyResume-test.yaml, group=DEFAULT_GROUP] success
2026-04-29 13:25:09.228 [main] INFO  c.a.c.n.c.NacosConfigDataLoader - [Nacos Config] Load config[dataId=EasyApplyResume.yaml, group=DEFAULT_GROUP] success
2026-04-29 13:25:10.092 [main] INFO  c.z.e.EasyApplyResumeApplication - The following 2 profiles are active: "dev", "test"
2026-04-29 13:25:10.138 [main] INFO  c.a.c.n.c.NacosConfigDataLoader - [Nacos Config] Load config[dataId=EasyApplyResume-test.yaml, group=DEFAULT_GROUP] success
2026-04-29 13:25:10.138 [main] INFO  c.a.c.n.c.NacosConfigDataLoader - [Nacos Config] Load config[dataId=EasyApplyResume.yaml, group=DEFAULT_GROUP] success
2026-04-29 13:25:14.066 [main] INFO  o.s.d.r.c.RepositoryConfigurationDelegate - Multiple Spring Data modules found, entering strict repository configuration mode
2026-04-29 13:25:14.073 [main] INFO  o.s.d.r.c.RepositoryConfigurationDelegate - Bootstrapping Spring Data Redis repositories in DEFAULT mode.
2026-04-29 13:25:14.187 [main] INFO  o.s.d.r.c.RepositoryConfigurationDelegate - Finished Spring Data repository scanning in 77 ms. Found 0 Redis repository interfaces.
2026-04-29 13:25:14.473 [main] WARN  o.m.s.mapper.ClassPathMapperScanner - Cannot use both: sqlSessionTemplate and sqlSessionFactory together. sqlSessionFactory is ignored.
2026-04-29 13:25:14.474 [main] WARN  o.m.s.mapper.ClassPathMapperScanner - Cannot use both: sqlSessionTemplate and sqlSessionFactory together. sqlSessionFactory is ignored.
2026-04-29 13:25:14.477 [main] WARN  o.m.s.mapper.ClassPathMapperScanner - Cannot use both: sqlSessionTemplate and sqlSessionFactory together. sqlSessionFactory is ignored.
2026-04-29 13:25:14.478 [main] WARN  o.m.s.mapper.ClassPathMapperScanner - Cannot use both: sqlSessionTemplate and sqlSessionFactory together. sqlSessionFactory is ignored.
2026-04-29 13:25:14.479 [main] WARN  o.m.s.mapper.ClassPathMapperScanner - Cannot use both: sqlSessionTemplate and sqlSessionFactory together. sqlSessionFactory is ignored.
2026-04-29 13:25:14.480 [main] WARN  o.m.s.mapper.ClassPathMapperScanner - Cannot use both: sqlSessionTemplate and sqlSessionFactory together. sqlSessionFactory is ignored.
2026-04-29 13:25:14.481 [main] WARN  o.m.s.mapper.ClassPathMapperScanner - Cannot use both: sqlSessionTemplate and sqlSessionFactory together. sqlSessionFactory is ignored.
2026-04-29 13:25:14.482 [main] WARN  o.m.s.mapper.ClassPathMapperScanner - Cannot use both: sqlSessionTemplate and sqlSessionFactory together. sqlSessionFactory is ignored.
2026-04-29 13:25:14.483 [main] WARN  o.m.s.mapper.ClassPathMapperScanner - Cannot use both: sqlSessionTemplate and sqlSessionFactory together. sqlSessionFactory is ignored.
2026-04-29 13:25:14.484 [main] WARN  o.m.s.mapper.ClassPathMapperScanner - Cannot use both: sqlSessionTemplate and sqlSessionFactory together. sqlSessionFactory is ignored.
2026-04-29 13:25:14.485 [main] WARN  o.m.s.mapper.ClassPathMapperScanner - Cannot use both: sqlSessionTemplate and sqlSessionFactory together. sqlSessionFactory is ignored.
2026-04-29 13:25:14.485 [main] WARN  o.m.s.mapper.ClassPathMapperScanner - Cannot use both: sqlSessionTemplate and sqlSessionFactory together. sqlSessionFactory is ignored.
2026-04-29 13:25:14.486 [main] WARN  o.m.s.mapper.ClassPathMapperScanner - Cannot use both: sqlSessionTemplate and sqlSessionFactory together. sqlSessionFactory is ignored.
2026-04-29 13:25:14.486 [main] WARN  o.m.s.mapper.ClassPathMapperScanner - Cannot use both: sqlSessionTemplate and sqlSessionFactory together. sqlSessionFactory is ignored.
2026-04-29 13:25:14.487 [main] WARN  o.m.s.mapper.ClassPathMapperScanner - Cannot use both: sqlSessionTemplate and sqlSessionFactory together. sqlSessionFactory is ignored.
2026-04-29 13:25:14.487 [main] WARN  o.m.s.mapper.ClassPathMapperScanner - Cannot use both: sqlSessionTemplate and sqlSessionFactory together. sqlSessionFactory is ignored.
2026-04-29 13:25:14.489 [main] WARN  o.m.s.mapper.ClassPathMapperScanner - Cannot use both: sqlSessionTemplate and sqlSessionFactory together. sqlSessionFactory is ignored.
2026-04-29 13:25:14.489 [main] WARN  o.m.s.mapper.ClassPathMapperScanner - Cannot use both: sqlSessionTemplate and sqlSessionFactory together. sqlSessionFactory is ignored.
2026-04-29 13:25:14.489 [main] WARN  o.m.s.mapper.ClassPathMapperScanner - Cannot use both: sqlSessionTemplate and sqlSessionFactory together. sqlSessionFactory is ignored.
2026-04-29 13:25:14.490 [main] WARN  o.m.s.mapper.ClassPathMapperScanner - Cannot use both: sqlSessionTemplate and sqlSessionFactory together. sqlSessionFactory is ignored.
2026-04-29 13:25:14.491 [main] WARN  o.m.s.mapper.ClassPathMapperScanner - Cannot use both: sqlSessionTemplate and sqlSessionFactory together. sqlSessionFactory is ignored.
2026-04-29 13:25:14.492 [main] WARN  o.m.s.mapper.ClassPathMapperScanner - Cannot use both: sqlSessionTemplate and sqlSessionFactory together. sqlSessionFactory is ignored.
2026-04-29 13:25:14.492 [main] WARN  o.m.s.mapper.ClassPathMapperScanner - Cannot use both: sqlSessionTemplate and sqlSessionFactory together. sqlSessionFactory is ignored.
2026-04-29 13:25:14.493 [main] WARN  o.m.s.mapper.ClassPathMapperScanner - Cannot use both: sqlSessionTemplate and sqlSessionFactory together. sqlSessionFactory is ignored.
2026-04-29 13:25:14.493 [main] WARN  o.m.s.mapper.ClassPathMapperScanner - Cannot use both: sqlSessionTemplate and sqlSessionFactory together. sqlSessionFactory is ignored.
2026-04-29 13:25:14.495 [main] WARN  o.m.s.mapper.ClassPathMapperScanner - Cannot use both: sqlSessionTemplate and sqlSessionFactory together. sqlSessionFactory is ignored.
2026-04-29 13:25:14.495 [main] WARN  o.m.s.mapper.ClassPathMapperScanner - Cannot use both: sqlSessionTemplate and sqlSessionFactory together. sqlSessionFactory is ignored.
2026-04-29 13:25:14.496 [main] WARN  o.m.s.mapper.ClassPathMapperScanner - Cannot use both: sqlSessionTemplate and sqlSessionFactory together. sqlSessionFactory is ignored.
2026-04-29 13:25:14.497 [main] WARN  o.m.s.mapper.ClassPathMapperScanner - Cannot use both: sqlSessionTemplate and sqlSessionFactory together. sqlSessionFactory is ignored.
2026-04-29 13:25:14.498 [main] WARN  o.m.s.mapper.ClassPathMapperScanner - Cannot use both: sqlSessionTemplate and sqlSessionFactory together. sqlSessionFactory is ignored.
2026-04-29 13:25:14.498 [main] WARN  o.m.s.mapper.ClassPathMapperScanner - Cannot use both: sqlSessionTemplate and sqlSessionFactory together. sqlSessionFactory is ignored.
2026-04-29 13:25:14.498 [main] WARN  o.m.s.mapper.ClassPathMapperScanner - Cannot use both: sqlSessionTemplate and sqlSessionFactory together. sqlSessionFactory is ignored.
2026-04-29 13:25:14.498 [main] WARN  o.m.s.mapper.ClassPathMapperScanner - Cannot use both: sqlSessionTemplate and sqlSessionFactory together. sqlSessionFactory is ignored.
2026-04-29 13:25:14.499 [main] WARN  o.m.s.mapper.ClassPathMapperScanner - Cannot use both: sqlSessionTemplate and sqlSessionFactory together. sqlSessionFactory is ignored.
2026-04-29 13:25:14.499 [main] WARN  o.m.s.mapper.ClassPathMapperScanner - Cannot use both: sqlSessionTemplate and sqlSessionFactory together. sqlSessionFactory is ignored.
2026-04-29 13:25:14.500 [main] WARN  o.m.s.mapper.ClassPathMapperScanner - Cannot use both: sqlSessionTemplate and sqlSessionFactory together. sqlSessionFactory is ignored.
2026-04-29 13:25:14.500 [main] WARN  o.m.s.mapper.ClassPathMapperScanner - Cannot use both: sqlSessionTemplate and sqlSessionFactory together. sqlSessionFactory is ignored.
2026-04-29 13:25:14.501 [main] WARN  o.m.s.mapper.ClassPathMapperScanner - Cannot use both: sqlSessionTemplate and sqlSessionFactory together. sqlSessionFactory is ignored.
2026-04-29 13:25:14.501 [main] WARN  o.m.s.mapper.ClassPathMapperScanner - Cannot use both: sqlSessionTemplate and sqlSessionFactory together. sqlSessionFactory is ignored.
2026-04-29 13:25:14.502 [main] WARN  o.m.s.mapper.ClassPathMapperScanner - Cannot use both: sqlSessionTemplate and sqlSessionFactory together. sqlSessionFactory is ignored.
2026-04-29 13:25:14.502 [main] WARN  o.m.s.mapper.ClassPathMapperScanner - Cannot use both: sqlSessionTemplate and sqlSessionFactory together. sqlSessionFactory is ignored.
2026-04-29 13:25:14.502 [main] WARN  o.m.s.mapper.ClassPathMapperScanner - Cannot use both: sqlSessionTemplate and sqlSessionFactory together. sqlSessionFactory is ignored.
2026-04-29 13:25:14.503 [main] WARN  o.m.s.mapper.ClassPathMapperScanner - Cannot use both: sqlSessionTemplate and sqlSessionFactory together. sqlSessionFactory is ignored.
2026-04-29 13:25:14.503 [main] WARN  o.m.s.mapper.ClassPathMapperScanner - Cannot use both: sqlSessionTemplate and sqlSessionFactory together. sqlSessionFactory is ignored.
2026-04-29 13:25:14.505 [main] WARN  o.m.s.mapper.ClassPathMapperScanner - Cannot use both: sqlSessionTemplate and sqlSessionFactory together. sqlSessionFactory is ignored.
2026-04-29 13:25:14.506 [main] WARN  o.m.s.mapper.ClassPathMapperScanner - Cannot use both: sqlSessionTemplate and sqlSessionFactory together. sqlSessionFactory is ignored.
2026-04-29 13:25:14.507 [main] WARN  o.m.s.mapper.ClassPathMapperScanner - Cannot use both: sqlSessionTemplate and sqlSessionFactory together. sqlSessionFactory is ignored.
2026-04-29 13:25:14.509 [main] WARN  o.m.s.mapper.ClassPathMapperScanner - Cannot use both: sqlSessionTemplate and sqlSessionFactory together. sqlSessionFactory is ignored.
2026-04-29 13:25:14.512 [main] WARN  o.m.s.mapper.ClassPathMapperScanner - Cannot use both: sqlSessionTemplate and sqlSessionFactory together. sqlSessionFactory is ignored.
2026-04-29 13:25:14.513 [main] WARN  o.m.s.mapper.ClassPathMapperScanner - Cannot use both: sqlSessionTemplate and sqlSessionFactory together. sqlSessionFactory is ignored.
2026-04-29 13:25:14.514 [main] WARN  o.m.s.mapper.ClassPathMapperScanner - Cannot use both: sqlSessionTemplate and sqlSessionFactory together. sqlSessionFactory is ignored.
2026-04-29 13:25:14.515 [main] WARN  o.m.s.mapper.ClassPathMapperScanner - Cannot use both: sqlSessionTemplate and sqlSessionFactory together. sqlSessionFactory is ignored.
2026-04-29 13:25:14.516 [main] WARN  o.m.s.mapper.ClassPathMapperScanner - Cannot use both: sqlSessionTemplate and sqlSessionFactory together. sqlSessionFactory is ignored.
2026-04-29 13:25:14.517 [main] WARN  o.m.s.mapper.ClassPathMapperScanner - Cannot use both: sqlSessionTemplate and sqlSessionFactory together. sqlSessionFactory is ignored.
2026-04-29 13:25:14.519 [main] WARN  o.m.s.mapper.ClassPathMapperScanner - Cannot use both: sqlSessionTemplate and sqlSessionFactory together. sqlSessionFactory is ignored.
2026-04-29 13:25:14.521 [main] WARN  o.m.s.mapper.ClassPathMapperScanner - Cannot use both: sqlSessionTemplate and sqlSessionFactory together. sqlSessionFactory is ignored.
2026-04-29 13:25:14.522 [main] WARN  o.m.s.mapper.ClassPathMapperScanner - Cannot use both: sqlSessionTemplate and sqlSessionFactory together. sqlSessionFactory is ignored.
2026-04-29 13:25:14.526 [main] WARN  o.m.s.mapper.ClassPathMapperScanner - No MyBatis mapper was found in '[com.zyh.easyapplyresume.mapper.pgvector]' package. Please check your configuration.
2026-04-29 13:25:14.796 [main] INFO  o.s.cloud.context.scope.GenericScope - BeanFactory id=cec86c5a-a5fe-3b76-8061-fda812463d3c
2026-04-29 13:25:16.534 [main] INFO  o.s.b.w.e.tomcat.TomcatWebServer - Tomcat initialized with port 8080 (http)
2026-04-29 13:25:16.562 [main] INFO  o.a.coyote.http11.Http11NioProtocol - Initializing ProtocolHandler ["http-nio-8080"]
2026-04-29 13:25:16.568 [main] INFO  o.a.catalina.core.StandardService - Starting service [Tomcat]
2026-04-29 13:25:16.569 [main] INFO  o.a.catalina.core.StandardEngine - Starting Servlet engine: [Apache Tomcat/10.1.31]
2026-04-29 13:25:16.773 [main] INFO  o.a.c.c.C.[.[localhost].[/api] - Initializing Spring embedded WebApplicationContext
2026-04-29 13:25:16.773 [main] INFO  o.s.b.w.s.c.ServletWebServerApplicationContext - Root WebApplicationContext: initialization completed in 6635 ms
2026-04-29 13:25:19.195 [main] WARN  c.b.m.core.metadata.TableInfoHelper - Can not find table primary key in Class: "com.zyh.easyapplyresume.model.pojo.user.UserCollections".
2026-04-29 13:25:19.196 [main] WARN  c.b.m.c.injector.DefaultSqlInjector - class com.zyh.easyapplyresume.model.pojo.user.UserCollections ,Not found @TableId annotation, Cannot use Mybatis-Plus 'xxById' Method.
2026-04-29 13:25:19.571 [main] DEBUG c.z.e.filter.UserJwtAuthFilter - Filter 'userJwtAuthFilter' configured for use
2026-04-29 13:25:19.575 [main] DEBUG c.z.e.filter.AdminJwtAuthFilter - Filter 'adminJwtAuthFilter' configured for use
2026-04-29 13:25:19.994 [main] INFO  c.z.e.s.i.admin.AdminSmsServiceImpl - 开始初始化阿里云短信客户端...
2026-04-29 13:25:20.535 [main] INFO  c.z.e.s.i.admin.AdminSmsServiceImpl - 阿里云短信客户端初始化完成
2026-04-29 13:25:21.628 [main] WARN  c.b.m.core.metadata.TableInfoHelper - Can not find table primary key in Class: "com.zyh.easyapplyresume.model.pojo.user.UserFirstCategoryQuestionBank".
2026-04-29 13:25:21.628 [main] WARN  c.b.m.c.injector.DefaultSqlInjector - class com.zyh.easyapplyresume.model.pojo.user.UserFirstCategoryQuestionBank ,Not found @TableId annotation, Cannot use Mybatis-Plus 'xxById' Method.
2026-04-29 13:25:23.824 [main] INFO  c.z.e.d.a.AdminSensitiveWordsAdvisor - 管理端敏感词初始化完成，共加载 137 个敏感词
2026-04-29 13:25:26.089 [main] INFO  c.z.s.ImageSearchMcpApplication - Starting ImageSearchMcpApplication v0.0.1-SNAPSHOT using Java 21.0.9 with PID 5920 (C:\Users\shini\IdeaProjects\EasyApplyResume\Image-Search-Mcp\target\Image-Search-Mcp-0.0.1-SNAPSHOT.jar started by shini in C:\Users\shini\IdeaProjects\EasyApplyResume)
2026-04-29 13:25:26.091 [main] INFO  c.z.s.ImageSearchMcpApplication - The following 1 profile is active: "stdio"
2026-04-29 13:25:27.444 [pool-1-thread-1] INFO  i.m.server.McpAsyncServer - Client initialize request - Protocol: 2024-11-05, Capabilities: ClientCapabilities[experimental=null, roots=null, sampling=null], Info: Implementation[name=spring-ai-mcp-client, version=1.0.0]
2026-04-29 13:25:27.505 [pool-6-thread-1] INFO  i.m.client.McpAsyncClient - Server response with Protocol: 2024-11-05, Capabilities: ServerCapabilities[experimental=null, logging=LoggingCapabilities[], prompts=null, resources=null, tools=ToolCapabilities[listChanged=true]], Info: Implementation[name=image-search-mcp-server, version=0.0.1] and Instructions null
2026-04-29 13:25:27.572 [main] INFO  c.z.s.ImageSearchMcpApplication - Started ImageSearchMcpApplication in 2.015 seconds (process running for 3.032)
2026-04-29 13:25:33.602 [pool-11-thread-1] INFO  i.m.c.transport.StdioClientTransport - STDERR Message received: Amap Maps MCP Server running on stdio
2026-04-29 13:25:33.614 [pool-9-thread-1] INFO  i.m.client.McpAsyncClient - Server response with Protocol: 2024-11-05, Capabilities: ServerCapabilities[experimental=null, logging=null, prompts=null, resources=null, tools=ToolCapabilities[listChanged=null]], Info: Implementation[name=mcp-server/amap-maps, version=0.1.0] and Instructions null
2026-04-29 13:25:34.066 [main] INFO  c.z.e.d.a.SensitiveWordsAdvisor - 用户端敏感词初始化完成，共加载 137 个敏感词
2026-04-29 13:25:34.488 [main] INFO  o.s.a.t.splitter.TextSplitter - Splitting up document into 2 chunks.
2026-04-29 13:25:34.494 [main] INFO  o.s.a.t.splitter.TextSplitter - Splitting up document into 2 chunks.
2026-04-29 13:25:34.502 [main] INFO  o.s.a.t.splitter.TextSplitter - Splitting up document into 2 chunks.
2026-04-29 13:25:38.876 [main] INFO  o.s.ai.vectorstore.SimpleVectorStore - Calling EmbeddingModel for document id = aaebe2af-9d30-46b2-a34e-39d537a0f7bd
2026-04-29 13:25:39.262 [main] INFO  o.s.ai.vectorstore.SimpleVectorStore - Calling EmbeddingModel for document id = cffe3aa4-ee1d-414b-bd4a-d11ff0691804
2026-04-29 13:25:39.607 [main] INFO  o.s.ai.vectorstore.SimpleVectorStore - Calling EmbeddingModel for document id = 5ed7e329-cc2a-4d01-825b-6a142f328790
2026-04-29 13:25:39.993 [main] INFO  c.z.e.s.impl.user.UserSmsServiceImpl - 开始初始化阿里云短信客户端...
2026-04-29 13:25:40.009 [main] INFO  c.z.e.s.impl.user.UserSmsServiceImpl - 阿里云短信客户端初始化完成
2026-04-29 13:25:40.616 [main] WARN  c.b.m.e.s.MybatisSqlSessionFactoryBean - Property 'mapperLocations' was specified but matching resources are not found.
2026-04-29 13:25:40.760 [main] INFO  o.s.a.v.pgvector.PgVectorStore - Using the vector table name: vector_store. Is empty: false
2026-04-29 13:25:40.766 [main] INFO  o.s.a.v.pgvector.PgVectorStore - Initializing PGVectorStore schema for table: vector_store in schema: public
2026-04-29 13:25:40.766 [main] INFO  o.s.a.v.pgvector.PgVectorStore - vectorTableValidationsEnabled false
2026-04-29 13:25:40.771 [main] INFO  com.zaxxer.hikari.HikariDataSource - HikariPool-1 - Starting...
2026-04-29 13:25:41.558 [main] INFO  com.zaxxer.hikari.pool.HikariPool - HikariPool-1 - Added connection org.postgresql.jdbc.PgConnection@449fe06e
2026-04-29 13:25:41.563 [main] INFO  com.zaxxer.hikari.HikariDataSource - HikariPool-1 - Start completed.
2026-04-29 13:25:42.157 [main] WARN  o.s.b.a.s.s.UserDetailsServiceAutoConfiguration - 

Using generated security password: 0007a6ef-2d27-41b3-815e-0b56dbf31c72

This generated password is for development use only. Your security configuration must be updated before running your application in production.

2026-04-29 13:25:42.175 [main] INFO  o.s.s.c.a.a.c.InitializeUserDetailsBeanManagerConfigurer$InitializeUserDetailsManagerConfigurer - Global AuthenticationManager configured with UserDetailsService bean with name inMemoryUserDetailsManager
2026-04-29 13:25:43.243 [main] INFO  o.s.b.a.e.web.EndpointLinksResolver - Exposing 20 endpoints beneath base path '/actuator'
2026-04-29 13:25:44.102 [Thread-9] WARN  c.a.nacos.common.notify.NotifyCenter - [NotifyCenter] Start destroying Publisher
2026-04-29 13:25:44.102 [Thread-1] WARN  c.a.n.c.executor.ThreadPoolManager - [ThreadPoolManager] Start destroying ThreadPool
2026-04-29 13:25:44.102 [Thread-9] WARN  c.a.nacos.common.notify.NotifyCenter - [NotifyCenter] Destruction of the end
2026-04-29 13:25:44.102 [Thread-7] WARN  c.a.n.c.http.HttpClientBeanHolder - [HttpClientBeanHolder] Start destroying common HttpClient
2026-04-29 13:25:44.103 [Thread-1] WARN  c.a.n.c.executor.ThreadPoolManager - [ThreadPoolManager] Destruction of the end
2026-04-29 13:25:44.103 [Thread-7] WARN  c.a.n.c.http.HttpClientBeanHolder - [HttpClientBeanHolder] Destruction of the end
2026-04-29 13:25:44.854 [main] INFO  o.s.b.w.e.tomcat.TomcatWebServer - Tomcat started on port 8080 (http) with context path '/api'
2026-04-29 13:25:44.884 [main] INFO  c.a.n.p.a.s.c.ClientAuthPluginManager - [ClientAuthPluginManager] Load ClientAuthService com.alibaba.nacos.client.auth.impl.NacosClientAuthServiceImpl success.
2026-04-29 13:25:44.884 [main] INFO  c.a.n.p.a.s.c.ClientAuthPluginManager - [ClientAuthPluginManager] Load ClientAuthService com.alibaba.nacos.client.auth.ram.RamClientAuthServiceImpl success.
2026-04-29 13:25:45.323 [main] INFO  c.a.c.n.r.NacosServiceRegistry - nacos registry, DEFAULT_GROUP EasyApplyResume 172.41.80.19:8080 register finished
2026-04-29 13:25:45.351 [SpringApplicationShutdownHook] INFO  c.a.c.n.r.NacosServiceRegistry - De-registering from Nacos Server now...
2026-04-29 13:25:45.351 [main] INFO  c.z.e.EasyApplyResumeApplication - Started EasyApplyResumeApplication in 40.925 seconds (process running for 43.158)
2026-04-29 13:25:45.452 [SpringApplicationShutdownHook] INFO  c.a.c.n.r.NacosServiceRegistry - De-registration finished.
2026-04-29 13:25:48.177 [main] INFO  c.a.c.n.r.NacosContextRefresher - [Nacos Config] Listening config: dataId=EasyApplyResume.yaml, group=DEFAULT_GROUP
2026-04-29 13:25:48.178 [main] INFO  c.a.c.n.r.NacosContextRefresher - [Nacos Config] Listening config: dataId=EasyApplyResume-test.yaml, group=DEFAULT_GROUP
2026-04-29 13:25:48.220 [registrationTask1] WARN  d.c.b.a.c.r.ApplicationRegistrator - Failed to register application as Application(name=EasyApplyResume, managementUrl=http://localhost:8080/actuator, healthUrl=http://localhost:8080/actuator/health, serviceUrl=http://localhost:8080) at spring-boot-admin ([http://localhost:9090/instances]): I/O error on POST request for "http://localhost:9090/instances": Failed to connect to localhost/[0:0:0:0:0:0:0:1]:9090. Further attempts are logged on DEBUG level
2026-04-29 13:25:55.464 [SpringApplicationShutdownHook] INFO  c.a.c.n.r.NacosGracefulShutdownDelegate - Nacos client graceful shutdown has been executed successfully. Graceful shutdown wait time is 10000
2026-04-29 13:25:55.501 [SpringApplicationShutdownHook] INFO  com.zaxxer.hikari.HikariDataSource - HikariPool-1 - Shutdown initiated...
2026-04-29 13:25:55.507 [SpringApplicationShutdownHook] INFO  com.zaxxer.hikari.HikariDataSource - HikariPool-1 - Shutdown completed.
2026-04-29 13:25:55.508 [SpringApplicationShutdownHook] INFO  c.z.e.s.impl.user.UserSmsServiceImpl - 关闭阿里云短信客户端...
2026-04-29 13:25:55.511 [SpringApplicationShutdownHook] INFO  c.z.e.s.impl.user.UserSmsServiceImpl - 阿里云短信客户端已关闭
2026-04-29 13:25:55.511 [SpringApplicationShutdownHook] INFO  c.z.e.s.i.admin.AdminSmsServiceImpl - 关闭阿里云短信客户端...
2026-04-29 13:25:55.513 [SpringApplicationShutdownHook] INFO  c.z.e.s.i.admin.AdminSmsServiceImpl - 阿里云短信客户端已关闭
2026-04-29 13:26:49.749 [background-preinit] INFO  o.h.validator.internal.util.Version - HV000001: Hibernate Validator 8.0.1.Final
2026-04-29 13:26:50.157 [main] INFO  c.a.c.n.c.NacosConfigDataLoader - [Nacos Config] Load config[dataId=EasyApplyResume-test.yaml, group=DEFAULT_GROUP] success
2026-04-29 13:26:50.157 [main] INFO  c.a.c.n.c.NacosConfigDataLoader - [Nacos Config] Load config[dataId=EasyApplyResume.yaml, group=DEFAULT_GROUP] success
2026-04-29 13:26:51.200 [main] INFO  c.z.e.EasyApplyResumeApplication - The following 2 profiles are active: "dev", "test"
2026-04-29 13:26:51.236 [main] INFO  c.a.c.n.c.NacosConfigDataLoader - [Nacos Config] Load config[dataId=EasyApplyResume-test.yaml, group=DEFAULT_GROUP] success
2026-04-29 13:26:51.236 [main] INFO  c.a.c.n.c.NacosConfigDataLoader - [Nacos Config] Load config[dataId=EasyApplyResume.yaml, group=DEFAULT_GROUP] success
2026-04-29 13:26:54.128 [main] INFO  o.s.d.r.c.RepositoryConfigurationDelegate - Multiple Spring Data modules found, entering strict repository configuration mode
2026-04-29 13:26:54.133 [main] INFO  o.s.d.r.c.RepositoryConfigurationDelegate - Bootstrapping Spring Data Redis repositories in DEFAULT mode.
2026-04-29 13:26:54.225 [main] INFO  o.s.d.r.c.RepositoryConfigurationDelegate - Finished Spring Data repository scanning in 70 ms. Found 0 Redis repository interfaces.
2026-04-29 13:26:54.453 [main] WARN  o.m.s.mapper.ClassPathMapperScanner - Cannot use both: sqlSessionTemplate and sqlSessionFactory together. sqlSessionFactory is ignored.
2026-04-29 13:26:54.454 [main] WARN  o.m.s.mapper.ClassPathMapperScanner - Cannot use both: sqlSessionTemplate and sqlSessionFactory together. sqlSessionFactory is ignored.
2026-04-29 13:26:54.456 [main] WARN  o.m.s.mapper.ClassPathMapperScanner - Cannot use both: sqlSessionTemplate and sqlSessionFactory together. sqlSessionFactory is ignored.
2026-04-29 13:26:54.457 [main] WARN  o.m.s.mapper.ClassPathMapperScanner - Cannot use both: sqlSessionTemplate and sqlSessionFactory together. sqlSessionFactory is ignored.
2026-04-29 13:26:54.457 [main] WARN  o.m.s.mapper.ClassPathMapperScanner - Cannot use both: sqlSessionTemplate and sqlSessionFactory together. sqlSessionFactory is ignored.
2026-04-29 13:26:54.458 [main] WARN  o.m.s.mapper.ClassPathMapperScanner - Cannot use both: sqlSessionTemplate and sqlSessionFactory together. sqlSessionFactory is ignored.
2026-04-29 13:26:54.459 [main] WARN  o.m.s.mapper.ClassPathMapperScanner - Cannot use both: sqlSessionTemplate and sqlSessionFactory together. sqlSessionFactory is ignored.
2026-04-29 13:26:54.460 [main] WARN  o.m.s.mapper.ClassPathMapperScanner - Cannot use both: sqlSessionTemplate and sqlSessionFactory together. sqlSessionFactory is ignored.
2026-04-29 13:26:54.460 [main] WARN  o.m.s.mapper.ClassPathMapperScanner - Cannot use both: sqlSessionTemplate and sqlSessionFactory together. sqlSessionFactory is ignored.
2026-04-29 13:26:54.460 [main] WARN  o.m.s.mapper.ClassPathMapperScanner - Cannot use both: sqlSessionTemplate and sqlSessionFactory together. sqlSessionFactory is ignored.
2026-04-29 13:26:54.461 [main] WARN  o.m.s.mapper.ClassPathMapperScanner - Cannot use both: sqlSessionTemplate and sqlSessionFactory together. sqlSessionFactory is ignored.
2026-04-29 13:26:54.461 [main] WARN  o.m.s.mapper.ClassPathMapperScanner - Cannot use both: sqlSessionTemplate and sqlSessionFactory together. sqlSessionFactory is ignored.
2026-04-29 13:26:54.462 [main] WARN  o.m.s.mapper.ClassPathMapperScanner - Cannot use both: sqlSessionTemplate and sqlSessionFactory together. sqlSessionFactory is ignored.
2026-04-29 13:26:54.462 [main] WARN  o.m.s.mapper.ClassPathMapperScanner - Cannot use both: sqlSessionTemplate and sqlSessionFactory together. sqlSessionFactory is ignored.
2026-04-29 13:26:54.463 [main] WARN  o.m.s.mapper.ClassPathMapperScanner - Cannot use both: sqlSessionTemplate and sqlSessionFactory together. sqlSessionFactory is ignored.
2026-04-29 13:26:54.465 [main] WARN  o.m.s.mapper.ClassPathMapperScanner - Cannot use both: sqlSessionTemplate and sqlSessionFactory together. sqlSessionFactory is ignored.
2026-04-29 13:26:54.466 [main] WARN  o.m.s.mapper.ClassPathMapperScanner - Cannot use both: sqlSessionTemplate and sqlSessionFactory together. sqlSessionFactory is ignored.
2026-04-29 13:26:54.467 [main] WARN  o.m.s.mapper.ClassPathMapperScanner - Cannot use both: sqlSessionTemplate and sqlSessionFactory together. sqlSessionFactory is ignored.
2026-04-29 13:26:54.468 [main] WARN  o.m.s.mapper.ClassPathMapperScanner - Cannot use both: sqlSessionTemplate and sqlSessionFactory together. sqlSessionFactory is ignored.
2026-04-29 13:26:54.469 [main] WARN  o.m.s.mapper.ClassPathMapperScanner - Cannot use both: sqlSessionTemplate and sqlSessionFactory together. sqlSessionFactory is ignored.
2026-04-29 13:26:54.470 [main] WARN  o.m.s.mapper.ClassPathMapperScanner - Cannot use both: sqlSessionTemplate and sqlSessionFactory together. sqlSessionFactory is ignored.
2026-04-29 13:26:54.470 [main] WARN  o.m.s.mapper.ClassPathMapperScanner - Cannot use both: sqlSessionTemplate and sqlSessionFactory together. sqlSessionFactory is ignored.
2026-04-29 13:26:54.471 [main] WARN  o.m.s.mapper.ClassPathMapperScanner - Cannot use both: sqlSessionTemplate and sqlSessionFactory together. sqlSessionFactory is ignored.
2026-04-29 13:26:54.471 [main] WARN  o.m.s.mapper.ClassPathMapperScanner - Cannot use both: sqlSessionTemplate and sqlSessionFactory together. sqlSessionFactory is ignored.
2026-04-29 13:26:54.473 [main] WARN  o.m.s.mapper.ClassPathMapperScanner - Cannot use both: sqlSessionTemplate and sqlSessionFactory together. sqlSessionFactory is ignored.
2026-04-29 13:26:54.474 [main] WARN  o.m.s.mapper.ClassPathMapperScanner - Cannot use both: sqlSessionTemplate and sqlSessionFactory together. sqlSessionFactory is ignored.
2026-04-29 13:26:54.475 [main] WARN  o.m.s.mapper.ClassPathMapperScanner - Cannot use both: sqlSessionTemplate and sqlSessionFactory together. sqlSessionFactory is ignored.
2026-04-29 13:26:54.475 [main] WARN  o.m.s.mapper.ClassPathMapperScanner - Cannot use both: sqlSessionTemplate and sqlSessionFactory together. sqlSessionFactory is ignored.
2026-04-29 13:26:54.476 [main] WARN  o.m.s.mapper.ClassPathMapperScanner - Cannot use both: sqlSessionTemplate and sqlSessionFactory together. sqlSessionFactory is ignored.
2026-04-29 13:26:54.476 [main] WARN  o.m.s.mapper.ClassPathMapperScanner - Cannot use both: sqlSessionTemplate and sqlSessionFactory together. sqlSessionFactory is ignored.
2026-04-29 13:26:54.477 [main] WARN  o.m.s.mapper.ClassPathMapperScanner - Cannot use both: sqlSessionTemplate and sqlSessionFactory together. sqlSessionFactory is ignored.
2026-04-29 13:26:54.479 [main] WARN  o.m.s.mapper.ClassPathMapperScanner - Cannot use both: sqlSessionTemplate and sqlSessionFactory together. sqlSessionFactory is ignored.
2026-04-29 13:26:54.480 [main] WARN  o.m.s.mapper.ClassPathMapperScanner - Cannot use both: sqlSessionTemplate and sqlSessionFactory together. sqlSessionFactory is ignored.
2026-04-29 13:26:54.481 [main] WARN  o.m.s.mapper.ClassPathMapperScanner - Cannot use both: sqlSessionTemplate and sqlSessionFactory together. sqlSessionFactory is ignored.
2026-04-29 13:26:54.482 [main] WARN  o.m.s.mapper.ClassPathMapperScanner - Cannot use both: sqlSessionTemplate and sqlSessionFactory together. sqlSessionFactory is ignored.
2026-04-29 13:26:54.483 [main] WARN  o.m.s.mapper.ClassPathMapperScanner - Cannot use both: sqlSessionTemplate and sqlSessionFactory together. sqlSessionFactory is ignored.
2026-04-29 13:26:54.483 [main] WARN  o.m.s.mapper.ClassPathMapperScanner - Cannot use both: sqlSessionTemplate and sqlSessionFactory together. sqlSessionFactory is ignored.
2026-04-29 13:26:54.484 [main] WARN  o.m.s.mapper.ClassPathMapperScanner - Cannot use both: sqlSessionTemplate and sqlSessionFactory together. sqlSessionFactory is ignored.
2026-04-29 13:26:54.484 [main] WARN  o.m.s.mapper.ClassPathMapperScanner - Cannot use both: sqlSessionTemplate and sqlSessionFactory together. sqlSessionFactory is ignored.
2026-04-29 13:26:54.485 [main] WARN  o.m.s.mapper.ClassPathMapperScanner - Cannot use both: sqlSessionTemplate and sqlSessionFactory together. sqlSessionFactory is ignored.
2026-04-29 13:26:54.485 [main] WARN  o.m.s.mapper.ClassPathMapperScanner - Cannot use both: sqlSessionTemplate and sqlSessionFactory together. sqlSessionFactory is ignored.
2026-04-29 13:26:54.486 [main] WARN  o.m.s.mapper.ClassPathMapperScanner - Cannot use both: sqlSessionTemplate and sqlSessionFactory together. sqlSessionFactory is ignored.
2026-04-29 13:26:54.486 [main] WARN  o.m.s.mapper.ClassPathMapperScanner - Cannot use both: sqlSessionTemplate and sqlSessionFactory together. sqlSessionFactory is ignored.
2026-04-29 13:26:54.487 [main] WARN  o.m.s.mapper.ClassPathMapperScanner - Cannot use both: sqlSessionTemplate and sqlSessionFactory together. sqlSessionFactory is ignored.
2026-04-29 13:26:54.487 [main] WARN  o.m.s.mapper.ClassPathMapperScanner - Cannot use both: sqlSessionTemplate and sqlSessionFactory together. sqlSessionFactory is ignored.
2026-04-29 13:26:54.489 [main] WARN  o.m.s.mapper.ClassPathMapperScanner - Cannot use both: sqlSessionTemplate and sqlSessionFactory together. sqlSessionFactory is ignored.
2026-04-29 13:26:54.489 [main] WARN  o.m.s.mapper.ClassPathMapperScanner - Cannot use both: sqlSessionTemplate and sqlSessionFactory together. sqlSessionFactory is ignored.
2026-04-29 13:26:54.490 [main] WARN  o.m.s.mapper.ClassPathMapperScanner - Cannot use both: sqlSessionTemplate and sqlSessionFactory together. sqlSessionFactory is ignored.
2026-04-29 13:26:54.491 [main] WARN  o.m.s.mapper.ClassPathMapperScanner - Cannot use both: sqlSessionTemplate and sqlSessionFactory together. sqlSessionFactory is ignored.
2026-04-29 13:26:54.491 [main] WARN  o.m.s.mapper.ClassPathMapperScanner - Cannot use both: sqlSessionTemplate and sqlSessionFactory together. sqlSessionFactory is ignored.
2026-04-29 13:26:54.491 [main] WARN  o.m.s.mapper.ClassPathMapperScanner - Cannot use both: sqlSessionTemplate and sqlSessionFactory together. sqlSessionFactory is ignored.
2026-04-29 13:26:54.492 [main] WARN  o.m.s.mapper.ClassPathMapperScanner - Cannot use both: sqlSessionTemplate and sqlSessionFactory together. sqlSessionFactory is ignored.
2026-04-29 13:26:54.492 [main] WARN  o.m.s.mapper.ClassPathMapperScanner - Cannot use both: sqlSessionTemplate and sqlSessionFactory together. sqlSessionFactory is ignored.
2026-04-29 13:26:54.493 [main] WARN  o.m.s.mapper.ClassPathMapperScanner - Cannot use both: sqlSessionTemplate and sqlSessionFactory together. sqlSessionFactory is ignored.
2026-04-29 13:26:54.494 [main] WARN  o.m.s.mapper.ClassPathMapperScanner - Cannot use both: sqlSessionTemplate and sqlSessionFactory together. sqlSessionFactory is ignored.
2026-04-29 13:26:54.496 [main] WARN  o.m.s.mapper.ClassPathMapperScanner - Cannot use both: sqlSessionTemplate and sqlSessionFactory together. sqlSessionFactory is ignored.
2026-04-29 13:26:54.497 [main] WARN  o.m.s.mapper.ClassPathMapperScanner - Cannot use both: sqlSessionTemplate and sqlSessionFactory together. sqlSessionFactory is ignored.
2026-04-29 13:26:54.503 [main] WARN  o.m.s.mapper.ClassPathMapperScanner - No MyBatis mapper was found in '[com.zyh.easyapplyresume.mapper.pgvector]' package. Please check your configuration.
2026-04-29 13:26:54.782 [main] INFO  o.s.cloud.context.scope.GenericScope - BeanFactory id=cec86c5a-a5fe-3b76-8061-fda812463d3c
2026-04-29 13:26:56.343 [main] INFO  o.s.b.w.e.tomcat.TomcatWebServer - Tomcat initialized with port 8080 (http)
2026-04-29 13:26:56.370 [main] INFO  o.a.coyote.http11.Http11NioProtocol - Initializing ProtocolHandler ["http-nio-8080"]
2026-04-29 13:26:56.376 [main] INFO  o.a.catalina.core.StandardService - Starting service [Tomcat]
2026-04-29 13:26:56.377 [main] INFO  o.a.catalina.core.StandardEngine - Starting Servlet engine: [Apache Tomcat/10.1.31]
2026-04-29 13:26:56.585 [main] INFO  o.a.c.c.C.[.[localhost].[/api] - Initializing Spring embedded WebApplicationContext
2026-04-29 13:26:56.586 [main] INFO  o.s.b.w.s.c.ServletWebServerApplicationContext - Root WebApplicationContext: initialization completed in 5348 ms
2026-04-29 13:26:58.669 [main] WARN  c.b.m.core.metadata.TableInfoHelper - Can not find table primary key in Class: "com.zyh.easyapplyresume.model.pojo.user.UserCollections".
2026-04-29 13:26:58.669 [main] WARN  c.b.m.c.injector.DefaultSqlInjector - class com.zyh.easyapplyresume.model.pojo.user.UserCollections ,Not found @TableId annotation, Cannot use Mybatis-Plus 'xxById' Method.
2026-04-29 13:26:59.066 [main] DEBUG c.z.e.filter.UserJwtAuthFilter - Filter 'userJwtAuthFilter' configured for use
2026-04-29 13:26:59.069 [main] DEBUG c.z.e.filter.AdminJwtAuthFilter - Filter 'adminJwtAuthFilter' configured for use
2026-04-29 13:26:59.415 [main] INFO  c.z.e.s.i.admin.AdminSmsServiceImpl - 开始初始化阿里云短信客户端...
2026-04-29 13:26:59.816 [main] INFO  c.z.e.s.i.admin.AdminSmsServiceImpl - 阿里云短信客户端初始化完成
2026-04-29 13:27:00.876 [main] WARN  c.b.m.core.metadata.TableInfoHelper - Can not find table primary key in Class: "com.zyh.easyapplyresume.model.pojo.user.UserFirstCategoryQuestionBank".
2026-04-29 13:27:00.876 [main] WARN  c.b.m.c.injector.DefaultSqlInjector - class com.zyh.easyapplyresume.model.pojo.user.UserFirstCategoryQuestionBank ,Not found @TableId annotation, Cannot use Mybatis-Plus 'xxById' Method.
2026-04-29 13:27:03.274 [main] INFO  c.z.e.d.a.AdminSensitiveWordsAdvisor - 管理端敏感词初始化完成，共加载 137 个敏感词
2026-04-29 13:27:05.180 [main] INFO  c.z.s.ImageSearchMcpApplication - Starting ImageSearchMcpApplication v0.0.1-SNAPSHOT using Java 21.0.9 with PID 42624 (C:\Users\shini\IdeaProjects\EasyApplyResume\Image-Search-Mcp\target\Image-Search-Mcp-0.0.1-SNAPSHOT.jar started by shini in C:\Users\shini\IdeaProjects\EasyApplyResume)
2026-04-29 13:27:05.183 [main] INFO  c.z.s.ImageSearchMcpApplication - The following 1 profile is active: "stdio"
2026-04-29 13:27:06.598 [pool-1-thread-1] INFO  i.m.server.McpAsyncServer - Client initialize request - Protocol: 2024-11-05, Capabilities: ClientCapabilities[experimental=null, roots=null, sampling=null], Info: Implementation[name=spring-ai-mcp-client, version=1.0.0]
2026-04-29 13:27:06.669 [pool-6-thread-1] INFO  i.m.client.McpAsyncClient - Server response with Protocol: 2024-11-05, Capabilities: ServerCapabilities[experimental=null, logging=LoggingCapabilities[], prompts=null, resources=null, tools=ToolCapabilities[listChanged=true]], Info: Implementation[name=image-search-mcp-server, version=0.0.1] and Instructions null
2026-04-29 13:27:06.752 [main] INFO  c.z.s.ImageSearchMcpApplication - Started ImageSearchMcpApplication in 2.067 seconds (process running for 2.868)
2026-04-29 13:27:12.390 [pool-11-thread-1] INFO  i.m.c.transport.StdioClientTransport - STDERR Message received: Amap Maps MCP Server running on stdio
2026-04-29 13:27:12.403 [pool-9-thread-1] INFO  i.m.client.McpAsyncClient - Server response with Protocol: 2024-11-05, Capabilities: ServerCapabilities[experimental=null, logging=null, prompts=null, resources=null, tools=ToolCapabilities[listChanged=null]], Info: Implementation[name=mcp-server/amap-maps, version=0.1.0] and Instructions null
2026-04-29 13:27:12.892 [main] INFO  c.z.e.d.a.SensitiveWordsAdvisor - 用户端敏感词初始化完成，共加载 137 个敏感词
2026-04-29 13:27:13.272 [main] INFO  o.s.a.t.splitter.TextSplitter - Splitting up document into 2 chunks.
2026-04-29 13:27:13.278 [main] INFO  o.s.a.t.splitter.TextSplitter - Splitting up document into 2 chunks.
2026-04-29 13:27:13.283 [main] INFO  o.s.a.t.splitter.TextSplitter - Splitting up document into 2 chunks.
2026-04-29 13:27:17.798 [main] INFO  o.s.ai.vectorstore.SimpleVectorStore - Calling EmbeddingModel for document id = fb563b52-e045-4c7c-98c2-00fdca9ef20e
2026-04-29 13:27:18.034 [main] INFO  o.s.ai.vectorstore.SimpleVectorStore - Calling EmbeddingModel for document id = e8c47220-73db-4a92-bf92-7748e78b5d08
2026-04-29 13:27:18.430 [main] INFO  o.s.ai.vectorstore.SimpleVectorStore - Calling EmbeddingModel for document id = 1c37399d-6e76-4711-8da2-9518dc18f298
2026-04-29 13:27:18.809 [main] INFO  c.z.e.s.impl.user.UserSmsServiceImpl - 开始初始化阿里云短信客户端...
2026-04-29 13:27:18.826 [main] INFO  c.z.e.s.impl.user.UserSmsServiceImpl - 阿里云短信客户端初始化完成
2026-04-29 13:27:19.414 [main] WARN  c.b.m.e.s.MybatisSqlSessionFactoryBean - Property 'mapperLocations' was specified but matching resources are not found.
2026-04-29 13:27:19.548 [main] INFO  o.s.a.v.pgvector.PgVectorStore - Using the vector table name: vector_store. Is empty: false
2026-04-29 13:27:19.552 [main] INFO  o.s.a.v.pgvector.PgVectorStore - Initializing PGVectorStore schema for table: vector_store in schema: public
2026-04-29 13:27:19.552 [main] INFO  o.s.a.v.pgvector.PgVectorStore - vectorTableValidationsEnabled false
2026-04-29 13:27:19.559 [main] INFO  com.zaxxer.hikari.HikariDataSource - HikariPool-1 - Starting...
2026-04-29 13:27:20.082 [main] INFO  com.zaxxer.hikari.pool.HikariPool - HikariPool-1 - Added connection org.postgresql.jdbc.PgConnection@2206f44b
2026-04-29 13:27:20.084 [main] INFO  com.zaxxer.hikari.HikariDataSource - HikariPool-1 - Start completed.
2026-04-29 13:27:20.750 [main] WARN  o.s.b.a.s.s.UserDetailsServiceAutoConfiguration - 

Using generated security password: bde5575b-f0ed-4b71-8596-ca697efbf3f1

This generated password is for development use only. Your security configuration must be updated before running your application in production.

2026-04-29 13:27:20.768 [main] INFO  o.s.s.c.a.a.c.InitializeUserDetailsBeanManagerConfigurer$InitializeUserDetailsManagerConfigurer - Global AuthenticationManager configured with UserDetailsService bean with name inMemoryUserDetailsManager
2026-04-29 13:27:21.896 [main] INFO  o.s.b.a.e.web.EndpointLinksResolver - Exposing 20 endpoints beneath base path '/actuator'
2026-04-29 13:27:23.755 [main] INFO  o.a.coyote.http11.Http11NioProtocol - Starting ProtocolHandler ["http-nio-8080"]
2026-04-29 13:27:23.772 [main] INFO  o.s.b.w.e.tomcat.TomcatWebServer - Tomcat started on port 8080 (http) with context path '/api'
2026-04-29 13:27:23.810 [main] INFO  c.a.n.p.a.s.c.ClientAuthPluginManager - [ClientAuthPluginManager] Load ClientAuthService com.alibaba.nacos.client.auth.impl.NacosClientAuthServiceImpl success.
2026-04-29 13:27:23.810 [main] INFO  c.a.n.p.a.s.c.ClientAuthPluginManager - [ClientAuthPluginManager] Load ClientAuthService com.alibaba.nacos.client.auth.ram.RamClientAuthServiceImpl success.
2026-04-29 13:27:24.394 [main] INFO  c.a.c.n.r.NacosServiceRegistry - nacos registry, DEFAULT_GROUP EasyApplyResume 172.41.80.19:8080 register finished
2026-04-29 13:27:24.428 [main] INFO  c.z.e.EasyApplyResumeApplication - Started EasyApplyResumeApplication in 38.271 seconds (process running for 39.367)
2026-04-29 13:27:27.251 [main] INFO  c.a.c.n.r.NacosContextRefresher - [Nacos Config] Listening config: dataId=EasyApplyResume.yaml, group=DEFAULT_GROUP
2026-04-29 13:27:27.252 [main] INFO  c.a.c.n.r.NacosContextRefresher - [Nacos Config] Listening config: dataId=EasyApplyResume-test.yaml, group=DEFAULT_GROUP
2026-04-29 13:27:27.291 [registrationTask1] WARN  d.c.b.a.c.r.ApplicationRegistrator - Failed to register application as Application(name=EasyApplyResume, managementUrl=http://localhost:8080/actuator, healthUrl=http://localhost:8080/actuator/health, serviceUrl=http://localhost:8080) at spring-boot-admin ([http://localhost:9090/instances]): I/O error on POST request for "http://localhost:9090/instances": Failed to connect to localhost/[0:0:0:0:0:0:0:1]:9090. Further attempts are logged on DEBUG level
2026-04-29 13:41:54.670 [http-nio-8080-exec-1] INFO  o.a.c.c.C.[.[localhost].[/api] - Initializing Spring DispatcherServlet 'dispatcherServlet'
2026-04-29 13:41:54.679 [http-nio-8080-exec-1] INFO  o.s.web.servlet.DispatcherServlet - Initializing Servlet 'dispatcherServlet'
2026-04-29 13:41:54.801 [http-nio-8080-exec-1] INFO  o.s.web.servlet.DispatcherServlet - Completed initialization in 121 ms
2026-04-29 13:41:55.425 [http-nio-8080-exec-2] WARN  c.z.e.utils.jwt.JwtUtil - Token 已过期: eyJhbGciOiJIUzUxMiJ9.eyJ1c2VyVHlwZSI6ImFkbWluIiwidXNlck5hbWUiOiLotoXnuqfnrqHnkIblkZgiLCJ1c2VySWQiOjEsInN1YiI6Iui2hee6p-euoeeQhuWRmCIsImlhdCI6MTc3NzM4MTgzOCwiZXhwIjoxNzc3NDEwNjM4fQ.4ord9R6GlQkaFVdo9tPiCvN2nE6B-ht5KAFMnjSRJOYQRvA0TKgR7O85tZwQcU6VJ1AC8nIKqJrPdQYJJ77jAA
2026-04-29 13:41:55.425 [http-nio-8080-exec-2] ERROR c.z.e.filter.AdminJwtAuthFilter - 管理端 Token 验证失败: Token 已过期
2026-04-29 13:41:55.427 [http-nio-8080-exec-1] WARN  c.z.e.utils.jwt.JwtUtil - Token 已过期: eyJhbGciOiJIUzUxMiJ9.eyJ1c2VyVHlwZSI6ImFkbWluIiwidXNlck5hbWUiOiLotoXnuqfnrqHnkIblkZgiLCJ1c2VySWQiOjEsInN1YiI6Iui2hee6p-euoeeQhuWRmCIsImlhdCI6MTc3NzM4MTgzOCwiZXhwIjoxNzc3NDEwNjM4fQ.4ord9R6GlQkaFVdo9tPiCvN2nE6B-ht5KAFMnjSRJOYQRvA0TKgR7O85tZwQcU6VJ1AC8nIKqJrPdQYJJ77jAA
2026-04-29 13:41:55.428 [http-nio-8080-exec-1] ERROR c.z.e.filter.AdminJwtAuthFilter - 管理端 Token 验证失败: Token 已过期
2026-04-29 13:42:04.827 [http-nio-8080-exec-3] INFO  c.z.e.interceptor.UsallyInterceptor - 【请求开始】Method: POST, URI: /api/admin/auth/formalLogin, Controller: AdminAuthController.formalLogin, IP: 0:0:0:0:0:0:0:1, Params: {}
2026-04-29 13:42:05.001 [http-nio-8080-exec-3] INFO  com.zaxxer.hikari.HikariDataSource - HikariPool-2 - Starting...
2026-04-29 13:42:05.996 [http-nio-8080-exec-3] INFO  com.zaxxer.hikari.pool.HikariPool - HikariPool-2 - Added connection com.mysql.cj.jdbc.ConnectionImpl@37f4da1b
2026-04-29 13:42:05.998 [http-nio-8080-exec-3] INFO  com.zaxxer.hikari.HikariDataSource - HikariPool-2 - Start completed.
2026-04-29 13:42:06.269 [http-nio-8080-exec-3] INFO  c.z.e.s.s.S.ServiceLogAspect - 【Service执行】类: AdminAuthServiceImpl, 方法: formalLogin, 参数: [{"accountOrPhoneOrEmail":"18242991090","password":"zyh0.123"}]
2026-04-29 13:42:06.381 [http-nio-8080-exec-3] DEBUG c.z.e.m.m.a.A.findByAccountOrPhoneOrEmail - ==>  Preparing: select * from admin_admin where deleted = 0 and ( admin_account = ? or admin_phone = ? or admin_email = ? )
2026-04-29 13:42:06.447 [http-nio-8080-exec-3] DEBUG c.z.e.m.m.a.A.findByAccountOrPhoneOrEmail - ==> Parameters: 18242991090(String), 18242991090(String), 18242991090(String)
2026-04-29 13:42:06.554 [http-nio-8080-exec-3] DEBUG c.z.e.m.m.a.A.findByAccountOrPhoneOrEmail - <==      Total: 1
2026-04-29 13:42:06.786 [http-nio-8080-exec-3] DEBUG c.z.e.m.m.a.AdminMapper.updateById - ==>  Preparing: UPDATE admin_admin SET admin_account=?, admin_username=?, admin_email=?, admin_phone=?, admin_password=?, admin_image=?, admin_introduce=?, admin_state=?, admin_loginTime=? WHERE admin_id=? AND deleted=0
2026-04-29 13:42:06.795 [http-nio-8080-exec-3] DEBUG c.z.e.m.m.a.AdminMapper.updateById - ==> Parameters: 1812463057(String), 超级管理员(String), 1812463057@qq.com(String), 18242991090(String), $2a$10$Wz8s6hYf0UGOCCZ6Ff5QW.QgfqIQSJijiFXIqqplg3eGqw3HNxSeu(String), https://ts1.tc.mm.bing.net/th/id/R-C.928ef8908b5eb3666b2a27a1f6cfbe17?rik=h2FXLv1HNaxbTg&riu=http%3a%2f%2fp0.so.qhmsg.com%2ft018b5eb3666b2a27a1.jpg&ehk=QnGPPvZKq3cPW6%2bdkG%2b3zIRvAGXRsgYVTirfbvOBTaU%3d&risl=&pid=ImgRaw&r=0(String), 至高无上的超级管理员(String), 1(Integer), 2026-04-29 13:42:06.683(Timestamp), 1(Integer)
2026-04-29 13:42:06.882 [http-nio-8080-exec-3] DEBUG c.z.e.m.m.a.AdminMapper.updateById - <==    Updates: 1
2026-04-29 13:42:07.047 [http-nio-8080-exec-3] INFO  c.z.e.s.s.S.ServiceLogAspect - 【Service完成】类: AdminAuthServiceImpl, 方法: formalLogin, 返回值: eyJhbGciOiJIUzUxMiJ9.eyJ1c2VyVHlwZSI6ImFkbWluIiwidXNlck5hbWUiOiLotoXnuqfnrqHnkIblkZgiLCJ1c2VySWQiOjEsInN1YiI6Iui2hee6p-euoeeQhuWRmCIsImlhdCI6MTc3NzQ0MTMyNiwiZXhwIjoxNzc3NDcwMTI2fQ.wqZyzzweN9mLKj2D83lTXbkmzb4bdmyqjXbgYUxH13dw1PsqrsuPh9sknbFi5Z9JW-cLilgF9ajyB0mD5p29TA, 耗时: 777ms
2026-04-29 13:42:07.173 [http-nio-8080-exec-3] INFO  c.z.e.interceptor.UsallyInterceptor - 【请求结束】Method: POST, URI: /api/admin/auth/formalLogin, Controller: AdminAuthController.formalLogin, Status: 200, Duration: 2349ms
2026-04-29 13:42:07.251 [http-nio-8080-exec-4] DEBUG c.z.e.m.m.a.AdminMapper.selectById - ==>  Preparing: SELECT admin_id,admin_account,admin_username,admin_email,admin_phone,admin_password,admin_image,admin_introduce,admin_state,admin_loginTime,deleted FROM admin_admin WHERE admin_id=? AND deleted=0
2026-04-29 13:42:07.252 [http-nio-8080-exec-4] DEBUG c.z.e.m.m.a.AdminMapper.selectById - ==> Parameters: 1(Integer)
2026-04-29 13:42:07.293 [http-nio-8080-exec-4] DEBUG c.z.e.m.m.a.AdminMapper.selectById - <==      Total: 1
2026-04-29 13:42:07.294 [http-nio-8080-exec-4] DEBUG c.z.e.m.m.a.A.findAdminInfoById - ==>  Preparing: select * from admin_admin left join admin_admin_role on admin_admin.admin_id = admin_admin_role.adminId left join admin_role on admin_admin_role.roleId = admin_role.role_id and admin_role.deleted = 0 left join admin_role_permission on admin_role.role_id = admin_role_permission.roleId left join admin_permission on admin_role_permission.permissionId = admin_permission.permission_id and admin_permission.deleted = 0 where admin_admin.admin_id = ? and admin_admin.deleted = 0
2026-04-29 13:42:07.295 [http-nio-8080-exec-4] DEBUG c.z.e.m.m.a.A.findAdminInfoById - ==> Parameters: 1(Integer)
2026-04-29 13:42:07.341 [http-nio-8080-exec-4] DEBUG c.z.e.m.m.a.A.findAdminInfoById - <==      Total: 1
2026-04-29 13:42:07.352 [http-nio-8080-exec-4] INFO  c.z.e.interceptor.UsallyInterceptor - 【请求开始】Method: POST, URI: /api/admin/auth/getAdminInfo, Controller: AdminAuthController.getAdminInfo, IP: 0:0:0:0:0:0:0:1, Params: {}
2026-04-29 13:42:07.364 [http-nio-8080-exec-4] INFO  c.z.e.interceptor.UsallyInterceptor - 【请求结束】Method: POST, URI: /api/admin/auth/getAdminInfo, Controller: AdminAuthController.getAdminInfo, Status: 200, Duration: 13ms
2026-04-29 13:42:07.728 [http-nio-8080-exec-10] DEBUG c.z.e.m.m.a.AdminMapper.selectById - ==>  Preparing: SELECT admin_id,admin_account,admin_username,admin_email,admin_phone,admin_password,admin_image,admin_introduce,admin_state,admin_loginTime,deleted FROM admin_admin WHERE admin_id=? AND deleted=0
2026-04-29 13:42:07.729 [http-nio-8080-exec-10] DEBUG c.z.e.m.m.a.AdminMapper.selectById - ==> Parameters: 1(Integer)
2026-04-29 13:42:07.768 [http-nio-8080-exec-10] DEBUG c.z.e.m.m.a.AdminMapper.selectById - <==      Total: 1
2026-04-29 13:42:07.769 [http-nio-8080-exec-10] DEBUG c.z.e.m.m.a.A.findAdminInfoById - ==>  Preparing: select * from admin_admin left join admin_admin_role on admin_admin.admin_id = admin_admin_role.adminId left join admin_role on admin_admin_role.roleId = admin_role.role_id and admin_role.deleted = 0 left join admin_role_permission on admin_role.role_id = admin_role_permission.roleId left join admin_permission on admin_role_permission.permissionId = admin_permission.permission_id and admin_permission.deleted = 0 where admin_admin.admin_id = ? and admin_admin.deleted = 0
2026-04-29 13:42:07.769 [http-nio-8080-exec-10] DEBUG c.z.e.m.m.a.A.findAdminInfoById - ==> Parameters: 1(Integer)
2026-04-29 13:42:07.809 [http-nio-8080-exec-10] DEBUG c.z.e.m.m.a.A.findAdminInfoById - <==      Total: 1
2026-04-29 13:42:07.816 [http-nio-8080-exec-10] INFO  c.z.e.interceptor.UsallyInterceptor - 【请求开始】Method: GET, URI: /api/admin/admin/findById, Controller: AdminController.findAdminById, IP: 0:0:0:0:0:0:0:1, Params: {"_t":"1777441327370","adminId":"1"}
2026-04-29 13:42:07.874 [http-nio-8080-exec-10] INFO  c.z.e.s.s.S.ServiceLogAspect - 【Service执行】类: AdminServiceImpl, 方法: findAdminById, 参数: [1]
2026-04-29 13:42:07.875 [http-nio-8080-exec-10] DEBUG c.z.e.m.m.a.A.findAdminInfoById - ==>  Preparing: select * from admin_admin left join admin_admin_role on admin_admin.admin_id = admin_admin_role.adminId left join admin_role on admin_admin_role.roleId = admin_role.role_id and admin_role.deleted = 0 left join admin_role_permission on admin_role.role_id = admin_role_permission.roleId left join admin_permission on admin_role_permission.permissionId = admin_permission.permission_id and admin_permission.deleted = 0 where admin_admin.admin_id = ? and admin_admin.deleted = 0
2026-04-29 13:42:07.875 [http-nio-8080-exec-10] DEBUG c.z.e.m.m.a.A.findAdminInfoById - ==> Parameters: 1(Integer)
2026-04-29 13:42:07.914 [http-nio-8080-exec-10] DEBUG c.z.e.m.m.a.A.findAdminInfoById - <==      Total: 1
2026-04-29 13:42:07.922 [http-nio-8080-exec-10] INFO  c.z.e.s.s.S.ServiceLogAspect - 【Service完成】类: AdminServiceImpl, 方法: findAdminById, 返回值: {"adminId":1,"adminAccount":"1812463057","adminUsername":"超级管理员","adminEmail":"1812463057@qq.com","adminPhone":"18242991090","adminImage":"https://ts1.tc.mm.bing.net/th/id/R-C.928ef8908b5eb3666b2a27a1f6cfbe17?rik=h2FXLv1HNaxbTg&riu=http%3a%2f%2fp0.so.qhmsg.com%2ft018b5eb3666b2a27a1.jpg&ehk=QnGPPvZKq3cPW6%2bdkG%2b3zIRvAGXRsgYVTirfbvOBTaU%3d&risl=&pid=ImgRaw&r=0","adminIntroduce":"至高无上的超级管理员","adminState":1,"adminLoginTime":1777392000000,"roleInfoVOS":[{"roleId":1,"roleName":"超级管理员","roleIntroduce":"超级管理员,拥有一切的权限","permissionInfoVOS":[{"permissionId":1,"permissionName":"超级权限","permissionUrl":"/admin/*","permissionIntroduce":"最强权限,可以用于管理端所有接口"}]}]}, 耗时: 41ms
2026-04-29 13:42:08.008 [http-nio-8080-exec-10] INFO  c.z.e.interceptor.UsallyInterceptor - 【请求结束】Method: GET, URI: /api/admin/admin/findById, Controller: AdminController.findAdminById, Status: 200, Duration: 194ms
2026-04-29 13:42:08.165 [http-nio-8080-exec-6] DEBUG c.z.e.m.m.a.AdminMapper.selectById - ==>  Preparing: SELECT admin_id,admin_account,admin_username,admin_email,admin_phone,admin_password,admin_image,admin_introduce,admin_state,admin_loginTime,deleted FROM admin_admin WHERE admin_id=? AND deleted=0
2026-04-29 13:42:08.166 [http-nio-8080-exec-6] DEBUG c.z.e.m.m.a.AdminMapper.selectById - ==> Parameters: 1(Integer)
2026-04-29 13:42:08.204 [http-nio-8080-exec-6] DEBUG c.z.e.m.m.a.AdminMapper.selectById - <==      Total: 1
2026-04-29 13:42:08.205 [http-nio-8080-exec-6] DEBUG c.z.e.m.m.a.A.findAdminInfoById - ==>  Preparing: select * from admin_admin left join admin_admin_role on admin_admin.admin_id = admin_admin_role.adminId left join admin_role on admin_admin_role.roleId = admin_role.role_id and admin_role.deleted = 0 left join admin_role_permission on admin_role.role_id = admin_role_permission.roleId left join admin_permission on admin_role_permission.permissionId = admin_permission.permission_id and admin_permission.deleted = 0 where admin_admin.admin_id = ? and admin_admin.deleted = 0
2026-04-29 13:42:08.206 [http-nio-8080-exec-6] DEBUG c.z.e.m.m.a.A.findAdminInfoById - ==> Parameters: 1(Integer)
2026-04-29 13:42:08.245 [http-nio-8080-exec-6] DEBUG c.z.e.m.m.a.A.findAdminInfoById - <==      Total: 1
2026-04-29 13:42:08.248 [http-nio-8080-exec-6] INFO  c.z.e.interceptor.UsallyInterceptor - 【请求开始】Method: GET, URI: /api/admonitor/admin/advertisement/findAllAdmonitorAdminAdvertisement, Controller: AdmonitorAdminAdvertisementController.findAllAdmonitorAdminAdvertisement, IP: 0:0:0:0:0:0:0:1, Params: {"_t":"1777441328083"}
2026-04-29 13:42:08.291 [http-nio-8080-exec-6] INFO  c.z.e.s.s.S.ServiceLogAspect - 【Service执行】类: AdmonitorAdminAdvertisementServiceImpl, 方法: findAllAdmonitorAdminAdvertisement, 参数: 无参数
2026-04-29 13:42:08.358 [http-nio-8080-exec-6] INFO  c.z.e.s.i.a.AdmonitorAdminAdvertisementServiceImpl - 从缓存查询所有广告成功
2026-04-29 13:42:08.359 [http-nio-8080-exec-6] INFO  c.z.e.s.s.S.ServiceLogAspect - 【Service完成】类: AdmonitorAdminAdvertisementServiceImpl, 方法: findAllAdmonitorAdminAdvertisement, 返回值: [{"advertisementId":1,"advertisementName":"华为手机1","advertisementUrl":"https://ts2.tc.mm.bing.net/th/id/OIP-C.9hB59eg5ODjsS16R_NMQVAHaFl?cb=ucfimg2&ucfimg=1&rs=1&pid=ImgDetMain&o=7&rm=3","advertisementLink":"https://www.huawei.com/cn/","advertisementStartedTime":1751990400000,"advertisementEndTime":1786464000000}], 耗时: 67ms
2026-04-29 13:42:08.435 [http-nio-8080-exec-6] INFO  c.z.e.interceptor.UsallyInterceptor - 【请求结束】Method: GET, URI: /api/admonitor/admin/advertisement/findAllAdmonitorAdminAdvertisement, Controller: AdmonitorAdminAdvertisementController.findAllAdmonitorAdminAdvertisement, Status: 200, Duration: 187ms
2026-04-29 13:42:27.781 [http-nio-8080-exec-8] DEBUG c.z.e.m.m.a.AdminMapper.selectById - ==>  Preparing: SELECT admin_id,admin_account,admin_username,admin_email,admin_phone,admin_password,admin_image,admin_introduce,admin_state,admin_loginTime,deleted FROM admin_admin WHERE admin_id=? AND deleted=0
2026-04-29 13:42:27.781 [http-nio-8080-exec-7] DEBUG c.z.e.m.m.a.AdminMapper.selectById - ==>  Preparing: SELECT admin_id,admin_account,admin_username,admin_email,admin_phone,admin_password,admin_image,admin_introduce,admin_state,admin_loginTime,deleted FROM admin_admin WHERE admin_id=? AND deleted=0
2026-04-29 13:42:27.782 [http-nio-8080-exec-8] DEBUG c.z.e.m.m.a.AdminMapper.selectById - ==> Parameters: 1(Integer)
2026-04-29 13:42:27.782 [http-nio-8080-exec-7] DEBUG c.z.e.m.m.a.AdminMapper.selectById - ==> Parameters: 1(Integer)
2026-04-29 13:42:27.819 [http-nio-8080-exec-8] DEBUG c.z.e.m.m.a.AdminMapper.selectById - <==      Total: 1
2026-04-29 13:42:27.820 [http-nio-8080-exec-7] DEBUG c.z.e.m.m.a.AdminMapper.selectById - <==      Total: 1
2026-04-29 13:42:27.820 [http-nio-8080-exec-8] DEBUG c.z.e.m.m.a.A.findAdminInfoById - ==>  Preparing: select * from admin_admin left join admin_admin_role on admin_admin.admin_id = admin_admin_role.adminId left join admin_role on admin_admin_role.roleId = admin_role.role_id and admin_role.deleted = 0 left join admin_role_permission on admin_role.role_id = admin_role_permission.roleId left join admin_permission on admin_role_permission.permissionId = admin_permission.permission_id and admin_permission.deleted = 0 where admin_admin.admin_id = ? and admin_admin.deleted = 0
2026-04-29 13:42:27.820 [http-nio-8080-exec-7] DEBUG c.z.e.m.m.a.A.findAdminInfoById - ==>  Preparing: select * from admin_admin left join admin_admin_role on admin_admin.admin_id = admin_admin_role.adminId left join admin_role on admin_admin_role.roleId = admin_role.role_id and admin_role.deleted = 0 left join admin_role_permission on admin_role.role_id = admin_role_permission.roleId left join admin_permission on admin_role_permission.permissionId = admin_permission.permission_id and admin_permission.deleted = 0 where admin_admin.admin_id = ? and admin_admin.deleted = 0
2026-04-29 13:42:27.821 [http-nio-8080-exec-7] DEBUG c.z.e.m.m.a.A.findAdminInfoById - ==> Parameters: 1(Integer)
2026-04-29 13:42:27.821 [http-nio-8080-exec-8] DEBUG c.z.e.m.m.a.A.findAdminInfoById - ==> Parameters: 1(Integer)
2026-04-29 13:42:27.858 [http-nio-8080-exec-8] DEBUG c.z.e.m.m.a.A.findAdminInfoById - <==      Total: 1
2026-04-29 13:42:27.858 [http-nio-8080-exec-7] DEBUG c.z.e.m.m.a.A.findAdminInfoById - <==      Total: 1
2026-04-29 13:42:27.862 [http-nio-8080-exec-8] INFO  c.z.e.interceptor.UsallyInterceptor - 【请求开始】Method: GET, URI: /api/admin/industryMap/findAllIndustryMap, Controller: AdminIndustryMapController.findAllIndustryMap, IP: 0:0:0:0:0:0:0:1, Params: {"_t":"1777441347697"}
2026-04-29 13:42:27.862 [http-nio-8080-exec-7] INFO  c.z.e.interceptor.UsallyInterceptor - 【请求开始】Method: POST, URI: /api/admin/recruitPosition/queryRecruitPositionPage, Controller: AdminRecruitPositionController.queryRecruitPositionPage, IP: 0:0:0:0:0:0:0:1, Params: {"pageSize":"10","pageNum":"1"}
2026-04-29 13:42:27.901 [http-nio-8080-exec-8] INFO  c.z.e.s.s.S.ServiceLogAspect - 【Service执行】类: IndustryMapServiceImpl, 方法: findAllIndustryMap, 参数: 无参数
2026-04-29 13:42:27.909 [http-nio-8080-exec-7] INFO  c.z.e.s.s.S.ServiceLogAspect - 【Service执行】类: RecruitPositionServiceImpl, 方法: queryRecruitPositionPage, 参数: [1,10,{"recruitPositionName":""}]
2026-04-29 13:42:27.940 [http-nio-8080-exec-8] INFO  c.z.e.s.s.S.ServiceLogAspect - 【Service完成】类: IndustryMapServiceImpl, 方法: findAllIndustryMap, 返回值: [{"industryMapIndustryCode":1,"industryMapIndustryName":"暂未明确","createdTime":1767024000000,"updatedTime":1767024000000},{"industryMapIndustryCode":2,"industryMapIndustryName":"金融","createdTime":1765555200000,"updatedTime":1765555200000},{"industryMapIndustryCode":3,"industryMapIndustryName":"互联网","createdTime":1765555200000,"updatedTime":1765555200000}], 耗时: 37ms
2026-04-29 13:42:27.973 [http-nio-8080-exec-7] INFO  c.z.e.s.s.S.ServiceLogAspect - 【Service完成】类: RecruitPositionServiceImpl, 方法: queryRecruitPositionPage, 返回值: {"records":[{"recruitPositionId":1,"recruitPositionName":"暂未明确","createdTime":1767024000000,"updatedTime":1767024000000,"recruitPositionIndustryCode":1,"recruitPositionIndustryName":"暂未明确","minMonthSalary":0.01,"maxMonthSalary":0.01,"weekWorkDayNum":1,"goodWelfare":"暂未明确"},{"recruitPositionId":2,"recruitPositionName":"java开发工程师","createdTime":1765555200000,"updatedTime":1765555200000,"recruitPositionIndustryCode":3,"recruitPositionIndustryName":"互联网","minMonthSalary":2000,"maxMonthSalary":10000,"weekWorkDayNum":6,"goodWelfare":"五险一金"}],"total":2,"size":10,"current":1}, 耗时: 59ms
2026-04-29 13:42:28.014 [http-nio-8080-exec-8] INFO  c.z.e.interceptor.UsallyInterceptor - 【请求结束】Method: GET, URI: /api/admin/industryMap/findAllIndustryMap, Controller: AdminIndustryMapController.findAllIndustryMap, Status: 200, Duration: 152ms
2026-04-29 13:42:28.065 [http-nio-8080-exec-7] INFO  c.z.e.interceptor.UsallyInterceptor - 【请求结束】Method: POST, URI: /api/admin/recruitPosition/queryRecruitPositionPage, Controller: AdminRecruitPositionController.queryRecruitPositionPage, Status: 200, Duration: 203ms
2026-04-29 13:42:28.984 [http-nio-8080-exec-9] DEBUG c.z.e.m.m.a.AdminMapper.selectById - ==>  Preparing: SELECT admin_id,admin_account,admin_username,admin_email,admin_phone,admin_password,admin_image,admin_introduce,admin_state,admin_loginTime,deleted FROM admin_admin WHERE admin_id=? AND deleted=0
2026-04-29 13:42:28.985 [http-nio-8080-exec-9] DEBUG c.z.e.m.m.a.AdminMapper.selectById - ==> Parameters: 1(Integer)
2026-04-29 13:42:29.023 [http-nio-8080-exec-9] DEBUG c.z.e.m.m.a.AdminMapper.selectById - <==      Total: 1
2026-04-29 13:42:29.025 [http-nio-8080-exec-9] DEBUG c.z.e.m.m.a.A.findAdminInfoById - ==>  Preparing: select * from admin_admin left join admin_admin_role on admin_admin.admin_id = admin_admin_role.adminId left join admin_role on admin_admin_role.roleId = admin_role.role_id and admin_role.deleted = 0 left join admin_role_permission on admin_role.role_id = admin_role_permission.roleId left join admin_permission on admin_role_permission.permissionId = admin_permission.permission_id and admin_permission.deleted = 0 where admin_admin.admin_id = ? and admin_admin.deleted = 0
2026-04-29 13:42:29.025 [http-nio-8080-exec-9] DEBUG c.z.e.m.m.a.A.findAdminInfoById - ==> Parameters: 1(Integer)
2026-04-29 13:42:29.064 [http-nio-8080-exec-9] DEBUG c.z.e.m.m.a.A.findAdminInfoById - <==      Total: 1
2026-04-29 13:42:29.068 [http-nio-8080-exec-9] INFO  c.z.e.interceptor.UsallyInterceptor - 【请求开始】Method: GET, URI: /api/admin/recruitPosition/queryRecruitPosition, Controller: AdminRecruitPositionController.queryRecruitPosition, IP: 0:0:0:0:0:0:0:1, Params: {"recruitPositionId":"1","_t":"1777441348906"}
2026-04-29 13:42:29.105 [http-nio-8080-exec-9] INFO  c.z.e.s.s.S.ServiceLogAspect - 【Service执行】类: RecruitPositionServiceImpl, 方法: queryRecruitPosition, 参数: [1]
2026-04-29 13:42:29.146 [http-nio-8080-exec-9] DEBUG c.z.e.m.m.a.R.findRecruitPositionInfoById - ==>  Preparing: select * from general_recruitPosition left join general_industryMap on general_recruitPosition.recruitPosition_industryCode = general_industryMap.industryMap_industryCode where general_recruitPosition.recruitPosition_id = ?
2026-04-29 13:42:29.147 [http-nio-8080-exec-9] DEBUG c.z.e.m.m.a.R.findRecruitPositionInfoById - ==> Parameters: 1(Integer)
2026-04-29 13:42:29.188 [http-nio-8080-exec-9] DEBUG c.z.e.m.m.a.R.findRecruitPositionInfoById - <==      Total: 1
2026-04-29 13:42:29.237 [http-nio-8080-exec-9] INFO  c.z.e.s.s.S.ServiceLogAspect - 【Service完成】类: RecruitPositionServiceImpl, 方法: queryRecruitPosition, 返回值: {"recruitPositionId":1,"recruitPositionName":"暂未明确","createdTime":1767024000000,"updatedTime":1767024000000,"recruitPositionIndustryCode":1,"recruitPositionIndustryName":"暂未明确","minMonthSalary":0.01,"maxMonthSalary":0.01,"weekWorkDayNum":1,"goodWelfare":"暂未明确"}, 耗时: 130ms
2026-04-29 13:42:29.314 [http-nio-8080-exec-9] INFO  c.z.e.interceptor.UsallyInterceptor - 【请求结束】Method: GET, URI: /api/admin/recruitPosition/queryRecruitPosition, Controller: AdminRecruitPositionController.queryRecruitPosition, Status: 200, Duration: 247ms
2026-04-29 13:42:31.129 [http-nio-8080-exec-5] DEBUG c.z.e.m.m.a.AdminMapper.selectById - ==>  Preparing: SELECT admin_id,admin_account,admin_username,admin_email,admin_phone,admin_password,admin_image,admin_introduce,admin_state,admin_loginTime,deleted FROM admin_admin WHERE admin_id=? AND deleted=0
2026-04-29 13:42:31.129 [http-nio-8080-exec-5] DEBUG c.z.e.m.m.a.AdminMapper.selectById - ==> Parameters: 1(Integer)
2026-04-29 13:42:31.167 [http-nio-8080-exec-5] DEBUG c.z.e.m.m.a.AdminMapper.selectById - <==      Total: 1
2026-04-29 13:42:31.169 [http-nio-8080-exec-5] DEBUG c.z.e.m.m.a.A.findAdminInfoById - ==>  Preparing: select * from admin_admin left join admin_admin_role on admin_admin.admin_id = admin_admin_role.adminId left join admin_role on admin_admin_role.roleId = admin_role.role_id and admin_role.deleted = 0 left join admin_role_permission on admin_role.role_id = admin_role_permission.roleId left join admin_permission on admin_role_permission.permissionId = admin_permission.permission_id and admin_permission.deleted = 0 where admin_admin.admin_id = ? and admin_admin.deleted = 0
2026-04-29 13:42:31.170 [http-nio-8080-exec-5] DEBUG c.z.e.m.m.a.A.findAdminInfoById - ==> Parameters: 1(Integer)
2026-04-29 13:42:31.208 [http-nio-8080-exec-5] DEBUG c.z.e.m.m.a.A.findAdminInfoById - <==      Total: 1
2026-04-29 13:42:31.211 [http-nio-8080-exec-5] INFO  c.z.e.interceptor.UsallyInterceptor - 【请求开始】Method: GET, URI: /api/admin/recruitPosition/queryRecruitPosition, Controller: AdminRecruitPositionController.queryRecruitPosition, IP: 0:0:0:0:0:0:0:1, Params: {"recruitPositionId":"1","_t":"1777441351050"}
2026-04-29 13:42:31.250 [http-nio-8080-exec-5] INFO  c.z.e.s.s.S.ServiceLogAspect - 【Service执行】类: RecruitPositionServiceImpl, 方法: queryRecruitPosition, 参数: [1]
2026-04-29 13:42:31.287 [http-nio-8080-exec-5] INFO  c.z.e.s.s.S.ServiceLogAspect - 【Service完成】类: RecruitPositionServiceImpl, 方法: queryRecruitPosition, 返回值: {"recruitPositionId":1,"recruitPositionName":"暂未明确","createdTime":1767024000000,"updatedTime":1767024000000,"recruitPositionIndustryCode":1,"recruitPositionIndustryName":"暂未明确","minMonthSalary":0.01,"maxMonthSalary":0.01,"weekWorkDayNum":1,"goodWelfare":"暂未明确"}, 耗时: 36ms
2026-04-29 13:42:31.362 [http-nio-8080-exec-5] INFO  c.z.e.interceptor.UsallyInterceptor - 【请求结束】Method: GET, URI: /api/admin/recruitPosition/queryRecruitPosition, Controller: AdminRecruitPositionController.queryRecruitPosition, Status: 200, Duration: 151ms
2026-04-29 13:46:32.648 [http-nio-8080-exec-2] DEBUG c.z.e.m.m.a.AdminMapper.selectById - ==>  Preparing: SELECT admin_id,admin_account,admin_username,admin_email,admin_phone,admin_password,admin_image,admin_introduce,admin_state,admin_loginTime,deleted FROM admin_admin WHERE admin_id=? AND deleted=0
2026-04-29 13:46:32.648 [http-nio-8080-exec-3] DEBUG c.z.e.m.m.a.AdminMapper.selectById - ==>  Preparing: SELECT admin_id,admin_account,admin_username,admin_email,admin_phone,admin_password,admin_image,admin_introduce,admin_state,admin_loginTime,deleted FROM admin_admin WHERE admin_id=? AND deleted=0
2026-04-29 13:46:32.649 [http-nio-8080-exec-3] DEBUG c.z.e.m.m.a.AdminMapper.selectById - ==> Parameters: 1(Integer)
2026-04-29 13:46:32.649 [http-nio-8080-exec-2] DEBUG c.z.e.m.m.a.AdminMapper.selectById - ==> Parameters: 1(Integer)
2026-04-29 13:46:32.652 [http-nio-8080-exec-1] DEBUG c.z.e.m.m.a.AdminMapper.selectById - ==>  Preparing: SELECT admin_id,admin_account,admin_username,admin_email,admin_phone,admin_password,admin_image,admin_introduce,admin_state,admin_loginTime,deleted FROM admin_admin WHERE admin_id=? AND deleted=0
2026-04-29 13:46:32.653 [http-nio-8080-exec-1] DEBUG c.z.e.m.m.a.AdminMapper.selectById - ==> Parameters: 1(Integer)
2026-04-29 13:46:32.771 [http-nio-8080-exec-3] DEBUG c.z.e.m.m.a.AdminMapper.selectById - <==      Total: 1
2026-04-29 13:46:32.771 [http-nio-8080-exec-2] DEBUG c.z.e.m.m.a.AdminMapper.selectById - <==      Total: 1
2026-04-29 13:46:32.771 [http-nio-8080-exec-2] DEBUG c.z.e.m.m.a.A.findAdminInfoById - ==>  Preparing: select * from admin_admin left join admin_admin_role on admin_admin.admin_id = admin_admin_role.adminId left join admin_role on admin_admin_role.roleId = admin_role.role_id and admin_role.deleted = 0 left join admin_role_permission on admin_role.role_id = admin_role_permission.roleId left join admin_permission on admin_role_permission.permissionId = admin_permission.permission_id and admin_permission.deleted = 0 where admin_admin.admin_id = ? and admin_admin.deleted = 0
2026-04-29 13:46:32.771 [http-nio-8080-exec-3] DEBUG c.z.e.m.m.a.A.findAdminInfoById - ==>  Preparing: select * from admin_admin left join admin_admin_role on admin_admin.admin_id = admin_admin_role.adminId left join admin_role on admin_admin_role.roleId = admin_role.role_id and admin_role.deleted = 0 left join admin_role_permission on admin_role.role_id = admin_role_permission.roleId left join admin_permission on admin_role_permission.permissionId = admin_permission.permission_id and admin_permission.deleted = 0 where admin_admin.admin_id = ? and admin_admin.deleted = 0
2026-04-29 13:46:32.772 [http-nio-8080-exec-1] DEBUG c.z.e.m.m.a.AdminMapper.selectById - <==      Total: 1
2026-04-29 13:46:32.772 [http-nio-8080-exec-2] DEBUG c.z.e.m.m.a.A.findAdminInfoById - ==> Parameters: 1(Integer)
2026-04-29 13:46:32.772 [http-nio-8080-exec-1] DEBUG c.z.e.m.m.a.A.findAdminInfoById - ==>  Preparing: select * from admin_admin left join admin_admin_role on admin_admin.admin_id = admin_admin_role.adminId left join admin_role on admin_admin_role.roleId = admin_role.role_id and admin_role.deleted = 0 left join admin_role_permission on admin_role.role_id = admin_role_permission.roleId left join admin_permission on admin_role_permission.permissionId = admin_permission.permission_id and admin_permission.deleted = 0 where admin_admin.admin_id = ? and admin_admin.deleted = 0
2026-04-29 13:46:32.772 [http-nio-8080-exec-3] DEBUG c.z.e.m.m.a.A.findAdminInfoById - ==> Parameters: 1(Integer)
2026-04-29 13:46:32.773 [http-nio-8080-exec-1] DEBUG c.z.e.m.m.a.A.findAdminInfoById - ==> Parameters: 1(Integer)
2026-04-29 13:46:32.812 [http-nio-8080-exec-3] DEBUG c.z.e.m.m.a.A.findAdminInfoById - <==      Total: 1
2026-04-29 13:46:32.812 [http-nio-8080-exec-2] DEBUG c.z.e.m.m.a.A.findAdminInfoById - <==      Total: 1
2026-04-29 13:46:32.812 [http-nio-8080-exec-1] DEBUG c.z.e.m.m.a.A.findAdminInfoById - <==      Total: 1
2026-04-29 13:46:32.815 [http-nio-8080-exec-1] INFO  c.z.e.interceptor.UsallyInterceptor - 【请求开始】Method: POST, URI: /api/admin/employmentInformation/getEmploymentInformationPage, Controller: AdminEmploymentInformationController.getEmploymentInformationPage, IP: 0:0:0:0:0:0:0:1, Params: {"pageSize":"10000","pageNum":"1"}
2026-04-29 13:46:32.815 [http-nio-8080-exec-3] INFO  c.z.e.interceptor.UsallyInterceptor - 【请求开始】Method: GET, URI: /api/admin/recruitPosition/queryAllRecruitPositionPage, Controller: AdminRecruitPositionController.queryAllRecruitPositionPage, IP: 0:0:0:0:0:0:0:1, Params: {"_t":"1777441592555"}
2026-04-29 13:46:32.815 [http-nio-8080-exec-2] INFO  c.z.e.interceptor.UsallyInterceptor - 【请求开始】Method: GET, URI: /api/admin/industryMap/findAllIndustryMap, Controller: AdminIndustryMapController.findAllIndustryMap, IP: 0:0:0:0:0:0:0:1, Params: {"_t":"1777441592555"}
2026-04-29 13:46:32.882 [http-nio-8080-exec-2] INFO  c.z.e.s.s.S.ServiceLogAspect - 【Service执行】类: IndustryMapServiceImpl, 方法: findAllIndustryMap, 参数: 无参数
2026-04-29 13:46:32.882 [http-nio-8080-exec-3] INFO  c.z.e.s.s.S.ServiceLogAspect - 【Service执行】类: RecruitPositionServiceImpl, 方法: queryAllRecruitPositionPage, 参数: 无参数
2026-04-29 13:46:32.918 [http-nio-8080-exec-2] INFO  c.z.e.s.s.S.ServiceLogAspect - 【Service完成】类: IndustryMapServiceImpl, 方法: findAllIndustryMap, 返回值: [{"industryMapIndustryCode":1,"industryMapIndustryName":"暂未明确","createdTime":1767024000000,"updatedTime":1767024000000},{"industryMapIndustryCode":2,"industryMapIndustryName":"金融","createdTime":1765555200000,"updatedTime":1765555200000},{"industryMapIndustryCode":3,"industryMapIndustryName":"互联网","createdTime":1765555200000,"updatedTime":1765555200000}], 耗时: 36ms
2026-04-29 13:46:32.918 [http-nio-8080-exec-1] INFO  c.z.e.s.s.S.ServiceLogAspect - 【Service执行】类: EmploymentInformationServiceImpl, 方法: getEmploymentInformationPage, 参数: [1,10000,{"employmentInformationCompanyName":""}]
2026-04-29 13:46:32.926 [http-nio-8080-exec-3] INFO  c.z.e.s.s.S.ServiceLogAspect - 【Service完成】类: RecruitPositionServiceImpl, 方法: queryAllRecruitPositionPage, 返回值: [{"recruitPositionId":1,"recruitPositionName":"暂未明确","createdTime":1767024000000,"updatedTime":1767024000000,"recruitPositionIndustryCode":1,"minMonthSalary":0.01,"maxMonthSalary":0.01,"weekWorkDayNum":1,"goodWelfare":"暂未明确"},{"recruitPositionId":2,"recruitPositionName":"java开发工程师","createdTime":1765555200000,"updatedTime":1765555200000,"recruitPositionIndustryCode":3,"minMonthSalary":2000,"maxMonthSalary":10000,"weekWorkDayNum":6,"goodWelfare":"五险一金"}], 耗时: 40ms
2026-04-29 13:46:33.015 [http-nio-8080-exec-1] INFO  c.z.e.s.s.S.ServiceLogAspect - 【Service完成】类: EmploymentInformationServiceImpl, 方法: getEmploymentInformationPage, 返回值: {"records":[{"employmentInformationId":1,"employmentInformationCompanyName":"字节跳动","employmentInformationIndustryCategoriesName":"互联网","employmentInformationCompanyType":4,"employmentInformationBatch":3,"employmentInformationRecruitPosition":2,"employmentInformationRecruitPositionName":"java开发工程师","employmentInformationRecruitObject":1,"employmentInformationRecruitLocationFirstName":["上海"],"employmentInformationRecruitLocationSecondName":["黄浦区"],"employmentInformationRecruitLocationDetail":["上海黄浦区"],"employmentInformationStartTime":1765641600000,"employmentInformationStopTime":1766592000000,"employmentInformationUpdatedTime":1765641600000,"employmentInformationOnlineApplicationStatus":"进行中","employmentInformationOfficialAnnouncement":"大厂","employmentInformationSubmissionWay":"https://jobs.bytedance.com/","employmentInformationEmployeeReferralCode":"aa"},{"employmentInformationId":2,"employmentInformationCompanyName":"阿里巴巴","employmentInformationIndustryCategoriesName":"互联网","employmentInformationCompanyType":4,"employmentInformationBatch":3,"employmentInformationRecruitPosition":2,"employmentInformationRecruitPositionName":"java开发工程师","employmentInformationRecruitObject":1,"employmentInformationRecruitLocationFirstName":["上海","北京"],"employmentInformationRecruitLocationSecondName":["徐汇区","朝阳区"],"employmentInformationRecruitLocationDetail":["上海徐汇区","北京朝阳区"],"employmentInformationStartTime":1768147200000,"employmentInformationStopTime":1770307200000,"employmentInformationUpdatedTime":1768147200000,"employmentInformationOnlineApplicationStatus":"进行中","employmentInformationOfficialAnnouncement":"超级大厂","employmentInformationSubmissionWay":"https://talent.alibaba.com/?lang=zh","employmentInformationEmployeeReferralCode":"无"}],"total":3,"size":10000,"current":1}, 耗时: 92ms
2026-04-29 13:46:33.034 [http-nio-8080-exec-2] INFO  c.z.e.interceptor.UsallyInterceptor - 【请求结束】Method: GET, URI: /api/admin/industryMap/findAllIndustryMap, Controller: AdminIndustryMapController.findAllIndustryMap, Status: 200, Duration: 219ms
2026-04-29 13:46:33.034 [http-nio-8080-exec-3] INFO  c.z.e.interceptor.UsallyInterceptor - 【请求结束】Method: GET, URI: /api/admin/recruitPosition/queryAllRecruitPositionPage, Controller: AdminRecruitPositionController.queryAllRecruitPositionPage, Status: 200, Duration: 220ms
2026-04-29 13:46:33.252 [http-nio-8080-exec-1] INFO  c.z.e.interceptor.UsallyInterceptor - 【请求结束】Method: POST, URI: /api/admin/employmentInformation/getEmploymentInformationPage, Controller: AdminEmploymentInformationController.getEmploymentInformationPage, Status: 200, Duration: 438ms
2026-04-29 13:46:33.922 [http-nio-8080-exec-4] DEBUG c.z.e.m.m.a.AdminMapper.selectById - ==>  Preparing: SELECT admin_id,admin_account,admin_username,admin_email,admin_phone,admin_password,admin_image,admin_introduce,admin_state,admin_loginTime,deleted FROM admin_admin WHERE admin_id=? AND deleted=0
2026-04-29 13:46:33.923 [http-nio-8080-exec-4] DEBUG c.z.e.m.m.a.AdminMapper.selectById - ==> Parameters: 1(Integer)
2026-04-29 13:46:33.986 [http-nio-8080-exec-4] DEBUG c.z.e.m.m.a.AdminMapper.selectById - <==      Total: 1
2026-04-29 13:46:33.987 [http-nio-8080-exec-4] DEBUG c.z.e.m.m.a.A.findAdminInfoById - ==>  Preparing: select * from admin_admin left join admin_admin_role on admin_admin.admin_id = admin_admin_role.adminId left join admin_role on admin_admin_role.roleId = admin_role.role_id and admin_role.deleted = 0 left join admin_role_permission on admin_role.role_id = admin_role_permission.roleId left join admin_permission on admin_role_permission.permissionId = admin_permission.permission_id and admin_permission.deleted = 0 where admin_admin.admin_id = ? and admin_admin.deleted = 0
2026-04-29 13:46:33.987 [http-nio-8080-exec-4] DEBUG c.z.e.m.m.a.A.findAdminInfoById - ==> Parameters: 1(Integer)
2026-04-29 13:46:34.024 [http-nio-8080-exec-4] DEBUG c.z.e.m.m.a.A.findAdminInfoById - <==      Total: 1
2026-04-29 13:46:34.026 [http-nio-8080-exec-4] INFO  c.z.e.interceptor.UsallyInterceptor - 【请求开始】Method: GET, URI: /api/admin/employmentInformation/getEmploymentInformationInfo, Controller: AdminEmploymentInformationController.getEmploymentInformationInfo, IP: 0:0:0:0:0:0:0:1, Params: {"_t":"1777441593782","employmentInformationId":"1"}
2026-04-29 13:46:34.079 [http-nio-8080-exec-4] INFO  c.z.e.s.s.S.ServiceLogAspect - 【Service执行】类: EmploymentInformationServiceImpl, 方法: getEmploymentInformationInfo, 参数: [1]
2026-04-29 13:46:34.123 [http-nio-8080-exec-4] INFO  c.z.e.s.s.S.ServiceLogAspect - 【Service完成】类: EmploymentInformationServiceImpl, 方法: getEmploymentInformationInfo, 返回值: {"employmentInformationId":1,"employmentInformationCode":1,"employmentInformationCompanyName":"字节跳动","employmentInformationIndustryCategoriesName":"互联网","employmentInformationCompanyType":4,"employmentInformationBatch":3,"employmentInformationRecruitPosition":2,"employmentInformationRecruitPositionName":"java开发工程师","employmentInformationRecruitObject":1,"employmentInformationRecruitLocationFirstName":["上海"],"employmentInformationRecruitLocationSecondName":["黄浦区"],"employmentInformationRecruitLocationDetail":["上海黄浦区"],"employmentInformationStartTime":1765641600000,"employmentInformationStopTime":1766592000000,"employmentInformationUpdatedTime":1765641600000,"employmentInformationOnlineApplicationStatus":"进行中","employmentInformationOfficialAnnouncement":"大厂","employmentInformationSubmissionWay":"https://jobs.bytedance.com/","employmentInformationEmployeeReferralCode":"aa"}, 耗时: 42ms
2026-04-29 13:46:34.199 [http-nio-8080-exec-4] INFO  c.z.e.interceptor.UsallyInterceptor - 【请求结束】Method: GET, URI: /api/admin/employmentInformation/getEmploymentInformationInfo, Controller: AdminEmploymentInformationController.getEmploymentInformationInfo, Status: 200, Duration: 173ms
2026-04-29 13:46:34.244 [http-nio-8080-exec-10] DEBUG c.z.e.m.m.a.AdminMapper.selectById - ==>  Preparing: SELECT admin_id,admin_account,admin_username,admin_email,admin_phone,admin_password,admin_image,admin_introduce,admin_state,admin_loginTime,deleted FROM admin_admin WHERE admin_id=? AND deleted=0
2026-04-29 13:46:34.245 [http-nio-8080-exec-10] DEBUG c.z.e.m.m.a.AdminMapper.selectById - ==> Parameters: 1(Integer)
2026-04-29 13:46:34.284 [http-nio-8080-exec-10] DEBUG c.z.e.m.m.a.AdminMapper.selectById - <==      Total: 1
2026-04-29 13:46:34.285 [http-nio-8080-exec-10] DEBUG c.z.e.m.m.a.A.findAdminInfoById - ==>  Preparing: select * from admin_admin left join admin_admin_role on admin_admin.admin_id = admin_admin_role.adminId left join admin_role on admin_admin_role.roleId = admin_role.role_id and admin_role.deleted = 0 left join admin_role_permission on admin_role.role_id = admin_role_permission.roleId left join admin_permission on admin_role_permission.permissionId = admin_permission.permission_id and admin_permission.deleted = 0 where admin_admin.admin_id = ? and admin_admin.deleted = 0
2026-04-29 13:46:34.286 [http-nio-8080-exec-10] DEBUG c.z.e.m.m.a.A.findAdminInfoById - ==> Parameters: 1(Integer)
2026-04-29 13:46:34.323 [http-nio-8080-exec-10] DEBUG c.z.e.m.m.a.A.findAdminInfoById - <==      Total: 1
2026-04-29 13:46:34.325 [http-nio-8080-exec-10] INFO  c.z.e.interceptor.UsallyInterceptor - 【请求开始】Method: GET, URI: /api/admin/provinceMap/getAllProvince, Controller: AdminProvinceMapController.getAllProvince, IP: 0:0:0:0:0:0:0:1, Params: {"_t":"1777441594202"}
2026-04-29 13:46:34.364 [http-nio-8080-exec-10] INFO  c.z.e.s.s.S.ServiceLogAspect - 【Service执行】类: ProvinceMapServiceImpl, 方法: getAllProvince, 参数: 无参数
2026-04-29 13:46:34.404 [http-nio-8080-exec-10] DEBUG c.z.e.m.m.a.P.selectList - ==>  Preparing: SELECT provinceMap_pid,provinceMap_pname FROM general_provinceMap
2026-04-29 13:46:34.404 [http-nio-8080-exec-10] DEBUG c.z.e.m.m.a.P.selectList - ==> Parameters: 
2026-04-29 13:46:34.445 [http-nio-8080-exec-10] DEBUG c.z.e.m.m.a.P.selectList - <==      Total: 34
2026-04-29 13:46:34.486 [http-nio-8080-exec-10] INFO  c.z.e.s.s.S.ServiceLogAspect - 【Service完成】类: ProvinceMapServiceImpl, 方法: getAllProvince, 返回值: [{"provinceMapPid":2,"provinceMapPname":"上海"},{"provinceMapPid":25,"provinceMapPname":"云南"},{"provinceMapPid":33,"provinceMapPname":"全国"},{"provinceMapPid":11,"provinceMapPname":"内蒙古"},{"provinceMapPid":1,"provinceMapPname":"北京"},{"provinceMapPid":32,"provinceMapPname":"台湾"},{"provinceMapPid":9,"provinceMapPname":"吉林"},{"provinceMapPid":22,"provinceMapPname":"四川"},{"provinceMapPid":3,"provinceMapPname":"天津"},{"provinceMapPid":30,"provinceMapPname":"宁夏"},{"provinceMapPid":14,"provinceMapPname":"安徽"},{"provinceMapPid":13,"provinceMapPname":"山东"},{"provinceMapPid":6,"provinceMapPname":"山西"},{"provinceMapPid":19,"provinceMapPname":"广东"},{"provinceMapPid":20,"provinceMapPname":"广西"},{"provinceMapPid":31,"provinceMapPname":"新疆"},{"provinceMapPid":12,"provinceMapPname":"江苏"},{"provinceMapPid":21,"provinceMapPname":"江西"},{"provinceMapPid":5,"provinceMapPname":"河北"},{"provinceMapPid":7,"provinceMapPname":"河南"},{"provinceMapPid":15,"provinceMapPname":"浙江"},{"provinceMapPid":23,"provinceMapPname":"海南"},{"provinceMapPid":52993,"provinceMapPname":"港澳"},{"provinceMapPid":17,"provinceMapPname":"湖北"},{"provinceMapPid":18,"provinceMapPname":"湖南"},{"provinceMapPid":28,"provinceMapPname":"甘肃"},{"provinceMapPid":16,"provinceMapPname":"福建"},{"provinceMapPid":26,"provinceMapPname":"西藏"},{"provinceMapPid":24,"provinceMapPname":"贵州"},{"provinceMapPid":8,"provinceMapPname":"辽宁"},{"provinceMapPid":4,"provinceMapPname":"重庆"},{"provinceMapPid":27,"provinceMapPname":"陕西"},{"provinceMapPid":29,"provinceMapPname":"青海"},{"provinceMapPid":10,"provinceMapPname":"黑龙江"}], 耗时: 116ms
2026-04-29 13:46:34.566 [http-nio-8080-exec-10] INFO  c.z.e.interceptor.UsallyInterceptor - 【请求结束】Method: GET, URI: /api/admin/provinceMap/getAllProvince, Controller: AdminProvinceMapController.getAllProvince, Status: 200, Duration: 241ms
2026-04-29 13:46:34.909 [http-nio-8080-exec-6] DEBUG c.z.e.m.m.a.AdminMapper.selectById - ==>  Preparing: SELECT admin_id,admin_account,admin_username,admin_email,admin_phone,admin_password,admin_image,admin_introduce,admin_state,admin_loginTime,deleted FROM admin_admin WHERE admin_id=? AND deleted=0
2026-04-29 13:46:34.909 [http-nio-8080-exec-6] DEBUG c.z.e.m.m.a.AdminMapper.selectById - ==> Parameters: 1(Integer)
2026-04-29 13:46:34.949 [http-nio-8080-exec-6] DEBUG c.z.e.m.m.a.AdminMapper.selectById - <==      Total: 1
2026-04-29 13:46:34.950 [http-nio-8080-exec-6] DEBUG c.z.e.m.m.a.A.findAdminInfoById - ==>  Preparing: select * from admin_admin left join admin_admin_role on admin_admin.admin_id = admin_admin_role.adminId left join admin_role on admin_admin_role.roleId = admin_role.role_id and admin_role.deleted = 0 left join admin_role_permission on admin_role.role_id = admin_role_permission.roleId left join admin_permission on admin_role_permission.permissionId = admin_permission.permission_id and admin_permission.deleted = 0 where admin_admin.admin_id = ? and admin_admin.deleted = 0
2026-04-29 13:46:34.950 [http-nio-8080-exec-6] DEBUG c.z.e.m.m.a.A.findAdminInfoById - ==> Parameters: 1(Integer)
2026-04-29 13:46:34.990 [http-nio-8080-exec-6] DEBUG c.z.e.m.m.a.A.findAdminInfoById - <==      Total: 1
2026-04-29 13:46:34.992 [http-nio-8080-exec-6] INFO  c.z.e.interceptor.UsallyInterceptor - 【请求开始】Method: GET, URI: /api/admin/provinceMap/getCityByProvinceId, Controller: AdminProvinceMapController.getCityByProvinceId, IP: 0:0:0:0:0:0:0:1, Params: {"provinceMapId":"2","_t":"1777441594568"}
2026-04-29 13:46:35.031 [http-nio-8080-exec-6] INFO  c.z.e.s.s.S.ServiceLogAspect - 【Service执行】类: ProvinceMapServiceImpl, 方法: getCityByProvinceId, 参数: [2]
2026-04-29 13:46:35.067 [http-nio-8080-exec-6] DEBUG c.z.e.m.m.a.CityMapMapper.selectList - ==>  Preparing: SELECT cityMap_cid,cityMap_cname,cityMap_pid FROM general_cityMap WHERE (cityMap_pid = ?)
2026-04-29 13:46:35.067 [http-nio-8080-exec-6] DEBUG c.z.e.m.m.a.CityMapMapper.selectList - ==> Parameters: 2(Integer)
2026-04-29 13:46:35.107 [http-nio-8080-exec-6] DEBUG c.z.e.m.m.a.CityMapMapper.selectList - <==      Total: 16
2026-04-29 13:46:35.110 [http-nio-8080-exec-6] INFO  c.z.e.s.s.S.ServiceLogAspect - 【Service完成】类: ProvinceMapServiceImpl, 方法: getCityByProvinceId, 返回值: [{"cityMapCid":78,"cityMapCname":"黄浦区","cityMapPid":2},{"cityMapCid":2813,"cityMapCname":"徐汇区","cityMapPid":2},{"cityMapCid":2815,"cityMapCname":"长宁区","cityMapPid":2},{"cityMapCid":2817,"cityMapCname":"静安区","cityMapPid":2},{"cityMapCid":2822,"cityMapCname":"虹口区","cityMapPid":2},{"cityMapCid":2823,"cityMapCname":"杨浦区","cityMapPid":2},{"cityMapCid":2824,"cityMapCname":"宝山区","cityMapPid":2},{"cityMapCid":2825,"cityMapCname":"闵行区","cityMapPid":2},{"cityMapCid":2826,"cityMapCname":"嘉定区","cityMapPid":2},{"cityMapCid":2830,"cityMapCname":"浦东新区","cityMapPid":2},{"cityMapCid":2833,"cityMapCname":"青浦区","cityMapPid":2},{"cityMapCid":2834,"cityMapCname":"松江区","cityMapPid":2},{"cityMapCid":2835,"cityMapCname":"金山区","cityMapPid":2},{"cityMapCid":2837,"cityMapCname":"奉贤区","cityMapPid":2},{"cityMapCid":2841,"cityMapCname":"普陀区","cityMapPid":2},{"cityMapCid":2919,"cityMapCname":"崇明区","cityMapPid":2}], 耗时: 76ms
2026-04-29 13:46:35.185 [http-nio-8080-exec-6] INFO  c.z.e.interceptor.UsallyInterceptor - 【请求结束】Method: GET, URI: /api/admin/provinceMap/getCityByProvinceId, Controller: AdminProvinceMapController.getCityByProvinceId, Status: 200, Duration: 193ms
2026-04-29 13:48:59.078 [http-nio-8080-exec-8] DEBUG c.z.e.m.m.a.AdminMapper.selectById - ==>  Preparing: SELECT admin_id,admin_account,admin_username,admin_email,admin_phone,admin_password,admin_image,admin_introduce,admin_state,admin_loginTime,deleted FROM admin_admin WHERE admin_id=? AND deleted=0
2026-04-29 13:48:59.079 [http-nio-8080-exec-8] DEBUG c.z.e.m.m.a.AdminMapper.selectById - ==> Parameters: 1(Integer)
2026-04-29 13:48:59.118 [http-nio-8080-exec-8] DEBUG c.z.e.m.m.a.AdminMapper.selectById - <==      Total: 1
2026-04-29 13:48:59.119 [http-nio-8080-exec-8] DEBUG c.z.e.m.m.a.A.findAdminInfoById - ==>  Preparing: select * from admin_admin left join admin_admin_role on admin_admin.admin_id = admin_admin_role.adminId left join admin_role on admin_admin_role.roleId = admin_role.role_id and admin_role.deleted = 0 left join admin_role_permission on admin_role.role_id = admin_role_permission.roleId left join admin_permission on admin_role_permission.permissionId = admin_permission.permission_id and admin_permission.deleted = 0 where admin_admin.admin_id = ? and admin_admin.deleted = 0
2026-04-29 13:48:59.119 [http-nio-8080-exec-8] DEBUG c.z.e.m.m.a.A.findAdminInfoById - ==> Parameters: 1(Integer)
2026-04-29 13:48:59.156 [http-nio-8080-exec-8] DEBUG c.z.e.m.m.a.A.findAdminInfoById - <==      Total: 1
2026-04-29 13:48:59.158 [http-nio-8080-exec-8] INFO  c.z.e.interceptor.UsallyInterceptor - 【请求开始】Method: GET, URI: /api/admin/industryMap/findAllIndustryMap, Controller: AdminIndustryMapController.findAllIndustryMap, IP: 0:0:0:0:0:0:0:1, Params: {"_t":"1777441738992"}
2026-04-29 13:48:59.194 [http-nio-8080-exec-8] INFO  c.z.e.s.s.S.ServiceLogAspect - 【Service执行】类: IndustryMapServiceImpl, 方法: findAllIndustryMap, 参数: 无参数
2026-04-29 13:48:59.248 [http-nio-8080-exec-8] INFO  c.z.e.s.s.S.ServiceLogAspect - 【Service完成】类: IndustryMapServiceImpl, 方法: findAllIndustryMap, 返回值: [{"industryMapIndustryCode":1,"industryMapIndustryName":"暂未明确","createdTime":1767024000000,"updatedTime":1767024000000},{"industryMapIndustryCode":2,"industryMapIndustryName":"金融","createdTime":1765555200000,"updatedTime":1765555200000},{"industryMapIndustryCode":3,"industryMapIndustryName":"互联网","createdTime":1765555200000,"updatedTime":1765555200000}], 耗时: 54ms
2026-04-29 13:48:59.441 [http-nio-8080-exec-8] INFO  c.z.e.interceptor.UsallyInterceptor - 【请求结束】Method: GET, URI: /api/admin/industryMap/findAllIndustryMap, Controller: AdminIndustryMapController.findAllIndustryMap, Status: 200, Duration: 283ms
2026-04-29 13:48:59.548 [http-nio-8080-exec-7] DEBUG c.z.e.m.m.a.AdminMapper.selectById - ==>  Preparing: SELECT admin_id,admin_account,admin_username,admin_email,admin_phone,admin_password,admin_image,admin_introduce,admin_state,admin_loginTime,deleted FROM admin_admin WHERE admin_id=? AND deleted=0
2026-04-29 13:48:59.548 [http-nio-8080-exec-7] DEBUG c.z.e.m.m.a.AdminMapper.selectById - ==> Parameters: 1(Integer)
2026-04-29 13:48:59.586 [http-nio-8080-exec-7] DEBUG c.z.e.m.m.a.AdminMapper.selectById - <==      Total: 1
2026-04-29 13:48:59.586 [http-nio-8080-exec-7] DEBUG c.z.e.m.m.a.A.findAdminInfoById - ==>  Preparing: select * from admin_admin left join admin_admin_role on admin_admin.admin_id = admin_admin_role.adminId left join admin_role on admin_admin_role.roleId = admin_role.role_id and admin_role.deleted = 0 left join admin_role_permission on admin_role.role_id = admin_role_permission.roleId left join admin_permission on admin_role_permission.permissionId = admin_permission.permission_id and admin_permission.deleted = 0 where admin_admin.admin_id = ? and admin_admin.deleted = 0
2026-04-29 13:48:59.587 [http-nio-8080-exec-7] DEBUG c.z.e.m.m.a.A.findAdminInfoById - ==> Parameters: 1(Integer)
2026-04-29 13:48:59.667 [http-nio-8080-exec-7] DEBUG c.z.e.m.m.a.A.findAdminInfoById - <==      Total: 1
2026-04-29 13:48:59.669 [http-nio-8080-exec-7] INFO  c.z.e.interceptor.UsallyInterceptor - 【请求开始】Method: POST, URI: /api/admin/resumeTemplate/findResumeTemplateByPage, Controller: AdminResumeTemplateController.findResumeTemplateByPage, IP: 0:0:0:0:0:0:0:1, Params: {"pageSize":"10","pageNum":"1"}
2026-04-29 13:48:59.779 [http-nio-8080-exec-7] INFO  c.z.e.s.s.S.ServiceLogAspect - 【Service执行】类: ResumeTemplateServiceImpl, 方法: findResumeTemplateByPage, 参数: [1,10,{"resumeTemplateName":""}]
2026-04-29 13:49:00.020 [http-nio-8080-exec-7] INFO  c.z.e.s.s.S.ServiceLogAspect - 【Service完成】类: ResumeTemplateServiceImpl, 方法: findResumeTemplateByPage, 返回值: {"records":[{"resumeTemplateId":1,"resumeTemplateName":"后端开发工程师简历模版","resumeTemplateReactCode":"const ResumeTemplateBackend = () => {\n  const styles = {\n    container: {\n      fontFamily: \"'Microsoft YaHei', sans-serif\",\n      maxWidth: '800px',\n      margin: '0 auto',\n      padding: '40px',\n      background: 'white',\n    },\n    header: {\n      textAlign: 'center',\n      marginBottom: '30px',\n      borderBottom: '2px solid #1890ff',\n      paddingBottom: '20px',\n    },\n    name: {\n      fontSize: '28px',\n      fontWeight: 'bold',\n      color: '#1890ff',\n      marginBottom: '10px',\n    },\n    contact: {\n      fontSize: '14px',\n      color: '#666',\n    },\n    section: {\n      marginBottom: '25px',\n    },\n    sectionTitle: {\n      fontSize: '18px',\n      fontWeight: 'bold',\n      color: '#1890ff',\n      borderLeft: '4px solid #1890ff',\n      paddingLeft: '10px',\n      marginBottom: '15px',\n    },\n    item: {\n      marginBottom: '15px',\n    },\n    itemHeader: {\n      display: 'flex',\n      justifyContent: 'space-between',\n      marginBottom: '5px',\n    },\n    itemTitle: {\n      fontWeight: 'bold',\n      fontSize: '15px',\n    },\n    itemDate: {\n      color: '#999',\n      fontSize: '13px',\n    },\n    itemDesc: {\n      fontSize: '14px',\n      color: '#333',\n      lineHeight: '1.6',\n    },\n    skills: {\n      display: 'flex',\n      flexWrap: 'wrap',\n      gap: '8px',\n    },\n    skill: {\n      background: '#e6f7ff',\n      color: '#1890ff',\n      padding: '4px 12px',\n      borderRadius: '4px',\n      fontSize: '13px',\n    },\n  };\n\n  return (\n    <div style={styles.container}>\n      <div style={styles.header}>\n        <div style={styles.name}>张三</div>\n        <div style={styles.contact}>\n          📱 138-0000-0000 | ✉️ zhangsan@email.com | 📍 北京市\n        </div>\n      </div>\n\n      <div style={styles.section}>\n        <div style={styles.sectionTitle}>教育背景</div>\n        <div style={styles.item}>\n          <div style={styles.itemHeader}>\n            <span style={styles.itemTitle}>北京大学 · 计算机科学与技术</span>\n            <span style={styles.itemDate}>2018.09 - 2022.06</span>\n          </div>\n          <div style={styles.itemDesc}>本科 | GPA: 3.8/4.0</div>\n        </div>\n      </div>\n\n      <div style={styles.section}>\n        <div style={styles.sectionTitle}>工作经历</div>\n        <div style={styles.item}>\n          <div style={styles.itemHeader}>\n            <span style={styles.itemTitle}>字节跳动 · 后端开发工程师</span>\n            <span style={styles.itemDate}>2022.07 - 至今</span>\n          </div>\n          <div style={styles.itemDesc}>\n            • 负责抖音电商后端服务开发，基于Go + Gin框架搭建高可用接口<br/>\n            • 优化MySQL查询语句，核心接口响应时间降低 60%，QPS提升至10w+<br/>\n            • 设计分布式缓存架构，使用Redis集群解决热点数据访问瓶颈\n          </div>\n        </div>\n      </div>\n\n      <div style={styles.section}>\n        <div style={styles.sectionTitle}>项目经验</div>\n        <div style={styles.item}>\n          <div style={styles.itemHeader}>\n            <span style={styles.itemTitle}>电商订单系统重构</span>\n            <span style={styles.itemDate}>2023.01 - 2023.06</span>\n          </div>\n          <div style={styles.itemDesc}>\n            • 采用微服务架构拆分单体订单系统，基于K8s实现服务容器化部署<br/>\n            • 集成RocketMQ实现订单消息异步处理，保证数据最终一致性<br/>\n            • 编写接口自动化测试用例，覆盖率达95%，线上bug率降低 40%\n          </div>\n        </div>\n      </div>\n\n      <div style={styles.section}>\n        <div style={styles.sectionTitle}>专业技能</div>\n        <div style={styles.skills}>\n          <span style={styles.skill}>Go</span>\n          <span style={styles.skill}>Java</span>\n          <span style={styles.skill}>MySQL</span>\n          <span style={styles.skill}>Redis</span>\n          <span style={styles.skill}>K8s</span>\n          <span style={styles.skill}>微服务</span>\n          <span style={styles.skill}>Gin</span>\n          <span style={styles.skill}>Git</span>\n        </div>\n      </div>\n    </div>\n  );\n};","industryMapIndustryName":"互联网","resumeTemplateIsActive":1,"resumeTemplateCreatedTime":1765641600000,"resumeTemplateUpdatedTime":1768147200000},{"resumeTemplateId":2,"resumeTemplateName":"运营简历模版","resumeTemplateReactCode":"const ResumeTemplateOperation = () => {\n  const styles = {\n    // 沿用统一样式，和后端模板完全一致\n    container: {\n      fontFamily: \"'Microsoft YaHei', sans-serif\",\n      maxWidth: '800px',\n      margin: '0 auto',\n      padding: '40px',\n      background: 'white',\n    },\n    header: {\n      textAlign: 'center',\n      marginBottom: '30px',\n      borderBottom: '2px solid #1890ff',\n      paddingBottom: '20px',\n    },\n    name: {\n      fontSize: '28px',\n      fontWeight: 'bold',\n      color: '#1890ff',\n      marginBottom: '10px',\n    },\n    contact: {\n      fontSize: '14px',\n      color: '#666',\n    },\n    section: {\n      marginBottom: '25px',\n    },\n    sectionTitle: {\n      fontSize: '18px',\n      fontWeight: 'bold',\n      color: '#1890ff',\n      borderLeft: '4px solid #1890ff',\n      paddingLeft: '10px',\n      marginBottom: '15px',\n    },\n    item: {\n      marginBottom: '15px',\n    },\n    itemHeader: {\n      display: 'flex',\n      justifyContent: 'space-between',\n      marginBottom: '5px',\n    },\n    itemTitle: {\n      fontWeight: 'bold',\n      fontSize: '15px',\n    },\n    itemDate: {\n      color: '#999',\n      fontSize: '13px',\n    },\n    itemDesc: {\n      fontSize: '14px',\n      color: '#333',\n      lineHeight: '1.6',\n    },\n    skills: {\n      display: 'flex',\n      flexWrap: 'wrap',\n      gap: '8px',\n    },\n    skill: {\n      background: '#e6f7ff',\n      color: '#1890ff',\n      padding: '4px 12px',\n      borderRadius: '4px',\n      fontSize: '13px',\n    },\n  };\n\n  return (\n    <div style={styles.container}>\n      <div style={styles.header}>\n        <div style={styles.name}>张三</div>\n        <div style={styles.contact}>\n          📱 138-0000-0000 | ✉️ zhangsan@email.com | 📍 北京市\n        </div>\n      </div>\n\n      <div style={styles.section}>\n        <div style={styles.sectionTitle}>教育背景</div>\n        <div style={styles.item}>\n          <div style={styles.itemHeader}>\n            <span style={styles.itemTitle}>中国传媒大学 · 市场营销</span>\n            <span style={styles.itemDate}>2018.09 - 2022.06</span>\n          </div>\n          <div style={styles.itemDesc}>本科 | GPA: 3.7/4.0</div>\n        </div>\n      </div>\n\n      <div style={styles.section}>\n        <div style={styles.sectionTitle}>工作经历</div>\n        <div style={styles.item}>\n          <div style={styles.itemHeader}>\n            <span style={styles.itemTitle}>小红书 · 用户运营</span>\n            <span style={styles.itemDate}>2022.07 - 至今</span>\n          </div>\n          <div style={styles.itemDesc}>\n            • 负责美妆垂类用户增长，策划「美妆好物测评」活动，新增精准用户50w+<br/>\n            • 搭建用户分层体系，针对高价值用户制定专属权益，用户留存率提升 25%<br/>\n            • 分析用户行为数据，输出周/月运营报告，指导内容策略调整，笔记互动率提升 30%\n          </div>\n        </div>\n      </div>\n\n      <div style={styles.section}>\n        <div style={styles.sectionTitle}>项目经验</div>\n        <div style={styles.item}>\n          <div style={styles.itemHeader}>\n            <span style={styles.itemTitle}>小红书618美妆宠粉节</span>\n            <span style={styles.itemDate}>2023.04 - 2023.06</span>\n          </div>\n          <div style={styles.itemDesc}>\n            • 策划跨平台联动活动，联合100+美妆博主产出内容，曝光量达8000w+<br/>\n            • 优化活动转化路径，引导用户参与抽奖/下单，活动GMV突破1.2亿<br/>\n            • 复盘活动数据，总结核心转化节点问题，输出可复用的活动SOP\n          </div>\n        </div>\n      </div>\n\n      <div style={styles.section}>\n        <div style={styles.sectionTitle}>专业技能</div>\n        <div style={styles.skills}>\n          <span style={styles.skill}>用户增长</span>\n          <span style={styles.skill}>活动策划</span>\n          <span style={styles.skill}>数据分析</span>\n          <span style={styles.skill}>Excel</span>\n          <span style={styles.skill}>SQL</span>\n          <span style={styles.skill}>用户分层</span>\n          <span style={styles.skill}>内容运营</span>\n          <span style={styles.skill}>复盘总结</span>\n        </div>\n      </div>\n    </div>\n  );\n};","industryMapIndustryName":"互联网","resumeTemplateIsActive":1,"resumeTemplateCreatedTime":1768147200000,"resumeTemplateUpdatedTime":1768147200000},{"resumeTemplateId":3,"resumeTemplateName":"产品经理简历模版","resumeTemplateReactCode":"const ResumeTemplateProduct = () => {\n  const styles = {\n    // 统一样式，和上述模板一致\n    container: {\n      fontFamily: \"'Microsoft YaHei', sans-serif\",\n      maxWidth: '800px',\n      margin: '0 auto',\n      padding: '40px',\n      background: 'white',\n    },\n    header: {\n      textAlign: 'center',\n      marginBottom: '30px',\n      borderBottom: '2px solid #1890ff',\n      paddingBottom: '20px',\n    },\n    name: {\n      fontSize: '28px',\n      fontWeight: 'bold',\n      color: '#1890ff',\n      marginBottom: '10px',\n    },\n    contact: {\n      fontSize: '14px',\n      color: '#666',\n    },\n    section: {\n      marginBottom: '25px',\n    },\n    sectionTitle: {\n      fontSize: '18px',\n      fontWeight: 'bold',\n      color: '#1890ff',\n      borderLeft: '4px solid #1890ff',\n      paddingLeft: '10px',\n      marginBottom: '15px',\n    },\n    item: {\n      marginBottom: '15px',\n    },\n    itemHeader: {\n      display: 'flex',\n      justifyContent: 'space-between',\n      marginBottom: '5px',\n    },\n    itemTitle: {\n      fontWeight: 'bold',\n      fontSize: '15px',\n    },\n    itemDate: {\n      color: '#999',\n      fontSize: '13px',\n    },\n    itemDesc: {\n      fontSize: '14px',\n      color: '#333',\n      lineHeight: '1.6',\n    },\n    skills: {\n      display: 'flex',\n      flexWrap: 'wrap',\n      gap: '8px',\n    },\n    skill: {\n      background: '#e6f7ff',\n      color: '#1890ff',\n      padding: '4px 12px',\n      borderRadius: '4px',\n      fontSize: '13px',\n    },\n  };\n\n  return (\n    <div style={styles.container}>\n      <div style={styles.header}>\n        <div style={styles.name}>张三</div>\n        <div style={styles.contact}>\n          📱 138-0000-0000 | ✉️ zhangsan@email.com | 📍 北京市\n        </div>\n      </div>\n\n      <div style={styles.section}>\n        <div style={styles.sectionTitle}>教育背景</div>\n        <div style={styles.item}>\n          <div style={styles.itemHeader}>\n            <span style={styles.itemTitle}>清华大学 · 工业工程</span>\n            <span style={styles.itemDate}>2018.09 - 2022.06</span>\n          </div>\n          <div style={styles.itemDesc}>本科 | GPA: 3.8/4.0</div>\n        </div>\n      </div>\n\n      <div style={styles.section}>\n        <div style={styles.sectionTitle}>工作经历</div>\n        <div style={styles.item}>\n          <div style={styles.itemHeader}>\n            <span style={styles.itemTitle}>美团 · 产品经理</span>\n            <span style={styles.itemDate}>2022.07 - 至今</span>\n          </div>\n          <div style={styles.itemDesc}>\n            • 负责外卖商家端订单模块产品设计，调研500+商家需求，输出PRD和原型图<br/>\n            • 主导订单催单功能迭代，优化用户体验，催单成功率提升 35%，差评率降低 18%<br/>\n            • 协调研发/测试/运营团队，推动功能落地，按时上线率100%\n          </div>\n        </div>\n      </div>\n\n      <div style={styles.section}>\n        <div style={styles.sectionTitle}>项目经验</div>\n        <div style={styles.item}>\n          <div style={styles.itemHeader}>\n            <span style={styles.itemTitle}>美团商家端智能对账系统</span>\n            <span style={styles.itemDate}>2023.01 - 2023.06</span>\n          </div>\n          <div style={styles.itemDesc}>\n            • 基于用户调研和数据分析，定义智能对账系统核心功能和交互逻辑<br/>\n            • 使用Axure制作高保真原型，撰写详细PRD，组织需求评审会<br/>\n            • 上线后商家对账效率提升 70%，对账相关客诉量降低 60%\n          </div>\n        </div>\n      </div>\n\n      <div style={styles.section}>\n        <div style={styles.sectionTitle}>专业技能</div>\n        <div style={styles.skills}>\n          <span style={styles.skill}>Axure</span>\n          <span style={styles.skill}>PRD撰写</span>\n          <span style={styles.skill}>用户调研</span>\n          <span style={styles.skill}>需求分析</span>\n          <span style={styles.skill}>数据分析</span>\n          <span style={styles.skill}>产品迭代</span>\n          <span style={styles.skill}>Figma</span>\n          <span style={styles.skill}>项目管理</span>\n        </div>\n      </div>\n    </div>\n  );\n};","industryMapIndustryName":"互联网","resumeTemplateIsActive":1,"resumeTemplateCreatedTime":1768147200000,"resumeTemplateUpdatedTime":1768147200000},{"resumeTemplateId":4,"resumeTemplateName":"UI/UX设计师简历模版","resumeTemplateReactCode":"const ResumeTemplateDesign = () => {\n  const styles = {\n    // 统一样式\n    container: {\n      fontFamily: \"'Microsoft YaHei', sans-serif\",\n      maxWidth: '800px',\n      margin: '0 auto',\n      padding: '40px',\n      background: 'white',\n    },\n    header: {\n      textAlign: 'center',\n      marginBottom: '30px',\n      borderBottom: '2px solid #1890ff',\n      paddingBottom: '20px',\n    },\n    name: {\n      fontSize: '28px',\n      fontWeight: 'bold',\n      color: '#1890ff',\n      marginBottom: '10px',\n    },\n    contact: {\n      fontSize: '14px',\n      color: '#666',\n    },\n    section: {\n      marginBottom: '25px',\n    },\n    sectionTitle: {\n      fontSize: '18px',\n      fontWeight: 'bold',\n      color: '#1890ff',\n      borderLeft: '4px solid #1890ff',\n      paddingLeft: '10px',\n      marginBottom: '15px',\n    },\n    item: {\n      marginBottom: '15px',\n    },\n    itemHeader: {\n      display: 'flex',\n      justifyContent: 'space-between',\n      marginBottom: '5px',\n    },\n    itemTitle: {\n      fontWeight: 'bold',\n      fontSize: '15px',\n    },\n    itemDate: {\n      color: '#999',\n      fontSize: '13px',\n    },\n    itemDesc: {\n      fontSize: '14px',\n      color: '#333',\n      lineHeight: '1.6',\n    },\n    skills: {\n      display: 'flex',\n      flexWrap: 'wrap',\n      gap: '8px',\n    },\n    skill: {\n      background: '#e6f7ff',\n      color: '#1890ff',\n      padding: '4px 12px',\n      borderRadius: '4px',\n      fontSize: '13px',\n    },\n  };\n\n  return (\n    <div style={styles.container}>\n      <div style={styles.header}>\n        <div style={styles.name}>张三</div>\n        <div style={styles.contact}>\n          📱 138-0000-0000 | ✉️ zhangsan@email.com | 📍 北京市 | 作品集：xxx.figma.com\n        </div>\n      </div>\n\n      <div style={styles.section}>\n        <div style={styles.sectionTitle}>教育背景</div>\n        <div style={styles.item}>\n          <div style={styles.itemHeader}>\n            <span style={styles.itemTitle}>中央美术学院 · 视觉传达设计</span>\n            <span style={styles.itemDate}>2018.09 - 2022.06</span>\n          </div>\n          <div style={styles.itemDesc}>本科 | GPA: 3.8/4.0</div>\n        </div>\n      </div>\n\n      <div style={styles.section}>\n        <div style={styles.sectionTitle}>工作经历</div>\n        <div style={styles.item}>\n          <div style={styles.itemHeader}>\n            <span style={styles.itemTitle}>腾讯 · UI/UX设计师</span>\n            <span style={styles.itemDate}>2022.07 - 至今</span>\n          </div>\n          <div style={styles.itemDesc}>\n            • 负责微信视频号创作者中心UI设计，制定视觉规范，统一设计语言<br/>\n            • 开展用户可用性测试，优化交互流程，创作者操作效率提升 40%<br/>\n            • 设计节日主题皮肤和运营活动视觉，提升页面点击率 35%\n          </div>\n        </div>\n      </div>\n\n      <div style={styles.section}>\n        <div style={styles.sectionTitle}>项目经验</div>\n        <div style={styles.item}>\n          <div style={styles.itemHeader}>\n            <span style={styles.itemTitle}>视频号小店改版设计</span>\n            <span style={styles.itemDate}>2023.01 - 2023.06</span>\n          </div>\n          <div style={styles.itemDesc}>\n            • 基于用户画像和使用场景，重构小店页面布局和交互逻辑<br/>\n            • 使用Figma完成高保真原型和设计稿，输出标注和切图<br/>\n            • 配合研发团队还原设计效果，上线后小店转化率提升 28%\n          </div>\n        </div>\n      </div>\n\n      <div style={styles.section}>\n        <div style={styles.sectionTitle}>专业技能</div>\n        <div style={styles.skills}>\n          <span style={styles.skill}>Figma</span>\n          <span style={styles.skill}>Sketch</span>\n          <span style={styles.skill}>AE</span>\n          <span style={styles.skill}>用户研究</span>\n          <span style={styles.skill}>交互设计</span>\n          <span style={styles.skill}>视觉设计</span>\n          <span style={styles.skill}>设计规范</span>\n          <span style={styles.skill}>可用性测试</span>\n        </div>\n      </div>\n    </div>\n  );\n};","industryMapIndustryName":"互联网","resumeTemplateIsActive":1,"resumeTemplateCreatedTime":1768147200000,"resumeTemplateUpdatedTime":1768147200000},{"resumeTemplateId":5,"resumeTemplateName":"软件测试工程师 简历模板","resumeTemplateReactCode":"const ResumeTemplateTest = () => {\n  const styles = {\n    // 统一样式\n    container: {\n      fontFamily: \"'Microsoft YaHei', sans-serif\",\n      maxWidth: '800px',\n      margin: '0 auto',\n      padding: '40px',\n      background: 'white',\n    },\n    header: {\n      textAlign: 'center',\n      marginBottom: '30px',\n      borderBottom: '2px solid #1890ff',\n      paddingBottom: '20px',\n    },\n    name: {\n      fontSize: '28px',\n      fontWeight: 'bold',\n      color: '#1890ff',\n      marginBottom: '10px',\n    },\n    contact: {\n      fontSize: '14px',\n      color: '#666',\n    },\n    section: {\n      marginBottom: '25px',\n    },\n    sectionTitle: {\n      fontSize: '18px',\n      fontWeight: 'bold',\n      color: '#1890ff',\n      borderLeft: '4px solid #1890ff',\n      paddingLeft: '10px',\n      marginBottom: '15px',\n    },\n    item: {\n      marginBottom: '15px',\n    },\n    itemHeader: {\n      display: 'flex',\n      justifyContent: 'space-between',\n      marginBottom: '5px',\n    },\n    itemTitle: {\n      fontWeight: 'bold',\n      fontSize: '15px',\n    },\n    itemDate: {\n      color: '#999',\n      fontSize: '13px',\n    },\n    itemDesc: {\n      fontSize: '14px',\n      color: '#333',\n      lineHeight: '1.6',\n    },\n    skills: {\n      display: 'flex',\n      flexWrap: 'wrap',\n      gap: '8px',\n    },\n    skill: {\n      background: '#e6f7ff',\n      color: '#1890ff',\n      padding: '4px 12px',\n      borderRadius: '4px',\n      fontSize: '13px',\n    },\n  };\n\n  return (\n    <div style={styles.container}>\n      <div style={styles.header}>\n        <div style={styles.name}>张三</div>\n        <div style={styles.contact}>\n          📱 138-0000-0000 | ✉️ zhangsan@email.com | 📍 北京市\n        </div>\n      </div>\n\n      <div style={styles.section}>\n        <div style={styles.sectionTitle}>教育背景</div>\n        <div style={styles.item}>\n          <div style={styles.itemHeader}>\n            <span style={styles.itemTitle}>北京邮电大学 · 软件工程</span>\n            <span style={styles.itemDate}>2018.09 - 2022.06</span>\n          </div>\n          <div style={styles.itemDesc}>本科 | GPA: 3.7/4.0</div>\n        </div>\n      </div>\n\n      <div style={styles.section}>\n        <div style={styles.sectionTitle}>工作经历</div>\n        <div style={styles.item}>\n          <div style={styles.itemHeader}>\n            <span style={styles.itemTitle}>网易 · 软件测试工程师</span>\n            <span style={styles.itemDate}>2022.07 - 至今</span>\n          </div>\n          <div style={styles.itemDesc}>\n            • 负责网易云音乐APP功能测试，编写测试用例，覆盖率达98%<br/>\n            • 基于Python + Selenium搭建自动化测试框架，回归测试效率提升 70%<br/>\n            • 执行性能测试，发现并优化接口性能瓶颈，APP启动速度提升 40%\n          </div>\n        </div>\n      </div>\n\n      <div style={styles.section}>\n        <div style={styles.sectionTitle}>项目经验</div>\n        <div style={styles.item}>\n          <div style={styles.itemHeader}>\n            <span style={styles.itemTitle}>网易云音乐8.0版本测试</span>\n            <span style={styles.itemDate}>2023.01 - 2023.06</span>\n          </div>\n          <div style={styles.itemDesc}>\n            • 制定测试计划，完成功能、兼容性、性能全维度测试<br/>\n            • 使用JMeter进行高并发测试，模拟10w+用户访问，保障版本稳定上线<br/>\n            • 跟踪并闭环bug，线上bug率控制在0.1%以内\n          </div>\n        </div>\n      </div>\n\n      <div style={styles.section}>\n        <div style={styles.sectionTitle}>专业技能</div>\n        <div style={styles.skills}>\n          <span style={styles.skill}>Python</span>\n          <span style={styles.skill}>Selenium</span>\n          <span style={styles.skill}>JMeter</span>\n          <span style={styles.skill}>Postman</span>\n          <span style={styles.skill}>测试用例设计</span>\n          <span style={styles.skill}>自动化测试</span>\n          <span style={styles.skill}>性能测试</span>\n          <span style={styles.skill}>Bug管理</span>\n        </div>\n      </div>\n    </div>\n  );\n};","industryMapIndustryName":"互联网","resumeTemplateIsActive":1,"resumeTemplateCreatedTime":1768147200000,"resumeTemplateUpdatedTime":1768147200000},{"resumeTemplateId":6,"resumeTemplateName":"数据分析师简历模版","resumeTemplateReactCode":"const ResumeTemplateDataAnalysis = () => {\n  const styles = {\n    container: {\n      fontFamily: \"'Microsoft YaHei', sans-serif\",\n      maxWidth: '800px',\n      margin: '0 auto',\n      padding: '40px',\n      background: 'white',\n    },\n    header: {\n      textAlign: 'center',\n      marginBottom: '30px',\n      borderBottom: '2px solid #1890ff',\n      paddingBottom: '20px',\n    },\n    name: {\n      fontSize: '28px',\n      fontWeight: 'bold',\n      color: '#1890ff',\n      marginBottom: '10px',\n    },\n    contact: {\n      fontSize: '14px',\n      color: '#666',\n    },\n    section: {\n      marginBottom: '25px',\n    },\n    sectionTitle: {\n      fontSize: '18px',\n      fontWeight: 'bold',\n      color: '#1890ff',\n      borderLeft: '4px solid #1890ff',\n      paddingLeft: '10px',\n      marginBottom: '15px',\n    },\n    item: {\n      marginBottom: '15px',\n    },\n    itemHeader: {\n      display: 'flex',\n      justifyContent: 'space-between',\n      marginBottom: '5px',\n    },\n    itemTitle: {\n      fontWeight: 'bold',\n      fontSize: '15px',\n    },\n    itemDate: {\n      color: '#999',\n      fontSize: '13px',\n    },\n    itemDesc: {\n      fontSize: '14px',\n      color: '#333',\n      lineHeight: '1.6',\n    },\n    skills: {\n      display: 'flex',\n      flexWrap: 'wrap',\n      gap: '8px',\n    },\n    skill: {\n      background: '#e6f7ff',\n      color: '#1890ff',\n      padding: '4px 12px',\n      borderRadius: '4px',\n      fontSize: '13px',\n    },\n  };\n\n  return (\n    <div style={styles.container}>\n      <div style={styles.header}>\n        <div style={styles.name}>张三</div>\n        <div style={styles.contact}>\n          📱 138-0000-0000 | ✉️ zhangsan@email.com | 📍 北京市\n        </div>\n      </div>\n\n      <div style={styles.section}>\n        <div style={styles.sectionTitle}>教育背景</div>\n        <div style={styles.item}>\n          <div style={styles.itemHeader}>\n            <span style={styles.itemTitle}>复旦大学 · 统计学</span>\n            <span style={styles.itemDate}>2018.09 - 2022.06</span>\n          </div>\n          <div style={styles.itemDesc}>本科 | GPA: 3.7/4.0</div>\n        </div>\n      </div>\n\n      <div style={styles.section}>\n        <div style={styles.sectionTitle}>工作经历</div>\n        <div style={styles.item}>\n          <div style={styles.itemHeader}>\n            <span style={styles.itemTitle}>京东 · 数据分析师</span>\n            <span style={styles.itemDate}>2022.07 - 至今</span>\n          </div>\n          <div style={styles.itemDesc}>\n            • 负责电商用户行为分析，使用SQL提取海量数据，构建用户画像模型<br/>\n            • 用Python（Pandas/Numpy）进行数据清洗和建模，识别高价值用户群体，指导运营策略<br/>\n            • 搭建Tableau可视化报表，实时监控GMV、转化率等核心指标，支撑业务决策\n          </div>\n        </div>\n      </div>\n\n      <div style={styles.section}>\n        <div style={styles.sectionTitle}>项目经验</div>\n        <div style={styles.item}>\n          <div style={styles.itemHeader}>\n            <span style={styles.itemTitle}>京东618大促数据洞察项目</span>\n            <span style={styles.itemDate}>2023.04 - 2023.06</span>\n          </div>\n          <div style={styles.itemDesc}>\n            • 分析历史大促数据，挖掘用户购买行为规律，输出《大促用户转化路径分析报告》<br/>\n            • 设计A/B测试方案，优化商品推荐逻辑，大促期间转化率提升 18%<br/>\n            • 搭建实时数据监控看板，支持运营团队快速调整策略，GMV同比增长 35%\n          </div>\n        </div>\n      </div>\n\n      <div style={styles.section}>\n        <div style={styles.sectionTitle}>专业技能</div>\n        <div style={styles.skills}>\n          <span style={styles.skill}>SQL</span>\n          <span style={styles.skill}>Python</span>\n          <span style={styles.skill}>Pandas</span>\n          <span style={styles.skill}>Tableau</span>\n          <span style={styles.skill}>数据可视化</span>\n          <span style={styles.skill}>用户画像</span>\n          <span style={styles.skill}>业务分析</span>\n          <span style={styles.skill}>Excel</span>\n        </div>\n      </div>\n    </div>\n  );\n};","industryMapIndustryName":"互联网","resumeTemplateIsActive":1,"resumeTemplateCreatedTime":1768147200000,"resumeTemplateUpdatedTime":1768147200000},{"resumeTemplateId":7,"resumeTemplateName":"算法工程师简历模版","resumeTemplateReactCode":"const ResumeTemplateAlgorithm = () => {\n  const styles = {\n    container: {\n      fontFamily: \"'Microsoft YaHei', sans-serif\",\n      maxWidth: '800px',\n      margin: '0 auto',\n      padding: '40px',\n      background: 'white',\n    },\n    header: {\n      textAlign: 'center',\n      marginBottom: '30px',\n      borderBottom: '2px solid #1890ff',\n      paddingBottom: '20px',\n    },\n    name: {\n      fontSize: '28px',\n      fontWeight: 'bold',\n      color: '#1890ff',\n      marginBottom: '10px',\n    },\n    contact: {\n      fontSize: '14px',\n      color: '#666',\n    },\n    section: {\n      marginBottom: '25px',\n    },\n    sectionTitle: {\n      fontSize: '18px',\n      fontWeight: 'bold',\n      color: '#1890ff',\n      borderLeft: '4px solid #1890ff',\n      paddingLeft: '10px',\n      marginBottom: '15px',\n    },\n    item: {\n      marginBottom: '15px',\n    },\n    itemHeader: {\n      display: 'flex',\n      justifyContent: 'space-between',\n      marginBottom: '5px',\n    },\n    itemTitle: {\n      fontWeight: 'bold',\n      fontSize: '15px',\n    },\n    itemDate: {\n      color: '#999',\n      fontSize: '13px',\n    },\n    itemDesc: {\n      fontSize: '14px',\n      color: '#333',\n      lineHeight: '1.6',\n    },\n    skills: {\n      display: 'flex',\n      flexWrap: 'wrap',\n      gap: '8px',\n    },\n    skill: {\n      background: '#e6f7ff',\n      color: '#1890ff',\n      padding: '4px 12px',\n      borderRadius: '4px',\n      fontSize: '13px',\n    },\n  };\n\n  return (\n    <div style={styles.container}>\n      <div style={styles.header}>\n        <div style={styles.name}>张三</div>\n        <div style={styles.contact}>\n          📱 138-0000-0000 | ✉️ zhangsan@email.com | 📍 北京市 | GitHub: github.com/xxx\n        </div>\n      </div>\n\n      <div style={styles.section}>\n        <div style={styles.sectionTitle}>教育背景</div>\n        <div style={styles.item}>\n          <div style={styles.itemHeader}>\n            <span style={styles.itemTitle}>浙江大学 · 计算机应用技术</span>\n            <span style={styles.itemDate}>2018.09 - 2022.06</span>\n          </div>\n          <div style={styles.itemDesc}>硕士 | GPA: 3.9/4.0 | 研究方向：自然语言处理</div>\n        </div>\n      </div>\n\n      <div style={styles.section}>\n        <div style={styles.sectionTitle}>工作经历</div>\n        <div style={styles.item}>\n          <div style={styles.itemHeader}>\n            <span style={styles.itemTitle}>百度 · 算法工程师</span>\n            <span style={styles.itemDate}>2022.07 - 至今</span>\n          </div>\n          <div style={styles.itemDesc}>\n            • 负责百度搜索相关性算法优化，基于深度学习模型（BERT）提升搜索结果准确率<br/>\n            • 设计召回层算法，优化候选集生成策略，搜索召回率提升 22%<br/>\n            • 参与大规模机器学习平台搭建，基于TensorFlow实现模型分布式训练，训练效率提升 50%\n          </div>\n        </div>\n      </div>\n\n      <div style={styles.section}>\n        <div style={styles.sectionTitle}>项目经验</div>\n        <div style={styles.item}>\n          <div style={styles.itemHeader}>\n            <span style={styles.itemTitle}>智能问答系统研发</span>\n            <span style={styles.itemDate}>2023.01 - 2023.06</span>\n          </div>\n          <div style={styles.itemDesc}>\n            • 基于Transformer架构设计端到端问答模型，融合知识图谱提升回答准确性<br/>\n            • 优化模型推理速度，通过模型量化和剪枝，推理延迟降低 30%<br/>\n            • 该系统已应用于百度APP智能助手，用户满意度提升 28%\n          </div>\n        </div>\n      </div>\n\n      <div style={styles.section}>\n        <div style={styles.sectionTitle}>专业技能</div>\n        <div style={styles.skills}>\n          <span style={styles.skill}>Python</span>\n          <span style={styles.skill}>TensorFlow</span>\n          <span style={styles.skill}>PyTorch</span>\n          <span style={styles.skill}>机器学习</span>\n          <span style={styles.skill}>深度学习</span>\n          <span style={styles.skill}>NLP</span>\n          <span style={styles.skill}>算法优化</span>\n          <span style={styles.skill}>分布式训练</span>\n        </div>\n      </div>\n    </div>\n  );\n};","industryMapIndustryName":"互联网","resumeTemplateIsActive":1,"resumeTemplateCreatedTime":1768147200000,"resumeTemplateUpdatedTime":1768147200000},{"resumeTemplateId":8,"resumeTemplateName":"新媒体运营简历模版","resumeTemplateReactCode":"const ResumeTemplateNewMedia = () => {\n  const styles = {\n    container: {\n      fontFamily: \"'Microsoft YaHei', sans-serif\",\n      maxWidth: '800px',\n      margin: '0 auto',\n      padding: '40px',\n      background: 'white',\n    },\n    header: {\n      textAlign: 'center',\n      marginBottom: '30px',\n      borderBottom: '2px solid #1890ff',\n      paddingBottom: '20px',\n    },\n    name: {\n      fontSize: '28px',\n      fontWeight: 'bold',\n      color: '#1890ff',\n      marginBottom: '10px',\n    },\n    contact: {\n      fontSize: '14px',\n      color: '#666',\n    },\n    section: {\n      marginBottom: '25px',\n    },\n    sectionTitle: {\n      fontSize: '18px',\n      fontWeight: 'bold',\n      color: '#1890ff',\n      borderLeft: '4px solid #1890ff',\n      paddingLeft: '10px',\n      marginBottom: '15px',\n    },\n    item: {\n      marginBottom: '15px',\n    },\n    itemHeader: {\n      display: 'flex',\n      justifyContent: 'space-between',\n      marginBottom: '5px',\n    },\n    itemTitle: {\n      fontWeight: 'bold',\n      fontSize: '15px',\n    },\n    itemDate: {\n      color: '#999',\n      fontSize: '13px',\n    },\n    itemDesc: {\n      fontSize: '14px',\n      color: '#333',\n      lineHeight: '1.6',\n    },\n    skills: {\n      display: 'flex',\n      flexWrap: 'wrap',\n      gap: '8px',\n    },\n    skill: {\n      background: '#e6f7ff',\n      color: '#1890ff',\n      padding: '4px 12px',\n      borderRadius: '4px',\n      fontSize: '13px',\n    },\n  };\n\n  return (\n    <div style={styles.container}>\n      <div style={styles.header}>\n        <div style={styles.name}>张三</div>\n        <div style={styles.contact}>\n          📱 138-0000-0000 | ✉️ zhangsan@email.com | 📍 北京市 | 公众号：XXX运营笔记\n        </div>\n      </div>\n\n      <div style={styles.section}>\n        <div style={styles.sectionTitle}>教育背景</div>\n        <div style={styles.item}>\n          <div style={styles.itemHeader}>\n            <span style={styles.itemTitle}>武汉大学 · 新闻传播学</span>\n            <span style={styles.itemDate}>2018.09 - 2022.06</span>\n          </div>\n          <div style={styles.itemDesc}>本科 | GPA: 3.6/4.0</div>\n        </div>\n      </div>\n\n      <div style={styles.section}>\n        <div style={styles.sectionTitle}>工作经历</div>\n        <div style={styles.item}>\n          <div style={styles.itemHeader}>\n            <span style={styles.itemTitle}>字节跳动 · 新媒体运营</span>\n            <span style={styles.itemDate}>2022.07 - 至今</span>\n          </div>\n          <div style={styles.itemDesc}>\n            • 负责抖音「职场干货」账号运营，撰写爆款文案，制作短视频内容，粉丝量从0增长至100w+<br/>\n            • 策划#职场高效技巧#话题活动，联动50+博主参与，话题播放量达1.2亿<br/>\n            • 分析账号数据，优化内容选题和发布策略，视频平均完播率提升 30%\n          </div>\n        </div>\n      </div>\n\n      <div style={styles.section}>\n        <div style={styles.sectionTitle}>项目经验</div>\n        <div style={styles.item}>\n          <div style={styles.itemHeader}>\n            <span style={styles.itemTitle}>小红书「职场新人指南」专栏运营</span>\n            <span style={styles.itemDate}>2023.01 - 2023.06</span>\n          </div>\n          <div style={styles.itemDesc}>\n            • 每周输出2篇原创干货笔记，结合热点和用户需求设计内容，单篇最高点赞10w+<br/>\n            • 搭建粉丝社群，开展互动活动，社群活跃度保持在40%以上<br/>\n            • 专栏累计曝光5000w+，为公司引流精准用户8w+\n          </div>\n        </div>\n      </div>\n\n      <div style={styles.section}>\n        <div style={styles.sectionTitle}>专业技能</div>\n        <div style={styles.skills}>\n          <span style={styles.skill}>内容创作</span>\n          <span style={styles.skill}>短视频剪辑</span>\n          <span style={styles.skill}>公众号运营</span>\n          <span style={styles.skill}>抖音运营</span>\n          <span style={styles.skill}>小红书运营</span>\n          <span style={styles.skill}>流量增长</span>\n          <span style={styles.skill}>粉丝运营</span>\n          <span style={styles.skill}>PS/PR</span>\n        </div>\n      </div>\n    </div>\n  );\n};","industryMapIndustryName":"互联网","resumeTemplateIsActive":1,"resumeTemplateCreatedTime":1768147200000,"resumeTemplateUpdatedTime":1768147200000},{"resumeTemplateId":9,"resumeTemplateName":"前端工程师简历模版","resumeTemplateReactCode":"const ResumeTemplateFrontend = () => {\n  const styles = {\n    container: {\n      fontFamily: \"'Microsoft YaHei', sans-serif\",\n      maxWidth: '800px',\n      margin: '0 auto',\n      padding: '40px',\n      background: 'white',\n    },\n    header: {\n      textAlign: 'center',\n      marginBottom: '30px',\n      borderBottom: '2px solid #1890ff',\n      paddingBottom: '20px',\n    },\n    name: {\n      fontSize: '28px',\n      fontWeight: 'bold',\n      color: '#1890ff',\n      marginBottom: '10px',\n    },\n    contact: {\n      fontSize: '14px',\n      color: '#666',\n    },\n    section: {\n      marginBottom: '25px',\n    },\n    sectionTitle: {\n      fontSize: '18px',\n      fontWeight: 'bold',\n      color: '#1890ff',\n      borderLeft: '4px solid #1890ff',\n      paddingLeft: '10px',\n      marginBottom: '15px',\n    },\n    item: {\n      marginBottom: '15px',\n    },\n    itemHeader: {\n      display: 'flex',\n      justifyContent: 'space-between',\n      marginBottom: '5px',\n    },\n    itemTitle: {\n      fontWeight: 'bold',\n      fontSize: '15px',\n    },\n    itemDate: {\n      color: '#999',\n      fontSize: '13px',\n    },\n    itemDesc: {\n      fontSize: '14px',\n      color: '#333',\n      lineHeight: '1.6',\n    },\n    skills: {\n      display: 'flex',\n      flexWrap: 'wrap',\n      gap: '8px',\n    },\n    skill: {\n      background: '#e6f7ff',\n      color: '#1890ff',\n      padding: '4px 12px',\n      borderRadius: '4px',\n      fontSize: '13px',\n    },\n  };\n\n  return (\n    <div style={styles.container}>\n      <div style={styles.header}>\n        <div style={styles.name}>张三</div>\n        <div style={styles.contact}>\n          📱 138-0000-0000 | ✉️ zhangsan@email.com | 📍 北京市 | GitHub: github.com/xxx\n        </div>\n      </div>\n\n      <div style={styles.section}>\n        <div style={styles.sectionTitle}>教育背景</div>\n        <div style={styles.item}>\n          <div style={styles.itemHeader}>\n            <span style={styles.itemTitle}>上海交通大学 · 计算机科学与技术</span>\n            <span style={styles.itemDate}>2018.09 - 2022.06</span>\n          </div>\n          <div style={styles.itemDesc}>本科 | GPA: 3.7/4.0</div>\n        </div>\n      </div>\n\n      <div style={styles.section}>\n        <div style={styles.sectionTitle}>工作经历</div>\n        <div style={styles.item}>\n          <div style={styles.itemHeader}>\n            <span style={styles.itemTitle}>美团 · 前端开发工程师</span>\n            <span style={styles.itemDate}>2022.07 - 至今</span>\n          </div>\n          <div style={styles.itemDesc}>\n            • 负责美团外卖APP前端页面开发，使用React + TypeScript构建高性能组件<br/>\n            • 优化前端加载性能，通过懒加载、资源压缩等方案，首屏加载时间降低 50%<br/>\n            • 参与团队组件库建设，封装10+通用组件，提升团队开发效率 35%\n          </div>\n        </div>\n      </div>\n\n      <div style={styles.section}>\n        <div style={styles.sectionTitle}>项目经验</div>\n        <div style={styles.item}>\n          <div style={styles.itemHeader}>\n            <span style={styles.itemTitle}>美团外卖商家营销中心改版</span>\n            <span style={styles.itemDate}>2023.01 - 2023.06</span>\n          </div>\n          <div style={styles.itemDesc}>\n            • 基于React 18 + Umi框架重构商家营销中心，优化交互逻辑和视觉效果<br/>\n            • 实现营销活动配置化，支持运营快速上线新活动，无需前端改码<br/>\n            • 集成ECharts实现数据可视化，帮助商家实时监控营销效果\n          </div>\n        </div>\n      </div>\n\n      <div style={styles.section}>\n        <div style={styles.sectionTitle}>专业技能</div>\n        <div style={styles.skills}>\n          <span style={styles.skill}>React</span>\n          <span style={styles.skill}>TypeScript</span>\n          <span style={styles.skill}>Vue.js</span>\n          <span style={styles.skill}>HTML/CSS</span>\n          <span style={styles.skill}>JavaScript</span>\n          <span style={styles.skill}>Webpack</span>\n          <span style={styles.skill}>Vite</span>\n          <span style={styles.skill}>性能优化</span>\n        </div>\n      </div>\n    </div>\n  );\n};","industryMapIndustryName":"互联网","resumeTemplateIsActive":1,"resumeTemplateCreatedTime":1768147200000,"resumeTemplateUpdatedTime":1768147200000},{"resumeTemplateId":10,"resumeTemplateName":"运维工程师简历模版","resumeTemplateReactCode":"const ResumeTemplateDevOps = () => {\n  const styles = {\n    container: {\n      fontFamily: \"'Microsoft YaHei', sans-serif\",\n      maxWidth: '800px',\n      margin: '0 auto',\n      padding: '40px',\n      background: 'white',\n    },\n    header: {\n      textAlign: 'center',\n      marginBottom: '30px',\n      borderBottom: '2px solid #1890ff',\n      paddingBottom: '20px',\n    },\n    name: {\n      fontSize: '28px',\n      fontWeight: 'bold',\n      color: '#1890ff',\n      marginBottom: '10px',\n    },\n    contact: {\n      fontSize: '14px',\n      color: '#666',\n    },\n    section: {\n      marginBottom: '25px',\n    },\n    sectionTitle: {\n      fontSize: '18px',\n      fontWeight: 'bold',\n      color: '#1890ff',\n      borderLeft: '4px solid #1890ff',\n      paddingLeft: '10px',\n      marginBottom: '15px',\n    },\n    item: {\n      marginBottom: '15px',\n    },\n    itemHeader: {\n      display: 'flex',\n      justifyContent: 'space-between',\n      marginBottom: '5px',\n    },\n    itemTitle: {\n      fontWeight: 'bold',\n      fontSize: '15px',\n    },\n    itemDate: {\n      color: '#999',\n      fontSize: '13px',\n    },\n    itemDesc: {\n      fontSize: '14px',\n      color: '#333',\n      lineHeight: '1.6',\n    },\n    skills: {\n      display: 'flex',\n      flexWrap: 'wrap',\n      gap: '8px',\n    },\n    skill: {\n      background: '#e6f7ff',\n      color: '#1890ff',\n      padding: '4px 12px',\n      borderRadius: '4px',\n      fontSize: '13px',\n    },\n  };\n\n  return (\n    <div style={styles.container}>\n      <div style={styles.header}>\n        <div style={styles.name}>张三</div>\n        <div style={styles.contact}>\n          📱 138-0000-0000 | ✉️ zhangsan@email.com | 📍 北京市\n        </div>\n      </div>\n\n      <div style={styles.section}>\n        <div style={styles.sectionTitle}>教育背景</div>\n        <div style={styles.item}>\n          <div style={styles.itemHeader}>\n            <span style={styles.itemTitle}>华南理工大学 · 网络工程</span>\n            <span style={styles.itemDate}>2018.09 - 2022.06</span>\n          </div>\n          <div style={styles.itemDesc}>本科 | GPA: 3.6/4.0</div>\n        </div>\n      </div>\n\n      <div style={styles.section}>\n        <div style={styles.sectionTitle}>工作经历</div>\n        <div style={styles.item}>\n          <div style={styles.itemHeader}>\n            <span style={styles.itemTitle}>阿里云 · 运维工程师</span>\n            <span style={styles.itemDate}>2022.07 - 至今</span>\n          </div>\n          <div style={styles.itemDesc}>\n            • 负责阿里云ECS服务器集群运维，管理1000+台服务器，保障服务可用性99.99%<br/>\n            • 基于Docker + K8s实现服务容器化部署，简化部署流程，发布效率提升 60%<br/>\n            • 搭建Prometheus + Grafana监控体系，实现核心指标实时监控和告警，故障响应时间缩短 70%\n          </div>\n        </div>\n      </div>\n\n      <div style={styles.section}>\n        <div style={styles.sectionTitle}>项目经验</div>\n        <div style={styles.item}>\n          <div style={styles.itemHeader}>\n            <span style={styles.itemTitle}>自动化运维平台搭建</span>\n            <span style={styles.itemDate}>2023.01 - 2023.06</span>\n          </div>\n          <div style={styles.itemDesc}>\n            • 使用Python + Flask开发自动化运维平台，支持服务器批量操作、配置管理、日志分析<br/>\n            • 集成Ansible实现自动化部署和配置同步，减少人工操作80%<br/>\n            • 平台上线后，运维团队工作效率提升 50%，故障发生率降低 35%\n          </div>\n        </div>\n      </div>\n\n      <div style={styles.section}>\n        <div style={styles.sectionTitle}>专业技能</div>\n        <div style={styles.skills}>\n          <span style={styles.skill}>Linux</span>\n          <span style={styles.skill}>Docker</span>\n          <span style={styles.skill}>K8s</span>\n          <span style={styles.skill}>Prometheus</span>\n          <span style={styles.skill}>Grafana</span>\n          <span style={styles.skill}>Python</span>\n          <span style={styles.skill}>Ansible</span>\n          <span style={styles.skill}>云平台</span>\n        </div>\n      </div>\n    </div>\n  );\n};","industryMapIndustryName":"互联网","resumeTemplateIsActive":1,"resumeTemplateCreatedTime":1768147200000,"resumeTemplateUpdatedTime":1768147200000}],"total":24,"size":10,"current":1}, 耗时: 237ms
2026-04-29 13:49:00.232 [http-nio-8080-exec-7] INFO  c.z.e.interceptor.UsallyInterceptor - 【请求结束】Method: POST, URI: /api/admin/resumeTemplate/findResumeTemplateByPage, Controller: AdminResumeTemplateController.findResumeTemplateByPage, Status: 200, Duration: 563ms
2026-04-29 13:49:01.701 [http-nio-8080-exec-9] DEBUG c.z.e.m.m.a.AdminMapper.selectById - ==>  Preparing: SELECT admin_id,admin_account,admin_username,admin_email,admin_phone,admin_password,admin_image,admin_introduce,admin_state,admin_loginTime,deleted FROM admin_admin WHERE admin_id=? AND deleted=0
2026-04-29 13:49:01.702 [http-nio-8080-exec-9] DEBUG c.z.e.m.m.a.AdminMapper.selectById - ==> Parameters: 1(Integer)
2026-04-29 13:49:01.741 [http-nio-8080-exec-9] DEBUG c.z.e.m.m.a.AdminMapper.selectById - <==      Total: 1
2026-04-29 13:49:01.742 [http-nio-8080-exec-9] DEBUG c.z.e.m.m.a.A.findAdminInfoById - ==>  Preparing: select * from admin_admin left join admin_admin_role on admin_admin.admin_id = admin_admin_role.adminId left join admin_role on admin_admin_role.roleId = admin_role.role_id and admin_role.deleted = 0 left join admin_role_permission on admin_role.role_id = admin_role_permission.roleId left join admin_permission on admin_role_permission.permissionId = admin_permission.permission_id and admin_permission.deleted = 0 where admin_admin.admin_id = ? and admin_admin.deleted = 0
2026-04-29 13:49:01.742 [http-nio-8080-exec-9] DEBUG c.z.e.m.m.a.A.findAdminInfoById - ==> Parameters: 1(Integer)
2026-04-29 13:49:01.780 [http-nio-8080-exec-9] DEBUG c.z.e.m.m.a.A.findAdminInfoById - <==      Total: 1
2026-04-29 13:49:01.783 [http-nio-8080-exec-9] INFO  c.z.e.interceptor.UsallyInterceptor - 【请求开始】Method: GET, URI: /api/admin/resumeTemplate/findResumeTemplateById, Controller: AdminResumeTemplateController.findResumeTemplateById, IP: 0:0:0:0:0:0:0:1, Params: {"resumeTemplateId":"1","_t":"1777441741625"}
2026-04-29 13:49:01.820 [http-nio-8080-exec-9] INFO  c.z.e.s.s.S.ServiceLogAspect - 【Service执行】类: ResumeTemplateServiceImpl, 方法: findResumeTemplateById, 参数: [1]
2026-04-29 13:49:01.863 [http-nio-8080-exec-9] DEBUG c.z.e.m.m.a.R.selectList - ==>  Preparing: SELECT resumeTemplate_id,resumeTemplate_name,resumeTemplate_reactCode,resumeTemplate_industry,resumeTemplate_isActive,resumeTemplate_createdTime,resumeTemplate_updatedTime,deleted FROM general_resumeTemplate WHERE deleted=0 AND (resumeTemplate_id = ? AND deleted = ?)
2026-04-29 13:49:01.863 [http-nio-8080-exec-9] DEBUG c.z.e.m.m.a.R.selectList - ==> Parameters: 1(Integer), 0(Integer)
2026-04-29 13:49:01.914 [http-nio-8080-exec-9] DEBUG c.z.e.m.m.a.R.selectList - <==      Total: 1
2026-04-29 13:49:01.921 [http-nio-8080-exec-9] INFO  c.z.e.s.s.S.ServiceLogAspect - 【Service执行】类: IndustryMapServiceImpl, 方法: findIndustryMapById, 参数: [3]
2026-04-29 13:49:01.956 [http-nio-8080-exec-9] INFO  c.z.e.s.s.S.ServiceLogAspect - 【Service完成】类: IndustryMapServiceImpl, 方法: findIndustryMapById, 返回值: {"industryMapIndustryCode":3,"industryMapIndustryName":"互联网","createdTime":1765555200000,"updatedTime":1765555200000}, 耗时: 35ms
2026-04-29 13:49:01.991 [http-nio-8080-exec-9] INFO  c.z.e.s.s.S.ServiceLogAspect - 【Service完成】类: ResumeTemplateServiceImpl, 方法: findResumeTemplateById, 返回值: {"resumeTemplateId":1,"resumeTemplateName":"后端开发工程师简历模版","resumeTemplateReactCode":"const ResumeTemplateBackend = () => {\n  const styles = {\n    container: {\n      fontFamily: \"'Microsoft YaHei', sans-serif\",\n      maxWidth: '800px',\n      margin: '0 auto',\n      padding: '40px',\n      background: 'white',\n    },\n    header: {\n      textAlign: 'center',\n      marginBottom: '30px',\n      borderBottom: '2px solid #1890ff',\n      paddingBottom: '20px',\n    },\n    name: {\n      fontSize: '28px',\n      fontWeight: 'bold',\n      color: '#1890ff',\n      marginBottom: '10px',\n    },\n    contact: {\n      fontSize: '14px',\n      color: '#666',\n    },\n    section: {\n      marginBottom: '25px',\n    },\n    sectionTitle: {\n      fontSize: '18px',\n      fontWeight: 'bold',\n      color: '#1890ff',\n      borderLeft: '4px solid #1890ff',\n      paddingLeft: '10px',\n      marginBottom: '15px',\n    },\n    item: {\n      marginBottom: '15px',\n    },\n    itemHeader: {\n      display: 'flex',\n      justifyContent: 'space-between',\n      marginBottom: '5px',\n    },\n    itemTitle: {\n      fontWeight: 'bold',\n      fontSize: '15px',\n    },\n    itemDate: {\n      color: '#999',\n      fontSize: '13px',\n    },\n    itemDesc: {\n      fontSize: '14px',\n      color: '#333',\n      lineHeight: '1.6',\n    },\n    skills: {\n      display: 'flex',\n      flexWrap: 'wrap',\n      gap: '8px',\n    },\n    skill: {\n      background: '#e6f7ff',\n      color: '#1890ff',\n      padding: '4px 12px',\n      borderRadius: '4px',\n      fontSize: '13px',\n    },\n  };\n\n  return (\n    <div style={styles.container}>\n      <div style={styles.header}>\n        <div style={styles.name}>张三</div>\n        <div style={styles.contact}>\n          📱 138-0000-0000 | ✉️ zhangsan@email.com | 📍 北京市\n        </div>\n      </div>\n\n      <div style={styles.section}>\n        <div style={styles.sectionTitle}>教育背景</div>\n        <div style={styles.item}>\n          <div style={styles.itemHeader}>\n            <span style={styles.itemTitle}>北京大学 · 计算机科学与技术</span>\n            <span style={styles.itemDate}>2018.09 - 2022.06</span>\n          </div>\n          <div style={styles.itemDesc}>本科 | GPA: 3.8/4.0</div>\n        </div>\n      </div>\n\n      <div style={styles.section}>\n        <div style={styles.sectionTitle}>工作经历</div>\n        <div style={styles.item}>\n          <div style={styles.itemHeader}>\n            <span style={styles.itemTitle}>字节跳动 · 后端开发工程师</span>\n            <span style={styles.itemDate}>2022.07 - 至今</span>\n          </div>\n          <div style={styles.itemDesc}>\n            • 负责抖音电商后端服务开发，基于Go + Gin框架搭建高可用接口<br/>\n            • 优化MySQL查询语句，核心接口响应时间降低 60%，QPS提升至10w+<br/>\n            • 设计分布式缓存架构，使用Redis集群解决热点数据访问瓶颈\n          </div>\n        </div>\n      </div>\n\n      <div style={styles.section}>\n        <div style={styles.sectionTitle}>项目经验</div>\n        <div style={styles.item}>\n          <div style={styles.itemHeader}>\n            <span style={styles.itemTitle}>电商订单系统重构</span>\n            <span style={styles.itemDate}>2023.01 - 2023.06</span>\n          </div>\n          <div style={styles.itemDesc}>\n            • 采用微服务架构拆分单体订单系统，基于K8s实现服务容器化部署<br/>\n            • 集成RocketMQ实现订单消息异步处理，保证数据最终一致性<br/>\n            • 编写接口自动化测试用例，覆盖率达95%，线上bug率降低 40%\n          </div>\n        </div>\n      </div>\n\n      <div style={styles.section}>\n        <div style={styles.sectionTitle}>专业技能</div>\n        <div style={styles.skills}>\n          <span style={styles.skill}>Go</span>\n          <span style={styles.skill}>Java</span>\n          <span style={styles.skill}>MySQL</span>\n          <span style={styles.skill}>Redis</span>\n          <span style={styles.skill}>K8s</span>\n          <span style={styles.skill}>微服务</span>\n          <span style={styles.skill}>Gin</span>\n          <span style={styles.skill}>Git</span>\n        </div>\n      </div>\n    </div>\n  );\n};","industryMapIndustryName":"互联网","isEnable":1,"createTime":1765641600000,"updateTime":1768147200000}, 耗时: 171ms
2026-04-29 13:49:02.068 [http-nio-8080-exec-9] INFO  c.z.e.interceptor.UsallyInterceptor - 【请求结束】Method: GET, URI: /api/admin/resumeTemplate/findResumeTemplateById, Controller: AdminResumeTemplateController.findResumeTemplateById, Status: 200, Duration: 285ms
2026-04-29 13:49:04.256 [http-nio-8080-exec-5] DEBUG c.z.e.m.m.a.AdminMapper.selectById - ==>  Preparing: SELECT admin_id,admin_account,admin_username,admin_email,admin_phone,admin_password,admin_image,admin_introduce,admin_state,admin_loginTime,deleted FROM admin_admin WHERE admin_id=? AND deleted=0
2026-04-29 13:49:04.256 [http-nio-8080-exec-5] DEBUG c.z.e.m.m.a.AdminMapper.selectById - ==> Parameters: 1(Integer)
2026-04-29 13:49:04.294 [http-nio-8080-exec-5] DEBUG c.z.e.m.m.a.AdminMapper.selectById - <==      Total: 1
2026-04-29 13:49:04.295 [http-nio-8080-exec-5] DEBUG c.z.e.m.m.a.A.findAdminInfoById - ==>  Preparing: select * from admin_admin left join admin_admin_role on admin_admin.admin_id = admin_admin_role.adminId left join admin_role on admin_admin_role.roleId = admin_role.role_id and admin_role.deleted = 0 left join admin_role_permission on admin_role.role_id = admin_role_permission.roleId left join admin_permission on admin_role_permission.permissionId = admin_permission.permission_id and admin_permission.deleted = 0 where admin_admin.admin_id = ? and admin_admin.deleted = 0
2026-04-29 13:49:04.296 [http-nio-8080-exec-5] DEBUG c.z.e.m.m.a.A.findAdminInfoById - ==> Parameters: 1(Integer)
2026-04-29 13:49:04.335 [http-nio-8080-exec-5] DEBUG c.z.e.m.m.a.A.findAdminInfoById - <==      Total: 1
2026-04-29 13:49:04.337 [http-nio-8080-exec-5] INFO  c.z.e.interceptor.UsallyInterceptor - 【请求开始】Method: GET, URI: /api/admin/resumeTemplate/findResumeTemplateById, Controller: AdminResumeTemplateController.findResumeTemplateById, IP: 0:0:0:0:0:0:0:1, Params: {"resumeTemplateId":"1","_t":"1777441744178"}
2026-04-29 13:49:04.375 [http-nio-8080-exec-5] INFO  c.z.e.s.s.S.ServiceLogAspect - 【Service执行】类: ResumeTemplateServiceImpl, 方法: findResumeTemplateById, 参数: [1]
2026-04-29 13:49:04.410 [http-nio-8080-exec-5] INFO  c.z.e.s.s.S.ServiceLogAspect - 【Service完成】类: ResumeTemplateServiceImpl, 方法: findResumeTemplateById, 返回值: {"resumeTemplateId":1,"resumeTemplateName":"后端开发工程师简历模版","resumeTemplateReactCode":"const ResumeTemplateBackend = () => {\n  const styles = {\n    container: {\n      fontFamily: \"'Microsoft YaHei', sans-serif\",\n      maxWidth: '800px',\n      margin: '0 auto',\n      padding: '40px',\n      background: 'white',\n    },\n    header: {\n      textAlign: 'center',\n      marginBottom: '30px',\n      borderBottom: '2px solid #1890ff',\n      paddingBottom: '20px',\n    },\n    name: {\n      fontSize: '28px',\n      fontWeight: 'bold',\n      color: '#1890ff',\n      marginBottom: '10px',\n    },\n    contact: {\n      fontSize: '14px',\n      color: '#666',\n    },\n    section: {\n      marginBottom: '25px',\n    },\n    sectionTitle: {\n      fontSize: '18px',\n      fontWeight: 'bold',\n      color: '#1890ff',\n      borderLeft: '4px solid #1890ff',\n      paddingLeft: '10px',\n      marginBottom: '15px',\n    },\n    item: {\n      marginBottom: '15px',\n    },\n    itemHeader: {\n      display: 'flex',\n      justifyContent: 'space-between',\n      marginBottom: '5px',\n    },\n    itemTitle: {\n      fontWeight: 'bold',\n      fontSize: '15px',\n    },\n    itemDate: {\n      color: '#999',\n      fontSize: '13px',\n    },\n    itemDesc: {\n      fontSize: '14px',\n      color: '#333',\n      lineHeight: '1.6',\n    },\n    skills: {\n      display: 'flex',\n      flexWrap: 'wrap',\n      gap: '8px',\n    },\n    skill: {\n      background: '#e6f7ff',\n      color: '#1890ff',\n      padding: '4px 12px',\n      borderRadius: '4px',\n      fontSize: '13px',\n    },\n  };\n\n  return (\n    <div style={styles.container}>\n      <div style={styles.header}>\n        <div style={styles.name}>张三</div>\n        <div style={styles.contact}>\n          📱 138-0000-0000 | ✉️ zhangsan@email.com | 📍 北京市\n        </div>\n      </div>\n\n      <div style={styles.section}>\n        <div style={styles.sectionTitle}>教育背景</div>\n        <div style={styles.item}>\n          <div style={styles.itemHeader}>\n            <span style={styles.itemTitle}>北京大学 · 计算机科学与技术</span>\n            <span style={styles.itemDate}>2018.09 - 2022.06</span>\n          </div>\n          <div style={styles.itemDesc}>本科 | GPA: 3.8/4.0</div>\n        </div>\n      </div>\n\n      <div style={styles.section}>\n        <div style={styles.sectionTitle}>工作经历</div>\n        <div style={styles.item}>\n          <div style={styles.itemHeader}>\n            <span style={styles.itemTitle}>字节跳动 · 后端开发工程师</span>\n            <span style={styles.itemDate}>2022.07 - 至今</span>\n          </div>\n          <div style={styles.itemDesc}>\n            • 负责抖音电商后端服务开发，基于Go + Gin框架搭建高可用接口<br/>\n            • 优化MySQL查询语句，核心接口响应时间降低 60%，QPS提升至10w+<br/>\n            • 设计分布式缓存架构，使用Redis集群解决热点数据访问瓶颈\n          </div>\n        </div>\n      </div>\n\n      <div style={styles.section}>\n        <div style={styles.sectionTitle}>项目经验</div>\n        <div style={styles.item}>\n          <div style={styles.itemHeader}>\n            <span style={styles.itemTitle}>电商订单系统重构</span>\n            <span style={styles.itemDate}>2023.01 - 2023.06</span>\n          </div>\n          <div style={styles.itemDesc}>\n            • 采用微服务架构拆分单体订单系统，基于K8s实现服务容器化部署<br/>\n            • 集成RocketMQ实现订单消息异步处理，保证数据最终一致性<br/>\n            • 编写接口自动化测试用例，覆盖率达95%，线上bug率降低 40%\n          </div>\n        </div>\n      </div>\n\n      <div style={styles.section}>\n        <div style={styles.sectionTitle}>专业技能</div>\n        <div style={styles.skills}>\n          <span style={styles.skill}>Go</span>\n          <span style={styles.skill}>Java</span>\n          <span style={styles.skill}>MySQL</span>\n          <span style={styles.skill}>Redis</span>\n          <span style={styles.skill}>K8s</span>\n          <span style={styles.skill}>微服务</span>\n          <span style={styles.skill}>Gin</span>\n          <span style={styles.skill}>Git</span>\n        </div>\n      </div>\n    </div>\n  );\n};","industryMapIndustryName":"互联网","isEnable":1,"createTime":1765641600000,"updateTime":1768147200000}, 耗时: 35ms
2026-04-29 13:49:04.486 [http-nio-8080-exec-5] INFO  c.z.e.interceptor.UsallyInterceptor - 【请求结束】Method: GET, URI: /api/admin/resumeTemplate/findResumeTemplateById, Controller: AdminResumeTemplateController.findResumeTemplateById, Status: 200, Duration: 150ms
2026-04-29 13:54:28.304 [http-nio-8080-exec-2] DEBUG c.z.e.m.m.a.AdminMapper.selectById - ==>  Preparing: SELECT admin_id,admin_account,admin_username,admin_email,admin_phone,admin_password,admin_image,admin_introduce,admin_state,admin_loginTime,deleted FROM admin_admin WHERE admin_id=? AND deleted=0
2026-04-29 13:54:28.304 [http-nio-8080-exec-2] DEBUG c.z.e.m.m.a.AdminMapper.selectById - ==> Parameters: 1(Integer)
2026-04-29 13:54:28.343 [http-nio-8080-exec-2] DEBUG c.z.e.m.m.a.AdminMapper.selectById - <==      Total: 1
2026-04-29 13:54:28.343 [http-nio-8080-exec-2] DEBUG c.z.e.m.m.a.A.findAdminInfoById - ==>  Preparing: select * from admin_admin left join admin_admin_role on admin_admin.admin_id = admin_admin_role.adminId left join admin_role on admin_admin_role.roleId = admin_role.role_id and admin_role.deleted = 0 left join admin_role_permission on admin_role.role_id = admin_role_permission.roleId left join admin_permission on admin_role_permission.permissionId = admin_permission.permission_id and admin_permission.deleted = 0 where admin_admin.admin_id = ? and admin_admin.deleted = 0
2026-04-29 13:54:28.344 [http-nio-8080-exec-2] DEBUG c.z.e.m.m.a.A.findAdminInfoById - ==> Parameters: 1(Integer)
2026-04-29 13:54:28.458 [http-nio-8080-exec-2] DEBUG c.z.e.m.m.a.A.findAdminInfoById - <==      Total: 1
2026-04-29 13:54:28.461 [http-nio-8080-exec-2] INFO  c.z.e.interceptor.UsallyInterceptor - 【请求开始】Method: POST, URI: /api/admin/userDeleteResumeBySystemService/getUserDeleteResumeInfoPage, Controller: AdminUserDeleteResumeBySystemServiceController.getUserDeleteResumeInfoPage, IP: 0:0:0:0:0:0:0:1, Params: {"pageSize":"10","pageNum":"1"}
2026-04-29 13:54:28.549 [http-nio-8080-exec-2] INFO  c.z.e.s.s.S.ServiceLogAspect - 【Service执行】类: UserDeleteResumeBySystemServiceImpl, 方法: getUserDeleteResumeInfoPage, 参数: [1,10,{}]
2026-04-29 13:54:28.883 [http-nio-8080-exec-2] DEBUG c.z.e.m.m.u.U.selectList_mpCount - ==>  Preparing: SELECT COUNT(*) AS total FROM user_userDeleteResumeBySystem
2026-04-29 13:54:28.884 [http-nio-8080-exec-2] DEBUG c.z.e.m.m.u.U.selectList_mpCount - ==> Parameters: 
2026-04-29 13:54:29.004 [http-nio-8080-exec-2] DEBUG c.z.e.m.m.u.U.selectList_mpCount - <==      Total: 1
2026-04-29 13:54:29.013 [http-nio-8080-exec-2] DEBUG c.z.e.m.m.u.U.selectList - ==>  Preparing: SELECT userDeleteResumeBySystem_id,userDeleteResumeBySystem_resumeName,userDeleteResumeBySystem_industry,userDeleteResumeBySystem_resumeReactCode,userDeleteResumeBySystem_createdTime,userDeleteResumeBySystem_updatedTime,userDeleteResumeBySystem_sortedNum,userDeleteResumeBySystem_userId,userDeleteResumeBySystem_recycleTime FROM user_userDeleteResumeBySystem LIMIT ?
2026-04-29 13:54:29.017 [http-nio-8080-exec-2] DEBUG c.z.e.m.m.u.U.selectList - ==> Parameters: 10(Long)
2026-04-29 13:54:29.065 [http-nio-8080-exec-2] DEBUG c.z.e.m.m.u.U.selectList - <==      Total: 1
2026-04-29 13:54:29.069 [http-nio-8080-exec-2] DEBUG c.z.e.m.m.a.I.selectById - ==>  Preparing: SELECT industryMap_industryCode,industryMap_industryName,industryMap_createdTime AS createdTime,industryMap_updatedTime AS updatedTime FROM general_industryMap WHERE industryMap_industryCode=?
2026-04-29 13:54:29.070 [http-nio-8080-exec-2] DEBUG c.z.e.m.m.a.I.selectById - ==> Parameters: 1(Integer)
2026-04-29 13:54:29.107 [http-nio-8080-exec-2] DEBUG c.z.e.m.m.a.I.selectById - <==      Total: 1
2026-04-29 13:54:29.113 [http-nio-8080-exec-2] INFO  c.z.e.s.s.S.ServiceLogAspect - 【Service完成】类: UserDeleteResumeBySystemServiceImpl, 方法: getUserDeleteResumeInfoPage, 返回值: {"records":[{"userDeleteResumeBySystemId":11,"userDeleteResumeBySystemResumeName":"太帅了吧1","userDeleteResumeBySystemIndustryName":"暂未明确","userDeleteResumeBySystemResumeReactCode":"const ResumeTemplate = () => {\n  const styles = {\n    container: {\n      fontFamily: \"'Microsoft YaHei', sans-serif\",\n      maxWidth: '800px',\n      margin: '0 auto',\n      padding: '40px',\n      background: 'white',\n    },\n    header: {\n      textAlign: 'center',\n      marginBottom: '30px',\n      borderBottom: '2px solid #1890ff',\n      paddingBottom: '20px',\n    },\n    name: {\n      fontSize: '28px',\n      fontWeight: 'bold',\n      color: '#1890ff',\n      marginBottom: '10px',\n    },\n    contact: {\n      fontSize: '14px',\n      color: '#666',\n    },\n    section: {\n      marginBottom: '25px',\n    },\n    sectionTitle: {\n      fontSize: '18px',\n      fontWeight: 'bold',\n      color: '#1890ff',\n      borderLeft: '4px solid #1890ff',\n      paddingLeft: '10px',\n      marginBottom: '15px',\n    },\n    item: {\n      marginBottom: '15px',\n    },\n    itemHeader: {\n      display: 'flex',\n      justifyContent: 'space-between',\n      marginBottom: '5px',\n    },\n    itemTitle: {\n      fontWeight: 'bold',\n      fontSize: '15px',\n    },\n    itemDate: {\n      color: '#999',\n      fontSize: '13px',\n    },\n    itemDesc: {\n      fontSize: '14px',\n      color: '#333',\n      lineHeight: '1.6',\n    },\n    skills: {\n      display: 'flex',\n      flexWrap: 'wrap',\n      gap: '8px',\n    },\n    skill: {\n      background: '#e6f7ff',\n      color: '#1890ff',\n      padding: '4px 12px',\n      borderRadius: '4px',\n      fontSize: '13px',\n    },\n  };\n\n  return (\n    <div style={styles.container}>\n      <div style={styles.header}>\n        <div style={styles.name}>张三</div>\n        <div style={styles.contact}>\n          📱 138-0000-0000 | ✉️ zhangsan@email.com | 📍 北京市\n        </div>\n      </div>\n\n      <div style={styles.section}>\n        <div style={styles.sectionTitle}>教育背景</div>\n        <div style={styles.item}>\n          <div style={styles.itemHeader}>\n            <span style={styles.itemTitle}>北京大学 · 计算机科学与技术</span>\n            <span style={styles.itemDate}>2018.09 - 2022.06</span>\n          </div>\n          <div style={styles.itemDesc}>本科 | GPA: 3.8/4.0</div>\n        </div>\n      </div>\n\n      <div style={styles.section}>\n        <div style={styles.sectionTitle}>工作经历</div>\n        <div style={styles.item}>\n          <div style={styles.itemHeader}>\n            <span style={styles.itemTitle}>阿里巴巴 · 前端开发工程师</span>\n            <span style={styles.itemDate}>2022.07 - 至今</span>\n          </div>\n          <div style={styles.itemDesc}>\n            • 负责淘宝商家后台系统开发，使用 React + TypeScript<br/>\n            • 优化页面性能，首屏加载时间降低 40%<br/>\n            • 主导组件库建设，提升团队开发效率 30%\n          </div>\n        </div>\n      </div>\n\n      <div style={styles.section}>\n        <div style={styles.sectionTitle}>项目经验</div>\n        <div style={styles.item}>\n          <div style={styles.itemHeader}>\n            <span style={styles.itemTitle}>电商管理系统</span>\n            <span style={styles.itemDate}>2023.01 - 2023.06</span>\n          </div>\n          <div style={styles.itemDesc}>\n            • 使用 React 18 + Ant Design 搭建后台管理系统<br/>\n            • 实现权限管理、数据可视化、订单管理等核心模块<br/>\n            • 采用 React Query 优化数据请求，提升用户体验\n          </div>\n        </div>\n      </div>\n\n      <div style={styles.section}>\n        <div style={styles.sectionTitle}>专业技能</div>\n        <div style={styles.skills}>\n          <span style={styles.skill}>React</span>\n          <span style={styles.skill}>TypeScript</span>\n          <span style={styles.skill}>Vue.js</span>\n          <span style={styles.skill}>Node.js</span>\n          <span style={styles.skill}>Webpack</span>\n          <span style={styles.skill}>Git</span>\n        </div>\n      </div>\n    </div>\n  );\n};","userDeleteResumeBySystemCreatedTime":1765814400000,"userDeleteResumeBySystemUpdatedTime":1765814400000,"userDeleteResumeBySystemSortedNum":2,"userDeleteResumeBySystemUserId":1,"userDeleteResumeBySystemRecycleTime":1768406400000}],"total":1,"size":10,"current":1}, 耗时: 558ms
2026-04-29 13:54:29.194 [http-nio-8080-exec-2] INFO  c.z.e.interceptor.UsallyInterceptor - 【请求结束】Method: POST, URI: /api/admin/userDeleteResumeBySystemService/getUserDeleteResumeInfoPage, Controller: AdminUserDeleteResumeBySystemServiceController.getUserDeleteResumeInfoPage, Status: 200, Duration: 734ms
2026-04-29 13:54:30.404 [http-nio-8080-exec-3] DEBUG c.z.e.m.m.a.AdminMapper.selectById - ==>  Preparing: SELECT admin_id,admin_account,admin_username,admin_email,admin_phone,admin_password,admin_image,admin_introduce,admin_state,admin_loginTime,deleted FROM admin_admin WHERE admin_id=? AND deleted=0
2026-04-29 13:54:30.405 [http-nio-8080-exec-3] DEBUG c.z.e.m.m.a.AdminMapper.selectById - ==> Parameters: 1(Integer)
2026-04-29 13:54:30.443 [http-nio-8080-exec-3] DEBUG c.z.e.m.m.a.AdminMapper.selectById - <==      Total: 1
2026-04-29 13:54:30.445 [http-nio-8080-exec-3] DEBUG c.z.e.m.m.a.A.findAdminInfoById - ==>  Preparing: select * from admin_admin left join admin_admin_role on admin_admin.admin_id = admin_admin_role.adminId left join admin_role on admin_admin_role.roleId = admin_role.role_id and admin_role.deleted = 0 left join admin_role_permission on admin_role.role_id = admin_role_permission.roleId left join admin_permission on admin_role_permission.permissionId = admin_permission.permission_id and admin_permission.deleted = 0 where admin_admin.admin_id = ? and admin_admin.deleted = 0
2026-04-29 13:54:30.445 [http-nio-8080-exec-3] DEBUG c.z.e.m.m.a.A.findAdminInfoById - ==> Parameters: 1(Integer)
2026-04-29 13:54:30.481 [http-nio-8080-exec-3] DEBUG c.z.e.m.m.a.A.findAdminInfoById - <==      Total: 1
2026-04-29 13:54:30.484 [http-nio-8080-exec-3] INFO  c.z.e.interceptor.UsallyInterceptor - 【请求开始】Method: GET, URI: /api/admin/userDeleteResumeBySystemService/getUserDeleteResumeInfoById, Controller: AdminUserDeleteResumeBySystemServiceController.getUserDeleteResumeInfoById, IP: 0:0:0:0:0:0:0:1, Params: {"_t":"1777442070330","userDeleteResumeId":"11"}
2026-04-29 13:54:30.521 [http-nio-8080-exec-3] INFO  c.z.e.s.s.S.ServiceLogAspect - 【Service执行】类: UserDeleteResumeBySystemServiceImpl, 方法: getUserDeleteResumeInfoById, 参数: [11]
2026-04-29 13:54:30.522 [http-nio-8080-exec-3] INFO  c.z.e.s.i.u.UserDeleteResumeBySystemServiceImpl - 根据系统删除简历ID查询系统删除简历信息开始
2026-04-29 13:54:30.525 [http-nio-8080-exec-3] DEBUG c.z.e.m.m.u.U.selectList - ==>  Preparing: SELECT userDeleteResumeBySystem_id,userDeleteResumeBySystem_resumeName,userDeleteResumeBySystem_industry,userDeleteResumeBySystem_resumeReactCode,userDeleteResumeBySystem_createdTime,userDeleteResumeBySystem_updatedTime,userDeleteResumeBySystem_sortedNum,userDeleteResumeBySystem_userId,userDeleteResumeBySystem_recycleTime FROM user_userDeleteResumeBySystem WHERE (userDeleteResumeBySystem_id = ?)
2026-04-29 13:54:30.525 [http-nio-8080-exec-3] DEBUG c.z.e.m.m.u.U.selectList - ==> Parameters: 11(Integer)
2026-04-29 13:54:30.577 [http-nio-8080-exec-3] DEBUG c.z.e.m.m.u.U.selectList - <==      Total: 1
2026-04-29 13:54:30.579 [http-nio-8080-exec-3] DEBUG c.z.e.m.m.a.I.selectById - ==>  Preparing: SELECT industryMap_industryCode,industryMap_industryName,industryMap_createdTime AS createdTime,industryMap_updatedTime AS updatedTime FROM general_industryMap WHERE industryMap_industryCode=?
2026-04-29 13:54:30.579 [http-nio-8080-exec-3] DEBUG c.z.e.m.m.a.I.selectById - ==> Parameters: 1(Integer)
2026-04-29 13:54:30.616 [http-nio-8080-exec-3] DEBUG c.z.e.m.m.a.I.selectById - <==      Total: 1
2026-04-29 13:54:30.616 [http-nio-8080-exec-3] INFO  c.z.e.s.i.u.UserDeleteResumeBySystemServiceImpl - 根据系统删除简历ID查询系统删除简历信息成功
2026-04-29 13:54:30.617 [http-nio-8080-exec-3] INFO  c.z.e.s.s.S.ServiceLogAspect - 【Service完成】类: UserDeleteResumeBySystemServiceImpl, 方法: getUserDeleteResumeInfoById, 返回值: {"userDeleteResumeBySystemId":11,"userDeleteResumeBySystemResumeName":"太帅了吧1","userDeleteResumeBySystemIndustryName":"暂未明确","userDeleteResumeBySystemResumeReactCode":"const ResumeTemplate = () => {\n  const styles = {\n    container: {\n      fontFamily: \"'Microsoft YaHei', sans-serif\",\n      maxWidth: '800px',\n      margin: '0 auto',\n      padding: '40px',\n      background: 'white',\n    },\n    header: {\n      textAlign: 'center',\n      marginBottom: '30px',\n      borderBottom: '2px solid #1890ff',\n      paddingBottom: '20px',\n    },\n    name: {\n      fontSize: '28px',\n      fontWeight: 'bold',\n      color: '#1890ff',\n      marginBottom: '10px',\n    },\n    contact: {\n      fontSize: '14px',\n      color: '#666',\n    },\n    section: {\n      marginBottom: '25px',\n    },\n    sectionTitle: {\n      fontSize: '18px',\n      fontWeight: 'bold',\n      color: '#1890ff',\n      borderLeft: '4px solid #1890ff',\n      paddingLeft: '10px',\n      marginBottom: '15px',\n    },\n    item: {\n      marginBottom: '15px',\n    },\n    itemHeader: {\n      display: 'flex',\n      justifyContent: 'space-between',\n      marginBottom: '5px',\n    },\n    itemTitle: {\n      fontWeight: 'bold',\n      fontSize: '15px',\n    },\n    itemDate: {\n      color: '#999',\n      fontSize: '13px',\n    },\n    itemDesc: {\n      fontSize: '14px',\n      color: '#333',\n      lineHeight: '1.6',\n    },\n    skills: {\n      display: 'flex',\n      flexWrap: 'wrap',\n      gap: '8px',\n    },\n    skill: {\n      background: '#e6f7ff',\n      color: '#1890ff',\n      padding: '4px 12px',\n      borderRadius: '4px',\n      fontSize: '13px',\n    },\n  };\n\n  return (\n    <div style={styles.container}>\n      <div style={styles.header}>\n        <div style={styles.name}>张三</div>\n        <div style={styles.contact}>\n          📱 138-0000-0000 | ✉️ zhangsan@email.com | 📍 北京市\n        </div>\n      </div>\n\n      <div style={styles.section}>\n        <div style={styles.sectionTitle}>教育背景</div>\n        <div style={styles.item}>\n          <div style={styles.itemHeader}>\n            <span style={styles.itemTitle}>北京大学 · 计算机科学与技术</span>\n            <span style={styles.itemDate}>2018.09 - 2022.06</span>\n          </div>\n          <div style={styles.itemDesc}>本科 | GPA: 3.8/4.0</div>\n        </div>\n      </div>\n\n      <div style={styles.section}>\n        <div style={styles.sectionTitle}>工作经历</div>\n        <div style={styles.item}>\n          <div style={styles.itemHeader}>\n            <span style={styles.itemTitle}>阿里巴巴 · 前端开发工程师</span>\n            <span style={styles.itemDate}>2022.07 - 至今</span>\n          </div>\n          <div style={styles.itemDesc}>\n            • 负责淘宝商家后台系统开发，使用 React + TypeScript<br/>\n            • 优化页面性能，首屏加载时间降低 40%<br/>\n            • 主导组件库建设，提升团队开发效率 30%\n          </div>\n        </div>\n      </div>\n\n      <div style={styles.section}>\n        <div style={styles.sectionTitle}>项目经验</div>\n        <div style={styles.item}>\n          <div style={styles.itemHeader}>\n            <span style={styles.itemTitle}>电商管理系统</span>\n            <span style={styles.itemDate}>2023.01 - 2023.06</span>\n          </div>\n          <div style={styles.itemDesc}>\n            • 使用 React 18 + Ant Design 搭建后台管理系统<br/>\n            • 实现权限管理、数据可视化、订单管理等核心模块<br/>\n            • 采用 React Query 优化数据请求，提升用户体验\n          </div>\n        </div>\n      </div>\n\n      <div style={styles.section}>\n        <div style={styles.sectionTitle}>专业技能</div>\n        <div style={styles.skills}>\n          <span style={styles.skill}>React</span>\n          <span style={styles.skill}>TypeScript</span>\n          <span style={styles.skill}>Vue.js</span>\n          <span style={styles.skill}>Node.js</span>\n          <span style={styles.skill}>Webpack</span>\n          <span style={styles.skill}>Git</span>\n        </div>\n      </div>\n    </div>\n  );\n};","userDeleteResumeBySystemCreatedTime":1765814400000,"userDeleteResumeBySystemUpdatedTime":1765814400000,"userDeleteResumeBySystemSortedNum":2,"userDeleteResumeBySystemUserId":1,"userDeleteResumeBySystemRecycleTime":1768406400000}, 耗时: 94ms
2026-04-29 13:54:30.692 [http-nio-8080-exec-3] INFO  c.z.e.interceptor.UsallyInterceptor - 【请求结束】Method: GET, URI: /api/admin/userDeleteResumeBySystemService/getUserDeleteResumeInfoById, Controller: AdminUserDeleteResumeBySystemServiceController.getUserDeleteResumeInfoById, Status: 200, Duration: 209ms
2026-04-29 13:54:44.513 [http-nio-8080-exec-1] DEBUG c.z.e.m.m.a.AdminMapper.selectById - ==>  Preparing: SELECT admin_id,admin_account,admin_username,admin_email,admin_phone,admin_password,admin_image,admin_introduce,admin_state,admin_loginTime,deleted FROM admin_admin WHERE admin_id=? AND deleted=0
2026-04-29 13:54:44.514 [http-nio-8080-exec-1] DEBUG c.z.e.m.m.a.AdminMapper.selectById - ==> Parameters: 1(Integer)
2026-04-29 13:54:44.592 [http-nio-8080-exec-1] DEBUG c.z.e.m.m.a.AdminMapper.selectById - <==      Total: 1
2026-04-29 13:54:44.593 [http-nio-8080-exec-1] DEBUG c.z.e.m.m.a.A.findAdminInfoById - ==>  Preparing: select * from admin_admin left join admin_admin_role on admin_admin.admin_id = admin_admin_role.adminId left join admin_role on admin_admin_role.roleId = admin_role.role_id and admin_role.deleted = 0 left join admin_role_permission on admin_role.role_id = admin_role_permission.roleId left join admin_permission on admin_role_permission.permissionId = admin_permission.permission_id and admin_permission.deleted = 0 where admin_admin.admin_id = ? and admin_admin.deleted = 0
2026-04-29 13:54:44.594 [http-nio-8080-exec-1] DEBUG c.z.e.m.m.a.A.findAdminInfoById - ==> Parameters: 1(Integer)
2026-04-29 13:54:44.671 [http-nio-8080-exec-1] DEBUG c.z.e.m.m.a.A.findAdminInfoById - <==      Total: 1
2026-04-29 13:54:44.674 [http-nio-8080-exec-1] INFO  c.z.e.interceptor.UsallyInterceptor - 【请求开始】Method: POST, URI: /api/admin/admin/logout, Controller: AdminController.logout, IP: 0:0:0:0:0:0:0:1, Params: {}
2026-04-29 13:54:44.747 [http-nio-8080-exec-1] INFO  c.z.e.s.s.S.ServiceLogAspect - 【Service执行】类: AdminServiceImpl, 方法: logout, 参数: [1]
2026-04-29 13:54:44.810 [http-nio-8080-exec-1] INFO  c.z.e.s.s.S.ServiceLogAspect - 【Service完成】类: AdminServiceImpl, 方法: logout, 返回值: null, 耗时: 63ms
2026-04-29 13:54:45.014 [http-nio-8080-exec-1] INFO  c.z.e.interceptor.UsallyInterceptor - 【请求结束】Method: POST, URI: /api/admin/admin/logout, Controller: AdminController.logout, Status: 200, Duration: 340ms
2026-04-29 15:55:15.033 [HikariPool-1 housekeeper] WARN  com.zaxxer.hikari.pool.HikariPool - HikariPool-1 - Thread starvation or clock leap detected (housekeeper delta=7m52s753ms449µs200ns).
2026-04-29 15:55:30.771 [HikariPool-2 housekeeper] WARN  com.zaxxer.hikari.pool.HikariPool - HikariPool-2 - Thread starvation or clock leap detected (housekeeper delta=7m52s744ms756µs800ns).
2026-04-29 15:56:02.977 [lettuce-nioEventLoop-6-1] INFO  i.l.core.protocol.CommandHandler - null Unexpected exception during request: java.net.SocketException: Connection reset
java.net.SocketException: Connection reset
	at java.base/sun.nio.ch.SocketChannelImpl.throwConnectionReset(SocketChannelImpl.java:401)
	at java.base/sun.nio.ch.SocketChannelImpl.read(SocketChannelImpl.java:434)
	at io.netty.buffer.PooledByteBuf.setBytes(PooledByteBuf.java:255)
	at io.netty.buffer.AbstractByteBuf.writeBytes(AbstractByteBuf.java:1132)
	at io.netty.channel.socket.nio.NioSocketChannel.doReadBytes(NioSocketChannel.java:356)
	at io.netty.channel.nio.AbstractNioByteChannel$NioByteUnsafe.read(AbstractNioByteChannel.java:151)
	at io.netty.channel.nio.NioEventLoop.processSelectedKey(NioEventLoop.java:788)
	at io.netty.channel.nio.NioEventLoop.processSelectedKeysOptimized(NioEventLoop.java:724)
	at io.netty.channel.nio.NioEventLoop.processSelectedKeys(NioEventLoop.java:650)
	at io.netty.channel.nio.NioEventLoop.run(NioEventLoop.java:562)
	at io.netty.util.concurrent.SingleThreadEventExecutor$4.run(SingleThreadEventExecutor.java:997)
	at io.netty.util.internal.ThreadExecutorMap$2.run(ThreadExecutorMap.java:74)
	at io.netty.util.concurrent.FastThreadLocalRunnable.run(FastThreadLocalRunnable.java:30)
	at java.base/java.lang.Thread.run(Thread.java:1583)
2026-04-29 15:56:03.317 [lettuce-eventExecutorLoop-1-2] INFO  i.l.core.protocol.ConnectionWatchdog - Reconnecting, last destination was /117.50.184.138:37211
2026-04-29 15:56:03.637 [lettuce-nioEventLoop-6-2] INFO  i.l.c.protocol.ReconnectionHandler - Reconnected to 117.50.184.138/<unresolved>:37211
2026-04-29 16:11:18.900 [HikariPool-2 housekeeper] WARN  com.zaxxer.hikari.pool.HikariPool - HikariPool-2 - Thread starvation or clock leap detected (housekeeper delta=47s827ms811µs).
2026-04-29 16:11:46.522 [HikariPool-1 housekeeper] WARN  com.zaxxer.hikari.pool.HikariPool - HikariPool-1 - Thread starvation or clock leap detected (housekeeper delta=1m1s238ms750µs600ns).
2026-04-29 16:37:58.818 [HikariPool-1 housekeeper] WARN  com.zaxxer.hikari.pool.HikariPool - HikariPool-1 - Thread starvation or clock leap detected (housekeeper delta=8m12s39ms861µs500ns).
2026-04-29 16:38:01.276 [HikariPool-2 housekeeper] WARN  com.zaxxer.hikari.pool.HikariPool - HikariPool-2 - Thread starvation or clock leap detected (housekeeper delta=8m12s41ms631µs300ns).
2026-04-29 16:38:18.291 [lettuce-nioEventLoop-6-2] INFO  i.l.core.protocol.CommandHandler - null Unexpected exception during request: java.net.SocketException: Connection reset
java.net.SocketException: Connection reset
	at java.base/sun.nio.ch.SocketChannelImpl.throwConnectionReset(SocketChannelImpl.java:401)
	at java.base/sun.nio.ch.SocketChannelImpl.read(SocketChannelImpl.java:434)
	at io.netty.buffer.PooledByteBuf.setBytes(PooledByteBuf.java:255)
	at io.netty.buffer.AbstractByteBuf.writeBytes(AbstractByteBuf.java:1132)
	at io.netty.channel.socket.nio.NioSocketChannel.doReadBytes(NioSocketChannel.java:356)
	at io.netty.channel.nio.AbstractNioByteChannel$NioByteUnsafe.read(AbstractNioByteChannel.java:151)
	at io.netty.channel.nio.NioEventLoop.processSelectedKey(NioEventLoop.java:788)
	at io.netty.channel.nio.NioEventLoop.processSelectedKeysOptimized(NioEventLoop.java:724)
	at io.netty.channel.nio.NioEventLoop.processSelectedKeys(NioEventLoop.java:650)
	at io.netty.channel.nio.NioEventLoop.run(NioEventLoop.java:562)
	at io.netty.util.concurrent.SingleThreadEventExecutor$4.run(SingleThreadEventExecutor.java:997)
	at io.netty.util.internal.ThreadExecutorMap$2.run(ThreadExecutorMap.java:74)
	at io.netty.util.concurrent.FastThreadLocalRunnable.run(FastThreadLocalRunnable.java:30)
	at java.base/java.lang.Thread.run(Thread.java:1583)
2026-04-29 16:38:18.403 [lettuce-eventExecutorLoop-1-3] INFO  i.l.core.protocol.ConnectionWatchdog - Reconnecting, last destination was /117.50.184.138:37211
2026-04-29 16:38:18.577 [lettuce-nioEventLoop-6-3] INFO  i.l.c.protocol.ReconnectionHandler - Reconnected to 117.50.184.138/<unresolved>:37211
2026-04-29 17:49:33.938 [lettuce-nioEventLoop-6-3] INFO  i.l.core.protocol.CommandHandler - null Unexpected exception during request: java.net.SocketException: Connection reset
java.net.SocketException: Connection reset
	at java.base/sun.nio.ch.SocketChannelImpl.throwConnectionReset(SocketChannelImpl.java:401)
	at java.base/sun.nio.ch.SocketChannelImpl.read(SocketChannelImpl.java:434)
	at io.netty.buffer.PooledByteBuf.setBytes(PooledByteBuf.java:255)
	at io.netty.buffer.AbstractByteBuf.writeBytes(AbstractByteBuf.java:1132)
	at io.netty.channel.socket.nio.NioSocketChannel.doReadBytes(NioSocketChannel.java:356)
	at io.netty.channel.nio.AbstractNioByteChannel$NioByteUnsafe.read(AbstractNioByteChannel.java:151)
	at io.netty.channel.nio.NioEventLoop.processSelectedKey(NioEventLoop.java:788)
	at io.netty.channel.nio.NioEventLoop.processSelectedKeysOptimized(NioEventLoop.java:724)
	at io.netty.channel.nio.NioEventLoop.processSelectedKeys(NioEventLoop.java:650)
	at io.netty.channel.nio.NioEventLoop.run(NioEventLoop.java:562)
	at io.netty.util.concurrent.SingleThreadEventExecutor$4.run(SingleThreadEventExecutor.java:997)
	at io.netty.util.internal.ThreadExecutorMap$2.run(ThreadExecutorMap.java:74)
	at io.netty.util.concurrent.FastThreadLocalRunnable.run(FastThreadLocalRunnable.java:30)
	at java.base/java.lang.Thread.run(Thread.java:1583)
2026-04-29 17:49:34.240 [lettuce-eventExecutorLoop-1-4] INFO  i.l.core.protocol.ConnectionWatchdog - Reconnecting, last destination was /117.50.184.138:37211
2026-04-29 17:49:34.470 [lettuce-nioEventLoop-6-4] INFO  i.l.c.protocol.ReconnectionHandler - Reconnected to 117.50.184.138/<unresolved>:37211
2026-04-29 17:49:38.024 [HikariPool-1 housekeeper] WARN  com.zaxxer.hikari.pool.HikariPool - HikariPool-1 - Thread starvation or clock leap detected (housekeeper delta=17m8s290ms44µs600ns).
2026-04-29 17:49:40.395 [HikariPool-2 housekeeper] WARN  com.zaxxer.hikari.pool.HikariPool - HikariPool-2 - Thread starvation or clock leap detected (housekeeper delta=17m8s275ms892µs200ns).
