2025-12-21 20:43:12.009 [main] INFO  c.a.n.client.logging.NacosLogging - Nacos Logging Adapter Builder: com.alibaba.nacos.logger.adapter.logback12.LogbackNacosLoggingAdapterBuilder
2025-12-21 20:43:12.012 [main] INFO  c.a.n.client.logging.NacosLogging - Nacos Logging Adapter Builder: com.alibaba.nacos.logger.adapter.logback14.LogbackNacosLoggingAdapterBuilder
2025-12-21 20:43:12.012 [main] INFO  c.a.n.client.logging.NacosLogging - Nacos Logging Adapter: com.alibaba.nacos.logger.adapter.logback14.LogbackNacosLoggingAdapter match ch.qos.logback.classic.Logger success.
2025-12-21 20:43:12.021 [main] INFO  c.a.n.client.logging.NacosLogging - Nacos Logging Adapter Builder: com.alibaba.nacos.logger.adapter.log4j2.Log4j2NacosLoggingAdapterBuilder
2025-12-21 20:43:12.033 [background-preinit] INFO  o.h.validator.internal.util.Version - HV000001: Hibernate Validator 8.0.1.Final
2025-12-21 20:43:12.160 [main] INFO  c.z.e.EasyApplyResumeApplication - Starting EasyApplyResumeApplication using Java 21.0.9 with PID 33108 (C:\Users\shini\IdeaProjects\EasyApplyResume\target\classes started by shini in C:\Users\shini\IdeaProjects\EasyApplyResume)
2025-12-21 20:43:12.160 [main] DEBUG c.z.e.EasyApplyResumeApplication - Running with Spring Boot v3.3.5, Spring v6.1.14
2025-12-21 20:43:12.160 [main] INFO  c.z.e.EasyApplyResumeApplication - The following 1 profile is active: "dev"
2025-12-21 20:43:14.274 [main] INFO  o.s.d.r.c.RepositoryConfigurationDelegate - Multiple Spring Data modules found, entering strict repository configuration mode
2025-12-21 20:43:14.279 [main] INFO  o.s.d.r.c.RepositoryConfigurationDelegate - Bootstrapping Spring Data Redis repositories in DEFAULT mode.
2025-12-21 20:43:14.349 [main] INFO  o.s.d.r.c.RepositoryConfigurationDelegate - Finished Spring Data repository scanning in 49 ms. Found 0 Redis repository interfaces.
2025-12-21 20:43:14.521 [main] WARN  o.m.s.mapper.ClassPathMapperScanner - Cannot use both: sqlSessionTemplate and sqlSessionFactory together. sqlSessionFactory is ignored.
2025-12-21 20:43:14.523 [main] WARN  o.m.s.mapper.ClassPathMapperScanner - Cannot use both: sqlSessionTemplate and sqlSessionFactory together. sqlSessionFactory is ignored.
2025-12-21 20:43:14.523 [main] WARN  o.m.s.mapper.ClassPathMapperScanner - Cannot use both: sqlSessionTemplate and sqlSessionFactory together. sqlSessionFactory is ignored.
2025-12-21 20:43:14.524 [main] WARN  o.m.s.mapper.ClassPathMapperScanner - Cannot use both: sqlSessionTemplate and sqlSessionFactory together. sqlSessionFactory is ignored.
2025-12-21 20:43:14.524 [main] WARN  o.m.s.mapper.ClassPathMapperScanner - Cannot use both: sqlSessionTemplate and sqlSessionFactory together. sqlSessionFactory is ignored.
2025-12-21 20:43:14.524 [main] WARN  o.m.s.mapper.ClassPathMapperScanner - Cannot use both: sqlSessionTemplate and sqlSessionFactory together. sqlSessionFactory is ignored.
2025-12-21 20:43:14.525 [main] WARN  o.m.s.mapper.ClassPathMapperScanner - Cannot use both: sqlSessionTemplate and sqlSessionFactory together. sqlSessionFactory is ignored.
2025-12-21 20:43:14.525 [main] WARN  o.m.s.mapper.ClassPathMapperScanner - Cannot use both: sqlSessionTemplate and sqlSessionFactory together. sqlSessionFactory is ignored.
2025-12-21 20:43:14.527 [main] WARN  o.m.s.mapper.ClassPathMapperScanner - Cannot use both: sqlSessionTemplate and sqlSessionFactory together. sqlSessionFactory is ignored.
2025-12-21 20:43:14.527 [main] WARN  o.m.s.mapper.ClassPathMapperScanner - Cannot use both: sqlSessionTemplate and sqlSessionFactory together. sqlSessionFactory is ignored.
2025-12-21 20:43:14.528 [main] WARN  o.m.s.mapper.ClassPathMapperScanner - Cannot use both: sqlSessionTemplate and sqlSessionFactory together. sqlSessionFactory is ignored.
2025-12-21 20:43:14.528 [main] WARN  o.m.s.mapper.ClassPathMapperScanner - Cannot use both: sqlSessionTemplate and sqlSessionFactory together. sqlSessionFactory is ignored.
2025-12-21 20:43:14.528 [main] WARN  o.m.s.mapper.ClassPathMapperScanner - Cannot use both: sqlSessionTemplate and sqlSessionFactory together. sqlSessionFactory is ignored.
2025-12-21 20:43:14.529 [main] WARN  o.m.s.mapper.ClassPathMapperScanner - Cannot use both: sqlSessionTemplate and sqlSessionFactory together. sqlSessionFactory is ignored.
2025-12-21 20:43:14.529 [main] WARN  o.m.s.mapper.ClassPathMapperScanner - Cannot use both: sqlSessionTemplate and sqlSessionFactory together. sqlSessionFactory is ignored.
2025-12-21 20:43:14.530 [main] WARN  o.m.s.mapper.ClassPathMapperScanner - Cannot use both: sqlSessionTemplate and sqlSessionFactory together. sqlSessionFactory is ignored.
2025-12-21 20:43:14.531 [main] WARN  o.m.s.mapper.ClassPathMapperScanner - Cannot use both: sqlSessionTemplate and sqlSessionFactory together. sqlSessionFactory is ignored.
2025-12-21 20:43:14.531 [main] WARN  o.m.s.mapper.ClassPathMapperScanner - Cannot use both: sqlSessionTemplate and sqlSessionFactory together. sqlSessionFactory is ignored.
2025-12-21 20:43:14.532 [main] WARN  o.m.s.mapper.ClassPathMapperScanner - Cannot use both: sqlSessionTemplate and sqlSessionFactory together. sqlSessionFactory is ignored.
2025-12-21 20:43:14.532 [main] WARN  o.m.s.mapper.ClassPathMapperScanner - Cannot use both: sqlSessionTemplate and sqlSessionFactory together. sqlSessionFactory is ignored.
2025-12-21 20:43:14.533 [main] WARN  o.m.s.mapper.ClassPathMapperScanner - Cannot use both: sqlSessionTemplate and sqlSessionFactory together. sqlSessionFactory is ignored.
2025-12-21 20:43:14.533 [main] WARN  o.m.s.mapper.ClassPathMapperScanner - Cannot use both: sqlSessionTemplate and sqlSessionFactory together. sqlSessionFactory is ignored.
2025-12-21 20:43:14.535 [main] WARN  o.m.s.mapper.ClassPathMapperScanner - Cannot use both: sqlSessionTemplate and sqlSessionFactory together. sqlSessionFactory is ignored.
2025-12-21 20:43:14.535 [main] WARN  o.m.s.mapper.ClassPathMapperScanner - Cannot use both: sqlSessionTemplate and sqlSessionFactory together. sqlSessionFactory is ignored.
2025-12-21 20:43:14.536 [main] WARN  o.m.s.mapper.ClassPathMapperScanner - Cannot use both: sqlSessionTemplate and sqlSessionFactory together. sqlSessionFactory is ignored.
2025-12-21 20:43:14.536 [main] WARN  o.m.s.mapper.ClassPathMapperScanner - Cannot use both: sqlSessionTemplate and sqlSessionFactory together. sqlSessionFactory is ignored.
2025-12-21 20:43:14.536 [main] WARN  o.m.s.mapper.ClassPathMapperScanner - Cannot use both: sqlSessionTemplate and sqlSessionFactory together. sqlSessionFactory is ignored.
2025-12-21 20:43:14.537 [main] WARN  o.m.s.mapper.ClassPathMapperScanner - Cannot use both: sqlSessionTemplate and sqlSessionFactory together. sqlSessionFactory is ignored.
2025-12-21 20:43:14.537 [main] WARN  o.m.s.mapper.ClassPathMapperScanner - Cannot use both: sqlSessionTemplate and sqlSessionFactory together. sqlSessionFactory is ignored.
2025-12-21 20:43:14.538 [main] WARN  o.m.s.mapper.ClassPathMapperScanner - Cannot use both: sqlSessionTemplate and sqlSessionFactory together. sqlSessionFactory is ignored.
2025-12-21 20:43:14.538 [main] WARN  o.m.s.mapper.ClassPathMapperScanner - Cannot use both: sqlSessionTemplate and sqlSessionFactory together. sqlSessionFactory is ignored.
2025-12-21 20:43:14.539 [main] WARN  o.m.s.mapper.ClassPathMapperScanner - Cannot use both: sqlSessionTemplate and sqlSessionFactory together. sqlSessionFactory is ignored.
2025-12-21 20:43:14.541 [main] WARN  o.m.s.mapper.ClassPathMapperScanner - No MyBatis mapper was found in '[com.zyh.easyapplyresume.mapper.pgvector]' package. Please check your configuration.
2025-12-21 20:43:14.893 [main] WARN  o.s.c.s.PostProcessorRegistrationDelegate$BeanPostProcessorChecker - Bean 'com.alibaba.cloud.nacos.NacosConfigAutoConfiguration' of type [com.alibaba.cloud.nacos.NacosConfigAutoConfiguration] is not eligible for getting processed by all BeanPostProcessors (for example: not eligible for auto-proxying). The currently created BeanPostProcessor [nacosAnnotationProcessor] is declared through a non-static factory method on that class; consider declaring it as static instead.
2025-12-21 20:43:14.904 [main] WARN  o.s.c.s.PostProcessorRegistrationDelegate$BeanPostProcessorChecker - Bean 'nacosConfigProperties' of type [com.alibaba.cloud.nacos.NacosConfigProperties] is not eligible for getting processed by all BeanPostProcessors (for example: not eligible for auto-proxying). Is this bean getting eagerly injected/applied to a currently created BeanPostProcessor [nacosAnnotationProcessor]? Check the corresponding BeanPostProcessor declaration and its dependencies/advisors. If this bean does not have to be post-processed, declare it with ROLE_INFRASTRUCTURE.
2025-12-21 20:43:15.068 [main] INFO  c.a.n.p.a.s.c.ClientAuthPluginManager - [ClientAuthPluginManager] Load ClientAuthService com.alibaba.nacos.client.auth.impl.NacosClientAuthServiceImpl success.
2025-12-21 20:43:15.069 [main] INFO  c.a.n.p.a.s.c.ClientAuthPluginManager - [ClientAuthPluginManager] Load ClientAuthService com.alibaba.nacos.client.auth.ram.RamClientAuthServiceImpl success.
2025-12-21 20:43:15.071 [main] WARN  o.s.c.s.PostProcessorRegistrationDelegate$BeanPostProcessorChecker - Bean 'nacosConfigManager' of type [com.alibaba.cloud.nacos.NacosConfigManager] is not eligible for getting processed by all BeanPostProcessors (for example: not eligible for auto-proxying). Is this bean getting eagerly injected/applied to a currently created BeanPostProcessor [nacosAnnotationProcessor]? Check the corresponding BeanPostProcessor declaration and its dependencies/advisors. If this bean does not have to be post-processed, declare it with ROLE_INFRASTRUCTURE.
2025-12-21 20:43:16.057 [main] INFO  o.s.b.w.e.tomcat.TomcatWebServer - Tomcat initialized with port 8080 (http)
2025-12-21 20:43:16.080 [main] INFO  o.a.coyote.http11.Http11NioProtocol - Initializing ProtocolHandler ["http-nio-8080"]
2025-12-21 20:43:16.088 [main] INFO  o.a.catalina.core.StandardService - Starting service [Tomcat]
2025-12-21 20:43:16.088 [main] INFO  o.a.catalina.core.StandardEngine - Starting Servlet engine: [Apache Tomcat/10.1.31]
2025-12-21 20:43:16.247 [main] INFO  o.a.c.c.C.[.[localhost].[/api] - Initializing Spring embedded WebApplicationContext
2025-12-21 20:43:16.247 [main] INFO  o.s.b.w.s.c.ServletWebServerApplicationContext - Root WebApplicationContext: initialization completed in 4012 ms
2025-12-21 20:43:17.549 [main] WARN  c.b.m.core.metadata.TableInfoHelper - Can not find table primary key in Class: "com.zyh.easyapplyresume.model.pojo.user.UserCollections".
2025-12-21 20:43:17.549 [main] WARN  c.b.m.c.injector.DefaultSqlInjector - class com.zyh.easyapplyresume.model.pojo.user.UserCollections ,Not found @TableId annotation, Cannot use Mybatis-Plus 'xxById' Method.
2025-12-21 20:43:17.754 [main] DEBUG c.z.e.filter.UserJwtAuthFilter - Filter 'userJwtAuthFilter' configured for use
2025-12-21 20:43:17.755 [main] DEBUG c.z.e.filter.AdminJwtAuthFilter - Filter 'adminJwtAuthFilter' configured for use
2025-12-21 20:43:18.045 [main] INFO  c.z.e.s.i.admin.AdminSmsServiceImpl - 开始初始化阿里云短信客户端...
2025-12-21 20:43:18.395 [main] INFO  c.z.e.s.i.admin.AdminSmsServiceImpl - 阿里云短信客户端初始化完成
2025-12-21 20:43:19.616 [main] INFO  c.z.e.d.a.AdminSensitiveWordsAdvisor - 管理端敏感词初始化完成，共加载 137 个敏感词
2025-12-21 20:43:21.619 [main] INFO  c.z.i.ImageSearchMcpApplication - Starting ImageSearchMcpApplication v0.0.1-SNAPSHOT using Java 21.0.9 with PID 19376 (C:\Users\shini\IdeaProjects\EasyApplyResume\Image-Search-Mcp\target\Image-Search-Mcp-0.0.1-SNAPSHOT.jar started by shini in C:\Users\shini\IdeaProjects\EasyApplyResume)
2025-12-21 20:43:21.622 [main] INFO  c.z.i.ImageSearchMcpApplication - The following 1 profile is active: "stdio"
2025-12-21 20:43:22.898 [pool-1-thread-1] INFO  i.m.server.McpAsyncServer - Client initialize request - Protocol: 2024-11-05, Capabilities: ClientCapabilities[experimental=null, roots=null, sampling=null], Info: Implementation[name=spring-ai-mcp-client, version=1.0.0]
2025-12-21 20:43:22.960 [pool-4-thread-1] INFO  i.m.client.McpAsyncClient - Server response with Protocol: 2024-11-05, Capabilities: ServerCapabilities[experimental=null, logging=LoggingCapabilities[], prompts=null, resources=null, tools=ToolCapabilities[listChanged=true]], Info: Implementation[name=image-search-mcp-server, version=0.0.1] and Instructions null
2025-12-21 20:43:23.016 [main] INFO  c.z.i.ImageSearchMcpApplication - Started ImageSearchMcpApplication in 1.903 seconds (process running for 2.931)
2025-12-21 20:43:26.515 [pool-9-thread-1] INFO  i.m.c.transport.StdioClientTransport - STDERR Message received: Amap Maps MCP Server running on stdio
2025-12-21 20:43:26.530 [pool-7-thread-1] INFO  i.m.client.McpAsyncClient - Server response with Protocol: 2024-11-05, Capabilities: ServerCapabilities[experimental=null, logging=null, prompts=null, resources=null, tools=ToolCapabilities[listChanged=null]], Info: Implementation[name=mcp-server/amap-maps, version=0.1.0] and Instructions null
2025-12-21 20:43:26.784 [main] INFO  c.z.e.d.a.SensitiveWordsAdvisor - 用户端敏感词初始化完成，共加载 137 个敏感词
2025-12-21 20:43:27.076 [main] INFO  o.s.a.t.splitter.TextSplitter - Splitting up document into 2 chunks.
2025-12-21 20:43:27.082 [main] INFO  o.s.a.t.splitter.TextSplitter - Splitting up document into 2 chunks.
2025-12-21 20:43:27.094 [main] INFO  o.s.a.t.splitter.TextSplitter - Splitting up document into 2 chunks.
2025-12-21 20:43:31.637 [main] INFO  o.s.ai.vectorstore.SimpleVectorStore - Calling EmbeddingModel for document id = 6640e355-0976-4f09-9e25-4b183af09189
2025-12-21 20:43:31.878 [main] INFO  o.s.ai.vectorstore.SimpleVectorStore - Calling EmbeddingModel for document id = d643ee78-e933-4b70-a911-8fd993d1322f
2025-12-21 20:43:32.114 [main] INFO  o.s.ai.vectorstore.SimpleVectorStore - Calling EmbeddingModel for document id = 3c728b5d-3fb0-4396-ad50-6f9d0eb0bbb9
2025-12-21 20:43:32.474 [main] INFO  c.z.e.s.impl.user.UserSmsServiceImpl - 开始初始化阿里云短信客户端...
2025-12-21 20:43:32.488 [main] INFO  c.z.e.s.impl.user.UserSmsServiceImpl - 阿里云短信客户端初始化完成
2025-12-21 20:43:32.696 [main] WARN  c.b.m.e.s.MybatisSqlSessionFactoryBean - Property 'mapperLocations' was specified but matching resources are not found.
2025-12-21 20:43:32.794 [main] INFO  o.s.a.v.pgvector.PgVectorStore - Using the vector table name: vector_store. Is empty: false
2025-12-21 20:43:32.800 [main] INFO  o.s.a.v.pgvector.PgVectorStore - Initializing PGVectorStore schema for table: vector_store in schema: public
2025-12-21 20:43:32.800 [main] INFO  o.s.a.v.pgvector.PgVectorStore - vectorTableValidationsEnabled false
2025-12-21 20:43:32.809 [main] INFO  com.zaxxer.hikari.HikariDataSource - HikariPool-1 - Starting...
2025-12-21 20:43:33.228 [main] INFO  com.zaxxer.hikari.pool.HikariPool - HikariPool-1 - Added connection org.postgresql.jdbc.PgConnection@54c2233f
2025-12-21 20:43:33.230 [main] INFO  com.zaxxer.hikari.HikariDataSource - HikariPool-1 - Start completed.
2025-12-21 20:43:33.745 [main] WARN  o.s.b.a.s.s.UserDetailsServiceAutoConfiguration - 

Using generated security password: eeeb0803-8d17-456b-b8ee-f05a55fc792a

This generated password is for development use only. Your security configuration must be updated before running your application in production.

2025-12-21 20:43:33.757 [main] INFO  o.s.s.c.a.a.c.InitializeUserDetailsBeanManagerConfigurer$InitializeUserDetailsManagerConfigurer - Global AuthenticationManager configured with UserDetailsService bean with name inMemoryUserDetailsManager
2025-12-21 20:43:34.873 [main] INFO  o.a.coyote.http11.Http11NioProtocol - Starting ProtocolHandler ["http-nio-8080"]
2025-12-21 20:43:34.888 [main] INFO  o.s.b.w.e.tomcat.TomcatWebServer - Tomcat started on port 8080 (http) with context path '/api'
2025-12-21 20:43:34.904 [main] INFO  c.z.e.EasyApplyResumeApplication - Started EasyApplyResumeApplication in 23.494 seconds (process running for 24.959)
2025-12-21 20:51:28.259 [Thread-15] WARN  c.a.n.c.http.HttpClientBeanHolder - [HttpClientBeanHolder] Start destroying common HttpClient
2025-12-21 20:51:28.259 [Thread-1] WARN  c.a.n.c.executor.ThreadPoolManager - [ThreadPoolManager] Start destroying ThreadPool
2025-12-21 20:51:28.268 [Thread-15] WARN  c.a.n.c.http.HttpClientBeanHolder - [HttpClientBeanHolder] Destruction of the end
2025-12-21 20:51:28.268 [Thread-1] WARN  c.a.n.c.executor.ThreadPoolManager - [ThreadPoolManager] Destruction of the end
2025-12-21 20:51:28.317 [SpringApplicationShutdownHook] INFO  com.zaxxer.hikari.HikariDataSource - HikariPool-1 - Shutdown initiated...
2025-12-21 20:51:28.320 [SpringApplicationShutdownHook] INFO  com.zaxxer.hikari.HikariDataSource - HikariPool-1 - Shutdown completed.
2025-12-21 20:51:28.320 [SpringApplicationShutdownHook] INFO  c.z.e.s.impl.user.UserSmsServiceImpl - 关闭阿里云短信客户端...
2025-12-21 20:51:28.325 [SpringApplicationShutdownHook] INFO  c.z.e.s.impl.user.UserSmsServiceImpl - 阿里云短信客户端已关闭
2025-12-21 20:51:28.326 [SpringApplicationShutdownHook] INFO  c.z.e.s.i.admin.AdminSmsServiceImpl - 关闭阿里云短信客户端...
2025-12-21 20:51:28.326 [SpringApplicationShutdownHook] INFO  c.z.e.s.i.admin.AdminSmsServiceImpl - 阿里云短信客户端已关闭
2025-12-21 20:51:49.124 [main] INFO  c.a.n.client.logging.NacosLogging - Nacos Logging Adapter Builder: com.alibaba.nacos.logger.adapter.logback12.LogbackNacosLoggingAdapterBuilder
2025-12-21 20:51:49.128 [main] INFO  c.a.n.client.logging.NacosLogging - Nacos Logging Adapter Builder: com.alibaba.nacos.logger.adapter.logback14.LogbackNacosLoggingAdapterBuilder
2025-12-21 20:51:49.129 [main] INFO  c.a.n.client.logging.NacosLogging - Nacos Logging Adapter: com.alibaba.nacos.logger.adapter.logback14.LogbackNacosLoggingAdapter match ch.qos.logback.classic.Logger success.
2025-12-21 20:51:49.139 [main] INFO  c.a.n.client.logging.NacosLogging - Nacos Logging Adapter Builder: com.alibaba.nacos.logger.adapter.log4j2.Log4j2NacosLoggingAdapterBuilder
2025-12-21 20:51:49.151 [background-preinit] INFO  o.h.validator.internal.util.Version - HV000001: Hibernate Validator 8.0.1.Final
2025-12-21 20:51:49.261 [main] INFO  c.z.e.EasyApplyResumeApplication - Starting EasyApplyResumeApplication using Java 21.0.9 with PID 37444 (C:\Users\shini\IdeaProjects\EasyApplyResume\target\classes started by shini in C:\Users\shini\IdeaProjects\EasyApplyResume)
2025-12-21 20:51:49.261 [main] DEBUG c.z.e.EasyApplyResumeApplication - Running with Spring Boot v3.3.5, Spring v6.1.14
2025-12-21 20:51:49.262 [main] INFO  c.z.e.EasyApplyResumeApplication - The following 1 profile is active: "dev"
2025-12-21 20:51:51.190 [main] INFO  o.s.d.r.c.RepositoryConfigurationDelegate - Multiple Spring Data modules found, entering strict repository configuration mode
2025-12-21 20:51:51.192 [main] INFO  o.s.d.r.c.RepositoryConfigurationDelegate - Bootstrapping Spring Data Redis repositories in DEFAULT mode.
2025-12-21 20:51:51.247 [main] INFO  o.s.d.r.c.RepositoryConfigurationDelegate - Finished Spring Data repository scanning in 38 ms. Found 0 Redis repository interfaces.
2025-12-21 20:51:51.399 [main] WARN  o.m.s.mapper.ClassPathMapperScanner - Cannot use both: sqlSessionTemplate and sqlSessionFactory together. sqlSessionFactory is ignored.
2025-12-21 20:51:51.400 [main] WARN  o.m.s.mapper.ClassPathMapperScanner - Cannot use both: sqlSessionTemplate and sqlSessionFactory together. sqlSessionFactory is ignored.
2025-12-21 20:51:51.401 [main] WARN  o.m.s.mapper.ClassPathMapperScanner - Cannot use both: sqlSessionTemplate and sqlSessionFactory together. sqlSessionFactory is ignored.
2025-12-21 20:51:51.401 [main] WARN  o.m.s.mapper.ClassPathMapperScanner - Cannot use both: sqlSessionTemplate and sqlSessionFactory together. sqlSessionFactory is ignored.
2025-12-21 20:51:51.402 [main] WARN  o.m.s.mapper.ClassPathMapperScanner - Cannot use both: sqlSessionTemplate and sqlSessionFactory together. sqlSessionFactory is ignored.
2025-12-21 20:51:51.402 [main] WARN  o.m.s.mapper.ClassPathMapperScanner - Cannot use both: sqlSessionTemplate and sqlSessionFactory together. sqlSessionFactory is ignored.
2025-12-21 20:51:51.403 [main] WARN  o.m.s.mapper.ClassPathMapperScanner - Cannot use both: sqlSessionTemplate and sqlSessionFactory together. sqlSessionFactory is ignored.
2025-12-21 20:51:51.404 [main] WARN  o.m.s.mapper.ClassPathMapperScanner - Cannot use both: sqlSessionTemplate and sqlSessionFactory together. sqlSessionFactory is ignored.
2025-12-21 20:51:51.404 [main] WARN  o.m.s.mapper.ClassPathMapperScanner - Cannot use both: sqlSessionTemplate and sqlSessionFactory together. sqlSessionFactory is ignored.
2025-12-21 20:51:51.404 [main] WARN  o.m.s.mapper.ClassPathMapperScanner - Cannot use both: sqlSessionTemplate and sqlSessionFactory together. sqlSessionFactory is ignored.
2025-12-21 20:51:51.404 [main] WARN  o.m.s.mapper.ClassPathMapperScanner - Cannot use both: sqlSessionTemplate and sqlSessionFactory together. sqlSessionFactory is ignored.
2025-12-21 20:51:51.405 [main] WARN  o.m.s.mapper.ClassPathMapperScanner - Cannot use both: sqlSessionTemplate and sqlSessionFactory together. sqlSessionFactory is ignored.
2025-12-21 20:51:51.405 [main] WARN  o.m.s.mapper.ClassPathMapperScanner - Cannot use both: sqlSessionTemplate and sqlSessionFactory together. sqlSessionFactory is ignored.
2025-12-21 20:51:51.406 [main] WARN  o.m.s.mapper.ClassPathMapperScanner - Cannot use both: sqlSessionTemplate and sqlSessionFactory together. sqlSessionFactory is ignored.
2025-12-21 20:51:51.407 [main] WARN  o.m.s.mapper.ClassPathMapperScanner - Cannot use both: sqlSessionTemplate and sqlSessionFactory together. sqlSessionFactory is ignored.
2025-12-21 20:51:51.407 [main] WARN  o.m.s.mapper.ClassPathMapperScanner - Cannot use both: sqlSessionTemplate and sqlSessionFactory together. sqlSessionFactory is ignored.
2025-12-21 20:51:51.408 [main] WARN  o.m.s.mapper.ClassPathMapperScanner - Cannot use both: sqlSessionTemplate and sqlSessionFactory together. sqlSessionFactory is ignored.
2025-12-21 20:51:51.409 [main] WARN  o.m.s.mapper.ClassPathMapperScanner - Cannot use both: sqlSessionTemplate and sqlSessionFactory together. sqlSessionFactory is ignored.
2025-12-21 20:51:51.411 [main] WARN  o.m.s.mapper.ClassPathMapperScanner - Cannot use both: sqlSessionTemplate and sqlSessionFactory together. sqlSessionFactory is ignored.
2025-12-21 20:51:51.412 [main] WARN  o.m.s.mapper.ClassPathMapperScanner - Cannot use both: sqlSessionTemplate and sqlSessionFactory together. sqlSessionFactory is ignored.
2025-12-21 20:51:51.412 [main] WARN  o.m.s.mapper.ClassPathMapperScanner - Cannot use both: sqlSessionTemplate and sqlSessionFactory together. sqlSessionFactory is ignored.
2025-12-21 20:51:51.413 [main] WARN  o.m.s.mapper.ClassPathMapperScanner - Cannot use both: sqlSessionTemplate and sqlSessionFactory together. sqlSessionFactory is ignored.
2025-12-21 20:51:51.413 [main] WARN  o.m.s.mapper.ClassPathMapperScanner - Cannot use both: sqlSessionTemplate and sqlSessionFactory together. sqlSessionFactory is ignored.
2025-12-21 20:51:51.413 [main] WARN  o.m.s.mapper.ClassPathMapperScanner - Cannot use both: sqlSessionTemplate and sqlSessionFactory together. sqlSessionFactory is ignored.
2025-12-21 20:51:51.414 [main] WARN  o.m.s.mapper.ClassPathMapperScanner - Cannot use both: sqlSessionTemplate and sqlSessionFactory together. sqlSessionFactory is ignored.
2025-12-21 20:51:51.414 [main] WARN  o.m.s.mapper.ClassPathMapperScanner - Cannot use both: sqlSessionTemplate and sqlSessionFactory together. sqlSessionFactory is ignored.
2025-12-21 20:51:51.415 [main] WARN  o.m.s.mapper.ClassPathMapperScanner - Cannot use both: sqlSessionTemplate and sqlSessionFactory together. sqlSessionFactory is ignored.
2025-12-21 20:51:51.416 [main] WARN  o.m.s.mapper.ClassPathMapperScanner - Cannot use both: sqlSessionTemplate and sqlSessionFactory together. sqlSessionFactory is ignored.
2025-12-21 20:51:51.416 [main] WARN  o.m.s.mapper.ClassPathMapperScanner - Cannot use both: sqlSessionTemplate and sqlSessionFactory together. sqlSessionFactory is ignored.
2025-12-21 20:51:51.417 [main] WARN  o.m.s.mapper.ClassPathMapperScanner - Cannot use both: sqlSessionTemplate and sqlSessionFactory together. sqlSessionFactory is ignored.
2025-12-21 20:51:51.417 [main] WARN  o.m.s.mapper.ClassPathMapperScanner - Cannot use both: sqlSessionTemplate and sqlSessionFactory together. sqlSessionFactory is ignored.
2025-12-21 20:51:51.418 [main] WARN  o.m.s.mapper.ClassPathMapperScanner - Cannot use both: sqlSessionTemplate and sqlSessionFactory together. sqlSessionFactory is ignored.
2025-12-21 20:51:51.421 [main] WARN  o.m.s.mapper.ClassPathMapperScanner - No MyBatis mapper was found in '[com.zyh.easyapplyresume.mapper.pgvector]' package. Please check your configuration.
2025-12-21 20:51:51.819 [main] WARN  o.s.c.s.PostProcessorRegistrationDelegate$BeanPostProcessorChecker - Bean 'com.alibaba.cloud.nacos.NacosConfigAutoConfiguration' of type [com.alibaba.cloud.nacos.NacosConfigAutoConfiguration] is not eligible for getting processed by all BeanPostProcessors (for example: not eligible for auto-proxying). The currently created BeanPostProcessor [nacosAnnotationProcessor] is declared through a non-static factory method on that class; consider declaring it as static instead.
2025-12-21 20:51:51.827 [main] WARN  o.s.c.s.PostProcessorRegistrationDelegate$BeanPostProcessorChecker - Bean 'nacosConfigProperties' of type [com.alibaba.cloud.nacos.NacosConfigProperties] is not eligible for getting processed by all BeanPostProcessors (for example: not eligible for auto-proxying). Is this bean getting eagerly injected/applied to a currently created BeanPostProcessor [nacosAnnotationProcessor]? Check the corresponding BeanPostProcessor declaration and its dependencies/advisors. If this bean does not have to be post-processed, declare it with ROLE_INFRASTRUCTURE.
2025-12-21 20:51:51.923 [main] INFO  c.a.n.p.a.s.c.ClientAuthPluginManager - [ClientAuthPluginManager] Load ClientAuthService com.alibaba.nacos.client.auth.impl.NacosClientAuthServiceImpl success.
2025-12-21 20:51:51.923 [main] INFO  c.a.n.p.a.s.c.ClientAuthPluginManager - [ClientAuthPluginManager] Load ClientAuthService com.alibaba.nacos.client.auth.ram.RamClientAuthServiceImpl success.
2025-12-21 20:51:51.925 [main] WARN  o.s.c.s.PostProcessorRegistrationDelegate$BeanPostProcessorChecker - Bean 'nacosConfigManager' of type [com.alibaba.cloud.nacos.NacosConfigManager] is not eligible for getting processed by all BeanPostProcessors (for example: not eligible for auto-proxying). Is this bean getting eagerly injected/applied to a currently created BeanPostProcessor [nacosAnnotationProcessor]? Check the corresponding BeanPostProcessor declaration and its dependencies/advisors. If this bean does not have to be post-processed, declare it with ROLE_INFRASTRUCTURE.
2025-12-21 20:51:52.641 [main] INFO  o.s.b.w.e.tomcat.TomcatWebServer - Tomcat initialized with port 8080 (http)
2025-12-21 20:51:52.662 [main] INFO  o.a.coyote.http11.Http11NioProtocol - Initializing ProtocolHandler ["http-nio-8080"]
2025-12-21 20:51:52.670 [main] INFO  o.a.catalina.core.StandardService - Starting service [Tomcat]
2025-12-21 20:51:52.670 [main] INFO  o.a.catalina.core.StandardEngine - Starting Servlet engine: [Apache Tomcat/10.1.31]
2025-12-21 20:51:52.835 [main] INFO  o.a.c.c.C.[.[localhost].[/api] - Initializing Spring embedded WebApplicationContext
2025-12-21 20:51:52.837 [main] INFO  o.s.b.w.s.c.ServletWebServerApplicationContext - Root WebApplicationContext: initialization completed in 3508 ms
2025-12-21 20:51:54.566 [main] WARN  c.b.m.core.metadata.TableInfoHelper - Can not find table primary key in Class: "com.zyh.easyapplyresume.model.pojo.user.UserCollections".
2025-12-21 20:51:54.566 [main] WARN  c.b.m.c.injector.DefaultSqlInjector - class com.zyh.easyapplyresume.model.pojo.user.UserCollections ,Not found @TableId annotation, Cannot use Mybatis-Plus 'xxById' Method.
2025-12-21 20:51:54.787 [main] DEBUG c.z.e.filter.UserJwtAuthFilter - Filter 'userJwtAuthFilter' configured for use
2025-12-21 20:51:54.791 [main] DEBUG c.z.e.filter.AdminJwtAuthFilter - Filter 'adminJwtAuthFilter' configured for use
2025-12-21 20:51:55.074 [main] INFO  c.z.e.s.i.admin.AdminSmsServiceImpl - 开始初始化阿里云短信客户端...
2025-12-21 20:51:55.356 [main] INFO  c.z.e.s.i.admin.AdminSmsServiceImpl - 阿里云短信客户端初始化完成
2025-12-21 20:51:56.475 [main] INFO  c.z.e.d.a.AdminSensitiveWordsAdvisor - 管理端敏感词初始化完成，共加载 137 个敏感词
2025-12-21 20:51:58.384 [main] INFO  c.z.i.ImageSearchMcpApplication - Starting ImageSearchMcpApplication v0.0.1-SNAPSHOT using Java 21.0.9 with PID 11936 (C:\Users\shini\IdeaProjects\EasyApplyResume\Image-Search-Mcp\target\Image-Search-Mcp-0.0.1-SNAPSHOT.jar started by shini in C:\Users\shini\IdeaProjects\EasyApplyResume)
2025-12-21 20:51:58.386 [main] INFO  c.z.i.ImageSearchMcpApplication - The following 1 profile is active: "stdio"
2025-12-21 20:51:59.547 [pool-1-thread-1] INFO  i.m.server.McpAsyncServer - Client initialize request - Protocol: 2024-11-05, Capabilities: ClientCapabilities[experimental=null, roots=null, sampling=null], Info: Implementation[name=spring-ai-mcp-client, version=1.0.0]
2025-12-21 20:51:59.612 [pool-4-thread-1] INFO  i.m.client.McpAsyncClient - Server response with Protocol: 2024-11-05, Capabilities: ServerCapabilities[experimental=null, logging=LoggingCapabilities[], prompts=null, resources=null, tools=ToolCapabilities[listChanged=true]], Info: Implementation[name=image-search-mcp-server, version=0.0.1] and Instructions null
2025-12-21 20:51:59.646 [main] INFO  c.z.i.ImageSearchMcpApplication - Started ImageSearchMcpApplication in 1.813 seconds (process running for 2.653)
2025-12-21 20:52:02.716 [pool-9-thread-1] INFO  i.m.c.transport.StdioClientTransport - STDERR Message received: Amap Maps MCP Server running on stdio
2025-12-21 20:52:02.726 [pool-7-thread-1] INFO  i.m.client.McpAsyncClient - Server response with Protocol: 2024-11-05, Capabilities: ServerCapabilities[experimental=null, logging=null, prompts=null, resources=null, tools=ToolCapabilities[listChanged=null]], Info: Implementation[name=mcp-server/amap-maps, version=0.1.0] and Instructions null
2025-12-21 20:52:02.948 [main] INFO  c.z.e.d.a.SensitiveWordsAdvisor - 用户端敏感词初始化完成，共加载 137 个敏感词
2025-12-21 20:52:03.221 [main] INFO  o.s.a.t.splitter.TextSplitter - Splitting up document into 2 chunks.
2025-12-21 20:52:03.226 [main] INFO  o.s.a.t.splitter.TextSplitter - Splitting up document into 2 chunks.
2025-12-21 20:52:03.232 [main] INFO  o.s.a.t.splitter.TextSplitter - Splitting up document into 2 chunks.
2025-12-21 20:52:08.717 [main] INFO  o.s.ai.vectorstore.SimpleVectorStore - Calling EmbeddingModel for document id = 8de60d44-53b7-4be3-bba7-568866a7b236
2025-12-21 20:52:08.909 [main] INFO  o.s.ai.vectorstore.SimpleVectorStore - Calling EmbeddingModel for document id = 7de10087-7ba9-4aa4-97f5-568927b662dd
2025-12-21 20:52:09.234 [main] INFO  o.s.ai.vectorstore.SimpleVectorStore - Calling EmbeddingModel for document id = 95e27341-5bc1-4cca-adf5-72e8f1fcd25e
2025-12-21 20:52:09.618 [main] INFO  c.z.e.s.impl.user.UserSmsServiceImpl - 开始初始化阿里云短信客户端...
2025-12-21 20:52:09.642 [main] INFO  c.z.e.s.impl.user.UserSmsServiceImpl - 阿里云短信客户端初始化完成
2025-12-21 20:52:09.855 [main] WARN  c.b.m.e.s.MybatisSqlSessionFactoryBean - Property 'mapperLocations' was specified but matching resources are not found.
2025-12-21 20:52:09.968 [main] INFO  o.s.a.v.pgvector.PgVectorStore - Using the vector table name: vector_store. Is empty: false
2025-12-21 20:52:09.972 [main] INFO  o.s.a.v.pgvector.PgVectorStore - Initializing PGVectorStore schema for table: vector_store in schema: public
2025-12-21 20:52:09.972 [main] INFO  o.s.a.v.pgvector.PgVectorStore - vectorTableValidationsEnabled false
2025-12-21 20:52:09.982 [main] INFO  com.zaxxer.hikari.HikariDataSource - HikariPool-1 - Starting...
2025-12-21 20:52:10.395 [main] INFO  com.zaxxer.hikari.pool.HikariPool - HikariPool-1 - Added connection org.postgresql.jdbc.PgConnection@4e391869
2025-12-21 20:52:10.397 [main] INFO  com.zaxxer.hikari.HikariDataSource - HikariPool-1 - Start completed.
2025-12-21 20:52:10.866 [main] WARN  o.s.b.a.s.s.UserDetailsServiceAutoConfiguration - 

Using generated security password: b4e39ebd-cb5d-47c2-9521-9c1c10dfaae0

This generated password is for development use only. Your security configuration must be updated before running your application in production.

2025-12-21 20:52:10.877 [main] INFO  o.s.s.c.a.a.c.InitializeUserDetailsBeanManagerConfigurer$InitializeUserDetailsManagerConfigurer - Global AuthenticationManager configured with UserDetailsService bean with name inMemoryUserDetailsManager
2025-12-21 20:52:11.480 [main] INFO  o.s.b.a.e.web.EndpointLinksResolver - Exposing 16 endpoints beneath base path '/actuator'
2025-12-21 20:52:12.447 [main] INFO  o.a.coyote.http11.Http11NioProtocol - Starting ProtocolHandler ["http-nio-8080"]
2025-12-21 20:52:12.463 [main] INFO  o.s.b.w.e.tomcat.TomcatWebServer - Tomcat started on port 8080 (http) with context path '/api'
2025-12-21 20:52:12.488 [main] INFO  c.z.e.EasyApplyResumeApplication - Started EasyApplyResumeApplication in 23.918 seconds (process running for 24.786)
2025-12-21 20:52:14.210 [registrationTask1] WARN  d.c.b.a.c.r.ApplicationRegistrator - Failed to register application as Application(name=EasyApplyResume, managementUrl=http://localhost:8080/actuator, healthUrl=http://localhost:8080/actuator/health, serviceUrl=http://localhost:8080) at spring-boot-admin ([http://localhost:9090/instances]): I/O error on POST request for "http://localhost:9090/instances": Failed to connect to localhost/[0:0:0:0:0:0:0:1]:9090. Further attempts are logged on DEBUG level
2025-12-21 20:52:53.747 [http-nio-8080-exec-6] INFO  o.a.c.c.C.[.[localhost].[/api] - Initializing Spring DispatcherServlet 'dispatcherServlet'
2025-12-21 20:52:53.748 [http-nio-8080-exec-6] INFO  o.s.web.servlet.DispatcherServlet - Initializing Servlet 'dispatcherServlet'
2025-12-21 20:52:53.762 [http-nio-8080-exec-6] INFO  o.s.web.servlet.DispatcherServlet - Completed initialization in 13 ms
2025-12-21 20:52:57.369 [http-nio-8080-exec-6] INFO  com.zaxxer.hikari.HikariDataSource - HikariPool-2 - Starting...
2025-12-21 20:52:59.015 [http-nio-8080-exec-6] INFO  com.zaxxer.hikari.pool.HikariPool - HikariPool-2 - Added connection com.mysql.cj.jdbc.ConnectionImpl@3176bb1f
2025-12-21 20:52:59.016 [http-nio-8080-exec-6] INFO  com.zaxxer.hikari.HikariDataSource - HikariPool-2 - Start completed.
2025-12-21 21:23:24.762 [registrationTask1] INFO  d.c.b.a.c.r.ApplicationRegistrator - Application registered itself as a973ff14be49
2025-12-21 21:29:31.943 [Thread-15] WARN  c.a.n.c.http.HttpClientBeanHolder - [HttpClientBeanHolder] Start destroying common HttpClient
2025-12-21 21:29:31.944 [Thread-1] WARN  c.a.n.c.executor.ThreadPoolManager - [ThreadPoolManager] Start destroying ThreadPool
2025-12-21 21:29:31.945 [Thread-18] WARN  c.a.nacos.common.notify.NotifyCenter - [NotifyCenter] Start destroying Publisher
2025-12-21 21:29:31.945 [Thread-18] WARN  c.a.nacos.common.notify.NotifyCenter - [NotifyCenter] Destruction of the end
2025-12-21 21:29:31.945 [Thread-1] WARN  c.a.n.c.executor.ThreadPoolManager - [ThreadPoolManager] Destruction of the end
2025-12-21 21:29:31.948 [Thread-15] WARN  c.a.n.c.http.HttpClientBeanHolder - [HttpClientBeanHolder] Destruction of the end
2025-12-21 21:29:32.111 [SpringApplicationShutdownHook] INFO  com.zaxxer.hikari.HikariDataSource - HikariPool-1 - Shutdown initiated...
2025-12-21 21:29:32.118 [SpringApplicationShutdownHook] INFO  com.zaxxer.hikari.HikariDataSource - HikariPool-1 - Shutdown completed.
2025-12-21 21:29:32.119 [SpringApplicationShutdownHook] INFO  c.z.e.s.impl.user.UserSmsServiceImpl - 关闭阿里云短信客户端...
2025-12-21 21:29:32.129 [SpringApplicationShutdownHook] INFO  c.z.e.s.impl.user.UserSmsServiceImpl - 阿里云短信客户端已关闭
2025-12-21 21:29:32.129 [SpringApplicationShutdownHook] INFO  c.z.e.s.i.admin.AdminSmsServiceImpl - 关闭阿里云短信客户端...
2025-12-21 21:29:32.130 [SpringApplicationShutdownHook] INFO  c.z.e.s.i.admin.AdminSmsServiceImpl - 阿里云短信客户端已关闭
2025-12-21 21:29:32.135 [SpringApplicationShutdownHook] INFO  com.zaxxer.hikari.HikariDataSource - HikariPool-2 - Shutdown initiated...
2025-12-21 21:29:32.139 [SpringApplicationShutdownHook] INFO  com.zaxxer.hikari.HikariDataSource - HikariPool-2 - Shutdown completed.
2025-12-21 21:29:40.067 [main] INFO  c.a.n.client.logging.NacosLogging - Nacos Logging Adapter Builder: com.alibaba.nacos.logger.adapter.logback12.LogbackNacosLoggingAdapterBuilder
2025-12-21 21:29:40.083 [main] INFO  c.a.n.client.logging.NacosLogging - Nacos Logging Adapter Builder: com.alibaba.nacos.logger.adapter.logback14.LogbackNacosLoggingAdapterBuilder
2025-12-21 21:29:40.090 [main] INFO  c.a.n.client.logging.NacosLogging - Nacos Logging Adapter: com.alibaba.nacos.logger.adapter.logback14.LogbackNacosLoggingAdapter match ch.qos.logback.classic.Logger success.
2025-12-21 21:29:40.119 [main] INFO  c.a.n.client.logging.NacosLogging - Nacos Logging Adapter Builder: com.alibaba.nacos.logger.adapter.log4j2.Log4j2NacosLoggingAdapterBuilder
2025-12-21 21:29:40.172 [background-preinit] INFO  o.h.validator.internal.util.Version - HV000001: Hibernate Validator 8.0.1.Final
2025-12-21 21:29:40.842 [main] INFO  c.z.e.EasyApplyResumeApplication - Starting EasyApplyResumeApplication using Java 21.0.9 with PID 32952 (C:\Users\shini\IdeaProjects\EasyApplyResume\target\classes started by shini in C:\Users\shini\IdeaProjects\EasyApplyResume)
2025-12-21 21:29:40.847 [main] DEBUG c.z.e.EasyApplyResumeApplication - Running with Spring Boot v3.3.5, Spring v6.1.14
2025-12-21 21:29:40.849 [main] INFO  c.z.e.EasyApplyResumeApplication - The following 1 profile is active: "dev"
2025-12-21 21:29:55.458 [main] INFO  o.s.d.r.c.RepositoryConfigurationDelegate - Multiple Spring Data modules found, entering strict repository configuration mode
2025-12-21 21:29:55.472 [main] INFO  o.s.d.r.c.RepositoryConfigurationDelegate - Bootstrapping Spring Data Redis repositories in DEFAULT mode.
2025-12-21 21:29:55.745 [main] INFO  o.s.d.r.c.RepositoryConfigurationDelegate - Finished Spring Data repository scanning in 212 ms. Found 0 Redis repository interfaces.
2025-12-21 21:29:56.649 [main] WARN  o.m.s.mapper.ClassPathMapperScanner - Cannot use both: sqlSessionTemplate and sqlSessionFactory together. sqlSessionFactory is ignored.
2025-12-21 21:29:56.655 [main] WARN  o.m.s.mapper.ClassPathMapperScanner - Cannot use both: sqlSessionTemplate and sqlSessionFactory together. sqlSessionFactory is ignored.
2025-12-21 21:29:56.656 [main] WARN  o.m.s.mapper.ClassPathMapperScanner - Cannot use both: sqlSessionTemplate and sqlSessionFactory together. sqlSessionFactory is ignored.
2025-12-21 21:29:56.662 [main] WARN  o.m.s.mapper.ClassPathMapperScanner - Cannot use both: sqlSessionTemplate and sqlSessionFactory together. sqlSessionFactory is ignored.
2025-12-21 21:29:56.677 [main] WARN  o.m.s.mapper.ClassPathMapperScanner - Cannot use both: sqlSessionTemplate and sqlSessionFactory together. sqlSessionFactory is ignored.
2025-12-21 21:29:56.679 [main] WARN  o.m.s.mapper.ClassPathMapperScanner - Cannot use both: sqlSessionTemplate and sqlSessionFactory together. sqlSessionFactory is ignored.
2025-12-21 21:29:56.688 [main] WARN  o.m.s.mapper.ClassPathMapperScanner - Cannot use both: sqlSessionTemplate and sqlSessionFactory together. sqlSessionFactory is ignored.
2025-12-21 21:29:56.699 [main] WARN  o.m.s.mapper.ClassPathMapperScanner - Cannot use both: sqlSessionTemplate and sqlSessionFactory together. sqlSessionFactory is ignored.
2025-12-21 21:29:56.705 [main] WARN  o.m.s.mapper.ClassPathMapperScanner - Cannot use both: sqlSessionTemplate and sqlSessionFactory together. sqlSessionFactory is ignored.
2025-12-21 21:29:56.705 [main] WARN  o.m.s.mapper.ClassPathMapperScanner - Cannot use both: sqlSessionTemplate and sqlSessionFactory together. sqlSessionFactory is ignored.
2025-12-21 21:29:56.707 [main] WARN  o.m.s.mapper.ClassPathMapperScanner - Cannot use both: sqlSessionTemplate and sqlSessionFactory together. sqlSessionFactory is ignored.
2025-12-21 21:29:56.707 [main] WARN  o.m.s.mapper.ClassPathMapperScanner - Cannot use both: sqlSessionTemplate and sqlSessionFactory together. sqlSessionFactory is ignored.
2025-12-21 21:29:56.717 [main] WARN  o.m.s.mapper.ClassPathMapperScanner - Cannot use both: sqlSessionTemplate and sqlSessionFactory together. sqlSessionFactory is ignored.
2025-12-21 21:29:56.718 [main] WARN  o.m.s.mapper.ClassPathMapperScanner - Cannot use both: sqlSessionTemplate and sqlSessionFactory together. sqlSessionFactory is ignored.
2025-12-21 21:29:56.728 [main] WARN  o.m.s.mapper.ClassPathMapperScanner - Cannot use both: sqlSessionTemplate and sqlSessionFactory together. sqlSessionFactory is ignored.
2025-12-21 21:29:56.729 [main] WARN  o.m.s.mapper.ClassPathMapperScanner - Cannot use both: sqlSessionTemplate and sqlSessionFactory together. sqlSessionFactory is ignored.
2025-12-21 21:29:56.749 [main] WARN  o.m.s.mapper.ClassPathMapperScanner - Cannot use both: sqlSessionTemplate and sqlSessionFactory together. sqlSessionFactory is ignored.
2025-12-21 21:29:56.760 [main] WARN  o.m.s.mapper.ClassPathMapperScanner - Cannot use both: sqlSessionTemplate and sqlSessionFactory together. sqlSessionFactory is ignored.
2025-12-21 21:29:56.774 [main] WARN  o.m.s.mapper.ClassPathMapperScanner - Cannot use both: sqlSessionTemplate and sqlSessionFactory together. sqlSessionFactory is ignored.
2025-12-21 21:29:56.776 [main] WARN  o.m.s.mapper.ClassPathMapperScanner - Cannot use both: sqlSessionTemplate and sqlSessionFactory together. sqlSessionFactory is ignored.
2025-12-21 21:29:56.777 [main] WARN  o.m.s.mapper.ClassPathMapperScanner - Cannot use both: sqlSessionTemplate and sqlSessionFactory together. sqlSessionFactory is ignored.
2025-12-21 21:29:56.804 [main] WARN  o.m.s.mapper.ClassPathMapperScanner - Cannot use both: sqlSessionTemplate and sqlSessionFactory together. sqlSessionFactory is ignored.
2025-12-21 21:29:56.811 [main] WARN  o.m.s.mapper.ClassPathMapperScanner - Cannot use both: sqlSessionTemplate and sqlSessionFactory together. sqlSessionFactory is ignored.
2025-12-21 21:29:56.819 [main] WARN  o.m.s.mapper.ClassPathMapperScanner - Cannot use both: sqlSessionTemplate and sqlSessionFactory together. sqlSessionFactory is ignored.
2025-12-21 21:29:56.821 [main] WARN  o.m.s.mapper.ClassPathMapperScanner - Cannot use both: sqlSessionTemplate and sqlSessionFactory together. sqlSessionFactory is ignored.
2025-12-21 21:29:56.830 [main] WARN  o.m.s.mapper.ClassPathMapperScanner - Cannot use both: sqlSessionTemplate and sqlSessionFactory together. sqlSessionFactory is ignored.
2025-12-21 21:29:56.838 [main] WARN  o.m.s.mapper.ClassPathMapperScanner - Cannot use both: sqlSessionTemplate and sqlSessionFactory together. sqlSessionFactory is ignored.
2025-12-21 21:29:56.852 [main] WARN  o.m.s.mapper.ClassPathMapperScanner - Cannot use both: sqlSessionTemplate and sqlSessionFactory together. sqlSessionFactory is ignored.
2025-12-21 21:29:56.853 [main] WARN  o.m.s.mapper.ClassPathMapperScanner - Cannot use both: sqlSessionTemplate and sqlSessionFactory together. sqlSessionFactory is ignored.
2025-12-21 21:29:56.861 [main] WARN  o.m.s.mapper.ClassPathMapperScanner - Cannot use both: sqlSessionTemplate and sqlSessionFactory together. sqlSessionFactory is ignored.
2025-12-21 21:29:56.862 [main] WARN  o.m.s.mapper.ClassPathMapperScanner - Cannot use both: sqlSessionTemplate and sqlSessionFactory together. sqlSessionFactory is ignored.
2025-12-21 21:29:56.863 [main] WARN  o.m.s.mapper.ClassPathMapperScanner - Cannot use both: sqlSessionTemplate and sqlSessionFactory together. sqlSessionFactory is ignored.
2025-12-21 21:29:56.887 [main] WARN  o.m.s.mapper.ClassPathMapperScanner - No MyBatis mapper was found in '[com.zyh.easyapplyresume.mapper.pgvector]' package. Please check your configuration.
2025-12-21 21:30:05.106 [main] WARN  o.s.c.s.PostProcessorRegistrationDelegate$BeanPostProcessorChecker - Bean 'com.alibaba.cloud.nacos.NacosConfigAutoConfiguration' of type [com.alibaba.cloud.nacos.NacosConfigAutoConfiguration] is not eligible for getting processed by all BeanPostProcessors (for example: not eligible for auto-proxying). The currently created BeanPostProcessor [nacosAnnotationProcessor] is declared through a non-static factory method on that class; consider declaring it as static instead.
2025-12-21 21:30:05.142 [main] WARN  o.s.c.s.PostProcessorRegistrationDelegate$BeanPostProcessorChecker - Bean 'nacosConfigProperties' of type [com.alibaba.cloud.nacos.NacosConfigProperties] is not eligible for getting processed by all BeanPostProcessors (for example: not eligible for auto-proxying). Is this bean getting eagerly injected/applied to a currently created BeanPostProcessor [nacosAnnotationProcessor]? Check the corresponding BeanPostProcessor declaration and its dependencies/advisors. If this bean does not have to be post-processed, declare it with ROLE_INFRASTRUCTURE.
2025-12-21 21:30:09.765 [main] INFO  c.a.n.p.a.s.c.ClientAuthPluginManager - [ClientAuthPluginManager] Load ClientAuthService com.alibaba.nacos.client.auth.impl.NacosClientAuthServiceImpl success.
2025-12-21 21:30:09.765 [main] INFO  c.a.n.p.a.s.c.ClientAuthPluginManager - [ClientAuthPluginManager] Load ClientAuthService com.alibaba.nacos.client.auth.ram.RamClientAuthServiceImpl success.
2025-12-21 21:30:09.787 [main] WARN  o.s.c.s.PostProcessorRegistrationDelegate$BeanPostProcessorChecker - Bean 'nacosConfigManager' of type [com.alibaba.cloud.nacos.NacosConfigManager] is not eligible for getting processed by all BeanPostProcessors (for example: not eligible for auto-proxying). Is this bean getting eagerly injected/applied to a currently created BeanPostProcessor [nacosAnnotationProcessor]? Check the corresponding BeanPostProcessor declaration and its dependencies/advisors. If this bean does not have to be post-processed, declare it with ROLE_INFRASTRUCTURE.
2025-12-21 21:30:17.381 [main] INFO  o.s.b.w.e.tomcat.TomcatWebServer - Tomcat initialized with port 8080 (http)
2025-12-21 21:30:17.451 [main] INFO  o.a.coyote.http11.Http11NioProtocol - Initializing ProtocolHandler ["http-nio-8080"]
2025-12-21 21:30:17.473 [main] INFO  o.a.catalina.core.StandardService - Starting service [Tomcat]
2025-12-21 21:30:17.476 [main] INFO  o.a.catalina.core.StandardEngine - Starting Servlet engine: [Apache Tomcat/10.1.31]
2025-12-21 21:30:18.140 [main] INFO  o.a.c.c.C.[.[localhost].[/api] - Initializing Spring embedded WebApplicationContext
2025-12-21 21:30:18.141 [main] INFO  o.s.b.w.s.c.ServletWebServerApplicationContext - Root WebApplicationContext: initialization completed in 36922 ms
2025-12-21 21:30:32.504 [main] WARN  c.b.m.core.metadata.TableInfoHelper - Can not find table primary key in Class: "com.zyh.easyapplyresume.model.pojo.user.UserCollections".
2025-12-21 21:30:32.515 [main] WARN  c.b.m.c.injector.DefaultSqlInjector - class com.zyh.easyapplyresume.model.pojo.user.UserCollections ,Not found @TableId annotation, Cannot use Mybatis-Plus 'xxById' Method.
2025-12-21 21:30:33.518 [main] DEBUG c.z.e.filter.UserJwtAuthFilter - Filter 'userJwtAuthFilter' configured for use
2025-12-21 21:30:33.527 [main] DEBUG c.z.e.filter.AdminJwtAuthFilter - Filter 'adminJwtAuthFilter' configured for use
2025-12-21 21:30:37.903 [main] INFO  c.z.e.s.i.admin.AdminSmsServiceImpl - 开始初始化阿里云短信客户端...
2025-12-21 21:30:40.325 [main] INFO  c.z.e.s.i.admin.AdminSmsServiceImpl - 阿里云短信客户端初始化完成
2025-12-21 21:30:47.364 [main] INFO  c.z.e.d.a.AdminSensitiveWordsAdvisor - 管理端敏感词初始化完成，共加载 137 个敏感词
2025-12-21 21:30:57.643 [main] INFO  c.z.i.ImageSearchMcpApplication - Starting ImageSearchMcpApplication v0.0.1-SNAPSHOT using Java 21.0.9 with PID 1064 (C:\Users\shini\IdeaProjects\EasyApplyResume\Image-Search-Mcp\target\Image-Search-Mcp-0.0.1-SNAPSHOT.jar started by shini in C:\Users\shini\IdeaProjects\EasyApplyResume)
2025-12-21 21:30:57.647 [main] INFO  c.z.i.ImageSearchMcpApplication - The following 1 profile is active: "stdio"
2025-12-21 21:31:03.383 [pool-1-thread-1] INFO  i.m.server.McpAsyncServer - Client initialize request - Protocol: 2024-11-05, Capabilities: ClientCapabilities[experimental=null, roots=null, sampling=null], Info: Implementation[name=spring-ai-mcp-client, version=1.0.0]
2025-12-21 21:31:04.015 [main] INFO  c.z.i.ImageSearchMcpApplication - Started ImageSearchMcpApplication in 8.455 seconds (process running for 12.333)
2025-12-21 21:31:03.791 [pool-4-thread-1] INFO  i.m.client.McpAsyncClient - Server response with Protocol: 2024-11-05, Capabilities: ServerCapabilities[experimental=null, logging=LoggingCapabilities[], prompts=null, resources=null, tools=ToolCapabilities[listChanged=true]], Info: Implementation[name=image-search-mcp-server, version=0.0.1] and Instructions null
2025-12-21 21:31:12.141 [pool-9-thread-1] INFO  i.m.c.transport.StdioClientTransport - STDERR Message received: Amap Maps MCP Server running on stdio
2025-12-21 21:31:12.182 [pool-7-thread-1] INFO  i.m.client.McpAsyncClient - Server response with Protocol: 2024-11-05, Capabilities: ServerCapabilities[experimental=null, logging=null, prompts=null, resources=null, tools=ToolCapabilities[listChanged=null]], Info: Implementation[name=mcp-server/amap-maps, version=0.1.0] and Instructions null
2025-12-21 21:31:12.980 [main] INFO  c.z.e.d.a.SensitiveWordsAdvisor - 用户端敏感词初始化完成，共加载 137 个敏感词
2025-12-21 21:31:14.479 [main] INFO  o.s.a.t.splitter.TextSplitter - Splitting up document into 2 chunks.
2025-12-21 21:31:14.513 [main] INFO  o.s.a.t.splitter.TextSplitter - Splitting up document into 2 chunks.
2025-12-21 21:31:14.525 [main] INFO  o.s.a.t.splitter.TextSplitter - Splitting up document into 2 chunks.
2025-12-21 21:31:20.730 [main] INFO  o.s.ai.vectorstore.SimpleVectorStore - Calling EmbeddingModel for document id = 0623394e-704d-4170-a10e-a013b337c1eb
2025-12-21 21:31:21.052 [main] INFO  o.s.ai.vectorstore.SimpleVectorStore - Calling EmbeddingModel for document id = da563728-5ba1-4789-bb2a-2443f7832a48
2025-12-21 21:31:21.372 [main] INFO  o.s.ai.vectorstore.SimpleVectorStore - Calling EmbeddingModel for document id = f12f30cc-62ee-476c-af54-773604f6048c
2025-12-21 21:31:21.828 [main] INFO  c.z.e.s.impl.user.UserSmsServiceImpl - 开始初始化阿里云短信客户端...
2025-12-21 21:31:21.950 [main] INFO  c.z.e.s.impl.user.UserSmsServiceImpl - 阿里云短信客户端初始化完成
2025-12-21 21:31:23.461 [main] WARN  c.b.m.e.s.MybatisSqlSessionFactoryBean - Property 'mapperLocations' was specified but matching resources are not found.
2025-12-21 21:31:23.777 [main] INFO  o.s.a.v.pgvector.PgVectorStore - Using the vector table name: vector_store. Is empty: false
2025-12-21 21:31:23.789 [main] INFO  o.s.a.v.pgvector.PgVectorStore - Initializing PGVectorStore schema for table: vector_store in schema: public
2025-12-21 21:31:23.790 [main] INFO  o.s.a.v.pgvector.PgVectorStore - vectorTableValidationsEnabled false
2025-12-21 21:31:23.810 [main] INFO  com.zaxxer.hikari.HikariDataSource - HikariPool-1 - Starting...
2025-12-21 21:31:25.655 [main] INFO  com.zaxxer.hikari.pool.HikariPool - HikariPool-1 - Added connection org.postgresql.jdbc.PgConnection@59e74938
2025-12-21 21:31:25.669 [main] INFO  com.zaxxer.hikari.HikariDataSource - HikariPool-1 - Start completed.
2025-12-21 21:31:28.022 [main] WARN  o.s.b.a.s.s.UserDetailsServiceAutoConfiguration - 

Using generated security password: 220d4d5b-d863-4873-9819-4693488fef8a

This generated password is for development use only. Your security configuration must be updated before running your application in production.

2025-12-21 21:31:28.053 [main] INFO  o.s.s.c.a.a.c.InitializeUserDetailsBeanManagerConfigurer$InitializeUserDetailsManagerConfigurer - Global AuthenticationManager configured with UserDetailsService bean with name inMemoryUserDetailsManager
2025-12-21 21:31:30.786 [main] INFO  o.s.b.a.e.web.EndpointLinksResolver - Exposing 16 endpoints beneath base path '/actuator'
2025-12-21 21:31:34.753 [main] INFO  o.a.coyote.http11.Http11NioProtocol - Starting ProtocolHandler ["http-nio-8080"]
2025-12-21 21:31:34.791 [main] INFO  o.s.b.w.e.tomcat.TomcatWebServer - Tomcat started on port 8080 (http) with context path '/api'
2025-12-21 21:31:34.885 [main] INFO  c.z.e.EasyApplyResumeApplication - Started EasyApplyResumeApplication in 116.652 seconds (process running for 117.749)
2025-12-21 21:31:39.198 [registrationTask1] INFO  d.c.b.a.c.r.ApplicationRegistrator - Application registered itself as a973ff14be49
2025-12-21 21:35:54.622 [http-nio-8080-exec-1] INFO  o.a.c.c.C.[.[localhost].[/api] - Initializing Spring DispatcherServlet 'dispatcherServlet'
2025-12-21 21:35:54.622 [http-nio-8080-exec-1] INFO  o.s.web.servlet.DispatcherServlet - Initializing Servlet 'dispatcherServlet'
2025-12-21 21:35:54.632 [http-nio-8080-exec-1] INFO  o.s.web.servlet.DispatcherServlet - Completed initialization in 10 ms
2025-12-21 21:35:58.284 [http-nio-8080-exec-1] INFO  com.zaxxer.hikari.HikariDataSource - HikariPool-2 - Starting...
2025-12-21 21:35:59.196 [http-nio-8080-exec-1] INFO  com.zaxxer.hikari.pool.HikariPool - HikariPool-2 - Added connection com.mysql.cj.jdbc.ConnectionImpl@2ec6d8c4
2025-12-21 21:35:59.197 [http-nio-8080-exec-1] INFO  com.zaxxer.hikari.HikariDataSource - HikariPool-2 - Start completed.
2025-12-21 21:36:47.630 [Thread-1] WARN  c.a.n.c.executor.ThreadPoolManager - [ThreadPoolManager] Start destroying ThreadPool
2025-12-21 21:36:47.630 [Thread-15] WARN  c.a.n.c.http.HttpClientBeanHolder - [HttpClientBeanHolder] Start destroying common HttpClient
2025-12-21 21:36:47.630 [Thread-18] WARN  c.a.nacos.common.notify.NotifyCenter - [NotifyCenter] Start destroying Publisher
2025-12-21 21:36:47.631 [Thread-18] WARN  c.a.nacos.common.notify.NotifyCenter - [NotifyCenter] Destruction of the end
2025-12-21 21:36:47.631 [Thread-1] WARN  c.a.n.c.executor.ThreadPoolManager - [ThreadPoolManager] Destruction of the end
2025-12-21 21:36:47.631 [Thread-15] WARN  c.a.n.c.http.HttpClientBeanHolder - [HttpClientBeanHolder] Destruction of the end
2025-12-21 21:36:47.668 [SpringApplicationShutdownHook] INFO  com.zaxxer.hikari.HikariDataSource - HikariPool-1 - Shutdown initiated...
2025-12-21 21:36:47.673 [SpringApplicationShutdownHook] INFO  com.zaxxer.hikari.HikariDataSource - HikariPool-1 - Shutdown completed.
2025-12-21 21:36:47.673 [SpringApplicationShutdownHook] INFO  c.z.e.s.impl.user.UserSmsServiceImpl - 关闭阿里云短信客户端...
2025-12-21 21:36:47.676 [SpringApplicationShutdownHook] INFO  c.z.e.s.impl.user.UserSmsServiceImpl - 阿里云短信客户端已关闭
2025-12-21 21:36:47.677 [SpringApplicationShutdownHook] INFO  c.z.e.s.i.admin.AdminSmsServiceImpl - 关闭阿里云短信客户端...
2025-12-21 21:36:47.677 [SpringApplicationShutdownHook] INFO  c.z.e.s.i.admin.AdminSmsServiceImpl - 阿里云短信客户端已关闭
2025-12-21 21:36:47.682 [SpringApplicationShutdownHook] INFO  com.zaxxer.hikari.HikariDataSource - HikariPool-2 - Shutdown initiated...
2025-12-21 21:36:47.689 [SpringApplicationShutdownHook] INFO  com.zaxxer.hikari.HikariDataSource - HikariPool-2 - Shutdown completed.
2025-12-21 21:36:56.168 [main] INFO  c.a.n.client.logging.NacosLogging - Nacos Logging Adapter Builder: com.alibaba.nacos.logger.adapter.logback12.LogbackNacosLoggingAdapterBuilder
2025-12-21 21:36:56.173 [main] INFO  c.a.n.client.logging.NacosLogging - Nacos Logging Adapter Builder: com.alibaba.nacos.logger.adapter.logback14.LogbackNacosLoggingAdapterBuilder
2025-12-21 21:36:56.174 [main] INFO  c.a.n.client.logging.NacosLogging - Nacos Logging Adapter: com.alibaba.nacos.logger.adapter.logback14.LogbackNacosLoggingAdapter match ch.qos.logback.classic.Logger success.
2025-12-21 21:36:56.185 [main] INFO  c.a.n.client.logging.NacosLogging - Nacos Logging Adapter Builder: com.alibaba.nacos.logger.adapter.log4j2.Log4j2NacosLoggingAdapterBuilder
2025-12-21 21:36:56.199 [background-preinit] INFO  o.h.validator.internal.util.Version - HV000001: Hibernate Validator 8.0.1.Final
2025-12-21 21:36:56.332 [main] INFO  c.z.e.EasyApplyResumeApplication - Starting EasyApplyResumeApplication using Java 21.0.9 with PID 30704 (C:\Users\shini\IdeaProjects\EasyApplyResume\target\classes started by shini in C:\Users\shini\IdeaProjects\EasyApplyResume)
2025-12-21 21:36:56.332 [main] DEBUG c.z.e.EasyApplyResumeApplication - Running with Spring Boot v3.3.5, Spring v6.1.14
2025-12-21 21:36:56.334 [main] INFO  c.z.e.EasyApplyResumeApplication - The following 1 profile is active: "dev"
2025-12-21 21:36:58.436 [main] INFO  o.s.d.r.c.RepositoryConfigurationDelegate - Multiple Spring Data modules found, entering strict repository configuration mode
2025-12-21 21:36:58.440 [main] INFO  o.s.d.r.c.RepositoryConfigurationDelegate - Bootstrapping Spring Data Redis repositories in DEFAULT mode.
2025-12-21 21:36:58.497 [main] INFO  o.s.d.r.c.RepositoryConfigurationDelegate - Finished Spring Data repository scanning in 40 ms. Found 0 Redis repository interfaces.
2025-12-21 21:36:58.632 [main] WARN  o.m.s.mapper.ClassPathMapperScanner - Cannot use both: sqlSessionTemplate and sqlSessionFactory together. sqlSessionFactory is ignored.
2025-12-21 21:36:58.632 [main] WARN  o.m.s.mapper.ClassPathMapperScanner - Cannot use both: sqlSessionTemplate and sqlSessionFactory together. sqlSessionFactory is ignored.
2025-12-21 21:36:58.633 [main] WARN  o.m.s.mapper.ClassPathMapperScanner - Cannot use both: sqlSessionTemplate and sqlSessionFactory together. sqlSessionFactory is ignored.
2025-12-21 21:36:58.633 [main] WARN  o.m.s.mapper.ClassPathMapperScanner - Cannot use both: sqlSessionTemplate and sqlSessionFactory together. sqlSessionFactory is ignored.
2025-12-21 21:36:58.634 [main] WARN  o.m.s.mapper.ClassPathMapperScanner - Cannot use both: sqlSessionTemplate and sqlSessionFactory together. sqlSessionFactory is ignored.
2025-12-21 21:36:58.635 [main] WARN  o.m.s.mapper.ClassPathMapperScanner - Cannot use both: sqlSessionTemplate and sqlSessionFactory together. sqlSessionFactory is ignored.
2025-12-21 21:36:58.635 [main] WARN  o.m.s.mapper.ClassPathMapperScanner - Cannot use both: sqlSessionTemplate and sqlSessionFactory together. sqlSessionFactory is ignored.
2025-12-21 21:36:58.636 [main] WARN  o.m.s.mapper.ClassPathMapperScanner - Cannot use both: sqlSessionTemplate and sqlSessionFactory together. sqlSessionFactory is ignored.
2025-12-21 21:36:58.636 [main] WARN  o.m.s.mapper.ClassPathMapperScanner - Cannot use both: sqlSessionTemplate and sqlSessionFactory together. sqlSessionFactory is ignored.
2025-12-21 21:36:58.637 [main] WARN  o.m.s.mapper.ClassPathMapperScanner - Cannot use both: sqlSessionTemplate and sqlSessionFactory together. sqlSessionFactory is ignored.
2025-12-21 21:36:58.637 [main] WARN  o.m.s.mapper.ClassPathMapperScanner - Cannot use both: sqlSessionTemplate and sqlSessionFactory together. sqlSessionFactory is ignored.
2025-12-21 21:36:58.638 [main] WARN  o.m.s.mapper.ClassPathMapperScanner - Cannot use both: sqlSessionTemplate and sqlSessionFactory together. sqlSessionFactory is ignored.
2025-12-21 21:36:58.638 [main] WARN  o.m.s.mapper.ClassPathMapperScanner - Cannot use both: sqlSessionTemplate and sqlSessionFactory together. sqlSessionFactory is ignored.
2025-12-21 21:36:58.639 [main] WARN  o.m.s.mapper.ClassPathMapperScanner - Cannot use both: sqlSessionTemplate and sqlSessionFactory together. sqlSessionFactory is ignored.
2025-12-21 21:36:58.639 [main] WARN  o.m.s.mapper.ClassPathMapperScanner - Cannot use both: sqlSessionTemplate and sqlSessionFactory together. sqlSessionFactory is ignored.
2025-12-21 21:36:58.641 [main] WARN  o.m.s.mapper.ClassPathMapperScanner - Cannot use both: sqlSessionTemplate and sqlSessionFactory together. sqlSessionFactory is ignored.
2025-12-21 21:36:58.641 [main] WARN  o.m.s.mapper.ClassPathMapperScanner - Cannot use both: sqlSessionTemplate and sqlSessionFactory together. sqlSessionFactory is ignored.
2025-12-21 21:36:58.642 [main] WARN  o.m.s.mapper.ClassPathMapperScanner - Cannot use both: sqlSessionTemplate and sqlSessionFactory together. sqlSessionFactory is ignored.
2025-12-21 21:36:58.642 [main] WARN  o.m.s.mapper.ClassPathMapperScanner - Cannot use both: sqlSessionTemplate and sqlSessionFactory together. sqlSessionFactory is ignored.
2025-12-21 21:36:58.643 [main] WARN  o.m.s.mapper.ClassPathMapperScanner - Cannot use both: sqlSessionTemplate and sqlSessionFactory together. sqlSessionFactory is ignored.
2025-12-21 21:36:58.644 [main] WARN  o.m.s.mapper.ClassPathMapperScanner - Cannot use both: sqlSessionTemplate and sqlSessionFactory together. sqlSessionFactory is ignored.
2025-12-21 21:36:58.644 [main] WARN  o.m.s.mapper.ClassPathMapperScanner - Cannot use both: sqlSessionTemplate and sqlSessionFactory together. sqlSessionFactory is ignored.
2025-12-21 21:36:58.644 [main] WARN  o.m.s.mapper.ClassPathMapperScanner - Cannot use both: sqlSessionTemplate and sqlSessionFactory together. sqlSessionFactory is ignored.
2025-12-21 21:36:58.645 [main] WARN  o.m.s.mapper.ClassPathMapperScanner - Cannot use both: sqlSessionTemplate and sqlSessionFactory together. sqlSessionFactory is ignored.
2025-12-21 21:36:58.645 [main] WARN  o.m.s.mapper.ClassPathMapperScanner - Cannot use both: sqlSessionTemplate and sqlSessionFactory together. sqlSessionFactory is ignored.
2025-12-21 21:36:58.646 [main] WARN  o.m.s.mapper.ClassPathMapperScanner - Cannot use both: sqlSessionTemplate and sqlSessionFactory together. sqlSessionFactory is ignored.
2025-12-21 21:36:58.646 [main] WARN  o.m.s.mapper.ClassPathMapperScanner - Cannot use both: sqlSessionTemplate and sqlSessionFactory together. sqlSessionFactory is ignored.
2025-12-21 21:36:58.646 [main] WARN  o.m.s.mapper.ClassPathMapperScanner - Cannot use both: sqlSessionTemplate and sqlSessionFactory together. sqlSessionFactory is ignored.
2025-12-21 21:36:58.647 [main] WARN  o.m.s.mapper.ClassPathMapperScanner - Cannot use both: sqlSessionTemplate and sqlSessionFactory together. sqlSessionFactory is ignored.
2025-12-21 21:36:58.647 [main] WARN  o.m.s.mapper.ClassPathMapperScanner - Cannot use both: sqlSessionTemplate and sqlSessionFactory together. sqlSessionFactory is ignored.
2025-12-21 21:36:58.647 [main] WARN  o.m.s.mapper.ClassPathMapperScanner - Cannot use both: sqlSessionTemplate and sqlSessionFactory together. sqlSessionFactory is ignored.
2025-12-21 21:36:58.649 [main] WARN  o.m.s.mapper.ClassPathMapperScanner - Cannot use both: sqlSessionTemplate and sqlSessionFactory together. sqlSessionFactory is ignored.
2025-12-21 21:36:58.651 [main] WARN  o.m.s.mapper.ClassPathMapperScanner - No MyBatis mapper was found in '[com.zyh.easyapplyresume.mapper.pgvector]' package. Please check your configuration.
2025-12-21 21:36:58.998 [main] WARN  o.s.c.s.PostProcessorRegistrationDelegate$BeanPostProcessorChecker - Bean 'com.alibaba.cloud.nacos.NacosConfigAutoConfiguration' of type [com.alibaba.cloud.nacos.NacosConfigAutoConfiguration] is not eligible for getting processed by all BeanPostProcessors (for example: not eligible for auto-proxying). The currently created BeanPostProcessor [nacosAnnotationProcessor] is declared through a non-static factory method on that class; consider declaring it as static instead.
2025-12-21 21:36:59.006 [main] WARN  o.s.c.s.PostProcessorRegistrationDelegate$BeanPostProcessorChecker - Bean 'nacosConfigProperties' of type [com.alibaba.cloud.nacos.NacosConfigProperties] is not eligible for getting processed by all BeanPostProcessors (for example: not eligible for auto-proxying). Is this bean getting eagerly injected/applied to a currently created BeanPostProcessor [nacosAnnotationProcessor]? Check the corresponding BeanPostProcessor declaration and its dependencies/advisors. If this bean does not have to be post-processed, declare it with ROLE_INFRASTRUCTURE.
2025-12-21 21:36:59.112 [main] INFO  c.a.n.p.a.s.c.ClientAuthPluginManager - [ClientAuthPluginManager] Load ClientAuthService com.alibaba.nacos.client.auth.impl.NacosClientAuthServiceImpl success.
2025-12-21 21:36:59.112 [main] INFO  c.a.n.p.a.s.c.ClientAuthPluginManager - [ClientAuthPluginManager] Load ClientAuthService com.alibaba.nacos.client.auth.ram.RamClientAuthServiceImpl success.
2025-12-21 21:36:59.115 [main] WARN  o.s.c.s.PostProcessorRegistrationDelegate$BeanPostProcessorChecker - Bean 'nacosConfigManager' of type [com.alibaba.cloud.nacos.NacosConfigManager] is not eligible for getting processed by all BeanPostProcessors (for example: not eligible for auto-proxying). Is this bean getting eagerly injected/applied to a currently created BeanPostProcessor [nacosAnnotationProcessor]? Check the corresponding BeanPostProcessor declaration and its dependencies/advisors. If this bean does not have to be post-processed, declare it with ROLE_INFRASTRUCTURE.
2025-12-21 21:37:00.539 [main] INFO  o.s.b.w.e.tomcat.TomcatWebServer - Tomcat initialized with port 8080 (http)
2025-12-21 21:37:00.557 [main] INFO  o.a.coyote.http11.Http11NioProtocol - Initializing ProtocolHandler ["http-nio-8080"]
2025-12-21 21:37:00.563 [main] INFO  o.a.catalina.core.StandardService - Starting service [Tomcat]
2025-12-21 21:37:00.563 [main] INFO  o.a.catalina.core.StandardEngine - Starting Servlet engine: [Apache Tomcat/10.1.31]
2025-12-21 21:37:00.736 [main] INFO  o.a.c.c.C.[.[localhost].[/api] - Initializing Spring embedded WebApplicationContext
2025-12-21 21:37:00.737 [main] INFO  o.s.b.w.s.c.ServletWebServerApplicationContext - Root WebApplicationContext: initialization completed in 4328 ms
2025-12-21 21:37:02.045 [main] WARN  c.b.m.core.metadata.TableInfoHelper - Can not find table primary key in Class: "com.zyh.easyapplyresume.model.pojo.user.UserCollections".
2025-12-21 21:37:02.045 [main] WARN  c.b.m.c.injector.DefaultSqlInjector - class com.zyh.easyapplyresume.model.pojo.user.UserCollections ,Not found @TableId annotation, Cannot use Mybatis-Plus 'xxById' Method.
2025-12-21 21:37:02.227 [main] DEBUG c.z.e.filter.UserJwtAuthFilter - Filter 'userJwtAuthFilter' configured for use
2025-12-21 21:37:02.230 [main] DEBUG c.z.e.filter.AdminJwtAuthFilter - Filter 'adminJwtAuthFilter' configured for use
2025-12-21 21:37:02.462 [main] INFO  c.z.e.s.i.admin.AdminSmsServiceImpl - 开始初始化阿里云短信客户端...
2025-12-21 21:37:02.751 [main] INFO  c.z.e.s.i.admin.AdminSmsServiceImpl - 阿里云短信客户端初始化完成
2025-12-21 21:37:03.789 [main] INFO  c.z.e.d.a.AdminSensitiveWordsAdvisor - 管理端敏感词初始化完成，共加载 137 个敏感词
2025-12-21 21:37:05.504 [main] INFO  c.z.i.ImageSearchMcpApplication - Starting ImageSearchMcpApplication v0.0.1-SNAPSHOT using Java 21.0.9 with PID 24856 (C:\Users\shini\IdeaProjects\EasyApplyResume\Image-Search-Mcp\target\Image-Search-Mcp-0.0.1-SNAPSHOT.jar started by shini in C:\Users\shini\IdeaProjects\EasyApplyResume)
2025-12-21 21:37:05.506 [main] INFO  c.z.i.ImageSearchMcpApplication - The following 1 profile is active: "stdio"
2025-12-21 21:37:06.773 [pool-1-thread-1] INFO  i.m.server.McpAsyncServer - Client initialize request - Protocol: 2024-11-05, Capabilities: ClientCapabilities[experimental=null, roots=null, sampling=null], Info: Implementation[name=spring-ai-mcp-client, version=1.0.0]
2025-12-21 21:37:06.828 [pool-4-thread-1] INFO  i.m.client.McpAsyncClient - Server response with Protocol: 2024-11-05, Capabilities: ServerCapabilities[experimental=null, logging=LoggingCapabilities[], prompts=null, resources=null, tools=ToolCapabilities[listChanged=true]], Info: Implementation[name=image-search-mcp-server, version=0.0.1] and Instructions null
2025-12-21 21:37:06.868 [main] INFO  c.z.i.ImageSearchMcpApplication - Started ImageSearchMcpApplication in 1.88 seconds (process running for 2.64)
2025-12-21 21:37:09.191 [pool-9-thread-1] INFO  i.m.c.transport.StdioClientTransport - STDERR Message received: Amap Maps MCP Server running on stdio
2025-12-21 21:37:09.202 [pool-7-thread-1] INFO  i.m.client.McpAsyncClient - Server response with Protocol: 2024-11-05, Capabilities: ServerCapabilities[experimental=null, logging=null, prompts=null, resources=null, tools=ToolCapabilities[listChanged=null]], Info: Implementation[name=mcp-server/amap-maps, version=0.1.0] and Instructions null
2025-12-21 21:37:09.383 [main] INFO  c.z.e.d.a.SensitiveWordsAdvisor - 用户端敏感词初始化完成，共加载 137 个敏感词
2025-12-21 21:37:09.694 [main] INFO  o.s.a.t.splitter.TextSplitter - Splitting up document into 2 chunks.
2025-12-21 21:37:09.698 [main] INFO  o.s.a.t.splitter.TextSplitter - Splitting up document into 2 chunks.
2025-12-21 21:37:09.704 [main] INFO  o.s.a.t.splitter.TextSplitter - Splitting up document into 2 chunks.
2025-12-21 21:37:14.853 [main] INFO  o.s.ai.vectorstore.SimpleVectorStore - Calling EmbeddingModel for document id = f72b6811-8f17-4029-b749-e2e1266321b8
2025-12-21 21:37:15.150 [main] INFO  o.s.ai.vectorstore.SimpleVectorStore - Calling EmbeddingModel for document id = fe27130a-4811-48e9-8a9c-57494812d683
2025-12-21 21:37:15.408 [main] INFO  o.s.ai.vectorstore.SimpleVectorStore - Calling EmbeddingModel for document id = 783bae43-06e0-4ff9-8cb1-4648fc204eca
2025-12-21 21:37:15.731 [main] INFO  c.z.e.s.impl.user.UserSmsServiceImpl - 开始初始化阿里云短信客户端...
2025-12-21 21:37:15.742 [main] INFO  c.z.e.s.impl.user.UserSmsServiceImpl - 阿里云短信客户端初始化完成
2025-12-21 21:37:15.989 [main] WARN  c.b.m.e.s.MybatisSqlSessionFactoryBean - Property 'mapperLocations' was specified but matching resources are not found.
2025-12-21 21:37:16.079 [main] INFO  o.s.a.v.pgvector.PgVectorStore - Using the vector table name: vector_store. Is empty: false
2025-12-21 21:37:16.081 [main] INFO  o.s.a.v.pgvector.PgVectorStore - Initializing PGVectorStore schema for table: vector_store in schema: public
2025-12-21 21:37:16.082 [main] INFO  o.s.a.v.pgvector.PgVectorStore - vectorTableValidationsEnabled false
2025-12-21 21:37:16.085 [main] INFO  com.zaxxer.hikari.HikariDataSource - HikariPool-1 - Starting...
2025-12-21 21:37:16.516 [main] INFO  com.zaxxer.hikari.pool.HikariPool - HikariPool-1 - Added connection org.postgresql.jdbc.PgConnection@1e80af64
2025-12-21 21:37:16.518 [main] INFO  com.zaxxer.hikari.HikariDataSource - HikariPool-1 - Start completed.
2025-12-21 21:37:17.059 [main] WARN  o.s.b.a.s.s.UserDetailsServiceAutoConfiguration - 

Using generated security password: 43682e8a-bc37-4206-a9b1-54b8adafb7b0

This generated password is for development use only. Your security configuration must be updated before running your application in production.

2025-12-21 21:37:17.071 [main] INFO  o.s.s.c.a.a.c.InitializeUserDetailsBeanManagerConfigurer$InitializeUserDetailsManagerConfigurer - Global AuthenticationManager configured with UserDetailsService bean with name inMemoryUserDetailsManager
2025-12-21 21:37:17.610 [main] INFO  o.s.b.a.e.web.EndpointLinksResolver - Exposing 16 endpoints beneath base path '/actuator'
2025-12-21 21:37:18.618 [main] INFO  o.a.coyote.http11.Http11NioProtocol - Starting ProtocolHandler ["http-nio-8080"]
2025-12-21 21:37:18.633 [main] INFO  o.s.b.w.e.tomcat.TomcatWebServer - Tomcat started on port 8080 (http) with context path '/api'
2025-12-21 21:37:18.660 [main] INFO  c.z.e.EasyApplyResumeApplication - Started EasyApplyResumeApplication in 23.095 seconds (process running for 23.978)
2025-12-21 21:37:20.755 [registrationTask1] INFO  d.c.b.a.c.r.ApplicationRegistrator - Application registered itself as a973ff14be49
2025-12-21 21:37:31.856 [http-nio-8080-exec-7] INFO  o.a.c.c.C.[.[localhost].[/api] - Initializing Spring DispatcherServlet 'dispatcherServlet'
2025-12-21 21:37:31.857 [http-nio-8080-exec-7] INFO  o.s.web.servlet.DispatcherServlet - Initializing Servlet 'dispatcherServlet'
2025-12-21 21:37:31.873 [http-nio-8080-exec-7] INFO  o.s.web.servlet.DispatcherServlet - Completed initialization in 13 ms
2025-12-21 21:37:32.250 [http-nio-8080-exec-7] INFO  com.zaxxer.hikari.HikariDataSource - HikariPool-2 - Starting...
2025-12-21 21:37:33.614 [http-nio-8080-exec-7] INFO  com.zaxxer.hikari.pool.HikariPool - HikariPool-2 - Added connection com.mysql.cj.jdbc.ConnectionImpl@a3a6641
2025-12-21 21:37:33.616 [http-nio-8080-exec-7] INFO  com.zaxxer.hikari.HikariDataSource - HikariPool-2 - Start completed.
2025-12-21 21:39:28.395 [Thread-15] WARN  c.a.n.c.http.HttpClientBeanHolder - [HttpClientBeanHolder] Start destroying common HttpClient
2025-12-21 21:39:28.395 [Thread-1] WARN  c.a.n.c.executor.ThreadPoolManager - [ThreadPoolManager] Start destroying ThreadPool
2025-12-21 21:39:28.396 [Thread-1] WARN  c.a.n.c.executor.ThreadPoolManager - [ThreadPoolManager] Destruction of the end
2025-12-21 21:39:28.396 [Thread-15] WARN  c.a.n.c.http.HttpClientBeanHolder - [HttpClientBeanHolder] Destruction of the end
2025-12-21 21:39:28.442 [SpringApplicationShutdownHook] INFO  com.zaxxer.hikari.HikariDataSource - HikariPool-1 - Shutdown initiated...
2025-12-21 21:39:28.448 [SpringApplicationShutdownHook] INFO  com.zaxxer.hikari.HikariDataSource - HikariPool-1 - Shutdown completed.
2025-12-21 21:39:28.449 [SpringApplicationShutdownHook] INFO  c.z.e.s.impl.user.UserSmsServiceImpl - 关闭阿里云短信客户端...
2025-12-21 21:39:28.452 [SpringApplicationShutdownHook] INFO  c.z.e.s.impl.user.UserSmsServiceImpl - 阿里云短信客户端已关闭
2025-12-21 21:39:28.453 [SpringApplicationShutdownHook] INFO  c.z.e.s.i.admin.AdminSmsServiceImpl - 关闭阿里云短信客户端...
2025-12-21 21:39:28.453 [SpringApplicationShutdownHook] INFO  c.z.e.s.i.admin.AdminSmsServiceImpl - 阿里云短信客户端已关闭
2025-12-21 21:39:28.459 [SpringApplicationShutdownHook] INFO  com.zaxxer.hikari.HikariDataSource - HikariPool-2 - Shutdown initiated...
2025-12-21 21:39:28.467 [SpringApplicationShutdownHook] INFO  com.zaxxer.hikari.HikariDataSource - HikariPool-2 - Shutdown completed.
2025-12-21 21:39:31.411 [main] INFO  c.a.n.client.logging.NacosLogging - Nacos Logging Adapter Builder: com.alibaba.nacos.logger.adapter.logback12.LogbackNacosLoggingAdapterBuilder
2025-12-21 21:39:31.415 [main] INFO  c.a.n.client.logging.NacosLogging - Nacos Logging Adapter Builder: com.alibaba.nacos.logger.adapter.logback14.LogbackNacosLoggingAdapterBuilder
2025-12-21 21:39:31.416 [main] INFO  c.a.n.client.logging.NacosLogging - Nacos Logging Adapter: com.alibaba.nacos.logger.adapter.logback14.LogbackNacosLoggingAdapter match ch.qos.logback.classic.Logger success.
2025-12-21 21:39:31.423 [main] INFO  c.a.n.client.logging.NacosLogging - Nacos Logging Adapter Builder: com.alibaba.nacos.logger.adapter.log4j2.Log4j2NacosLoggingAdapterBuilder
2025-12-21 21:39:31.432 [background-preinit] INFO  o.h.validator.internal.util.Version - HV000001: Hibernate Validator 8.0.1.Final
2025-12-21 21:39:31.534 [main] INFO  c.z.e.EasyApplyResumeApplication - Starting EasyApplyResumeApplication using Java 21.0.9 with PID 30264 (C:\Users\shini\IdeaProjects\EasyApplyResume\target\classes started by shini in C:\Users\shini\IdeaProjects\EasyApplyResume)
2025-12-21 21:39:31.534 [main] DEBUG c.z.e.EasyApplyResumeApplication - Running with Spring Boot v3.3.5, Spring v6.1.14
2025-12-21 21:39:31.535 [main] INFO  c.z.e.EasyApplyResumeApplication - The following 1 profile is active: "dev"
2025-12-21 21:39:43.392 [main] INFO  o.s.d.r.c.RepositoryConfigurationDelegate - Multiple Spring Data modules found, entering strict repository configuration mode
2025-12-21 21:39:43.418 [main] INFO  o.s.d.r.c.RepositoryConfigurationDelegate - Bootstrapping Spring Data Redis repositories in DEFAULT mode.
2025-12-21 21:39:43.793 [main] INFO  o.s.d.r.c.RepositoryConfigurationDelegate - Finished Spring Data repository scanning in 243 ms. Found 0 Redis repository interfaces.
2025-12-21 21:39:44.827 [main] WARN  o.m.s.mapper.ClassPathMapperScanner - Cannot use both: sqlSessionTemplate and sqlSessionFactory together. sqlSessionFactory is ignored.
2025-12-21 21:39:44.835 [main] WARN  o.m.s.mapper.ClassPathMapperScanner - Cannot use both: sqlSessionTemplate and sqlSessionFactory together. sqlSessionFactory is ignored.
2025-12-21 21:39:44.839 [main] WARN  o.m.s.mapper.ClassPathMapperScanner - Cannot use both: sqlSessionTemplate and sqlSessionFactory together. sqlSessionFactory is ignored.
2025-12-21 21:39:44.843 [main] WARN  o.m.s.mapper.ClassPathMapperScanner - Cannot use both: sqlSessionTemplate and sqlSessionFactory together. sqlSessionFactory is ignored.
2025-12-21 21:39:44.846 [main] WARN  o.m.s.mapper.ClassPathMapperScanner - Cannot use both: sqlSessionTemplate and sqlSessionFactory together. sqlSessionFactory is ignored.
2025-12-21 21:39:44.850 [main] WARN  o.m.s.mapper.ClassPathMapperScanner - Cannot use both: sqlSessionTemplate and sqlSessionFactory together. sqlSessionFactory is ignored.
2025-12-21 21:39:44.853 [main] WARN  o.m.s.mapper.ClassPathMapperScanner - Cannot use both: sqlSessionTemplate and sqlSessionFactory together. sqlSessionFactory is ignored.
2025-12-21 21:39:44.854 [main] WARN  o.m.s.mapper.ClassPathMapperScanner - Cannot use both: sqlSessionTemplate and sqlSessionFactory together. sqlSessionFactory is ignored.
2025-12-21 21:39:44.856 [main] WARN  o.m.s.mapper.ClassPathMapperScanner - Cannot use both: sqlSessionTemplate and sqlSessionFactory together. sqlSessionFactory is ignored.
2025-12-21 21:39:44.857 [main] WARN  o.m.s.mapper.ClassPathMapperScanner - Cannot use both: sqlSessionTemplate and sqlSessionFactory together. sqlSessionFactory is ignored.
2025-12-21 21:39:44.864 [main] WARN  o.m.s.mapper.ClassPathMapperScanner - Cannot use both: sqlSessionTemplate and sqlSessionFactory together. sqlSessionFactory is ignored.
2025-12-21 21:39:44.869 [main] WARN  o.m.s.mapper.ClassPathMapperScanner - Cannot use both: sqlSessionTemplate and sqlSessionFactory together. sqlSessionFactory is ignored.
2025-12-21 21:39:44.871 [main] WARN  o.m.s.mapper.ClassPathMapperScanner - Cannot use both: sqlSessionTemplate and sqlSessionFactory together. sqlSessionFactory is ignored.
2025-12-21 21:39:44.876 [main] WARN  o.m.s.mapper.ClassPathMapperScanner - Cannot use both: sqlSessionTemplate and sqlSessionFactory together. sqlSessionFactory is ignored.
2025-12-21 21:39:44.876 [main] WARN  o.m.s.mapper.ClassPathMapperScanner - Cannot use both: sqlSessionTemplate and sqlSessionFactory together. sqlSessionFactory is ignored.
2025-12-21 21:39:44.881 [main] WARN  o.m.s.mapper.ClassPathMapperScanner - Cannot use both: sqlSessionTemplate and sqlSessionFactory together. sqlSessionFactory is ignored.
2025-12-21 21:39:44.894 [main] WARN  o.m.s.mapper.ClassPathMapperScanner - Cannot use both: sqlSessionTemplate and sqlSessionFactory together. sqlSessionFactory is ignored.
2025-12-21 21:39:44.898 [main] WARN  o.m.s.mapper.ClassPathMapperScanner - Cannot use both: sqlSessionTemplate and sqlSessionFactory together. sqlSessionFactory is ignored.
2025-12-21 21:39:44.906 [main] WARN  o.m.s.mapper.ClassPathMapperScanner - Cannot use both: sqlSessionTemplate and sqlSessionFactory together. sqlSessionFactory is ignored.
2025-12-21 21:39:44.912 [main] WARN  o.m.s.mapper.ClassPathMapperScanner - Cannot use both: sqlSessionTemplate and sqlSessionFactory together. sqlSessionFactory is ignored.
2025-12-21 21:39:44.914 [main] WARN  o.m.s.mapper.ClassPathMapperScanner - Cannot use both: sqlSessionTemplate and sqlSessionFactory together. sqlSessionFactory is ignored.
2025-12-21 21:39:44.915 [main] WARN  o.m.s.mapper.ClassPathMapperScanner - Cannot use both: sqlSessionTemplate and sqlSessionFactory together. sqlSessionFactory is ignored.
2025-12-21 21:39:44.918 [main] WARN  o.m.s.mapper.ClassPathMapperScanner - Cannot use both: sqlSessionTemplate and sqlSessionFactory together. sqlSessionFactory is ignored.
2025-12-21 21:39:44.920 [main] WARN  o.m.s.mapper.ClassPathMapperScanner - Cannot use both: sqlSessionTemplate and sqlSessionFactory together. sqlSessionFactory is ignored.
2025-12-21 21:39:44.923 [main] WARN  o.m.s.mapper.ClassPathMapperScanner - Cannot use both: sqlSessionTemplate and sqlSessionFactory together. sqlSessionFactory is ignored.
2025-12-21 21:39:44.935 [main] WARN  o.m.s.mapper.ClassPathMapperScanner - Cannot use both: sqlSessionTemplate and sqlSessionFactory together. sqlSessionFactory is ignored.
2025-12-21 21:39:44.937 [main] WARN  o.m.s.mapper.ClassPathMapperScanner - Cannot use both: sqlSessionTemplate and sqlSessionFactory together. sqlSessionFactory is ignored.
2025-12-21 21:39:44.943 [main] WARN  o.m.s.mapper.ClassPathMapperScanner - Cannot use both: sqlSessionTemplate and sqlSessionFactory together. sqlSessionFactory is ignored.
2025-12-21 21:39:44.948 [main] WARN  o.m.s.mapper.ClassPathMapperScanner - Cannot use both: sqlSessionTemplate and sqlSessionFactory together. sqlSessionFactory is ignored.
2025-12-21 21:39:44.951 [main] WARN  o.m.s.mapper.ClassPathMapperScanner - Cannot use both: sqlSessionTemplate and sqlSessionFactory together. sqlSessionFactory is ignored.
2025-12-21 21:39:44.953 [main] WARN  o.m.s.mapper.ClassPathMapperScanner - Cannot use both: sqlSessionTemplate and sqlSessionFactory together. sqlSessionFactory is ignored.
2025-12-21 21:39:44.958 [main] WARN  o.m.s.mapper.ClassPathMapperScanner - Cannot use both: sqlSessionTemplate and sqlSessionFactory together. sqlSessionFactory is ignored.
2025-12-21 21:39:44.978 [main] WARN  o.m.s.mapper.ClassPathMapperScanner - No MyBatis mapper was found in '[com.zyh.easyapplyresume.mapper.pgvector]' package. Please check your configuration.
2025-12-21 21:39:47.775 [main] WARN  o.s.c.s.PostProcessorRegistrationDelegate$BeanPostProcessorChecker - Bean 'com.alibaba.cloud.nacos.NacosConfigAutoConfiguration' of type [com.alibaba.cloud.nacos.NacosConfigAutoConfiguration] is not eligible for getting processed by all BeanPostProcessors (for example: not eligible for auto-proxying). The currently created BeanPostProcessor [nacosAnnotationProcessor] is declared through a non-static factory method on that class; consider declaring it as static instead.
2025-12-21 21:39:47.871 [main] WARN  o.s.c.s.PostProcessorRegistrationDelegate$BeanPostProcessorChecker - Bean 'nacosConfigProperties' of type [com.alibaba.cloud.nacos.NacosConfigProperties] is not eligible for getting processed by all BeanPostProcessors (for example: not eligible for auto-proxying). Is this bean getting eagerly injected/applied to a currently created BeanPostProcessor [nacosAnnotationProcessor]? Check the corresponding BeanPostProcessor declaration and its dependencies/advisors. If this bean does not have to be post-processed, declare it with ROLE_INFRASTRUCTURE.
2025-12-21 21:39:48.746 [main] INFO  c.a.n.p.a.s.c.ClientAuthPluginManager - [ClientAuthPluginManager] Load ClientAuthService com.alibaba.nacos.client.auth.impl.NacosClientAuthServiceImpl success.
2025-12-21 21:39:48.747 [main] INFO  c.a.n.p.a.s.c.ClientAuthPluginManager - [ClientAuthPluginManager] Load ClientAuthService com.alibaba.nacos.client.auth.ram.RamClientAuthServiceImpl success.
2025-12-21 21:39:48.762 [main] WARN  o.s.c.s.PostProcessorRegistrationDelegate$BeanPostProcessorChecker - Bean 'nacosConfigManager' of type [com.alibaba.cloud.nacos.NacosConfigManager] is not eligible for getting processed by all BeanPostProcessors (for example: not eligible for auto-proxying). Is this bean getting eagerly injected/applied to a currently created BeanPostProcessor [nacosAnnotationProcessor]? Check the corresponding BeanPostProcessor declaration and its dependencies/advisors. If this bean does not have to be post-processed, declare it with ROLE_INFRASTRUCTURE.
2025-12-21 21:39:56.171 [main] INFO  o.s.b.w.e.tomcat.TomcatWebServer - Tomcat initialized with port 8080 (http)
2025-12-21 21:39:56.230 [main] INFO  o.a.coyote.http11.Http11NioProtocol - Initializing ProtocolHandler ["http-nio-8080"]
2025-12-21 21:39:56.265 [main] INFO  o.a.catalina.core.StandardService - Starting service [Tomcat]
2025-12-21 21:39:56.266 [main] INFO  o.a.catalina.core.StandardEngine - Starting Servlet engine: [Apache Tomcat/10.1.31]
2025-12-21 21:39:57.026 [main] INFO  o.a.c.c.C.[.[localhost].[/api] - Initializing Spring embedded WebApplicationContext
2025-12-21 21:39:57.027 [main] INFO  o.s.b.w.s.c.ServletWebServerApplicationContext - Root WebApplicationContext: initialization completed in 25432 ms
2025-12-21 21:40:06.707 [main] WARN  c.b.m.core.metadata.TableInfoHelper - Can not find table primary key in Class: "com.zyh.easyapplyresume.model.pojo.user.UserCollections".
2025-12-21 21:40:06.707 [main] WARN  c.b.m.c.injector.DefaultSqlInjector - class com.zyh.easyapplyresume.model.pojo.user.UserCollections ,Not found @TableId annotation, Cannot use Mybatis-Plus 'xxById' Method.
2025-12-21 21:40:08.255 [main] DEBUG c.z.e.filter.UserJwtAuthFilter - Filter 'userJwtAuthFilter' configured for use
2025-12-21 21:40:08.266 [main] DEBUG c.z.e.filter.AdminJwtAuthFilter - Filter 'adminJwtAuthFilter' configured for use
2025-12-21 21:40:13.186 [main] INFO  c.z.e.s.i.admin.AdminSmsServiceImpl - 开始初始化阿里云短信客户端...
2025-12-21 21:40:14.711 [main] INFO  c.z.e.s.i.admin.AdminSmsServiceImpl - 阿里云短信客户端初始化完成
2025-12-21 21:40:22.098 [main] INFO  c.z.e.d.a.AdminSensitiveWordsAdvisor - 管理端敏感词初始化完成，共加载 137 个敏感词
2025-12-21 21:40:25.896 [main] INFO  c.z.i.ImageSearchMcpApplication - Starting ImageSearchMcpApplication v0.0.1-SNAPSHOT using Java 21.0.9 with PID 7252 (C:\Users\shini\IdeaProjects\EasyApplyResume\Image-Search-Mcp\target\Image-Search-Mcp-0.0.1-SNAPSHOT.jar started by shini in C:\Users\shini\IdeaProjects\EasyApplyResume)
2025-12-21 21:40:25.897 [main] INFO  c.z.i.ImageSearchMcpApplication - The following 1 profile is active: "stdio"
2025-12-21 21:40:26.906 [pool-1-thread-1] INFO  i.m.server.McpAsyncServer - Client initialize request - Protocol: 2024-11-05, Capabilities: ClientCapabilities[experimental=null, roots=null, sampling=null], Info: Implementation[name=spring-ai-mcp-client, version=1.0.0]
2025-12-21 21:40:26.972 [pool-4-thread-1] INFO  i.m.client.McpAsyncClient - Server response with Protocol: 2024-11-05, Capabilities: ServerCapabilities[experimental=null, logging=LoggingCapabilities[], prompts=null, resources=null, tools=ToolCapabilities[listChanged=true]], Info: Implementation[name=image-search-mcp-server, version=0.0.1] and Instructions null
2025-12-21 21:40:27.010 [main] INFO  c.z.i.ImageSearchMcpApplication - Started ImageSearchMcpApplication in 1.537 seconds (process running for 2.258)
2025-12-21 21:40:29.514 [pool-9-thread-1] INFO  i.m.c.transport.StdioClientTransport - STDERR Message received: Amap Maps MCP Server running on stdio
2025-12-21 21:40:29.527 [pool-7-thread-1] INFO  i.m.client.McpAsyncClient - Server response with Protocol: 2024-11-05, Capabilities: ServerCapabilities[experimental=null, logging=null, prompts=null, resources=null, tools=ToolCapabilities[listChanged=null]], Info: Implementation[name=mcp-server/amap-maps, version=0.1.0] and Instructions null
2025-12-21 21:40:29.719 [main] INFO  c.z.e.d.a.SensitiveWordsAdvisor - 用户端敏感词初始化完成，共加载 137 个敏感词
2025-12-21 21:40:29.995 [main] INFO  o.s.a.t.splitter.TextSplitter - Splitting up document into 2 chunks.
2025-12-21 21:40:29.999 [main] INFO  o.s.a.t.splitter.TextSplitter - Splitting up document into 2 chunks.
2025-12-21 21:40:30.004 [main] INFO  o.s.a.t.splitter.TextSplitter - Splitting up document into 2 chunks.
2025-12-21 21:40:34.895 [main] INFO  o.s.ai.vectorstore.SimpleVectorStore - Calling EmbeddingModel for document id = beb4fee4-627b-4eae-90ef-f657551f8a8d
2025-12-21 21:40:35.201 [main] INFO  o.s.ai.vectorstore.SimpleVectorStore - Calling EmbeddingModel for document id = ea596673-1708-4425-b4fa-5f9ca33d4ebb
2025-12-21 21:40:35.485 [main] INFO  o.s.ai.vectorstore.SimpleVectorStore - Calling EmbeddingModel for document id = 3fb9bd1a-5545-42b8-8ae3-d49199b3e144
2025-12-21 21:40:35.715 [main] INFO  c.z.e.s.impl.user.UserSmsServiceImpl - 开始初始化阿里云短信客户端...
2025-12-21 21:40:35.731 [main] INFO  c.z.e.s.impl.user.UserSmsServiceImpl - 阿里云短信客户端初始化完成
2025-12-21 21:40:35.981 [main] WARN  c.b.m.e.s.MybatisSqlSessionFactoryBean - Property 'mapperLocations' was specified but matching resources are not found.
2025-12-21 21:40:36.090 [main] INFO  o.s.a.v.pgvector.PgVectorStore - Using the vector table name: vector_store. Is empty: false
2025-12-21 21:40:36.092 [main] INFO  o.s.a.v.pgvector.PgVectorStore - Initializing PGVectorStore schema for table: vector_store in schema: public
2025-12-21 21:40:36.092 [main] INFO  o.s.a.v.pgvector.PgVectorStore - vectorTableValidationsEnabled false
2025-12-21 21:40:36.097 [main] INFO  com.zaxxer.hikari.HikariDataSource - HikariPool-1 - Starting...
2025-12-21 21:40:36.493 [main] INFO  com.zaxxer.hikari.pool.HikariPool - HikariPool-1 - Added connection org.postgresql.jdbc.PgConnection@22834979
2025-12-21 21:40:36.495 [main] INFO  com.zaxxer.hikari.HikariDataSource - HikariPool-1 - Start completed.
2025-12-21 21:40:36.946 [main] WARN  o.s.b.a.s.s.UserDetailsServiceAutoConfiguration - 

Using generated security password: 6d205fd3-2749-42e9-95c4-651827db2f4e

This generated password is for development use only. Your security configuration must be updated before running your application in production.

2025-12-21 21:40:36.960 [main] INFO  o.s.s.c.a.a.c.InitializeUserDetailsBeanManagerConfigurer$InitializeUserDetailsManagerConfigurer - Global AuthenticationManager configured with UserDetailsService bean with name inMemoryUserDetailsManager
2025-12-21 21:40:37.494 [main] INFO  o.s.b.a.e.web.EndpointLinksResolver - Exposing 16 endpoints beneath base path '/api/actuator'
2025-12-21 21:40:38.283 [main] INFO  o.a.coyote.http11.Http11NioProtocol - Starting ProtocolHandler ["http-nio-8080"]
2025-12-21 21:40:38.295 [main] INFO  o.s.b.w.e.tomcat.TomcatWebServer - Tomcat started on port 8080 (http) with context path '/api'
2025-12-21 21:40:38.315 [main] INFO  c.z.e.EasyApplyResumeApplication - Started EasyApplyResumeApplication in 67.528 seconds (process running for 68.36)
2025-12-21 21:40:40.289 [registrationTask1] INFO  d.c.b.a.c.r.ApplicationRegistrator - Application registered itself as 57567a68910d
2025-12-21 21:40:40.346 [http-nio-8080-exec-1] INFO  o.a.c.c.C.[.[localhost].[/api] - Initializing Spring DispatcherServlet 'dispatcherServlet'
2025-12-21 21:40:40.346 [http-nio-8080-exec-1] INFO  o.s.web.servlet.DispatcherServlet - Initializing Servlet 'dispatcherServlet'
2025-12-21 21:40:40.349 [http-nio-8080-exec-1] INFO  o.s.web.servlet.DispatcherServlet - Completed initialization in 2 ms
2025-12-21 21:43:07.904 [Thread-15] WARN  c.a.n.c.http.HttpClientBeanHolder - [HttpClientBeanHolder] Start destroying common HttpClient
2025-12-21 21:43:07.904 [Thread-1] WARN  c.a.n.c.executor.ThreadPoolManager - [ThreadPoolManager] Start destroying ThreadPool
2025-12-21 21:43:07.905 [Thread-1] WARN  c.a.n.c.executor.ThreadPoolManager - [ThreadPoolManager] Destruction of the end
2025-12-21 21:43:07.905 [Thread-15] WARN  c.a.n.c.http.HttpClientBeanHolder - [HttpClientBeanHolder] Destruction of the end
2025-12-21 21:43:07.940 [SpringApplicationShutdownHook] INFO  com.zaxxer.hikari.HikariDataSource - HikariPool-1 - Shutdown initiated...
2025-12-21 21:43:07.944 [SpringApplicationShutdownHook] INFO  com.zaxxer.hikari.HikariDataSource - HikariPool-1 - Shutdown completed.
2025-12-21 21:43:07.944 [SpringApplicationShutdownHook] INFO  c.z.e.s.impl.user.UserSmsServiceImpl - 关闭阿里云短信客户端...
2025-12-21 21:43:07.946 [SpringApplicationShutdownHook] INFO  c.z.e.s.impl.user.UserSmsServiceImpl - 阿里云短信客户端已关闭
2025-12-21 21:43:07.947 [SpringApplicationShutdownHook] INFO  c.z.e.s.i.admin.AdminSmsServiceImpl - 关闭阿里云短信客户端...
2025-12-21 21:43:07.947 [SpringApplicationShutdownHook] INFO  c.z.e.s.i.admin.AdminSmsServiceImpl - 阿里云短信客户端已关闭
2025-12-21 21:46:22.746 [main] INFO  c.a.n.client.logging.NacosLogging - Nacos Logging Adapter Builder: com.alibaba.nacos.logger.adapter.logback12.LogbackNacosLoggingAdapterBuilder
2025-12-21 21:46:22.749 [main] INFO  c.a.n.client.logging.NacosLogging - Nacos Logging Adapter Builder: com.alibaba.nacos.logger.adapter.logback14.LogbackNacosLoggingAdapterBuilder
2025-12-21 21:46:22.750 [main] INFO  c.a.n.client.logging.NacosLogging - Nacos Logging Adapter: com.alibaba.nacos.logger.adapter.logback14.LogbackNacosLoggingAdapter match ch.qos.logback.classic.Logger success.
2025-12-21 21:46:22.757 [main] INFO  c.a.n.client.logging.NacosLogging - Nacos Logging Adapter Builder: com.alibaba.nacos.logger.adapter.log4j2.Log4j2NacosLoggingAdapterBuilder
2025-12-21 21:46:22.768 [background-preinit] INFO  o.h.validator.internal.util.Version - HV000001: Hibernate Validator 8.0.1.Final
2025-12-21 21:46:22.873 [main] INFO  c.z.e.EasyApplyResumeApplication - Starting EasyApplyResumeApplication using Java 21.0.9 with PID 23240 (C:\Users\shini\IdeaProjects\EasyApplyResume\target\classes started by shini in C:\Users\shini\IdeaProjects\EasyApplyResume)
2025-12-21 21:46:22.874 [main] DEBUG c.z.e.EasyApplyResumeApplication - Running with Spring Boot v3.3.5, Spring v6.1.14
2025-12-21 21:46:22.874 [main] INFO  c.z.e.EasyApplyResumeApplication - The following 1 profile is active: "dev"
2025-12-21 21:46:24.945 [main] INFO  o.s.d.r.c.RepositoryConfigurationDelegate - Multiple Spring Data modules found, entering strict repository configuration mode
2025-12-21 21:46:24.948 [main] INFO  o.s.d.r.c.RepositoryConfigurationDelegate - Bootstrapping Spring Data Redis repositories in DEFAULT mode.
2025-12-21 21:46:25.021 [main] INFO  o.s.d.r.c.RepositoryConfigurationDelegate - Finished Spring Data repository scanning in 59 ms. Found 0 Redis repository interfaces.
2025-12-21 21:46:25.187 [main] WARN  o.m.s.mapper.ClassPathMapperScanner - Cannot use both: sqlSessionTemplate and sqlSessionFactory together. sqlSessionFactory is ignored.
2025-12-21 21:46:25.188 [main] WARN  o.m.s.mapper.ClassPathMapperScanner - Cannot use both: sqlSessionTemplate and sqlSessionFactory together. sqlSessionFactory is ignored.
2025-12-21 21:46:25.189 [main] WARN  o.m.s.mapper.ClassPathMapperScanner - Cannot use both: sqlSessionTemplate and sqlSessionFactory together. sqlSessionFactory is ignored.
2025-12-21 21:46:25.190 [main] WARN  o.m.s.mapper.ClassPathMapperScanner - Cannot use both: sqlSessionTemplate and sqlSessionFactory together. sqlSessionFactory is ignored.
2025-12-21 21:46:25.191 [main] WARN  o.m.s.mapper.ClassPathMapperScanner - Cannot use both: sqlSessionTemplate and sqlSessionFactory together. sqlSessionFactory is ignored.
2025-12-21 21:46:25.192 [main] WARN  o.m.s.mapper.ClassPathMapperScanner - Cannot use both: sqlSessionTemplate and sqlSessionFactory together. sqlSessionFactory is ignored.
2025-12-21 21:46:25.192 [main] WARN  o.m.s.mapper.ClassPathMapperScanner - Cannot use both: sqlSessionTemplate and sqlSessionFactory together. sqlSessionFactory is ignored.
2025-12-21 21:46:25.193 [main] WARN  o.m.s.mapper.ClassPathMapperScanner - Cannot use both: sqlSessionTemplate and sqlSessionFactory together. sqlSessionFactory is ignored.
2025-12-21 21:46:25.193 [main] WARN  o.m.s.mapper.ClassPathMapperScanner - Cannot use both: sqlSessionTemplate and sqlSessionFactory together. sqlSessionFactory is ignored.
2025-12-21 21:46:25.194 [main] WARN  o.m.s.mapper.ClassPathMapperScanner - Cannot use both: sqlSessionTemplate and sqlSessionFactory together. sqlSessionFactory is ignored.
2025-12-21 21:46:25.194 [main] WARN  o.m.s.mapper.ClassPathMapperScanner - Cannot use both: sqlSessionTemplate and sqlSessionFactory together. sqlSessionFactory is ignored.
2025-12-21 21:46:25.195 [main] WARN  o.m.s.mapper.ClassPathMapperScanner - Cannot use both: sqlSessionTemplate and sqlSessionFactory together. sqlSessionFactory is ignored.
2025-12-21 21:46:25.195 [main] WARN  o.m.s.mapper.ClassPathMapperScanner - Cannot use both: sqlSessionTemplate and sqlSessionFactory together. sqlSessionFactory is ignored.
2025-12-21 21:46:25.197 [main] WARN  o.m.s.mapper.ClassPathMapperScanner - Cannot use both: sqlSessionTemplate and sqlSessionFactory together. sqlSessionFactory is ignored.
2025-12-21 21:46:25.197 [main] WARN  o.m.s.mapper.ClassPathMapperScanner - Cannot use both: sqlSessionTemplate and sqlSessionFactory together. sqlSessionFactory is ignored.
2025-12-21 21:46:25.198 [main] WARN  o.m.s.mapper.ClassPathMapperScanner - Cannot use both: sqlSessionTemplate and sqlSessionFactory together. sqlSessionFactory is ignored.
2025-12-21 21:46:25.199 [main] WARN  o.m.s.mapper.ClassPathMapperScanner - Cannot use both: sqlSessionTemplate and sqlSessionFactory together. sqlSessionFactory is ignored.
2025-12-21 21:46:25.200 [main] WARN  o.m.s.mapper.ClassPathMapperScanner - Cannot use both: sqlSessionTemplate and sqlSessionFactory together. sqlSessionFactory is ignored.
2025-12-21 21:46:25.200 [main] WARN  o.m.s.mapper.ClassPathMapperScanner - Cannot use both: sqlSessionTemplate and sqlSessionFactory together. sqlSessionFactory is ignored.
2025-12-21 21:46:25.201 [main] WARN  o.m.s.mapper.ClassPathMapperScanner - Cannot use both: sqlSessionTemplate and sqlSessionFactory together. sqlSessionFactory is ignored.
2025-12-21 21:46:25.201 [main] WARN  o.m.s.mapper.ClassPathMapperScanner - Cannot use both: sqlSessionTemplate and sqlSessionFactory together. sqlSessionFactory is ignored.
2025-12-21 21:46:25.202 [main] WARN  o.m.s.mapper.ClassPathMapperScanner - Cannot use both: sqlSessionTemplate and sqlSessionFactory together. sqlSessionFactory is ignored.
2025-12-21 21:46:25.202 [main] WARN  o.m.s.mapper.ClassPathMapperScanner - Cannot use both: sqlSessionTemplate and sqlSessionFactory together. sqlSessionFactory is ignored.
2025-12-21 21:46:25.203 [main] WARN  o.m.s.mapper.ClassPathMapperScanner - Cannot use both: sqlSessionTemplate and sqlSessionFactory together. sqlSessionFactory is ignored.
2025-12-21 21:46:25.204 [main] WARN  o.m.s.mapper.ClassPathMapperScanner - Cannot use both: sqlSessionTemplate and sqlSessionFactory together. sqlSessionFactory is ignored.
2025-12-21 21:46:25.205 [main] WARN  o.m.s.mapper.ClassPathMapperScanner - Cannot use both: sqlSessionTemplate and sqlSessionFactory together. sqlSessionFactory is ignored.
2025-12-21 21:46:25.205 [main] WARN  o.m.s.mapper.ClassPathMapperScanner - Cannot use both: sqlSessionTemplate and sqlSessionFactory together. sqlSessionFactory is ignored.
2025-12-21 21:46:25.206 [main] WARN  o.m.s.mapper.ClassPathMapperScanner - Cannot use both: sqlSessionTemplate and sqlSessionFactory together. sqlSessionFactory is ignored.
2025-12-21 21:46:25.207 [main] WARN  o.m.s.mapper.ClassPathMapperScanner - Cannot use both: sqlSessionTemplate and sqlSessionFactory together. sqlSessionFactory is ignored.
2025-12-21 21:46:25.207 [main] WARN  o.m.s.mapper.ClassPathMapperScanner - Cannot use both: sqlSessionTemplate and sqlSessionFactory together. sqlSessionFactory is ignored.
2025-12-21 21:46:25.208 [main] WARN  o.m.s.mapper.ClassPathMapperScanner - Cannot use both: sqlSessionTemplate and sqlSessionFactory together. sqlSessionFactory is ignored.
2025-12-21 21:46:25.208 [main] WARN  o.m.s.mapper.ClassPathMapperScanner - Cannot use both: sqlSessionTemplate and sqlSessionFactory together. sqlSessionFactory is ignored.
2025-12-21 21:46:25.212 [main] WARN  o.m.s.mapper.ClassPathMapperScanner - No MyBatis mapper was found in '[com.zyh.easyapplyresume.mapper.pgvector]' package. Please check your configuration.
2025-12-21 21:46:25.637 [main] WARN  o.s.c.s.PostProcessorRegistrationDelegate$BeanPostProcessorChecker - Bean 'com.alibaba.cloud.nacos.NacosConfigAutoConfiguration' of type [com.alibaba.cloud.nacos.NacosConfigAutoConfiguration] is not eligible for getting processed by all BeanPostProcessors (for example: not eligible for auto-proxying). The currently created BeanPostProcessor [nacosAnnotationProcessor] is declared through a non-static factory method on that class; consider declaring it as static instead.
2025-12-21 21:46:25.651 [main] WARN  o.s.c.s.PostProcessorRegistrationDelegate$BeanPostProcessorChecker - Bean 'nacosConfigProperties' of type [com.alibaba.cloud.nacos.NacosConfigProperties] is not eligible for getting processed by all BeanPostProcessors (for example: not eligible for auto-proxying). Is this bean getting eagerly injected/applied to a currently created BeanPostProcessor [nacosAnnotationProcessor]? Check the corresponding BeanPostProcessor declaration and its dependencies/advisors. If this bean does not have to be post-processed, declare it with ROLE_INFRASTRUCTURE.
2025-12-21 21:46:25.781 [main] INFO  c.a.n.p.a.s.c.ClientAuthPluginManager - [ClientAuthPluginManager] Load ClientAuthService com.alibaba.nacos.client.auth.impl.NacosClientAuthServiceImpl success.
2025-12-21 21:46:25.782 [main] INFO  c.a.n.p.a.s.c.ClientAuthPluginManager - [ClientAuthPluginManager] Load ClientAuthService com.alibaba.nacos.client.auth.ram.RamClientAuthServiceImpl success.
2025-12-21 21:46:25.785 [main] WARN  o.s.c.s.PostProcessorRegistrationDelegate$BeanPostProcessorChecker - Bean 'nacosConfigManager' of type [com.alibaba.cloud.nacos.NacosConfigManager] is not eligible for getting processed by all BeanPostProcessors (for example: not eligible for auto-proxying). Is this bean getting eagerly injected/applied to a currently created BeanPostProcessor [nacosAnnotationProcessor]? Check the corresponding BeanPostProcessor declaration and its dependencies/advisors. If this bean does not have to be post-processed, declare it with ROLE_INFRASTRUCTURE.
2025-12-21 21:46:26.657 [main] INFO  o.s.b.w.e.tomcat.TomcatWebServer - Tomcat initialized with port 8080 (http)
2025-12-21 21:46:26.684 [main] INFO  o.a.coyote.http11.Http11NioProtocol - Initializing ProtocolHandler ["http-nio-8080"]
2025-12-21 21:46:26.694 [main] INFO  o.a.catalina.core.StandardService - Starting service [Tomcat]
2025-12-21 21:46:26.695 [main] INFO  o.a.catalina.core.StandardEngine - Starting Servlet engine: [Apache Tomcat/10.1.31]
2025-12-21 21:46:26.916 [main] INFO  o.a.c.c.C.[.[localhost].[/api] - Initializing Spring embedded WebApplicationContext
2025-12-21 21:46:26.916 [main] INFO  o.s.b.w.s.c.ServletWebServerApplicationContext - Root WebApplicationContext: initialization completed in 3962 ms
2025-12-21 21:46:28.023 [main] WARN  c.b.m.core.metadata.TableInfoHelper - Can not find table primary key in Class: "com.zyh.easyapplyresume.model.pojo.user.UserCollections".
2025-12-21 21:46:28.023 [main] WARN  c.b.m.c.injector.DefaultSqlInjector - class com.zyh.easyapplyresume.model.pojo.user.UserCollections ,Not found @TableId annotation, Cannot use Mybatis-Plus 'xxById' Method.
2025-12-21 21:46:28.188 [main] DEBUG c.z.e.filter.UserJwtAuthFilter - Filter 'userJwtAuthFilter' configured for use
2025-12-21 21:46:28.190 [main] DEBUG c.z.e.filter.AdminJwtAuthFilter - Filter 'adminJwtAuthFilter' configured for use
2025-12-21 21:46:28.404 [main] INFO  c.z.e.s.i.admin.AdminSmsServiceImpl - 开始初始化阿里云短信客户端...
2025-12-21 21:46:28.652 [main] INFO  c.z.e.s.i.admin.AdminSmsServiceImpl - 阿里云短信客户端初始化完成
2025-12-21 21:46:29.589 [main] INFO  c.z.e.d.a.AdminSensitiveWordsAdvisor - 管理端敏感词初始化完成，共加载 137 个敏感词
2025-12-21 21:46:31.222 [main] INFO  c.z.i.ImageSearchMcpApplication - Starting ImageSearchMcpApplication v0.0.1-SNAPSHOT using Java 21.0.9 with PID 3768 (C:\Users\shini\IdeaProjects\EasyApplyResume\Image-Search-Mcp\target\Image-Search-Mcp-0.0.1-SNAPSHOT.jar started by shini in C:\Users\shini\IdeaProjects\EasyApplyResume)
2025-12-21 21:46:31.225 [main] INFO  c.z.i.ImageSearchMcpApplication - The following 1 profile is active: "stdio"
2025-12-21 21:46:32.443 [pool-1-thread-1] INFO  i.m.server.McpAsyncServer - Client initialize request - Protocol: 2024-11-05, Capabilities: ClientCapabilities[experimental=null, roots=null, sampling=null], Info: Implementation[name=spring-ai-mcp-client, version=1.0.0]
2025-12-21 21:46:32.504 [pool-4-thread-1] INFO  i.m.client.McpAsyncClient - Server response with Protocol: 2024-11-05, Capabilities: ServerCapabilities[experimental=null, logging=LoggingCapabilities[], prompts=null, resources=null, tools=ToolCapabilities[listChanged=true]], Info: Implementation[name=image-search-mcp-server, version=0.0.1] and Instructions null
2025-12-21 21:46:32.531 [main] INFO  c.z.i.ImageSearchMcpApplication - Started ImageSearchMcpApplication in 1.785 seconds (process running for 2.508)
2025-12-21 21:46:35.662 [pool-9-thread-1] INFO  i.m.c.transport.StdioClientTransport - STDERR Message received: Amap Maps MCP Server running on stdio
2025-12-21 21:46:35.671 [pool-7-thread-1] INFO  i.m.client.McpAsyncClient - Server response with Protocol: 2024-11-05, Capabilities: ServerCapabilities[experimental=null, logging=null, prompts=null, resources=null, tools=ToolCapabilities[listChanged=null]], Info: Implementation[name=mcp-server/amap-maps, version=0.1.0] and Instructions null
2025-12-21 21:46:35.890 [main] INFO  c.z.e.d.a.SensitiveWordsAdvisor - 用户端敏感词初始化完成，共加载 137 个敏感词
2025-12-21 21:46:36.179 [main] INFO  o.s.a.t.splitter.TextSplitter - Splitting up document into 2 chunks.
2025-12-21 21:46:36.184 [main] INFO  o.s.a.t.splitter.TextSplitter - Splitting up document into 2 chunks.
2025-12-21 21:46:36.188 [main] INFO  o.s.a.t.splitter.TextSplitter - Splitting up document into 2 chunks.
2025-12-21 21:46:41.219 [main] INFO  o.s.ai.vectorstore.SimpleVectorStore - Calling EmbeddingModel for document id = 8c28ac46-6994-4519-98b6-8dd66c4ce7e8
2025-12-21 21:46:41.627 [main] INFO  o.s.ai.vectorstore.SimpleVectorStore - Calling EmbeddingModel for document id = 6f297209-5955-4bf3-975c-8f19da8f9530
2025-12-21 21:46:41.948 [main] INFO  o.s.ai.vectorstore.SimpleVectorStore - Calling EmbeddingModel for document id = d6b66409-ac86-402c-b646-4a1930decfdb
2025-12-21 21:46:42.188 [main] INFO  c.z.e.s.impl.user.UserSmsServiceImpl - 开始初始化阿里云短信客户端...
2025-12-21 21:46:42.200 [main] INFO  c.z.e.s.impl.user.UserSmsServiceImpl - 阿里云短信客户端初始化完成
2025-12-21 21:46:42.412 [main] WARN  c.b.m.e.s.MybatisSqlSessionFactoryBean - Property 'mapperLocations' was specified but matching resources are not found.
2025-12-21 21:46:42.547 [main] INFO  o.s.a.v.pgvector.PgVectorStore - Using the vector table name: vector_store. Is empty: false
2025-12-21 21:46:42.551 [main] INFO  o.s.a.v.pgvector.PgVectorStore - Initializing PGVectorStore schema for table: vector_store in schema: public
2025-12-21 21:46:42.551 [main] INFO  o.s.a.v.pgvector.PgVectorStore - vectorTableValidationsEnabled false
2025-12-21 21:46:42.558 [main] INFO  com.zaxxer.hikari.HikariDataSource - HikariPool-1 - Starting...
2025-12-21 21:46:43.207 [main] INFO  com.zaxxer.hikari.pool.HikariPool - HikariPool-1 - Added connection org.postgresql.jdbc.PgConnection@7d8d046a
2025-12-21 21:46:43.209 [main] INFO  com.zaxxer.hikari.HikariDataSource - HikariPool-1 - Start completed.
2025-12-21 21:46:43.708 [main] WARN  o.s.b.a.s.s.UserDetailsServiceAutoConfiguration - 

Using generated security password: 5107d019-af1b-4b48-b6b7-b907badc89b4

This generated password is for development use only. Your security configuration must be updated before running your application in production.

2025-12-21 21:46:43.719 [main] INFO  o.s.s.c.a.a.c.InitializeUserDetailsBeanManagerConfigurer$InitializeUserDetailsManagerConfigurer - Global AuthenticationManager configured with UserDetailsService bean with name inMemoryUserDetailsManager
2025-12-21 21:46:44.216 [main] INFO  o.s.b.a.e.web.EndpointLinksResolver - Exposing 16 endpoints beneath base path '/api/actuator'
2025-12-21 21:46:45.120 [main] INFO  o.a.coyote.http11.Http11NioProtocol - Starting ProtocolHandler ["http-nio-8080"]
2025-12-21 21:46:45.132 [main] INFO  o.s.b.w.e.tomcat.TomcatWebServer - Tomcat started on port 8080 (http) with context path '/api'
2025-12-21 21:46:45.159 [main] INFO  c.z.e.EasyApplyResumeApplication - Started EasyApplyResumeApplication in 22.942 seconds (process running for 23.751)
2025-12-21 21:46:47.043 [registrationTask1] INFO  d.c.b.a.c.r.ApplicationRegistrator - Application registered itself as 5f9c2de4a080
2025-12-21 21:46:47.112 [http-nio-8080-exec-1] INFO  o.a.c.c.C.[.[localhost].[/api] - Initializing Spring DispatcherServlet 'dispatcherServlet'
2025-12-21 21:46:47.112 [http-nio-8080-exec-1] INFO  o.s.web.servlet.DispatcherServlet - Initializing Servlet 'dispatcherServlet'
2025-12-21 21:46:47.114 [http-nio-8080-exec-1] INFO  o.s.web.servlet.DispatcherServlet - Completed initialization in 2 ms
2025-12-21 21:46:47.175 [http-nio-8080-exec-1] INFO  com.zaxxer.hikari.HikariDataSource - HikariPool-2 - Starting...
2025-12-21 21:46:48.251 [http-nio-8080-exec-1] INFO  com.zaxxer.hikari.pool.HikariPool - HikariPool-2 - Added connection com.mysql.cj.jdbc.ConnectionImpl@32472546
2025-12-21 21:46:48.252 [http-nio-8080-exec-1] INFO  com.zaxxer.hikari.HikariDataSource - HikariPool-2 - Start completed.
2025-12-21 21:48:24.797 [http-nio-8080-exec-10] WARN  o.s.b.a.health.HealthEndpointSupport - Health contributor org.springframework.boot.actuate.mail.MailHealthIndicator (mail) took 16920ms to respond
2025-12-21 21:48:32.208 [Thread-15] WARN  c.a.n.c.http.HttpClientBeanHolder - [HttpClientBeanHolder] Start destroying common HttpClient
2025-12-21 21:48:32.208 [Thread-1] WARN  c.a.n.c.executor.ThreadPoolManager - [ThreadPoolManager] Start destroying ThreadPool
2025-12-21 21:48:32.209 [Thread-1] WARN  c.a.n.c.executor.ThreadPoolManager - [ThreadPoolManager] Destruction of the end
2025-12-21 21:48:32.209 [Thread-15] WARN  c.a.n.c.http.HttpClientBeanHolder - [HttpClientBeanHolder] Destruction of the end
2025-12-21 21:48:32.249 [SpringApplicationShutdownHook] INFO  com.zaxxer.hikari.HikariDataSource - HikariPool-1 - Shutdown initiated...
2025-12-21 21:48:32.254 [SpringApplicationShutdownHook] INFO  com.zaxxer.hikari.HikariDataSource - HikariPool-1 - Shutdown completed.
2025-12-21 21:48:32.254 [SpringApplicationShutdownHook] INFO  c.z.e.s.impl.user.UserSmsServiceImpl - 关闭阿里云短信客户端...
2025-12-21 21:48:32.257 [SpringApplicationShutdownHook] INFO  c.z.e.s.impl.user.UserSmsServiceImpl - 阿里云短信客户端已关闭
2025-12-21 21:48:32.257 [SpringApplicationShutdownHook] INFO  c.z.e.s.i.admin.AdminSmsServiceImpl - 关闭阿里云短信客户端...
2025-12-21 21:48:32.259 [SpringApplicationShutdownHook] INFO  c.z.e.s.i.admin.AdminSmsServiceImpl - 阿里云短信客户端已关闭
2025-12-21 21:48:32.264 [SpringApplicationShutdownHook] INFO  com.zaxxer.hikari.HikariDataSource - HikariPool-2 - Shutdown initiated...
2025-12-21 21:48:32.270 [SpringApplicationShutdownHook] INFO  com.zaxxer.hikari.HikariDataSource - HikariPool-2 - Shutdown completed.
2025-12-21 21:48:36.557 [main] INFO  c.a.n.client.logging.NacosLogging - Nacos Logging Adapter Builder: com.alibaba.nacos.logger.adapter.logback12.LogbackNacosLoggingAdapterBuilder
2025-12-21 21:48:36.560 [main] INFO  c.a.n.client.logging.NacosLogging - Nacos Logging Adapter Builder: com.alibaba.nacos.logger.adapter.logback14.LogbackNacosLoggingAdapterBuilder
2025-12-21 21:48:36.561 [main] INFO  c.a.n.client.logging.NacosLogging - Nacos Logging Adapter: com.alibaba.nacos.logger.adapter.logback14.LogbackNacosLoggingAdapter match ch.qos.logback.classic.Logger success.
2025-12-21 21:48:36.568 [main] INFO  c.a.n.client.logging.NacosLogging - Nacos Logging Adapter Builder: com.alibaba.nacos.logger.adapter.log4j2.Log4j2NacosLoggingAdapterBuilder
2025-12-21 21:48:36.582 [background-preinit] INFO  o.h.validator.internal.util.Version - HV000001: Hibernate Validator 8.0.1.Final
2025-12-21 21:48:36.698 [main] INFO  c.z.e.EasyApplyResumeApplication - Starting EasyApplyResumeApplication using Java 21.0.9 with PID 33072 (C:\Users\shini\IdeaProjects\EasyApplyResume\target\classes started by shini in C:\Users\shini\IdeaProjects\EasyApplyResume)
2025-12-21 21:48:36.698 [main] DEBUG c.z.e.EasyApplyResumeApplication - Running with Spring Boot v3.3.5, Spring v6.1.14
2025-12-21 21:48:36.700 [main] INFO  c.z.e.EasyApplyResumeApplication - The following 1 profile is active: "dev"
2025-12-21 21:48:39.046 [main] INFO  o.s.d.r.c.RepositoryConfigurationDelegate - Multiple Spring Data modules found, entering strict repository configuration mode
2025-12-21 21:48:39.048 [main] INFO  o.s.d.r.c.RepositoryConfigurationDelegate - Bootstrapping Spring Data Redis repositories in DEFAULT mode.
2025-12-21 21:48:39.115 [main] INFO  o.s.d.r.c.RepositoryConfigurationDelegate - Finished Spring Data repository scanning in 54 ms. Found 0 Redis repository interfaces.
2025-12-21 21:48:39.304 [main] WARN  o.m.s.mapper.ClassPathMapperScanner - Cannot use both: sqlSessionTemplate and sqlSessionFactory together. sqlSessionFactory is ignored.
2025-12-21 21:48:39.304 [main] WARN  o.m.s.mapper.ClassPathMapperScanner - Cannot use both: sqlSessionTemplate and sqlSessionFactory together. sqlSessionFactory is ignored.
2025-12-21 21:48:39.305 [main] WARN  o.m.s.mapper.ClassPathMapperScanner - Cannot use both: sqlSessionTemplate and sqlSessionFactory together. sqlSessionFactory is ignored.
2025-12-21 21:48:39.307 [main] WARN  o.m.s.mapper.ClassPathMapperScanner - Cannot use both: sqlSessionTemplate and sqlSessionFactory together. sqlSessionFactory is ignored.
2025-12-21 21:48:39.308 [main] WARN  o.m.s.mapper.ClassPathMapperScanner - Cannot use both: sqlSessionTemplate and sqlSessionFactory together. sqlSessionFactory is ignored.
2025-12-21 21:48:39.309 [main] WARN  o.m.s.mapper.ClassPathMapperScanner - Cannot use both: sqlSessionTemplate and sqlSessionFactory together. sqlSessionFactory is ignored.
2025-12-21 21:48:39.310 [main] WARN  o.m.s.mapper.ClassPathMapperScanner - Cannot use both: sqlSessionTemplate and sqlSessionFactory together. sqlSessionFactory is ignored.
2025-12-21 21:48:39.310 [main] WARN  o.m.s.mapper.ClassPathMapperScanner - Cannot use both: sqlSessionTemplate and sqlSessionFactory together. sqlSessionFactory is ignored.
2025-12-21 21:48:39.311 [main] WARN  o.m.s.mapper.ClassPathMapperScanner - Cannot use both: sqlSessionTemplate and sqlSessionFactory together. sqlSessionFactory is ignored.
2025-12-21 21:48:39.311 [main] WARN  o.m.s.mapper.ClassPathMapperScanner - Cannot use both: sqlSessionTemplate and sqlSessionFactory together. sqlSessionFactory is ignored.
2025-12-21 21:48:39.312 [main] WARN  o.m.s.mapper.ClassPathMapperScanner - Cannot use both: sqlSessionTemplate and sqlSessionFactory together. sqlSessionFactory is ignored.
2025-12-21 21:48:39.312 [main] WARN  o.m.s.mapper.ClassPathMapperScanner - Cannot use both: sqlSessionTemplate and sqlSessionFactory together. sqlSessionFactory is ignored.
2025-12-21 21:48:39.313 [main] WARN  o.m.s.mapper.ClassPathMapperScanner - Cannot use both: sqlSessionTemplate and sqlSessionFactory together. sqlSessionFactory is ignored.
2025-12-21 21:48:39.314 [main] WARN  o.m.s.mapper.ClassPathMapperScanner - Cannot use both: sqlSessionTemplate and sqlSessionFactory together. sqlSessionFactory is ignored.
2025-12-21 21:48:39.314 [main] WARN  o.m.s.mapper.ClassPathMapperScanner - Cannot use both: sqlSessionTemplate and sqlSessionFactory together. sqlSessionFactory is ignored.
2025-12-21 21:48:39.314 [main] WARN  o.m.s.mapper.ClassPathMapperScanner - Cannot use both: sqlSessionTemplate and sqlSessionFactory together. sqlSessionFactory is ignored.
2025-12-21 21:48:39.316 [main] WARN  o.m.s.mapper.ClassPathMapperScanner - Cannot use both: sqlSessionTemplate and sqlSessionFactory together. sqlSessionFactory is ignored.
2025-12-21 21:48:39.316 [main] WARN  o.m.s.mapper.ClassPathMapperScanner - Cannot use both: sqlSessionTemplate and sqlSessionFactory together. sqlSessionFactory is ignored.
2025-12-21 21:48:39.318 [main] WARN  o.m.s.mapper.ClassPathMapperScanner - Cannot use both: sqlSessionTemplate and sqlSessionFactory together. sqlSessionFactory is ignored.
2025-12-21 21:48:39.319 [main] WARN  o.m.s.mapper.ClassPathMapperScanner - Cannot use both: sqlSessionTemplate and sqlSessionFactory together. sqlSessionFactory is ignored.
2025-12-21 21:48:39.320 [main] WARN  o.m.s.mapper.ClassPathMapperScanner - Cannot use both: sqlSessionTemplate and sqlSessionFactory together. sqlSessionFactory is ignored.
2025-12-21 21:48:39.320 [main] WARN  o.m.s.mapper.ClassPathMapperScanner - Cannot use both: sqlSessionTemplate and sqlSessionFactory together. sqlSessionFactory is ignored.
2025-12-21 21:48:39.321 [main] WARN  o.m.s.mapper.ClassPathMapperScanner - Cannot use both: sqlSessionTemplate and sqlSessionFactory together. sqlSessionFactory is ignored.
2025-12-21 21:48:39.321 [main] WARN  o.m.s.mapper.ClassPathMapperScanner - Cannot use both: sqlSessionTemplate and sqlSessionFactory together. sqlSessionFactory is ignored.
2025-12-21 21:48:39.322 [main] WARN  o.m.s.mapper.ClassPathMapperScanner - Cannot use both: sqlSessionTemplate and sqlSessionFactory together. sqlSessionFactory is ignored.
2025-12-21 21:48:39.322 [main] WARN  o.m.s.mapper.ClassPathMapperScanner - Cannot use both: sqlSessionTemplate and sqlSessionFactory together. sqlSessionFactory is ignored.
2025-12-21 21:48:39.323 [main] WARN  o.m.s.mapper.ClassPathMapperScanner - Cannot use both: sqlSessionTemplate and sqlSessionFactory together. sqlSessionFactory is ignored.
2025-12-21 21:48:39.323 [main] WARN  o.m.s.mapper.ClassPathMapperScanner - Cannot use both: sqlSessionTemplate and sqlSessionFactory together. sqlSessionFactory is ignored.
2025-12-21 21:48:39.324 [main] WARN  o.m.s.mapper.ClassPathMapperScanner - Cannot use both: sqlSessionTemplate and sqlSessionFactory together. sqlSessionFactory is ignored.
2025-12-21 21:48:39.325 [main] WARN  o.m.s.mapper.ClassPathMapperScanner - Cannot use both: sqlSessionTemplate and sqlSessionFactory together. sqlSessionFactory is ignored.
2025-12-21 21:48:39.325 [main] WARN  o.m.s.mapper.ClassPathMapperScanner - Cannot use both: sqlSessionTemplate and sqlSessionFactory together. sqlSessionFactory is ignored.
2025-12-21 21:48:39.325 [main] WARN  o.m.s.mapper.ClassPathMapperScanner - Cannot use both: sqlSessionTemplate and sqlSessionFactory together. sqlSessionFactory is ignored.
2025-12-21 21:48:39.328 [main] WARN  o.m.s.mapper.ClassPathMapperScanner - No MyBatis mapper was found in '[com.zyh.easyapplyresume.mapper.pgvector]' package. Please check your configuration.
2025-12-21 21:48:39.688 [main] WARN  o.s.c.s.PostProcessorRegistrationDelegate$BeanPostProcessorChecker - Bean 'com.alibaba.cloud.nacos.NacosConfigAutoConfiguration' of type [com.alibaba.cloud.nacos.NacosConfigAutoConfiguration] is not eligible for getting processed by all BeanPostProcessors (for example: not eligible for auto-proxying). The currently created BeanPostProcessor [nacosAnnotationProcessor] is declared through a non-static factory method on that class; consider declaring it as static instead.
2025-12-21 21:48:39.695 [main] WARN  o.s.c.s.PostProcessorRegistrationDelegate$BeanPostProcessorChecker - Bean 'nacosConfigProperties' of type [com.alibaba.cloud.nacos.NacosConfigProperties] is not eligible for getting processed by all BeanPostProcessors (for example: not eligible for auto-proxying). Is this bean getting eagerly injected/applied to a currently created BeanPostProcessor [nacosAnnotationProcessor]? Check the corresponding BeanPostProcessor declaration and its dependencies/advisors. If this bean does not have to be post-processed, declare it with ROLE_INFRASTRUCTURE.
2025-12-21 21:48:39.787 [main] INFO  c.a.n.p.a.s.c.ClientAuthPluginManager - [ClientAuthPluginManager] Load ClientAuthService com.alibaba.nacos.client.auth.impl.NacosClientAuthServiceImpl success.
2025-12-21 21:48:39.788 [main] INFO  c.a.n.p.a.s.c.ClientAuthPluginManager - [ClientAuthPluginManager] Load ClientAuthService com.alibaba.nacos.client.auth.ram.RamClientAuthServiceImpl success.
2025-12-21 21:48:39.790 [main] WARN  o.s.c.s.PostProcessorRegistrationDelegate$BeanPostProcessorChecker - Bean 'nacosConfigManager' of type [com.alibaba.cloud.nacos.NacosConfigManager] is not eligible for getting processed by all BeanPostProcessors (for example: not eligible for auto-proxying). Is this bean getting eagerly injected/applied to a currently created BeanPostProcessor [nacosAnnotationProcessor]? Check the corresponding BeanPostProcessor declaration and its dependencies/advisors. If this bean does not have to be post-processed, declare it with ROLE_INFRASTRUCTURE.
2025-12-21 21:48:40.446 [main] INFO  o.s.b.w.e.tomcat.TomcatWebServer - Tomcat initialized with port 8080 (http)
2025-12-21 21:48:40.467 [main] INFO  o.a.coyote.http11.Http11NioProtocol - Initializing ProtocolHandler ["http-nio-8080"]
2025-12-21 21:48:40.473 [main] INFO  o.a.catalina.core.StandardService - Starting service [Tomcat]
2025-12-21 21:48:40.474 [main] INFO  o.a.catalina.core.StandardEngine - Starting Servlet engine: [Apache Tomcat/10.1.31]
2025-12-21 21:48:40.624 [main] INFO  o.a.c.c.C.[.[localhost].[/api] - Initializing Spring embedded WebApplicationContext
2025-12-21 21:48:40.625 [main] INFO  o.s.b.w.s.c.ServletWebServerApplicationContext - Root WebApplicationContext: initialization completed in 3858 ms
2025-12-21 21:48:41.882 [main] WARN  c.b.m.core.metadata.TableInfoHelper - Can not find table primary key in Class: "com.zyh.easyapplyresume.model.pojo.user.UserCollections".
2025-12-21 21:48:41.883 [main] WARN  c.b.m.c.injector.DefaultSqlInjector - class com.zyh.easyapplyresume.model.pojo.user.UserCollections ,Not found @TableId annotation, Cannot use Mybatis-Plus 'xxById' Method.
2025-12-21 21:48:42.104 [main] DEBUG c.z.e.filter.UserJwtAuthFilter - Filter 'userJwtAuthFilter' configured for use
2025-12-21 21:48:42.107 [main] DEBUG c.z.e.filter.AdminJwtAuthFilter - Filter 'adminJwtAuthFilter' configured for use
2025-12-21 21:48:42.350 [main] INFO  c.z.e.s.i.admin.AdminSmsServiceImpl - 开始初始化阿里云短信客户端...
2025-12-21 21:48:42.656 [main] INFO  c.z.e.s.i.admin.AdminSmsServiceImpl - 阿里云短信客户端初始化完成
2025-12-21 21:48:43.721 [main] INFO  c.z.e.d.a.AdminSensitiveWordsAdvisor - 管理端敏感词初始化完成，共加载 137 个敏感词
2025-12-21 21:48:45.323 [main] INFO  c.z.i.ImageSearchMcpApplication - Starting ImageSearchMcpApplication v0.0.1-SNAPSHOT using Java 21.0.9 with PID 8456 (C:\Users\shini\IdeaProjects\EasyApplyResume\Image-Search-Mcp\target\Image-Search-Mcp-0.0.1-SNAPSHOT.jar started by shini in C:\Users\shini\IdeaProjects\EasyApplyResume)
2025-12-21 21:48:45.326 [main] INFO  c.z.i.ImageSearchMcpApplication - The following 1 profile is active: "stdio"
2025-12-21 21:48:46.343 [pool-1-thread-1] INFO  i.m.server.McpAsyncServer - Client initialize request - Protocol: 2024-11-05, Capabilities: ClientCapabilities[experimental=null, roots=null, sampling=null], Info: Implementation[name=spring-ai-mcp-client, version=1.0.0]
2025-12-21 21:48:46.399 [pool-4-thread-1] INFO  i.m.client.McpAsyncClient - Server response with Protocol: 2024-11-05, Capabilities: ServerCapabilities[experimental=null, logging=LoggingCapabilities[], prompts=null, resources=null, tools=ToolCapabilities[listChanged=true]], Info: Implementation[name=image-search-mcp-server, version=0.0.1] and Instructions null
2025-12-21 21:48:46.426 [main] INFO  c.z.i.ImageSearchMcpApplication - Started ImageSearchMcpApplication in 1.524 seconds (process running for 2.204)
2025-12-21 21:48:49.301 [pool-9-thread-1] INFO  i.m.c.transport.StdioClientTransport - STDERR Message received: Amap Maps MCP Server running on stdio
2025-12-21 21:48:49.312 [pool-7-thread-1] INFO  i.m.client.McpAsyncClient - Server response with Protocol: 2024-11-05, Capabilities: ServerCapabilities[experimental=null, logging=null, prompts=null, resources=null, tools=ToolCapabilities[listChanged=null]], Info: Implementation[name=mcp-server/amap-maps, version=0.1.0] and Instructions null
2025-12-21 21:48:49.558 [main] INFO  c.z.e.d.a.SensitiveWordsAdvisor - 用户端敏感词初始化完成，共加载 137 个敏感词
2025-12-21 21:48:49.881 [main] INFO  o.s.a.t.splitter.TextSplitter - Splitting up document into 2 chunks.
2025-12-21 21:48:49.885 [main] INFO  o.s.a.t.splitter.TextSplitter - Splitting up document into 2 chunks.
2025-12-21 21:48:49.888 [main] INFO  o.s.a.t.splitter.TextSplitter - Splitting up document into 2 chunks.
2025-12-21 21:48:54.555 [main] INFO  o.s.ai.vectorstore.SimpleVectorStore - Calling EmbeddingModel for document id = 5feb812d-c85e-4c7a-8359-d80183045186
2025-12-21 21:48:54.877 [main] INFO  o.s.ai.vectorstore.SimpleVectorStore - Calling EmbeddingModel for document id = 9ad00745-493d-4c10-b74f-97111a3ca4ef
2025-12-21 21:48:55.205 [main] INFO  o.s.ai.vectorstore.SimpleVectorStore - Calling EmbeddingModel for document id = 0d071e0d-df75-4e1a-889a-a6b226c12f92
2025-12-21 21:48:55.462 [main] INFO  c.z.e.s.impl.user.UserSmsServiceImpl - 开始初始化阿里云短信客户端...
2025-12-21 21:48:55.477 [main] INFO  c.z.e.s.impl.user.UserSmsServiceImpl - 阿里云短信客户端初始化完成
2025-12-21 21:48:55.722 [main] WARN  c.b.m.e.s.MybatisSqlSessionFactoryBean - Property 'mapperLocations' was specified but matching resources are not found.
2025-12-21 21:48:55.808 [main] INFO  o.s.a.v.pgvector.PgVectorStore - Using the vector table name: vector_store. Is empty: false
2025-12-21 21:48:55.810 [main] INFO  o.s.a.v.pgvector.PgVectorStore - Initializing PGVectorStore schema for table: vector_store in schema: public
2025-12-21 21:48:55.810 [main] INFO  o.s.a.v.pgvector.PgVectorStore - vectorTableValidationsEnabled false
2025-12-21 21:48:55.814 [main] INFO  com.zaxxer.hikari.HikariDataSource - HikariPool-1 - Starting...
2025-12-21 21:48:56.310 [main] INFO  com.zaxxer.hikari.pool.HikariPool - HikariPool-1 - Added connection org.postgresql.jdbc.PgConnection@37cd5c15
2025-12-21 21:48:56.313 [main] INFO  com.zaxxer.hikari.HikariDataSource - HikariPool-1 - Start completed.
2025-12-21 21:48:56.838 [main] WARN  o.s.b.a.s.s.UserDetailsServiceAutoConfiguration - 

Using generated security password: 3321c9ad-eceb-457e-a2eb-b14c882a7817

This generated password is for development use only. Your security configuration must be updated before running your application in production.

2025-12-21 21:48:56.853 [main] INFO  o.s.s.c.a.a.c.InitializeUserDetailsBeanManagerConfigurer$InitializeUserDetailsManagerConfigurer - Global AuthenticationManager configured with UserDetailsService bean with name inMemoryUserDetailsManager
2025-12-21 21:48:57.455 [main] INFO  o.s.b.a.e.web.EndpointLinksResolver - Exposing 16 endpoints beneath base path '/actuator'
2025-12-21 21:48:58.376 [main] INFO  o.a.coyote.http11.Http11NioProtocol - Starting ProtocolHandler ["http-nio-8080"]
2025-12-21 21:48:58.387 [main] INFO  o.s.b.w.e.tomcat.TomcatWebServer - Tomcat started on port 8080 (http) with context path '/api'
2025-12-21 21:48:58.416 [main] INFO  c.z.e.EasyApplyResumeApplication - Started EasyApplyResumeApplication in 22.411 seconds (process running for 23.171)
2025-12-21 21:49:00.858 [registrationTask1] INFO  d.c.b.a.c.r.ApplicationRegistrator - Application registered itself as a973ff14be49
2025-12-21 21:49:07.739 [http-nio-8080-exec-4] INFO  o.a.c.c.C.[.[localhost].[/api] - Initializing Spring DispatcherServlet 'dispatcherServlet'
2025-12-21 21:49:07.739 [http-nio-8080-exec-4] INFO  o.s.web.servlet.DispatcherServlet - Initializing Servlet 'dispatcherServlet'
2025-12-21 21:49:07.741 [http-nio-8080-exec-4] INFO  o.s.web.servlet.DispatcherServlet - Completed initialization in 2 ms
2025-12-21 21:49:07.823 [http-nio-8080-exec-4] INFO  com.zaxxer.hikari.HikariDataSource - HikariPool-2 - Starting...
2025-12-21 21:49:08.931 [http-nio-8080-exec-4] INFO  com.zaxxer.hikari.pool.HikariPool - HikariPool-2 - Added connection com.mysql.cj.jdbc.ConnectionImpl@3c4b1911
2025-12-21 21:49:08.931 [http-nio-8080-exec-4] INFO  com.zaxxer.hikari.HikariDataSource - HikariPool-2 - Start completed.
2025-12-21 21:49:27.365 [Thread-1] WARN  c.a.n.c.executor.ThreadPoolManager - [ThreadPoolManager] Start destroying ThreadPool
2025-12-21 21:49:27.365 [Thread-15] WARN  c.a.n.c.http.HttpClientBeanHolder - [HttpClientBeanHolder] Start destroying common HttpClient
2025-12-21 21:49:27.365 [Thread-1] WARN  c.a.n.c.executor.ThreadPoolManager - [ThreadPoolManager] Destruction of the end
2025-12-21 21:49:27.365 [Thread-15] WARN  c.a.n.c.http.HttpClientBeanHolder - [HttpClientBeanHolder] Destruction of the end
2025-12-21 21:49:27.401 [SpringApplicationShutdownHook] INFO  com.zaxxer.hikari.HikariDataSource - HikariPool-1 - Shutdown initiated...
2025-12-21 21:49:27.406 [SpringApplicationShutdownHook] INFO  com.zaxxer.hikari.HikariDataSource - HikariPool-1 - Shutdown completed.
2025-12-21 21:49:27.407 [SpringApplicationShutdownHook] INFO  c.z.e.s.impl.user.UserSmsServiceImpl - 关闭阿里云短信客户端...
2025-12-21 21:49:27.409 [SpringApplicationShutdownHook] INFO  c.z.e.s.impl.user.UserSmsServiceImpl - 阿里云短信客户端已关闭
2025-12-21 21:49:27.410 [SpringApplicationShutdownHook] INFO  c.z.e.s.i.admin.AdminSmsServiceImpl - 关闭阿里云短信客户端...
2025-12-21 21:49:27.410 [SpringApplicationShutdownHook] INFO  c.z.e.s.i.admin.AdminSmsServiceImpl - 阿里云短信客户端已关闭
2025-12-21 21:49:27.416 [SpringApplicationShutdownHook] INFO  com.zaxxer.hikari.HikariDataSource - HikariPool-2 - Shutdown initiated...
2025-12-21 21:49:27.423 [SpringApplicationShutdownHook] INFO  com.zaxxer.hikari.HikariDataSource - HikariPool-2 - Shutdown completed.
2025-12-21 21:49:59.249 [main] INFO  c.a.n.client.logging.NacosLogging - Nacos Logging Adapter Builder: com.alibaba.nacos.logger.adapter.logback12.LogbackNacosLoggingAdapterBuilder
2025-12-21 21:49:59.253 [main] INFO  c.a.n.client.logging.NacosLogging - Nacos Logging Adapter Builder: com.alibaba.nacos.logger.adapter.logback14.LogbackNacosLoggingAdapterBuilder
2025-12-21 21:49:59.253 [main] INFO  c.a.n.client.logging.NacosLogging - Nacos Logging Adapter: com.alibaba.nacos.logger.adapter.logback14.LogbackNacosLoggingAdapter match ch.qos.logback.classic.Logger success.
2025-12-21 21:49:59.261 [main] INFO  c.a.n.client.logging.NacosLogging - Nacos Logging Adapter Builder: com.alibaba.nacos.logger.adapter.log4j2.Log4j2NacosLoggingAdapterBuilder
2025-12-21 21:49:59.273 [background-preinit] INFO  o.h.validator.internal.util.Version - HV000001: Hibernate Validator 8.0.1.Final
2025-12-21 21:49:59.396 [main] INFO  c.z.e.EasyApplyResumeApplication - Starting EasyApplyResumeApplication using Java 21.0.9 with PID 8180 (C:\Users\shini\IdeaProjects\EasyApplyResume\target\classes started by shini in C:\Users\shini\IdeaProjects\EasyApplyResume)
2025-12-21 21:49:59.396 [main] DEBUG c.z.e.EasyApplyResumeApplication - Running with Spring Boot v3.3.5, Spring v6.1.14
2025-12-21 21:49:59.397 [main] INFO  c.z.e.EasyApplyResumeApplication - The following 1 profile is active: "dev"
2025-12-21 21:50:07.504 [main] INFO  o.s.d.r.c.RepositoryConfigurationDelegate - Multiple Spring Data modules found, entering strict repository configuration mode
2025-12-21 21:50:07.509 [main] INFO  o.s.d.r.c.RepositoryConfigurationDelegate - Bootstrapping Spring Data Redis repositories in DEFAULT mode.
2025-12-21 21:50:07.617 [main] INFO  o.s.d.r.c.RepositoryConfigurationDelegate - Finished Spring Data repository scanning in 80 ms. Found 0 Redis repository interfaces.
2025-12-21 21:50:07.831 [main] WARN  o.m.s.mapper.ClassPathMapperScanner - Cannot use both: sqlSessionTemplate and sqlSessionFactory together. sqlSessionFactory is ignored.
2025-12-21 21:50:07.833 [main] WARN  o.m.s.mapper.ClassPathMapperScanner - Cannot use both: sqlSessionTemplate and sqlSessionFactory together. sqlSessionFactory is ignored.
2025-12-21 21:50:07.833 [main] WARN  o.m.s.mapper.ClassPathMapperScanner - Cannot use both: sqlSessionTemplate and sqlSessionFactory together. sqlSessionFactory is ignored.
2025-12-21 21:50:07.834 [main] WARN  o.m.s.mapper.ClassPathMapperScanner - Cannot use both: sqlSessionTemplate and sqlSessionFactory together. sqlSessionFactory is ignored.
2025-12-21 21:50:07.835 [main] WARN  o.m.s.mapper.ClassPathMapperScanner - Cannot use both: sqlSessionTemplate and sqlSessionFactory together. sqlSessionFactory is ignored.
2025-12-21 21:50:07.836 [main] WARN  o.m.s.mapper.ClassPathMapperScanner - Cannot use both: sqlSessionTemplate and sqlSessionFactory together. sqlSessionFactory is ignored.
2025-12-21 21:50:07.836 [main] WARN  o.m.s.mapper.ClassPathMapperScanner - Cannot use both: sqlSessionTemplate and sqlSessionFactory together. sqlSessionFactory is ignored.
2025-12-21 21:50:07.837 [main] WARN  o.m.s.mapper.ClassPathMapperScanner - Cannot use both: sqlSessionTemplate and sqlSessionFactory together. sqlSessionFactory is ignored.
2025-12-21 21:50:07.837 [main] WARN  o.m.s.mapper.ClassPathMapperScanner - Cannot use both: sqlSessionTemplate and sqlSessionFactory together. sqlSessionFactory is ignored.
2025-12-21 21:50:07.838 [main] WARN  o.m.s.mapper.ClassPathMapperScanner - Cannot use both: sqlSessionTemplate and sqlSessionFactory together. sqlSessionFactory is ignored.
2025-12-21 21:50:07.840 [main] WARN  o.m.s.mapper.ClassPathMapperScanner - Cannot use both: sqlSessionTemplate and sqlSessionFactory together. sqlSessionFactory is ignored.
2025-12-21 21:50:07.841 [main] WARN  o.m.s.mapper.ClassPathMapperScanner - Cannot use both: sqlSessionTemplate and sqlSessionFactory together. sqlSessionFactory is ignored.
2025-12-21 21:50:07.842 [main] WARN  o.m.s.mapper.ClassPathMapperScanner - Cannot use both: sqlSessionTemplate and sqlSessionFactory together. sqlSessionFactory is ignored.
2025-12-21 21:50:07.842 [main] WARN  o.m.s.mapper.ClassPathMapperScanner - Cannot use both: sqlSessionTemplate and sqlSessionFactory together. sqlSessionFactory is ignored.
2025-12-21 21:50:07.843 [main] WARN  o.m.s.mapper.ClassPathMapperScanner - Cannot use both: sqlSessionTemplate and sqlSessionFactory together. sqlSessionFactory is ignored.
2025-12-21 21:50:07.851 [main] WARN  o.m.s.mapper.ClassPathMapperScanner - Cannot use both: sqlSessionTemplate and sqlSessionFactory together. sqlSessionFactory is ignored.
2025-12-21 21:50:07.851 [main] WARN  o.m.s.mapper.ClassPathMapperScanner - Cannot use both: sqlSessionTemplate and sqlSessionFactory together. sqlSessionFactory is ignored.
2025-12-21 21:50:07.852 [main] WARN  o.m.s.mapper.ClassPathMapperScanner - Cannot use both: sqlSessionTemplate and sqlSessionFactory together. sqlSessionFactory is ignored.
2025-12-21 21:50:07.853 [main] WARN  o.m.s.mapper.ClassPathMapperScanner - Cannot use both: sqlSessionTemplate and sqlSessionFactory together. sqlSessionFactory is ignored.
2025-12-21 21:50:07.854 [main] WARN  o.m.s.mapper.ClassPathMapperScanner - Cannot use both: sqlSessionTemplate and sqlSessionFactory together. sqlSessionFactory is ignored.
2025-12-21 21:50:07.854 [main] WARN  o.m.s.mapper.ClassPathMapperScanner - Cannot use both: sqlSessionTemplate and sqlSessionFactory together. sqlSessionFactory is ignored.
2025-12-21 21:50:07.856 [main] WARN  o.m.s.mapper.ClassPathMapperScanner - Cannot use both: sqlSessionTemplate and sqlSessionFactory together. sqlSessionFactory is ignored.
2025-12-21 21:50:07.857 [main] WARN  o.m.s.mapper.ClassPathMapperScanner - Cannot use both: sqlSessionTemplate and sqlSessionFactory together. sqlSessionFactory is ignored.
2025-12-21 21:50:07.858 [main] WARN  o.m.s.mapper.ClassPathMapperScanner - Cannot use both: sqlSessionTemplate and sqlSessionFactory together. sqlSessionFactory is ignored.
2025-12-21 21:50:07.859 [main] WARN  o.m.s.mapper.ClassPathMapperScanner - Cannot use both: sqlSessionTemplate and sqlSessionFactory together. sqlSessionFactory is ignored.
2025-12-21 21:50:07.860 [main] WARN  o.m.s.mapper.ClassPathMapperScanner - Cannot use both: sqlSessionTemplate and sqlSessionFactory together. sqlSessionFactory is ignored.
2025-12-21 21:50:07.861 [main] WARN  o.m.s.mapper.ClassPathMapperScanner - Cannot use both: sqlSessionTemplate and sqlSessionFactory together. sqlSessionFactory is ignored.
2025-12-21 21:50:07.862 [main] WARN  o.m.s.mapper.ClassPathMapperScanner - Cannot use both: sqlSessionTemplate and sqlSessionFactory together. sqlSessionFactory is ignored.
2025-12-21 21:50:07.862 [main] WARN  o.m.s.mapper.ClassPathMapperScanner - Cannot use both: sqlSessionTemplate and sqlSessionFactory together. sqlSessionFactory is ignored.
2025-12-21 21:50:07.863 [main] WARN  o.m.s.mapper.ClassPathMapperScanner - Cannot use both: sqlSessionTemplate and sqlSessionFactory together. sqlSessionFactory is ignored.
2025-12-21 21:50:07.864 [main] WARN  o.m.s.mapper.ClassPathMapperScanner - Cannot use both: sqlSessionTemplate and sqlSessionFactory together. sqlSessionFactory is ignored.
2025-12-21 21:50:07.865 [main] WARN  o.m.s.mapper.ClassPathMapperScanner - Cannot use both: sqlSessionTemplate and sqlSessionFactory together. sqlSessionFactory is ignored.
2025-12-21 21:50:07.868 [main] WARN  o.m.s.mapper.ClassPathMapperScanner - No MyBatis mapper was found in '[com.zyh.easyapplyresume.mapper.pgvector]' package. Please check your configuration.
2025-12-21 21:50:08.400 [main] WARN  o.s.c.s.PostProcessorRegistrationDelegate$BeanPostProcessorChecker - Bean 'com.alibaba.cloud.nacos.NacosConfigAutoConfiguration' of type [com.alibaba.cloud.nacos.NacosConfigAutoConfiguration] is not eligible for getting processed by all BeanPostProcessors (for example: not eligible for auto-proxying). The currently created BeanPostProcessor [nacosAnnotationProcessor] is declared through a non-static factory method on that class; consider declaring it as static instead.
2025-12-21 21:50:08.414 [main] WARN  o.s.c.s.PostProcessorRegistrationDelegate$BeanPostProcessorChecker - Bean 'nacosConfigProperties' of type [com.alibaba.cloud.nacos.NacosConfigProperties] is not eligible for getting processed by all BeanPostProcessors (for example: not eligible for auto-proxying). Is this bean getting eagerly injected/applied to a currently created BeanPostProcessor [nacosAnnotationProcessor]? Check the corresponding BeanPostProcessor declaration and its dependencies/advisors. If this bean does not have to be post-processed, declare it with ROLE_INFRASTRUCTURE.
2025-12-21 21:50:08.571 [main] INFO  c.a.n.p.a.s.c.ClientAuthPluginManager - [ClientAuthPluginManager] Load ClientAuthService com.alibaba.nacos.client.auth.impl.NacosClientAuthServiceImpl success.
2025-12-21 21:50:08.571 [main] INFO  c.a.n.p.a.s.c.ClientAuthPluginManager - [ClientAuthPluginManager] Load ClientAuthService com.alibaba.nacos.client.auth.ram.RamClientAuthServiceImpl success.
2025-12-21 21:50:08.575 [main] WARN  o.s.c.s.PostProcessorRegistrationDelegate$BeanPostProcessorChecker - Bean 'nacosConfigManager' of type [com.alibaba.cloud.nacos.NacosConfigManager] is not eligible for getting processed by all BeanPostProcessors (for example: not eligible for auto-proxying). Is this bean getting eagerly injected/applied to a currently created BeanPostProcessor [nacosAnnotationProcessor]? Check the corresponding BeanPostProcessor declaration and its dependencies/advisors. If this bean does not have to be post-processed, declare it with ROLE_INFRASTRUCTURE.
2025-12-21 21:50:09.419 [main] INFO  o.s.b.w.e.tomcat.TomcatWebServer - Tomcat initialized with port 8080 (http)
2025-12-21 21:50:09.437 [main] INFO  o.a.coyote.http11.Http11NioProtocol - Initializing ProtocolHandler ["http-nio-8080"]
2025-12-21 21:50:09.443 [main] INFO  o.a.catalina.core.StandardService - Starting service [Tomcat]
2025-12-21 21:50:09.443 [main] INFO  o.a.catalina.core.StandardEngine - Starting Servlet engine: [Apache Tomcat/10.1.31]
2025-12-21 21:50:09.597 [main] INFO  o.a.c.c.C.[.[localhost].[/api] - Initializing Spring embedded WebApplicationContext
2025-12-21 21:50:09.599 [main] INFO  o.s.b.w.s.c.ServletWebServerApplicationContext - Root WebApplicationContext: initialization completed in 10115 ms
2025-12-21 21:50:11.351 [main] WARN  c.b.m.core.metadata.TableInfoHelper - Can not find table primary key in Class: "com.zyh.easyapplyresume.model.pojo.user.UserCollections".
2025-12-21 21:50:11.352 [main] WARN  c.b.m.c.injector.DefaultSqlInjector - class com.zyh.easyapplyresume.model.pojo.user.UserCollections ,Not found @TableId annotation, Cannot use Mybatis-Plus 'xxById' Method.
2025-12-21 21:50:11.717 [main] DEBUG c.z.e.filter.UserJwtAuthFilter - Filter 'userJwtAuthFilter' configured for use
2025-12-21 21:50:11.719 [main] DEBUG c.z.e.filter.AdminJwtAuthFilter - Filter 'adminJwtAuthFilter' configured for use
2025-12-21 21:50:11.960 [main] INFO  c.z.e.s.i.admin.AdminSmsServiceImpl - 开始初始化阿里云短信客户端...
2025-12-21 21:50:12.382 [main] INFO  c.z.e.s.i.admin.AdminSmsServiceImpl - 阿里云短信客户端初始化完成
2025-12-21 21:50:13.751 [main] INFO  c.z.e.d.a.AdminSensitiveWordsAdvisor - 管理端敏感词初始化完成，共加载 137 个敏感词
2025-12-21 21:50:15.701 [main] INFO  c.z.i.ImageSearchMcpApplication - Starting ImageSearchMcpApplication v0.0.1-SNAPSHOT using Java 21.0.9 with PID 14904 (C:\Users\shini\IdeaProjects\EasyApplyResume\Image-Search-Mcp\target\Image-Search-Mcp-0.0.1-SNAPSHOT.jar started by shini in C:\Users\shini\IdeaProjects\EasyApplyResume)
2025-12-21 21:50:15.702 [main] INFO  c.z.i.ImageSearchMcpApplication - The following 1 profile is active: "stdio"
2025-12-21 21:50:16.736 [pool-1-thread-1] INFO  i.m.server.McpAsyncServer - Client initialize request - Protocol: 2024-11-05, Capabilities: ClientCapabilities[experimental=null, roots=null, sampling=null], Info: Implementation[name=spring-ai-mcp-client, version=1.0.0]
2025-12-21 21:50:16.789 [pool-4-thread-1] INFO  i.m.client.McpAsyncClient - Server response with Protocol: 2024-11-05, Capabilities: ServerCapabilities[experimental=null, logging=LoggingCapabilities[], prompts=null, resources=null, tools=ToolCapabilities[listChanged=true]], Info: Implementation[name=image-search-mcp-server, version=0.0.1] and Instructions null
2025-12-21 21:50:16.824 [main] INFO  c.z.i.ImageSearchMcpApplication - Started ImageSearchMcpApplication in 1.696 seconds (process running for 2.479)
2025-12-21 21:50:19.642 [pool-9-thread-1] INFO  i.m.c.transport.StdioClientTransport - STDERR Message received: Amap Maps MCP Server running on stdio
2025-12-21 21:50:19.654 [pool-7-thread-1] INFO  i.m.client.McpAsyncClient - Server response with Protocol: 2024-11-05, Capabilities: ServerCapabilities[experimental=null, logging=null, prompts=null, resources=null, tools=ToolCapabilities[listChanged=null]], Info: Implementation[name=mcp-server/amap-maps, version=0.1.0] and Instructions null
2025-12-21 21:50:19.869 [main] INFO  c.z.e.d.a.SensitiveWordsAdvisor - 用户端敏感词初始化完成，共加载 137 个敏感词
2025-12-21 21:50:20.132 [main] INFO  o.s.a.t.splitter.TextSplitter - Splitting up document into 2 chunks.
2025-12-21 21:50:20.136 [main] INFO  o.s.a.t.splitter.TextSplitter - Splitting up document into 2 chunks.
2025-12-21 21:50:20.140 [main] INFO  o.s.a.t.splitter.TextSplitter - Splitting up document into 2 chunks.
2025-12-21 21:50:25.135 [main] INFO  o.s.ai.vectorstore.SimpleVectorStore - Calling EmbeddingModel for document id = 2647ef92-59f7-4424-97ad-c0abcd572167
2025-12-21 21:50:25.434 [main] INFO  o.s.ai.vectorstore.SimpleVectorStore - Calling EmbeddingModel for document id = 9f872561-d1e8-4d67-985c-67e10e93a587
2025-12-21 21:50:25.787 [main] INFO  o.s.ai.vectorstore.SimpleVectorStore - Calling EmbeddingModel for document id = 3da7de4d-2214-4144-9858-6c9daad7a30b
2025-12-21 21:50:26.345 [main] INFO  c.z.e.s.impl.user.UserSmsServiceImpl - 开始初始化阿里云短信客户端...
2025-12-21 21:50:26.433 [main] INFO  c.z.e.s.impl.user.UserSmsServiceImpl - 阿里云短信客户端初始化完成
2025-12-21 21:50:29.324 [main] WARN  c.b.m.e.s.MybatisSqlSessionFactoryBean - Property 'mapperLocations' was specified but matching resources are not found.
2025-12-21 21:50:29.769 [main] INFO  o.s.a.v.pgvector.PgVectorStore - Using the vector table name: vector_store. Is empty: false
2025-12-21 21:50:29.776 [main] INFO  o.s.a.v.pgvector.PgVectorStore - Initializing PGVectorStore schema for table: vector_store in schema: public
2025-12-21 21:50:29.776 [main] INFO  o.s.a.v.pgvector.PgVectorStore - vectorTableValidationsEnabled false
2025-12-21 21:50:29.787 [main] INFO  com.zaxxer.hikari.HikariDataSource - HikariPool-1 - Starting...
2025-12-21 21:50:31.302 [main] INFO  com.zaxxer.hikari.pool.HikariPool - HikariPool-1 - Added connection org.postgresql.jdbc.PgConnection@42872583
2025-12-21 21:50:31.321 [main] INFO  com.zaxxer.hikari.HikariDataSource - HikariPool-1 - Start completed.
2025-12-21 21:50:32.312 [main] WARN  o.s.b.a.s.s.UserDetailsServiceAutoConfiguration - 

Using generated security password: 7e10b334-f52c-4b64-a3b0-391d9bfc7ed3

This generated password is for development use only. Your security configuration must be updated before running your application in production.

2025-12-21 21:50:32.321 [main] INFO  o.s.s.c.a.a.c.InitializeUserDetailsBeanManagerConfigurer$InitializeUserDetailsManagerConfigurer - Global AuthenticationManager configured with UserDetailsService bean with name inMemoryUserDetailsManager
2025-12-21 21:50:32.880 [main] INFO  o.s.b.a.e.web.EndpointLinksResolver - Exposing 16 endpoints beneath base path '/actuator'
2025-12-21 21:50:33.814 [main] INFO  o.a.coyote.http11.Http11NioProtocol - Starting ProtocolHandler ["http-nio-8080"]
2025-12-21 21:50:33.826 [main] INFO  o.s.b.w.e.tomcat.TomcatWebServer - Tomcat started on port 8080 (http) with context path '/api'
2025-12-21 21:50:33.849 [main] INFO  c.z.e.EasyApplyResumeApplication - Started EasyApplyResumeApplication in 35.148 seconds (process running for 36.033)
2025-12-21 21:50:36.285 [registrationTask1] INFO  d.c.b.a.c.r.ApplicationRegistrator - Application registered itself as 57567a68910d
2025-12-21 21:50:36.348 [http-nio-8080-exec-1] INFO  o.a.c.c.C.[.[localhost].[/api] - Initializing Spring DispatcherServlet 'dispatcherServlet'
2025-12-21 21:50:36.349 [http-nio-8080-exec-1] INFO  o.s.web.servlet.DispatcherServlet - Initializing Servlet 'dispatcherServlet'
2025-12-21 21:50:36.350 [http-nio-8080-exec-1] INFO  o.s.web.servlet.DispatcherServlet - Completed initialization in 1 ms
2025-12-21 21:50:36.413 [http-nio-8080-exec-1] INFO  com.zaxxer.hikari.HikariDataSource - HikariPool-2 - Starting...
2025-12-21 21:50:36.944 [http-nio-8080-exec-1] INFO  com.zaxxer.hikari.pool.HikariPool - HikariPool-2 - Added connection com.mysql.cj.jdbc.ConnectionImpl@18b14c75
2025-12-21 21:50:36.946 [http-nio-8080-exec-1] INFO  com.zaxxer.hikari.HikariDataSource - HikariPool-2 - Start completed.
