2025-12-19 10:21:55.837 [main] INFO  c.a.n.client.logging.NacosLogging - Nacos Logging Adapter Builder: com.alibaba.nacos.logger.adapter.logback12.LogbackNacosLoggingAdapterBuilder
2025-12-19 10:21:55.858 [main] INFO  c.a.n.client.logging.NacosLogging - Nacos Logging Adapter Builder: com.alibaba.nacos.logger.adapter.logback14.LogbackNacosLoggingAdapterBuilder
2025-12-19 10:21:55.859 [main] INFO  c.a.n.client.logging.NacosLogging - Nacos Logging Adapter: com.alibaba.nacos.logger.adapter.logback14.LogbackNacosLoggingAdapter match ch.qos.logback.classic.Logger success.
2025-12-19 10:21:55.871 [main] INFO  c.a.n.client.logging.NacosLogging - Nacos Logging Adapter Builder: com.alibaba.nacos.logger.adapter.log4j2.Log4j2NacosLoggingAdapterBuilder
2025-12-19 10:21:55.872 [background-preinit] INFO  o.h.validator.internal.util.Version - HV000001: Hibernate Validator 8.0.1.Final
2025-12-19 10:21:56.082 [main] INFO  c.z.e.EasyApplyResumeApplication - Starting EasyApplyResumeApplication using Java 21.0.9 with PID 18036 (C:\Users\shini\IdeaProjects\EasyApplyResume\target\classes started by shini in C:\Users\shini\IdeaProjects\EasyApplyResume)
2025-12-19 10:21:56.082 [main] DEBUG c.z.e.EasyApplyResumeApplication - Running with Spring Boot v3.3.5, Spring v6.1.14
2025-12-19 10:21:56.084 [main] INFO  c.z.e.EasyApplyResumeApplication - The following 1 profile is active: "dev"
2025-12-19 10:21:59.050 [main] INFO  o.s.d.r.c.RepositoryConfigurationDelegate - Multiple Spring Data modules found, entering strict repository configuration mode
2025-12-19 10:21:59.055 [main] INFO  o.s.d.r.c.RepositoryConfigurationDelegate - Bootstrapping Spring Data Redis repositories in DEFAULT mode.
2025-12-19 10:21:59.114 [main] INFO  o.s.d.r.c.RepositoryConfigurationDelegate - Finished Spring Data repository scanning in 38 ms. Found 0 Redis repository interfaces.
2025-12-19 10:21:59.273 [main] WARN  o.m.s.mapper.ClassPathMapperScanner - Cannot use both: sqlSessionTemplate and sqlSessionFactory together. sqlSessionFactory is ignored.
2025-12-19 10:21:59.275 [main] WARN  o.m.s.mapper.ClassPathMapperScanner - Cannot use both: sqlSessionTemplate and sqlSessionFactory together. sqlSessionFactory is ignored.
2025-12-19 10:21:59.275 [main] WARN  o.m.s.mapper.ClassPathMapperScanner - Cannot use both: sqlSessionTemplate and sqlSessionFactory together. sqlSessionFactory is ignored.
2025-12-19 10:21:59.276 [main] WARN  o.m.s.mapper.ClassPathMapperScanner - Cannot use both: sqlSessionTemplate and sqlSessionFactory together. sqlSessionFactory is ignored.
2025-12-19 10:21:59.276 [main] WARN  o.m.s.mapper.ClassPathMapperScanner - Cannot use both: sqlSessionTemplate and sqlSessionFactory together. sqlSessionFactory is ignored.
2025-12-19 10:21:59.277 [main] WARN  o.m.s.mapper.ClassPathMapperScanner - Cannot use both: sqlSessionTemplate and sqlSessionFactory together. sqlSessionFactory is ignored.
2025-12-19 10:21:59.278 [main] WARN  o.m.s.mapper.ClassPathMapperScanner - Cannot use both: sqlSessionTemplate and sqlSessionFactory together. sqlSessionFactory is ignored.
2025-12-19 10:21:59.278 [main] WARN  o.m.s.mapper.ClassPathMapperScanner - Cannot use both: sqlSessionTemplate and sqlSessionFactory together. sqlSessionFactory is ignored.
2025-12-19 10:21:59.278 [main] WARN  o.m.s.mapper.ClassPathMapperScanner - Cannot use both: sqlSessionTemplate and sqlSessionFactory together. sqlSessionFactory is ignored.
2025-12-19 10:21:59.279 [main] WARN  o.m.s.mapper.ClassPathMapperScanner - Cannot use both: sqlSessionTemplate and sqlSessionFactory together. sqlSessionFactory is ignored.
2025-12-19 10:21:59.279 [main] WARN  o.m.s.mapper.ClassPathMapperScanner - Cannot use both: sqlSessionTemplate and sqlSessionFactory together. sqlSessionFactory is ignored.
2025-12-19 10:21:59.279 [main] WARN  o.m.s.mapper.ClassPathMapperScanner - Cannot use both: sqlSessionTemplate and sqlSessionFactory together. sqlSessionFactory is ignored.
2025-12-19 10:21:59.279 [main] WARN  o.m.s.mapper.ClassPathMapperScanner - Cannot use both: sqlSessionTemplate and sqlSessionFactory together. sqlSessionFactory is ignored.
2025-12-19 10:21:59.280 [main] WARN  o.m.s.mapper.ClassPathMapperScanner - Cannot use both: sqlSessionTemplate and sqlSessionFactory together. sqlSessionFactory is ignored.
2025-12-19 10:21:59.280 [main] WARN  o.m.s.mapper.ClassPathMapperScanner - Cannot use both: sqlSessionTemplate and sqlSessionFactory together. sqlSessionFactory is ignored.
2025-12-19 10:21:59.281 [main] WARN  o.m.s.mapper.ClassPathMapperScanner - Cannot use both: sqlSessionTemplate and sqlSessionFactory together. sqlSessionFactory is ignored.
2025-12-19 10:21:59.281 [main] WARN  o.m.s.mapper.ClassPathMapperScanner - Cannot use both: sqlSessionTemplate and sqlSessionFactory together. sqlSessionFactory is ignored.
2025-12-19 10:21:59.283 [main] WARN  o.m.s.mapper.ClassPathMapperScanner - Cannot use both: sqlSessionTemplate and sqlSessionFactory together. sqlSessionFactory is ignored.
2025-12-19 10:21:59.284 [main] WARN  o.m.s.mapper.ClassPathMapperScanner - Cannot use both: sqlSessionTemplate and sqlSessionFactory together. sqlSessionFactory is ignored.
2025-12-19 10:21:59.285 [main] WARN  o.m.s.mapper.ClassPathMapperScanner - Cannot use both: sqlSessionTemplate and sqlSessionFactory together. sqlSessionFactory is ignored.
2025-12-19 10:21:59.286 [main] WARN  o.m.s.mapper.ClassPathMapperScanner - Cannot use both: sqlSessionTemplate and sqlSessionFactory together. sqlSessionFactory is ignored.
2025-12-19 10:21:59.286 [main] WARN  o.m.s.mapper.ClassPathMapperScanner - Cannot use both: sqlSessionTemplate and sqlSessionFactory together. sqlSessionFactory is ignored.
2025-12-19 10:21:59.287 [main] WARN  o.m.s.mapper.ClassPathMapperScanner - Cannot use both: sqlSessionTemplate and sqlSessionFactory together. sqlSessionFactory is ignored.
2025-12-19 10:21:59.288 [main] WARN  o.m.s.mapper.ClassPathMapperScanner - Cannot use both: sqlSessionTemplate and sqlSessionFactory together. sqlSessionFactory is ignored.
2025-12-19 10:21:59.290 [main] WARN  o.m.s.mapper.ClassPathMapperScanner - Cannot use both: sqlSessionTemplate and sqlSessionFactory together. sqlSessionFactory is ignored.
2025-12-19 10:21:59.290 [main] WARN  o.m.s.mapper.ClassPathMapperScanner - Cannot use both: sqlSessionTemplate and sqlSessionFactory together. sqlSessionFactory is ignored.
2025-12-19 10:21:59.293 [main] WARN  o.m.s.mapper.ClassPathMapperScanner - No MyBatis mapper was found in '[com.zyh.easyapplyresume.mapper.pgvector]' package. Please check your configuration.
2025-12-19 10:21:59.649 [main] WARN  o.s.c.s.PostProcessorRegistrationDelegate$BeanPostProcessorChecker - Bean 'com.alibaba.cloud.nacos.NacosConfigAutoConfiguration' of type [com.alibaba.cloud.nacos.NacosConfigAutoConfiguration] is not eligible for getting processed by all BeanPostProcessors (for example: not eligible for auto-proxying). The currently created BeanPostProcessor [nacosAnnotationProcessor] is declared through a non-static factory method on that class; consider declaring it as static instead.
2025-12-19 10:21:59.659 [main] WARN  o.s.c.s.PostProcessorRegistrationDelegate$BeanPostProcessorChecker - Bean 'nacosConfigProperties' of type [com.alibaba.cloud.nacos.NacosConfigProperties] is not eligible for getting processed by all BeanPostProcessors (for example: not eligible for auto-proxying). Is this bean getting eagerly injected/applied to a currently created BeanPostProcessor [nacosAnnotationProcessor]? Check the corresponding BeanPostProcessor declaration and its dependencies/advisors. If this bean does not have to be post-processed, declare it with ROLE_INFRASTRUCTURE.
2025-12-19 10:21:59.793 [main] INFO  c.a.n.p.a.s.c.ClientAuthPluginManager - [ClientAuthPluginManager] Load ClientAuthService com.alibaba.nacos.client.auth.impl.NacosClientAuthServiceImpl success.
2025-12-19 10:21:59.793 [main] INFO  c.a.n.p.a.s.c.ClientAuthPluginManager - [ClientAuthPluginManager] Load ClientAuthService com.alibaba.nacos.client.auth.ram.RamClientAuthServiceImpl success.
2025-12-19 10:21:59.797 [main] WARN  o.s.c.s.PostProcessorRegistrationDelegate$BeanPostProcessorChecker - Bean 'nacosConfigManager' of type [com.alibaba.cloud.nacos.NacosConfigManager] is not eligible for getting processed by all BeanPostProcessors (for example: not eligible for auto-proxying). Is this bean getting eagerly injected/applied to a currently created BeanPostProcessor [nacosAnnotationProcessor]? Check the corresponding BeanPostProcessor declaration and its dependencies/advisors. If this bean does not have to be post-processed, declare it with ROLE_INFRASTRUCTURE.
2025-12-19 10:22:00.504 [main] INFO  o.s.b.w.e.tomcat.TomcatWebServer - Tomcat initialized with port 8080 (http)
2025-12-19 10:22:00.520 [main] INFO  o.a.coyote.http11.Http11NioProtocol - Initializing ProtocolHandler ["http-nio-8080"]
2025-12-19 10:22:00.525 [main] INFO  o.a.catalina.core.StandardService - Starting service [Tomcat]
2025-12-19 10:22:00.526 [main] INFO  o.a.catalina.core.StandardEngine - Starting Servlet engine: [Apache Tomcat/10.1.31]
2025-12-19 10:22:00.628 [main] INFO  o.a.c.c.C.[.[localhost].[/api] - Initializing Spring embedded WebApplicationContext
2025-12-19 10:22:00.628 [main] INFO  o.s.b.w.s.c.ServletWebServerApplicationContext - Root WebApplicationContext: initialization completed in 4450 ms
2025-12-19 10:22:01.945 [main] DEBUG c.z.e.filter.UserJwtAuthFilter - Filter 'userJwtAuthFilter' configured for use
2025-12-19 10:22:01.947 [main] DEBUG c.z.e.filter.AdminJwtAuthFilter - Filter 'adminJwtAuthFilter' configured for use
2025-12-19 10:22:02.172 [main] INFO  c.z.e.s.i.admin.AdminSmsServiceImpl - 开始初始化阿里云短信客户端...
2025-12-19 10:22:02.445 [main] INFO  c.z.e.s.i.admin.AdminSmsServiceImpl - 阿里云短信客户端初始化完成
2025-12-19 10:22:03.617 [main] INFO  c.z.e.d.a.AdminSensitiveWordsAdvisor - 管理端敏感词初始化完成，共加载 137 个敏感词
2025-12-19 10:22:05.455 [main] INFO  c.z.i.ImageSearchMcpApplication - Starting ImageSearchMcpApplication v0.0.1-SNAPSHOT using Java 21.0.9 with PID 31224 (C:\Users\shini\IdeaProjects\EasyApplyResume\Image-Search-Mcp\target\Image-Search-Mcp-0.0.1-SNAPSHOT.jar started by shini in C:\Users\shini\IdeaProjects\EasyApplyResume)
2025-12-19 10:22:05.458 [main] INFO  c.z.i.ImageSearchMcpApplication - The following 1 profile is active: "stdio"
2025-12-19 10:22:06.685 [pool-1-thread-1] INFO  i.m.server.McpAsyncServer - Client initialize request - Protocol: 2024-11-05, Capabilities: ClientCapabilities[experimental=null, roots=null, sampling=null], Info: Implementation[name=spring-ai-mcp-client, version=1.0.0]
2025-12-19 10:22:06.757 [pool-4-thread-1] INFO  i.m.client.McpAsyncClient - Server response with Protocol: 2024-11-05, Capabilities: ServerCapabilities[experimental=null, logging=LoggingCapabilities[], prompts=null, resources=null, tools=ToolCapabilities[listChanged=true]], Info: Implementation[name=image-search-mcp-server, version=0.0.1] and Instructions null
2025-12-19 10:22:06.811 [main] INFO  c.z.i.ImageSearchMcpApplication - Started ImageSearchMcpApplication in 1.847 seconds (process running for 2.673)
2025-12-19 10:22:09.650 [pool-9-thread-1] INFO  i.m.c.transport.StdioClientTransport - STDERR Message received: Amap Maps MCP Server running on stdio
2025-12-19 10:22:09.664 [pool-7-thread-1] INFO  i.m.client.McpAsyncClient - Server response with Protocol: 2024-11-05, Capabilities: ServerCapabilities[experimental=null, logging=null, prompts=null, resources=null, tools=ToolCapabilities[listChanged=null]], Info: Implementation[name=mcp-server/amap-maps, version=0.1.0] and Instructions null
2025-12-19 10:22:09.706 [main] INFO  c.z.e.d.a.SensitiveWordsAdvisor - 用户端敏感词初始化完成，共加载 137 个敏感词
2025-12-19 10:22:09.999 [main] INFO  o.s.a.t.splitter.TextSplitter - Splitting up document into 2 chunks.
2025-12-19 10:22:10.004 [main] INFO  o.s.a.t.splitter.TextSplitter - Splitting up document into 2 chunks.
2025-12-19 10:22:10.009 [main] INFO  o.s.a.t.splitter.TextSplitter - Splitting up document into 2 chunks.
2025-12-19 10:22:14.743 [main] INFO  o.s.ai.vectorstore.SimpleVectorStore - Calling EmbeddingModel for document id = 8d6e1237-1804-4326-84c4-1495e35f4315
2025-12-19 10:22:14.962 [main] INFO  o.s.ai.vectorstore.SimpleVectorStore - Calling EmbeddingModel for document id = 583cb9ef-44b3-462c-8834-eb59b45b8870
2025-12-19 10:22:15.255 [main] INFO  o.s.ai.vectorstore.SimpleVectorStore - Calling EmbeddingModel for document id = 11e81cd6-2509-4258-af16-1b32532239cc
2025-12-19 10:22:15.623 [main] INFO  c.z.e.s.impl.user.UserSmsServiceImpl - 开始初始化阿里云短信客户端...
2025-12-19 10:22:15.641 [main] INFO  c.z.e.s.impl.user.UserSmsServiceImpl - 阿里云短信客户端初始化完成
2025-12-19 10:22:15.669 [main] WARN  c.b.m.core.metadata.TableInfoHelper - Can not find table primary key in Class: "com.zyh.easyapplyresume.model.pojo.user.UserCollections".
2025-12-19 10:22:15.669 [main] WARN  c.b.m.c.injector.DefaultSqlInjector - class com.zyh.easyapplyresume.model.pojo.user.UserCollections ,Not found @TableId annotation, Cannot use Mybatis-Plus 'xxById' Method.
2025-12-19 10:22:15.988 [main] WARN  c.b.m.e.s.MybatisSqlSessionFactoryBean - Property 'mapperLocations' was specified but matching resources are not found.
2025-12-19 10:22:16.103 [main] INFO  o.s.a.v.pgvector.PgVectorStore - Using the vector table name: vector_store. Is empty: false
2025-12-19 10:22:16.106 [main] INFO  o.s.a.v.pgvector.PgVectorStore - Initializing PGVectorStore schema for table: vector_store in schema: public
2025-12-19 10:22:16.106 [main] INFO  o.s.a.v.pgvector.PgVectorStore - vectorTableValidationsEnabled false
2025-12-19 10:22:16.112 [main] INFO  com.zaxxer.hikari.HikariDataSource - HikariPool-1 - Starting...
2025-12-19 10:22:17.144 [main] INFO  com.zaxxer.hikari.pool.HikariPool - HikariPool-1 - Added connection org.postgresql.jdbc.PgConnection@7ca4d36e
2025-12-19 10:22:17.146 [main] INFO  com.zaxxer.hikari.HikariDataSource - HikariPool-1 - Start completed.
2025-12-19 10:22:19.290 [main] WARN  o.s.b.a.s.s.UserDetailsServiceAutoConfiguration - 

Using generated security password: beaa0284-9dae-4bdb-9985-cce0e7429d30

This generated password is for development use only. Your security configuration must be updated before running your application in production.

2025-12-19 10:22:19.301 [main] INFO  o.s.s.c.a.a.c.InitializeUserDetailsBeanManagerConfigurer$InitializeUserDetailsManagerConfigurer - Global AuthenticationManager configured with UserDetailsService bean with name inMemoryUserDetailsManager
2025-12-19 10:22:21.232 [main] INFO  o.a.coyote.http11.Http11NioProtocol - Starting ProtocolHandler ["http-nio-8080"]
2025-12-19 10:22:21.253 [main] INFO  o.s.b.w.e.tomcat.TomcatWebServer - Tomcat started on port 8080 (http) with context path '/api'
2025-12-19 10:22:21.280 [main] INFO  c.z.e.EasyApplyResumeApplication - Started EasyApplyResumeApplication in 26.133 seconds (process running for 27.916)
2025-12-19 10:22:23.302 [http-nio-8080-exec-2] INFO  o.a.c.c.C.[.[localhost].[/api] - Initializing Spring DispatcherServlet 'dispatcherServlet'
2025-12-19 10:22:23.308 [http-nio-8080-exec-2] INFO  o.s.web.servlet.DispatcherServlet - Initializing Servlet 'dispatcherServlet'
2025-12-19 10:22:23.333 [http-nio-8080-exec-2] INFO  o.s.web.servlet.DispatcherServlet - Completed initialization in 25 ms
2025-12-19 10:22:23.882 [http-nio-8080-exec-2] INFO  com.zaxxer.hikari.HikariDataSource - HikariPool-2 - Starting...
2025-12-19 10:22:24.719 [http-nio-8080-exec-2] INFO  com.zaxxer.hikari.pool.HikariPool - HikariPool-2 - Added connection com.mysql.cj.jdbc.ConnectionImpl@789abfd9
2025-12-19 10:22:24.720 [http-nio-8080-exec-2] INFO  com.zaxxer.hikari.HikariDataSource - HikariPool-2 - Start completed.
2025-12-19 10:22:24.724 [http-nio-8080-exec-2] DEBUG c.z.e.m.m.user.UserMapper.selectById - ==>  Preparing: SELECT user_id,user_account,user_username,user_email,user_phone,user_password,user_image,user_introduce,user_createdTime,user_loginTime,user_dreamPosition,user_dreamMinMonthSalary,user_dreamMaxMonthSalary,user_dreamWeekWorkDayNum,user_dreamGoodWelfare,user_recruitLocationFirst,user_recruitLocationSecond,user_recruitLocationDetail,user_universityCode FROM user_user WHERE user_id=?
2025-12-19 10:22:24.768 [http-nio-8080-exec-2] DEBUG c.z.e.m.m.user.UserMapper.selectById - ==> Parameters: 1(Integer)
2025-12-19 10:22:24.872 [http-nio-8080-exec-2] DEBUG c.z.e.m.m.user.UserMapper.selectById - <==      Total: 1
2025-12-19 10:22:25.936 [http-nio-8080-exec-1] DEBUG c.z.e.m.m.user.UserMapper.selectById - ==>  Preparing: SELECT user_id,user_account,user_username,user_email,user_phone,user_password,user_image,user_introduce,user_createdTime,user_loginTime,user_dreamPosition,user_dreamMinMonthSalary,user_dreamMaxMonthSalary,user_dreamWeekWorkDayNum,user_dreamGoodWelfare,user_recruitLocationFirst,user_recruitLocationSecond,user_recruitLocationDetail,user_universityCode FROM user_user WHERE user_id=?
2025-12-19 10:22:25.937 [http-nio-8080-exec-1] DEBUG c.z.e.m.m.user.UserMapper.selectById - ==> Parameters: 1(Integer)
2025-12-19 10:22:25.979 [http-nio-8080-exec-1] DEBUG c.z.e.m.m.user.UserMapper.selectById - <==      Total: 1
2025-12-19 10:22:26.043 [http-nio-8080-exec-1] INFO  c.z.e.s.impl.user.UserServiceImpl - 根据用户id查询用户信息开始
2025-12-19 10:22:26.045 [http-nio-8080-exec-1] DEBUG c.z.e.m.m.user.UserMapper.selectById - ==>  Preparing: SELECT user_id,user_account,user_username,user_email,user_phone,user_password,user_image,user_introduce,user_createdTime,user_loginTime,user_dreamPosition,user_dreamMinMonthSalary,user_dreamMaxMonthSalary,user_dreamWeekWorkDayNum,user_dreamGoodWelfare,user_recruitLocationFirst,user_recruitLocationSecond,user_recruitLocationDetail,user_universityCode FROM user_user WHERE user_id=?
2025-12-19 10:22:26.046 [http-nio-8080-exec-1] DEBUG c.z.e.m.m.user.UserMapper.selectById - ==> Parameters: 1(String)
2025-12-19 10:22:26.104 [http-nio-8080-exec-1] DEBUG c.z.e.m.m.user.UserMapper.selectById - <==      Total: 1
2025-12-19 10:22:27.389 [http-nio-8080-exec-3] DEBUG c.z.e.m.m.user.UserMapper.selectById - ==>  Preparing: SELECT user_id,user_account,user_username,user_email,user_phone,user_password,user_image,user_introduce,user_createdTime,user_loginTime,user_dreamPosition,user_dreamMinMonthSalary,user_dreamMaxMonthSalary,user_dreamWeekWorkDayNum,user_dreamGoodWelfare,user_recruitLocationFirst,user_recruitLocationSecond,user_recruitLocationDetail,user_universityCode FROM user_user WHERE user_id=?
2025-12-19 10:22:27.390 [http-nio-8080-exec-3] DEBUG c.z.e.m.m.user.UserMapper.selectById - ==> Parameters: 1(Integer)
2025-12-19 10:22:27.534 [http-nio-8080-exec-3] DEBUG c.z.e.m.m.user.UserMapper.selectById - <==      Total: 1
2025-12-19 10:22:27.569 [http-nio-8080-exec-3] INFO  c.z.e.s.impl.user.UserServiceImpl - 根据用户id查询用户信息开始
2025-12-19 10:22:27.570 [http-nio-8080-exec-3] DEBUG c.z.e.m.m.user.UserMapper.selectById - ==>  Preparing: SELECT user_id,user_account,user_username,user_email,user_phone,user_password,user_image,user_introduce,user_createdTime,user_loginTime,user_dreamPosition,user_dreamMinMonthSalary,user_dreamMaxMonthSalary,user_dreamWeekWorkDayNum,user_dreamGoodWelfare,user_recruitLocationFirst,user_recruitLocationSecond,user_recruitLocationDetail,user_universityCode FROM user_user WHERE user_id=?
2025-12-19 10:22:27.571 [http-nio-8080-exec-3] DEBUG c.z.e.m.m.user.UserMapper.selectById - ==> Parameters: 1(String)
2025-12-19 10:22:27.635 [http-nio-8080-exec-3] DEBUG c.z.e.m.m.user.UserMapper.selectById - <==      Total: 1
2025-12-19 10:24:06.002 [http-nio-8080-exec-4] DEBUG c.z.e.m.m.user.UserMapper.selectById - ==>  Preparing: SELECT user_id,user_account,user_username,user_email,user_phone,user_password,user_image,user_introduce,user_createdTime,user_loginTime,user_dreamPosition,user_dreamMinMonthSalary,user_dreamMaxMonthSalary,user_dreamWeekWorkDayNum,user_dreamGoodWelfare,user_recruitLocationFirst,user_recruitLocationSecond,user_recruitLocationDetail,user_universityCode FROM user_user WHERE user_id=?
2025-12-19 10:24:06.003 [http-nio-8080-exec-4] DEBUG c.z.e.m.m.user.UserMapper.selectById - ==> Parameters: 1(Integer)
2025-12-19 10:24:06.148 [http-nio-8080-exec-4] DEBUG c.z.e.m.m.user.UserMapper.selectById - <==      Total: 1
2025-12-19 10:24:06.248 [http-nio-8080-exec-4] INFO  c.z.e.s.i.u.UserSaveResumeServiceImpl - 获取用户保存的简历信息开始
2025-12-19 10:24:06.434 [http-nio-8080-exec-4] DEBUG c.z.e.m.m.u.U.selectList - ==>  Preparing: SELECT userSaveResume_id,userSaveResume_resumeName,userSaveResume_industry,userSaveResume_resumeReactCode,userSaveResume_createdTime,userSaveResume_updatedTime,userSaveResume_sortedNum,userSaveResume_userId FROM user_userSaveResume WHERE (userSaveResume_userId = ?) ORDER BY userSaveResume_sortedNum DESC
2025-12-19 10:24:06.436 [http-nio-8080-exec-4] DEBUG c.z.e.m.m.u.U.selectList - ==> Parameters: 1(Integer)
2025-12-19 10:24:06.558 [http-nio-8080-exec-4] DEBUG c.z.e.m.m.u.U.selectList - <==      Total: 0
2025-12-19 10:24:08.255 [http-nio-8080-exec-5] DEBUG c.z.e.m.m.user.UserMapper.selectById - ==>  Preparing: SELECT user_id,user_account,user_username,user_email,user_phone,user_password,user_image,user_introduce,user_createdTime,user_loginTime,user_dreamPosition,user_dreamMinMonthSalary,user_dreamMaxMonthSalary,user_dreamWeekWorkDayNum,user_dreamGoodWelfare,user_recruitLocationFirst,user_recruitLocationSecond,user_recruitLocationDetail,user_universityCode FROM user_user WHERE user_id=?
2025-12-19 10:24:08.256 [http-nio-8080-exec-5] DEBUG c.z.e.m.m.user.UserMapper.selectById - ==> Parameters: 1(Integer)
2025-12-19 10:24:08.543 [http-nio-8080-exec-5] DEBUG c.z.e.m.m.user.UserMapper.selectById - <==      Total: 1
2025-12-19 10:24:10.081 [http-nio-8080-exec-7] DEBUG c.z.e.m.m.user.UserMapper.selectById - ==>  Preparing: SELECT user_id,user_account,user_username,user_email,user_phone,user_password,user_image,user_introduce,user_createdTime,user_loginTime,user_dreamPosition,user_dreamMinMonthSalary,user_dreamMaxMonthSalary,user_dreamWeekWorkDayNum,user_dreamGoodWelfare,user_recruitLocationFirst,user_recruitLocationSecond,user_recruitLocationDetail,user_universityCode FROM user_user WHERE user_id=?
2025-12-19 10:24:10.082 [http-nio-8080-exec-7] DEBUG c.z.e.m.m.user.UserMapper.selectById - ==> Parameters: 1(Integer)
2025-12-19 10:24:10.121 [http-nio-8080-exec-7] DEBUG c.z.e.m.m.user.UserMapper.selectById - <==      Total: 1
2025-12-19 10:24:11.335 [http-nio-8080-exec-6] DEBUG c.z.e.m.m.user.UserMapper.selectById - ==>  Preparing: SELECT user_id,user_account,user_username,user_email,user_phone,user_password,user_image,user_introduce,user_createdTime,user_loginTime,user_dreamPosition,user_dreamMinMonthSalary,user_dreamMaxMonthSalary,user_dreamWeekWorkDayNum,user_dreamGoodWelfare,user_recruitLocationFirst,user_recruitLocationSecond,user_recruitLocationDetail,user_universityCode FROM user_user WHERE user_id=?
2025-12-19 10:24:11.336 [http-nio-8080-exec-6] DEBUG c.z.e.m.m.user.UserMapper.selectById - ==> Parameters: 1(Integer)
2025-12-19 10:24:11.372 [http-nio-8080-exec-6] DEBUG c.z.e.m.m.user.UserMapper.selectById - <==      Total: 1
2025-12-19 10:24:11.412 [http-nio-8080-exec-6] INFO  c.z.e.s.i.u.UserDeleteResumeServiceImpl - 根据用户id查询用户删除简历信息开始
2025-12-19 10:24:11.417 [http-nio-8080-exec-6] DEBUG c.z.e.m.m.u.U.selectList - ==>  Preparing: SELECT userDeleteResume_id,userDeleteResume_resumeName,userDeleteResume_industry,userDeleteResume_resumeReactCode,userDeleteResume_createdTime,userDeleteResume_updatedTime,userDeleteResume_sortedNum,userDeleteResume_userId,userDeleteResume_deleteTime FROM user_userDeleteResume WHERE (userDeleteResume_userId = ?) ORDER BY userDeleteResume_sortedNum DESC
2025-12-19 10:24:11.430 [http-nio-8080-exec-6] DEBUG c.z.e.m.m.u.U.selectList - ==> Parameters: 1(Integer)
2025-12-19 10:24:11.502 [http-nio-8080-exec-6] DEBUG c.z.e.m.m.u.U.selectList - <==      Total: 1
2025-12-19 10:25:17.808 [http-nio-8080-exec-8] DEBUG c.z.e.m.m.user.UserMapper.selectById - ==>  Preparing: SELECT user_id,user_account,user_username,user_email,user_phone,user_password,user_image,user_introduce,user_createdTime,user_loginTime,user_dreamPosition,user_dreamMinMonthSalary,user_dreamMaxMonthSalary,user_dreamWeekWorkDayNum,user_dreamGoodWelfare,user_recruitLocationFirst,user_recruitLocationSecond,user_recruitLocationDetail,user_universityCode FROM user_user WHERE user_id=?
2025-12-19 10:25:17.810 [http-nio-8080-exec-8] DEBUG c.z.e.m.m.user.UserMapper.selectById - ==> Parameters: 1(Integer)
2025-12-19 10:25:17.849 [http-nio-8080-exec-8] DEBUG c.z.e.m.m.user.UserMapper.selectById - <==      Total: 1
2025-12-19 10:25:18.982 [http-nio-8080-exec-9] DEBUG c.z.e.m.m.user.UserMapper.selectById - ==>  Preparing: SELECT user_id,user_account,user_username,user_email,user_phone,user_password,user_image,user_introduce,user_createdTime,user_loginTime,user_dreamPosition,user_dreamMinMonthSalary,user_dreamMaxMonthSalary,user_dreamWeekWorkDayNum,user_dreamGoodWelfare,user_recruitLocationFirst,user_recruitLocationSecond,user_recruitLocationDetail,user_universityCode FROM user_user WHERE user_id=?
2025-12-19 10:25:18.983 [http-nio-8080-exec-9] DEBUG c.z.e.m.m.user.UserMapper.selectById - ==> Parameters: 1(Integer)
2025-12-19 10:25:19.024 [http-nio-8080-exec-9] DEBUG c.z.e.m.m.user.UserMapper.selectById - <==      Total: 1
2025-12-19 10:26:22.549 [http-nio-8080-exec-10] DEBUG c.z.e.m.m.user.UserMapper.selectById - ==>  Preparing: SELECT user_id,user_account,user_username,user_email,user_phone,user_password,user_image,user_introduce,user_createdTime,user_loginTime,user_dreamPosition,user_dreamMinMonthSalary,user_dreamMaxMonthSalary,user_dreamWeekWorkDayNum,user_dreamGoodWelfare,user_recruitLocationFirst,user_recruitLocationSecond,user_recruitLocationDetail,user_universityCode FROM user_user WHERE user_id=?
2025-12-19 10:26:22.549 [http-nio-8080-exec-10] DEBUG c.z.e.m.m.user.UserMapper.selectById - ==> Parameters: 1(Integer)
2025-12-19 10:26:22.554 [http-nio-8080-exec-2] DEBUG c.z.e.m.m.user.UserMapper.selectById - ==>  Preparing: SELECT user_id,user_account,user_username,user_email,user_phone,user_password,user_image,user_introduce,user_createdTime,user_loginTime,user_dreamPosition,user_dreamMinMonthSalary,user_dreamMaxMonthSalary,user_dreamWeekWorkDayNum,user_dreamGoodWelfare,user_recruitLocationFirst,user_recruitLocationSecond,user_recruitLocationDetail,user_universityCode FROM user_user WHERE user_id=?
2025-12-19 10:26:22.555 [http-nio-8080-exec-2] DEBUG c.z.e.m.m.user.UserMapper.selectById - ==> Parameters: 1(Integer)
2025-12-19 10:26:22.644 [http-nio-8080-exec-10] DEBUG c.z.e.m.m.user.UserMapper.selectById - <==      Total: 1
2025-12-19 10:26:22.644 [http-nio-8080-exec-2] DEBUG c.z.e.m.m.user.UserMapper.selectById - <==      Total: 1
2025-12-19 10:26:22.723 [http-nio-8080-exec-10] DEBUG c.z.e.m.m.a.I.selectList - ==>  Preparing: SELECT industryMap_industryCode,industryMap_industryName,industryMap_createdTime AS createdTime,industryMap_updatedTime AS updatedTime FROM general_industryMap
2025-12-19 10:26:22.724 [http-nio-8080-exec-10] DEBUG c.z.e.m.m.a.I.selectList - ==> Parameters: 
2025-12-19 10:26:22.762 [http-nio-8080-exec-10] DEBUG c.z.e.m.m.a.I.selectList - <==      Total: 2
2025-12-19 10:26:22.778 [http-nio-8080-exec-2] DEBUG c.z.e.m.m.a.R.selectList - ==>  Preparing: SELECT resumeTemplate_id,resumeTemplate_name,resumeTemplate_reactCode,resumeTemplate_industry,resumeTemplate_isActive,resumeTemplate_createdTime,resumeTemplate_updatedTime,deleted FROM general_resumeTemplate WHERE deleted=0 AND (deleted = ?)
2025-12-19 10:26:22.786 [http-nio-8080-exec-2] DEBUG c.z.e.m.m.a.R.selectList - ==> Parameters: 0(Integer)
2025-12-19 10:26:22.838 [http-nio-8080-exec-2] DEBUG c.z.e.m.m.a.R.selectList - <==      Total: 1
2025-12-19 10:26:22.872 [http-nio-8080-exec-2] DEBUG c.z.e.m.m.a.I.selectById - ==>  Preparing: SELECT industryMap_industryCode,industryMap_industryName,industryMap_createdTime AS createdTime,industryMap_updatedTime AS updatedTime FROM general_industryMap WHERE industryMap_industryCode=?
2025-12-19 10:26:22.873 [http-nio-8080-exec-2] DEBUG c.z.e.m.m.a.I.selectById - ==> Parameters: 1(Integer)
2025-12-19 10:26:22.918 [http-nio-8080-exec-2] DEBUG c.z.e.m.m.a.I.selectById - <==      Total: 1
2025-12-19 10:26:23.375 [http-nio-8080-exec-1] DEBUG c.z.e.m.m.user.UserMapper.selectById - ==>  Preparing: SELECT user_id,user_account,user_username,user_email,user_phone,user_password,user_image,user_introduce,user_createdTime,user_loginTime,user_dreamPosition,user_dreamMinMonthSalary,user_dreamMaxMonthSalary,user_dreamWeekWorkDayNum,user_dreamGoodWelfare,user_recruitLocationFirst,user_recruitLocationSecond,user_recruitLocationDetail,user_universityCode FROM user_user WHERE user_id=?
2025-12-19 10:26:23.376 [http-nio-8080-exec-1] DEBUG c.z.e.m.m.user.UserMapper.selectById - ==> Parameters: 1(Integer)
2025-12-19 10:26:23.416 [http-nio-8080-exec-1] DEBUG c.z.e.m.m.user.UserMapper.selectById - <==      Total: 1
2025-12-19 10:26:23.459 [http-nio-8080-exec-1] INFO  c.z.e.s.i.u.UserCollectionsServiceImpl - 用户是否收藏简历模版开始
2025-12-19 10:26:23.474 [http-nio-8080-exec-1] DEBUG c.z.e.m.m.u.U.selectList - ==>  Preparing: SELECT uid,rtid FROM user_userCollections WHERE (uid = ? AND rtid = ?)
2025-12-19 10:26:23.475 [http-nio-8080-exec-1] DEBUG c.z.e.m.m.u.U.selectList - ==> Parameters: 1(Integer), 1(Integer)
2025-12-19 10:26:23.513 [http-nio-8080-exec-1] DEBUG c.z.e.m.m.u.U.selectList - <==      Total: 0
2025-12-19 10:26:23.513 [http-nio-8080-exec-1] INFO  c.z.e.s.i.u.UserCollectionsServiceImpl - 用户是否收藏简历模版结束
2025-12-19 10:26:30.760 [http-nio-8080-exec-3] DEBUG c.z.e.m.m.user.UserMapper.selectById - ==>  Preparing: SELECT user_id,user_account,user_username,user_email,user_phone,user_password,user_image,user_introduce,user_createdTime,user_loginTime,user_dreamPosition,user_dreamMinMonthSalary,user_dreamMaxMonthSalary,user_dreamWeekWorkDayNum,user_dreamGoodWelfare,user_recruitLocationFirst,user_recruitLocationSecond,user_recruitLocationDetail,user_universityCode FROM user_user WHERE user_id=?
2025-12-19 10:26:30.760 [http-nio-8080-exec-3] DEBUG c.z.e.m.m.user.UserMapper.selectById - ==> Parameters: 1(Integer)
2025-12-19 10:26:30.835 [http-nio-8080-exec-3] DEBUG c.z.e.m.m.user.UserMapper.selectById - <==      Total: 1
2025-12-19 10:26:30.939 [http-nio-8080-exec-3] INFO  c.z.e.s.i.u.UserSaveResumeServiceImpl - 保存用户保存的简历信息开始
2025-12-19 10:26:30.947 [http-nio-8080-exec-3] DEBUG c.z.e.m.m.a.I.selectList - ==>  Preparing: SELECT industryMap_industryCode,industryMap_industryName,industryMap_createdTime AS createdTime,industryMap_updatedTime AS updatedTime FROM general_industryMap WHERE (industryMap_industryName = ?)
2025-12-19 10:26:30.952 [http-nio-8080-exec-3] DEBUG c.z.e.m.m.a.I.selectList - ==> Parameters: 互联网(String)
2025-12-19 10:26:31.040 [http-nio-8080-exec-3] DEBUG c.z.e.m.m.a.I.selectList - <==      Total: 1
2025-12-19 10:26:31.042 [http-nio-8080-exec-3] DEBUG c.z.e.m.m.u.U.selectList - ==>  Preparing: SELECT userSaveResume_id,userSaveResume_resumeName,userSaveResume_industry,userSaveResume_resumeReactCode,userSaveResume_createdTime,userSaveResume_updatedTime,userSaveResume_sortedNum,userSaveResume_userId FROM user_userSaveResume WHERE (userSaveResume_userId = ?) ORDER BY userSaveResume_sortedNum DESC
2025-12-19 10:26:31.046 [http-nio-8080-exec-3] DEBUG c.z.e.m.m.u.U.selectList - ==> Parameters: 1(Integer)
2025-12-19 10:26:31.085 [http-nio-8080-exec-3] DEBUG c.z.e.m.m.u.U.selectList - <==      Total: 0
2025-12-19 10:26:31.103 [http-nio-8080-exec-3] DEBUG c.z.e.m.m.u.U.insert - ==>  Preparing: INSERT INTO user_userSaveResume ( userSaveResume_resumeName, userSaveResume_industry, userSaveResume_resumeReactCode, userSaveResume_createdTime, userSaveResume_updatedTime, userSaveResume_sortedNum, userSaveResume_userId ) VALUES ( ?, ?, ?, ?, ?, ?, ? )
2025-12-19 10:26:31.109 [http-nio-8080-exec-3] DEBUG c.z.e.m.m.u.U.insert - ==> Parameters: 帅哥的简历(String), 1(Integer), const ResumeTemplate = () => {
  const styles = {
    container: {
      fontFamily: "'Microsoft YaHei', sans-serif",
      maxWidth: '800px',
      margin: '0 auto',
      padding: '40px',
      background: 'white',
    },
    header: {
      textAlign: 'center',
      marginBottom: '30px',
      borderBottom: '2px solid #1890ff',
      paddingBottom: '20px',
    },
    name: {
      fontSize: '28px',
      fontWeight: 'bold',
      color: '#1890ff',
      marginBottom: '10px',
    },
    contact: {
      fontSize: '14px',
      color: '#666',
    },
    section: {
      marginBottom: '25px',
    },
    sectionTitle: {
      fontSize: '18px',
      fontWeight: 'bold',
      color: '#1890ff',
      borderLeft: '4px solid #1890ff',
      paddingLeft: '10px',
      marginBottom: '15px',
    },
    item: {
      marginBottom: '15px',
    },
    itemHeader: {
      display: 'flex',
      justifyContent: 'space-between',
      marginBottom: '5px',
    },
    itemTitle: {
      fontWeight: 'bold',
      fontSize: '15px',
    },
    itemDate: {
      color: '#999',
      fontSize: '13px',
    },
    itemDesc: {
      fontSize: '14px',
      color: '#333',
      lineHeight: '1.6',
    },
    skills: {
      display: 'flex',
      flexWrap: 'wrap',
      gap: '8px',
    },
    skill: {
      background: '#e6f7ff',
      color: '#1890ff',
      padding: '4px 12px',
      borderRadius: '4px',
      fontSize: '13px',
    },
  };

  return (
    <div style={styles.container}>
      <div style={styles.header}>
        <div style={styles.name}>张三</div>
        <div style={styles.contact}>
          📱 138-0000-0000 | ✉️ zhangsan@email.com | 📍 北京市
        </div>
      </div>

      <div style={styles.section}>
        <div style={styles.sectionTitle}>教育背景</div>
        <div style={styles.item}>
          <div style={styles.itemHeader}>
            <span style={styles.itemTitle}>北京大学 · 计算机科学与技术</span>
            <span style={styles.itemDate}>2018.09 - 2022.06</span>
          </div>
          <div style={styles.itemDesc}>本科 | GPA: 3.8/4.0</div>
        </div>
      </div>

      <div style={styles.section}>
        <div style={styles.sectionTitle}>工作经历</div>
        <div style={styles.item}>
          <div style={styles.itemHeader}>
            <span style={styles.itemTitle}>阿里巴巴 · 前端开发工程师</span>
            <span style={styles.itemDate}>2022.07 - 至今</span>
          </div>
          <div style={styles.itemDesc}>
            • 负责淘宝商家后台系统开发，使用 React + TypeScript<br/>
            • 优化页面性能，首屏加载时间降低 40%<br/>
            • 主导组件库建设，提升团队开发效率 30%
          </div>
        </div>
      </div>

      <div style={styles.section}>
        <div style={styles.sectionTitle}>项目经验</div>
        <div style={styles.item}>
          <div style={styles.itemHeader}>
            <span style={styles.itemTitle}>电商管理系统</span>
            <span style={styles.itemDate}>2023.01 - 2023.06</span>
          </div>
          <div style={styles.itemDesc}>
            • 使用 React 18 + Ant Design 搭建后台管理系统<br/>
            • 实现权限管理、数据可视化、订单管理等核心模块<br/>
            • 采用 React Query 优化数据请求，提升用户体验
          </div>
        </div>
      </div>

      <div style={styles.section}>
        <div style={styles.sectionTitle}>专业技能</div>
        <div style={styles.skills}>
          <span style={styles.skill}>React</span>
          <span style={styles.skill}>TypeScript</span>
          <span style={styles.skill}>Vue.js</span>
          <span style={styles.skill}>Node.js</span>
          <span style={styles.skill}>Webpack</span>
          <span style={styles.skill}>Git</span>
        </div>
      </div>
    </div>
  );
};(String), 2025-12-19 10:26:31.04(Timestamp), 2025-12-19 10:26:31.04(Timestamp), 1(Integer), 1(Integer)
2025-12-19 10:26:31.347 [http-nio-8080-exec-3] DEBUG c.z.e.m.m.u.U.insert - <==    Updates: 1
2025-12-19 10:26:31.351 [http-nio-8080-exec-3] INFO  c.z.e.s.i.u.UserSaveResumeServiceImpl - 保存用户保存的简历信息成功
2025-12-19 10:26:34.780 [http-nio-8080-exec-4] DEBUG c.z.e.m.m.user.UserMapper.selectById - ==>  Preparing: SELECT user_id,user_account,user_username,user_email,user_phone,user_password,user_image,user_introduce,user_createdTime,user_loginTime,user_dreamPosition,user_dreamMinMonthSalary,user_dreamMaxMonthSalary,user_dreamWeekWorkDayNum,user_dreamGoodWelfare,user_recruitLocationFirst,user_recruitLocationSecond,user_recruitLocationDetail,user_universityCode FROM user_user WHERE user_id=?
2025-12-19 10:26:34.781 [http-nio-8080-exec-4] DEBUG c.z.e.m.m.user.UserMapper.selectById - ==> Parameters: 1(Integer)
2025-12-19 10:26:34.930 [http-nio-8080-exec-4] DEBUG c.z.e.m.m.user.UserMapper.selectById - <==      Total: 1
2025-12-19 10:26:35.032 [http-nio-8080-exec-4] INFO  c.z.e.s.i.u.UserSaveResumeServiceImpl - 获取用户保存的简历信息开始
2025-12-19 10:26:35.033 [http-nio-8080-exec-4] DEBUG c.z.e.m.m.u.U.selectList - ==>  Preparing: SELECT userSaveResume_id,userSaveResume_resumeName,userSaveResume_industry,userSaveResume_resumeReactCode,userSaveResume_createdTime,userSaveResume_updatedTime,userSaveResume_sortedNum,userSaveResume_userId FROM user_userSaveResume WHERE (userSaveResume_userId = ?) ORDER BY userSaveResume_sortedNum DESC
2025-12-19 10:26:35.033 [http-nio-8080-exec-4] DEBUG c.z.e.m.m.u.U.selectList - ==> Parameters: 1(Integer)
2025-12-19 10:26:35.159 [http-nio-8080-exec-4] DEBUG c.z.e.m.m.u.U.selectList - <==      Total: 1
2025-12-19 10:28:50.155 [http-nio-8080-exec-5] DEBUG c.z.e.m.m.user.UserMapper.selectById - ==>  Preparing: SELECT user_id,user_account,user_username,user_email,user_phone,user_password,user_image,user_introduce,user_createdTime,user_loginTime,user_dreamPosition,user_dreamMinMonthSalary,user_dreamMaxMonthSalary,user_dreamWeekWorkDayNum,user_dreamGoodWelfare,user_recruitLocationFirst,user_recruitLocationSecond,user_recruitLocationDetail,user_universityCode FROM user_user WHERE user_id=?
2025-12-19 10:28:50.156 [http-nio-8080-exec-5] DEBUG c.z.e.m.m.user.UserMapper.selectById - ==> Parameters: 1(Integer)
2025-12-19 10:28:50.439 [http-nio-8080-exec-5] DEBUG c.z.e.m.m.user.UserMapper.selectById - <==      Total: 1
2025-12-19 10:28:51.055 [http-nio-8080-exec-5] INFO  c.z.e.s.i.u.UserSaveResumeServiceImpl - 获取用户保存的简历信息开始
2025-12-19 10:28:51.058 [http-nio-8080-exec-5] DEBUG c.z.e.m.m.u.U.selectList - ==>  Preparing: SELECT userSaveResume_id,userSaveResume_resumeName,userSaveResume_industry,userSaveResume_resumeReactCode,userSaveResume_createdTime,userSaveResume_updatedTime,userSaveResume_sortedNum,userSaveResume_userId FROM user_userSaveResume WHERE (userSaveResume_userId = ?) ORDER BY userSaveResume_sortedNum DESC
2025-12-19 10:28:51.058 [http-nio-8080-exec-5] DEBUG c.z.e.m.m.u.U.selectList - ==> Parameters: 1(Integer)
2025-12-19 10:28:51.222 [http-nio-8080-exec-5] DEBUG c.z.e.m.m.u.U.selectList - <==      Total: 1
2025-12-19 10:32:20.468 [http-nio-8080-exec-7] DEBUG c.z.e.m.m.user.UserMapper.selectById - ==>  Preparing: SELECT user_id,user_account,user_username,user_email,user_phone,user_password,user_image,user_introduce,user_createdTime,user_loginTime,user_dreamPosition,user_dreamMinMonthSalary,user_dreamMaxMonthSalary,user_dreamWeekWorkDayNum,user_dreamGoodWelfare,user_recruitLocationFirst,user_recruitLocationSecond,user_recruitLocationDetail,user_universityCode FROM user_user WHERE user_id=?
2025-12-19 10:32:20.469 [http-nio-8080-exec-7] DEBUG c.z.e.m.m.user.UserMapper.selectById - ==> Parameters: 1(Integer)
2025-12-19 10:32:20.524 [http-nio-8080-exec-7] DEBUG c.z.e.m.m.user.UserMapper.selectById - <==      Total: 1
2025-12-19 10:32:20.578 [http-nio-8080-exec-7] INFO  c.z.e.s.i.u.UserSaveResumeServiceImpl - 获取用户保存的简历信息开始
2025-12-19 10:32:20.585 [http-nio-8080-exec-7] DEBUG c.z.e.m.m.u.U.selectList - ==>  Preparing: SELECT userSaveResume_id,userSaveResume_resumeName,userSaveResume_industry,userSaveResume_resumeReactCode,userSaveResume_createdTime,userSaveResume_updatedTime,userSaveResume_sortedNum,userSaveResume_userId FROM user_userSaveResume WHERE (userSaveResume_userId = ? AND userSaveResume_sortedNum = ?)
2025-12-19 10:32:20.590 [http-nio-8080-exec-7] DEBUG c.z.e.m.m.u.U.selectList - ==> Parameters: 1(Integer), 1(Integer)
2025-12-19 10:32:20.796 [http-nio-8080-exec-7] DEBUG c.z.e.m.m.u.U.selectList - <==      Total: 1
2025-12-19 10:32:35.879 [http-nio-8080-exec-6] DEBUG c.z.e.m.m.user.UserMapper.selectById - ==>  Preparing: SELECT user_id,user_account,user_username,user_email,user_phone,user_password,user_image,user_introduce,user_createdTime,user_loginTime,user_dreamPosition,user_dreamMinMonthSalary,user_dreamMaxMonthSalary,user_dreamWeekWorkDayNum,user_dreamGoodWelfare,user_recruitLocationFirst,user_recruitLocationSecond,user_recruitLocationDetail,user_universityCode FROM user_user WHERE user_id=?
2025-12-19 10:32:35.880 [http-nio-8080-exec-6] DEBUG c.z.e.m.m.user.UserMapper.selectById - ==> Parameters: 1(Integer)
2025-12-19 10:32:35.920 [http-nio-8080-exec-6] DEBUG c.z.e.m.m.user.UserMapper.selectById - <==      Total: 1
2025-12-19 10:32:35.961 [http-nio-8080-exec-6] INFO  c.z.e.s.i.u.UserDeleteResumeServiceImpl - 根据用户id查询用户删除简历信息开始
2025-12-19 10:32:35.964 [http-nio-8080-exec-6] DEBUG c.z.e.m.m.u.U.selectList - ==>  Preparing: SELECT userDeleteResume_id,userDeleteResume_resumeName,userDeleteResume_industry,userDeleteResume_resumeReactCode,userDeleteResume_createdTime,userDeleteResume_updatedTime,userDeleteResume_sortedNum,userDeleteResume_userId,userDeleteResume_deleteTime FROM user_userDeleteResume WHERE (userDeleteResume_userId = ?) ORDER BY userDeleteResume_sortedNum DESC
2025-12-19 10:32:35.965 [http-nio-8080-exec-6] DEBUG c.z.e.m.m.u.U.selectList - ==> Parameters: 1(Integer)
2025-12-19 10:32:36.043 [http-nio-8080-exec-6] DEBUG c.z.e.m.m.u.U.selectList - <==      Total: 1
2025-12-19 10:32:53.239 [http-nio-8080-exec-8] DEBUG c.z.e.m.m.user.UserMapper.selectById - ==>  Preparing: SELECT user_id,user_account,user_username,user_email,user_phone,user_password,user_image,user_introduce,user_createdTime,user_loginTime,user_dreamPosition,user_dreamMinMonthSalary,user_dreamMaxMonthSalary,user_dreamWeekWorkDayNum,user_dreamGoodWelfare,user_recruitLocationFirst,user_recruitLocationSecond,user_recruitLocationDetail,user_universityCode FROM user_user WHERE user_id=?
2025-12-19 10:32:53.240 [http-nio-8080-exec-8] DEBUG c.z.e.m.m.user.UserMapper.selectById - ==> Parameters: 1(Integer)
2025-12-19 10:32:53.291 [http-nio-8080-exec-8] DEBUG c.z.e.m.m.user.UserMapper.selectById - <==      Total: 1
2025-12-19 10:32:53.331 [http-nio-8080-exec-8] INFO  c.z.e.s.i.u.UserSaveResumeServiceImpl - 获取用户保存的简历信息开始
2025-12-19 10:32:53.333 [http-nio-8080-exec-8] DEBUG c.z.e.m.m.u.U.selectList - ==>  Preparing: SELECT userSaveResume_id,userSaveResume_resumeName,userSaveResume_industry,userSaveResume_resumeReactCode,userSaveResume_createdTime,userSaveResume_updatedTime,userSaveResume_sortedNum,userSaveResume_userId FROM user_userSaveResume WHERE (userSaveResume_userId = ?) ORDER BY userSaveResume_sortedNum DESC
2025-12-19 10:32:53.334 [http-nio-8080-exec-8] DEBUG c.z.e.m.m.u.U.selectList - ==> Parameters: 1(Integer)
2025-12-19 10:32:53.399 [http-nio-8080-exec-8] DEBUG c.z.e.m.m.u.U.selectList - <==      Total: 1
2025-12-19 10:41:30.048 [http-nio-8080-exec-9] DEBUG c.z.e.m.m.user.UserMapper.selectById - ==>  Preparing: SELECT user_id,user_account,user_username,user_email,user_phone,user_password,user_image,user_introduce,user_createdTime,user_loginTime,user_dreamPosition,user_dreamMinMonthSalary,user_dreamMaxMonthSalary,user_dreamWeekWorkDayNum,user_dreamGoodWelfare,user_recruitLocationFirst,user_recruitLocationSecond,user_recruitLocationDetail,user_universityCode FROM user_user WHERE user_id=?
2025-12-19 10:41:30.049 [http-nio-8080-exec-9] DEBUG c.z.e.m.m.user.UserMapper.selectById - ==> Parameters: 1(Integer)
2025-12-19 10:41:30.194 [http-nio-8080-exec-9] DEBUG c.z.e.m.m.user.UserMapper.selectById - <==      Total: 1
2025-12-19 10:41:30.264 [http-nio-8080-exec-9] INFO  c.z.e.s.i.u.UserSaveResumeServiceImpl - 获取用户保存的简历信息开始
2025-12-19 10:41:30.267 [http-nio-8080-exec-9] DEBUG c.z.e.m.m.u.U.selectList - ==>  Preparing: SELECT userSaveResume_id,userSaveResume_resumeName,userSaveResume_industry,userSaveResume_resumeReactCode,userSaveResume_createdTime,userSaveResume_updatedTime,userSaveResume_sortedNum,userSaveResume_userId FROM user_userSaveResume WHERE (userSaveResume_userId = ?) ORDER BY userSaveResume_sortedNum DESC
2025-12-19 10:41:30.267 [http-nio-8080-exec-9] DEBUG c.z.e.m.m.u.U.selectList - ==> Parameters: 1(Integer)
2025-12-19 10:41:30.399 [http-nio-8080-exec-9] DEBUG c.z.e.m.m.u.U.selectList - <==      Total: 1
2025-12-19 10:41:31.678 [http-nio-8080-exec-10] DEBUG c.z.e.m.m.user.UserMapper.selectById - ==>  Preparing: SELECT user_id,user_account,user_username,user_email,user_phone,user_password,user_image,user_introduce,user_createdTime,user_loginTime,user_dreamPosition,user_dreamMinMonthSalary,user_dreamMaxMonthSalary,user_dreamWeekWorkDayNum,user_dreamGoodWelfare,user_recruitLocationFirst,user_recruitLocationSecond,user_recruitLocationDetail,user_universityCode FROM user_user WHERE user_id=?
2025-12-19 10:41:31.679 [http-nio-8080-exec-10] DEBUG c.z.e.m.m.user.UserMapper.selectById - ==> Parameters: 1(Integer)
2025-12-19 10:41:31.732 [http-nio-8080-exec-10] DEBUG c.z.e.m.m.user.UserMapper.selectById - <==      Total: 1
2025-12-19 10:41:31.830 [http-nio-8080-exec-10] INFO  c.z.e.s.i.u.UserDeleteResumeServiceImpl - 根据用户id查询用户删除简历信息开始
2025-12-19 10:41:31.833 [http-nio-8080-exec-10] DEBUG c.z.e.m.m.u.U.selectList - ==>  Preparing: SELECT userDeleteResume_id,userDeleteResume_resumeName,userDeleteResume_industry,userDeleteResume_resumeReactCode,userDeleteResume_createdTime,userDeleteResume_updatedTime,userDeleteResume_sortedNum,userDeleteResume_userId,userDeleteResume_deleteTime FROM user_userDeleteResume WHERE (userDeleteResume_userId = ?) ORDER BY userDeleteResume_sortedNum DESC
2025-12-19 10:41:31.833 [http-nio-8080-exec-10] DEBUG c.z.e.m.m.u.U.selectList - ==> Parameters: 1(Integer)
2025-12-19 10:41:31.937 [http-nio-8080-exec-10] DEBUG c.z.e.m.m.u.U.selectList - <==      Total: 1
2025-12-19 10:42:22.315 [http-nio-8080-exec-2] DEBUG c.z.e.m.m.user.UserMapper.selectById - ==>  Preparing: SELECT user_id,user_account,user_username,user_email,user_phone,user_password,user_image,user_introduce,user_createdTime,user_loginTime,user_dreamPosition,user_dreamMinMonthSalary,user_dreamMaxMonthSalary,user_dreamWeekWorkDayNum,user_dreamGoodWelfare,user_recruitLocationFirst,user_recruitLocationSecond,user_recruitLocationDetail,user_universityCode FROM user_user WHERE user_id=?
2025-12-19 10:42:22.315 [http-nio-8080-exec-2] DEBUG c.z.e.m.m.user.UserMapper.selectById - ==> Parameters: 1(Integer)
2025-12-19 10:42:22.355 [http-nio-8080-exec-2] DEBUG c.z.e.m.m.user.UserMapper.selectById - <==      Total: 1
2025-12-19 10:42:22.395 [http-nio-8080-exec-2] INFO  c.z.e.s.i.u.UserSaveResumeServiceImpl - 获取用户保存的简历信息开始
2025-12-19 10:42:22.397 [http-nio-8080-exec-2] DEBUG c.z.e.m.m.u.U.selectList - ==>  Preparing: SELECT userSaveResume_id,userSaveResume_resumeName,userSaveResume_industry,userSaveResume_resumeReactCode,userSaveResume_createdTime,userSaveResume_updatedTime,userSaveResume_sortedNum,userSaveResume_userId FROM user_userSaveResume WHERE (userSaveResume_userId = ?) ORDER BY userSaveResume_sortedNum DESC
2025-12-19 10:42:22.398 [http-nio-8080-exec-2] DEBUG c.z.e.m.m.u.U.selectList - ==> Parameters: 1(Integer)
2025-12-19 10:42:22.450 [http-nio-8080-exec-2] DEBUG c.z.e.m.m.u.U.selectList - <==      Total: 1
2025-12-19 10:42:57.756 [http-nio-8080-exec-3] DEBUG c.z.e.m.m.user.UserMapper.selectById - ==>  Preparing: SELECT user_id,user_account,user_username,user_email,user_phone,user_password,user_image,user_introduce,user_createdTime,user_loginTime,user_dreamPosition,user_dreamMinMonthSalary,user_dreamMaxMonthSalary,user_dreamWeekWorkDayNum,user_dreamGoodWelfare,user_recruitLocationFirst,user_recruitLocationSecond,user_recruitLocationDetail,user_universityCode FROM user_user WHERE user_id=?
2025-12-19 10:42:57.756 [http-nio-8080-exec-3] DEBUG c.z.e.m.m.user.UserMapper.selectById - ==> Parameters: 1(Integer)
2025-12-19 10:42:57.986 [http-nio-8080-exec-3] DEBUG c.z.e.m.m.user.UserMapper.selectById - <==      Total: 1
2025-12-19 10:42:57.987 [http-nio-8080-exec-1] DEBUG c.z.e.m.m.user.UserMapper.selectById - ==>  Preparing: SELECT user_id,user_account,user_username,user_email,user_phone,user_password,user_image,user_introduce,user_createdTime,user_loginTime,user_dreamPosition,user_dreamMinMonthSalary,user_dreamMaxMonthSalary,user_dreamWeekWorkDayNum,user_dreamGoodWelfare,user_recruitLocationFirst,user_recruitLocationSecond,user_recruitLocationDetail,user_universityCode FROM user_user WHERE user_id=?
2025-12-19 10:42:57.988 [http-nio-8080-exec-1] DEBUG c.z.e.m.m.user.UserMapper.selectById - ==> Parameters: 1(Integer)
2025-12-19 10:42:58.040 [http-nio-8080-exec-3] DEBUG c.z.e.m.m.a.R.selectList - ==>  Preparing: SELECT resumeTemplate_id,resumeTemplate_name,resumeTemplate_reactCode,resumeTemplate_industry,resumeTemplate_isActive,resumeTemplate_createdTime,resumeTemplate_updatedTime,deleted FROM general_resumeTemplate WHERE deleted=0 AND (deleted = ?)
2025-12-19 10:42:58.044 [http-nio-8080-exec-3] DEBUG c.z.e.m.m.a.R.selectList - ==> Parameters: 0(Integer)
2025-12-19 10:42:58.097 [http-nio-8080-exec-3] DEBUG c.z.e.m.m.a.R.selectList - <==      Total: 1
2025-12-19 10:42:58.099 [http-nio-8080-exec-3] DEBUG c.z.e.m.m.a.I.selectById - ==>  Preparing: SELECT industryMap_industryCode,industryMap_industryName,industryMap_createdTime AS createdTime,industryMap_updatedTime AS updatedTime FROM general_industryMap WHERE industryMap_industryCode=?
2025-12-19 10:42:58.099 [http-nio-8080-exec-3] DEBUG c.z.e.m.m.a.I.selectById - ==> Parameters: 1(Integer)
2025-12-19 10:42:58.139 [http-nio-8080-exec-3] DEBUG c.z.e.m.m.a.I.selectById - <==      Total: 1
2025-12-19 10:42:58.413 [http-nio-8080-exec-1] DEBUG c.z.e.m.m.user.UserMapper.selectById - <==      Total: 1
2025-12-19 10:42:58.458 [http-nio-8080-exec-1] DEBUG c.z.e.m.m.a.I.selectList - ==>  Preparing: SELECT industryMap_industryCode,industryMap_industryName,industryMap_createdTime AS createdTime,industryMap_updatedTime AS updatedTime FROM general_industryMap
2025-12-19 10:42:58.458 [http-nio-8080-exec-1] DEBUG c.z.e.m.m.a.I.selectList - ==> Parameters: 
2025-12-19 10:42:58.499 [http-nio-8080-exec-1] DEBUG c.z.e.m.m.a.I.selectList - <==      Total: 2
2025-12-19 11:15:28.406 [Thread-1] WARN  c.a.n.c.executor.ThreadPoolManager - [ThreadPoolManager] Start destroying ThreadPool
2025-12-19 11:15:28.406 [Thread-15] WARN  c.a.n.c.http.HttpClientBeanHolder - [HttpClientBeanHolder] Start destroying common HttpClient
2025-12-19 11:15:28.410 [Thread-1] WARN  c.a.n.c.executor.ThreadPoolManager - [ThreadPoolManager] Destruction of the end
2025-12-19 11:15:28.416 [Thread-15] WARN  c.a.n.c.http.HttpClientBeanHolder - [HttpClientBeanHolder] Destruction of the end
2025-12-19 11:15:28.778 [SpringApplicationShutdownHook] INFO  com.zaxxer.hikari.HikariDataSource - HikariPool-1 - Shutdown initiated...
2025-12-19 11:15:28.788 [SpringApplicationShutdownHook] INFO  com.zaxxer.hikari.HikariDataSource - HikariPool-1 - Shutdown completed.
2025-12-19 11:15:28.792 [SpringApplicationShutdownHook] INFO  c.z.e.s.impl.user.UserSmsServiceImpl - 关闭阿里云短信客户端...
2025-12-19 11:15:28.811 [SpringApplicationShutdownHook] INFO  c.z.e.s.impl.user.UserSmsServiceImpl - 阿里云短信客户端已关闭
2025-12-19 11:15:28.812 [SpringApplicationShutdownHook] INFO  c.z.e.s.i.admin.AdminSmsServiceImpl - 关闭阿里云短信客户端...
2025-12-19 11:15:28.813 [SpringApplicationShutdownHook] INFO  c.z.e.s.i.admin.AdminSmsServiceImpl - 阿里云短信客户端已关闭
2025-12-19 11:15:28.818 [SpringApplicationShutdownHook] INFO  com.zaxxer.hikari.HikariDataSource - HikariPool-2 - Shutdown initiated...
2025-12-19 11:15:28.820 [SpringApplicationShutdownHook] INFO  com.zaxxer.hikari.HikariDataSource - HikariPool-2 - Shutdown completed.
2025-12-19 11:18:57.261 [main] INFO  c.a.n.client.logging.NacosLogging - Nacos Logging Adapter Builder: com.alibaba.nacos.logger.adapter.logback12.LogbackNacosLoggingAdapterBuilder
2025-12-19 11:18:57.288 [main] INFO  c.a.n.client.logging.NacosLogging - Nacos Logging Adapter Builder: com.alibaba.nacos.logger.adapter.logback14.LogbackNacosLoggingAdapterBuilder
2025-12-19 11:18:57.292 [main] INFO  c.a.n.client.logging.NacosLogging - Nacos Logging Adapter: com.alibaba.nacos.logger.adapter.logback14.LogbackNacosLoggingAdapter match ch.qos.logback.classic.Logger success.
2025-12-19 11:18:57.340 [main] INFO  c.a.n.client.logging.NacosLogging - Nacos Logging Adapter Builder: com.alibaba.nacos.logger.adapter.log4j2.Log4j2NacosLoggingAdapterBuilder
2025-12-19 11:18:57.426 [background-preinit] INFO  o.h.validator.internal.util.Version - HV000001: Hibernate Validator 8.0.1.Final
2025-12-19 11:18:58.033 [main] INFO  c.z.e.EasyApplyResumeApplication - Starting EasyApplyResumeApplication using Java 21.0.9 with PID 36552 (C:\Users\shini\IdeaProjects\EasyApplyResume\target\classes started by shini in C:\Users\shini\IdeaProjects\EasyApplyResume)
2025-12-19 11:18:58.035 [main] DEBUG c.z.e.EasyApplyResumeApplication - Running with Spring Boot v3.3.5, Spring v6.1.14
2025-12-19 11:18:58.035 [main] INFO  c.z.e.EasyApplyResumeApplication - The following 1 profile is active: "dev"
2025-12-19 11:19:06.668 [main] INFO  o.s.d.r.c.RepositoryConfigurationDelegate - Multiple Spring Data modules found, entering strict repository configuration mode
2025-12-19 11:19:06.696 [main] INFO  o.s.d.r.c.RepositoryConfigurationDelegate - Bootstrapping Spring Data Redis repositories in DEFAULT mode.
2025-12-19 11:19:06.949 [main] INFO  o.s.d.r.c.RepositoryConfigurationDelegate - Finished Spring Data repository scanning in 200 ms. Found 0 Redis repository interfaces.
2025-12-19 11:19:07.397 [main] WARN  o.m.s.mapper.ClassPathMapperScanner - Cannot use both: sqlSessionTemplate and sqlSessionFactory together. sqlSessionFactory is ignored.
2025-12-19 11:19:07.399 [main] WARN  o.m.s.mapper.ClassPathMapperScanner - Cannot use both: sqlSessionTemplate and sqlSessionFactory together. sqlSessionFactory is ignored.
2025-12-19 11:19:07.400 [main] WARN  o.m.s.mapper.ClassPathMapperScanner - Cannot use both: sqlSessionTemplate and sqlSessionFactory together. sqlSessionFactory is ignored.
2025-12-19 11:19:07.401 [main] WARN  o.m.s.mapper.ClassPathMapperScanner - Cannot use both: sqlSessionTemplate and sqlSessionFactory together. sqlSessionFactory is ignored.
2025-12-19 11:19:07.403 [main] WARN  o.m.s.mapper.ClassPathMapperScanner - Cannot use both: sqlSessionTemplate and sqlSessionFactory together. sqlSessionFactory is ignored.
2025-12-19 11:19:07.407 [main] WARN  o.m.s.mapper.ClassPathMapperScanner - Cannot use both: sqlSessionTemplate and sqlSessionFactory together. sqlSessionFactory is ignored.
2025-12-19 11:19:07.410 [main] WARN  o.m.s.mapper.ClassPathMapperScanner - Cannot use both: sqlSessionTemplate and sqlSessionFactory together. sqlSessionFactory is ignored.
2025-12-19 11:19:07.413 [main] WARN  o.m.s.mapper.ClassPathMapperScanner - Cannot use both: sqlSessionTemplate and sqlSessionFactory together. sqlSessionFactory is ignored.
2025-12-19 11:19:07.414 [main] WARN  o.m.s.mapper.ClassPathMapperScanner - Cannot use both: sqlSessionTemplate and sqlSessionFactory together. sqlSessionFactory is ignored.
2025-12-19 11:19:07.417 [main] WARN  o.m.s.mapper.ClassPathMapperScanner - Cannot use both: sqlSessionTemplate and sqlSessionFactory together. sqlSessionFactory is ignored.
2025-12-19 11:19:07.420 [main] WARN  o.m.s.mapper.ClassPathMapperScanner - Cannot use both: sqlSessionTemplate and sqlSessionFactory together. sqlSessionFactory is ignored.
2025-12-19 11:19:07.421 [main] WARN  o.m.s.mapper.ClassPathMapperScanner - Cannot use both: sqlSessionTemplate and sqlSessionFactory together. sqlSessionFactory is ignored.
2025-12-19 11:19:07.425 [main] WARN  o.m.s.mapper.ClassPathMapperScanner - Cannot use both: sqlSessionTemplate and sqlSessionFactory together. sqlSessionFactory is ignored.
2025-12-19 11:19:07.428 [main] WARN  o.m.s.mapper.ClassPathMapperScanner - Cannot use both: sqlSessionTemplate and sqlSessionFactory together. sqlSessionFactory is ignored.
2025-12-19 11:19:07.433 [main] WARN  o.m.s.mapper.ClassPathMapperScanner - Cannot use both: sqlSessionTemplate and sqlSessionFactory together. sqlSessionFactory is ignored.
2025-12-19 11:19:07.434 [main] WARN  o.m.s.mapper.ClassPathMapperScanner - Cannot use both: sqlSessionTemplate and sqlSessionFactory together. sqlSessionFactory is ignored.
2025-12-19 11:19:07.436 [main] WARN  o.m.s.mapper.ClassPathMapperScanner - Cannot use both: sqlSessionTemplate and sqlSessionFactory together. sqlSessionFactory is ignored.
2025-12-19 11:19:07.438 [main] WARN  o.m.s.mapper.ClassPathMapperScanner - Cannot use both: sqlSessionTemplate and sqlSessionFactory together. sqlSessionFactory is ignored.
2025-12-19 11:19:07.440 [main] WARN  o.m.s.mapper.ClassPathMapperScanner - Cannot use both: sqlSessionTemplate and sqlSessionFactory together. sqlSessionFactory is ignored.
2025-12-19 11:19:07.441 [main] WARN  o.m.s.mapper.ClassPathMapperScanner - Cannot use both: sqlSessionTemplate and sqlSessionFactory together. sqlSessionFactory is ignored.
2025-12-19 11:19:07.442 [main] WARN  o.m.s.mapper.ClassPathMapperScanner - Cannot use both: sqlSessionTemplate and sqlSessionFactory together. sqlSessionFactory is ignored.
2025-12-19 11:19:07.443 [main] WARN  o.m.s.mapper.ClassPathMapperScanner - Cannot use both: sqlSessionTemplate and sqlSessionFactory together. sqlSessionFactory is ignored.
2025-12-19 11:19:07.444 [main] WARN  o.m.s.mapper.ClassPathMapperScanner - Cannot use both: sqlSessionTemplate and sqlSessionFactory together. sqlSessionFactory is ignored.
2025-12-19 11:19:07.446 [main] WARN  o.m.s.mapper.ClassPathMapperScanner - Cannot use both: sqlSessionTemplate and sqlSessionFactory together. sqlSessionFactory is ignored.
2025-12-19 11:19:07.447 [main] WARN  o.m.s.mapper.ClassPathMapperScanner - Cannot use both: sqlSessionTemplate and sqlSessionFactory together. sqlSessionFactory is ignored.
2025-12-19 11:19:07.448 [main] WARN  o.m.s.mapper.ClassPathMapperScanner - Cannot use both: sqlSessionTemplate and sqlSessionFactory together. sqlSessionFactory is ignored.
2025-12-19 11:19:07.459 [main] WARN  o.m.s.mapper.ClassPathMapperScanner - No MyBatis mapper was found in '[com.zyh.easyapplyresume.mapper.pgvector]' package. Please check your configuration.
2025-12-19 11:19:09.203 [main] WARN  o.s.c.s.PostProcessorRegistrationDelegate$BeanPostProcessorChecker - Bean 'com.alibaba.cloud.nacos.NacosConfigAutoConfiguration' of type [com.alibaba.cloud.nacos.NacosConfigAutoConfiguration] is not eligible for getting processed by all BeanPostProcessors (for example: not eligible for auto-proxying). The currently created BeanPostProcessor [nacosAnnotationProcessor] is declared through a non-static factory method on that class; consider declaring it as static instead.
2025-12-19 11:19:09.238 [main] WARN  o.s.c.s.PostProcessorRegistrationDelegate$BeanPostProcessorChecker - Bean 'nacosConfigProperties' of type [com.alibaba.cloud.nacos.NacosConfigProperties] is not eligible for getting processed by all BeanPostProcessors (for example: not eligible for auto-proxying). Is this bean getting eagerly injected/applied to a currently created BeanPostProcessor [nacosAnnotationProcessor]? Check the corresponding BeanPostProcessor declaration and its dependencies/advisors. If this bean does not have to be post-processed, declare it with ROLE_INFRASTRUCTURE.
2025-12-19 11:19:10.140 [main] INFO  c.a.n.p.a.s.c.ClientAuthPluginManager - [ClientAuthPluginManager] Load ClientAuthService com.alibaba.nacos.client.auth.impl.NacosClientAuthServiceImpl success.
2025-12-19 11:19:10.142 [main] INFO  c.a.n.p.a.s.c.ClientAuthPluginManager - [ClientAuthPluginManager] Load ClientAuthService com.alibaba.nacos.client.auth.ram.RamClientAuthServiceImpl success.
2025-12-19 11:19:10.165 [main] WARN  o.s.c.s.PostProcessorRegistrationDelegate$BeanPostProcessorChecker - Bean 'nacosConfigManager' of type [com.alibaba.cloud.nacos.NacosConfigManager] is not eligible for getting processed by all BeanPostProcessors (for example: not eligible for auto-proxying). Is this bean getting eagerly injected/applied to a currently created BeanPostProcessor [nacosAnnotationProcessor]? Check the corresponding BeanPostProcessor declaration and its dependencies/advisors. If this bean does not have to be post-processed, declare it with ROLE_INFRASTRUCTURE.
2025-12-19 11:19:14.952 [main] INFO  o.s.b.w.e.tomcat.TomcatWebServer - Tomcat initialized with port 8080 (http)
2025-12-19 11:19:15.039 [main] INFO  o.a.coyote.http11.Http11NioProtocol - Initializing ProtocolHandler ["http-nio-8080"]
2025-12-19 11:19:15.056 [main] INFO  o.a.catalina.core.StandardService - Starting service [Tomcat]
2025-12-19 11:19:15.056 [main] INFO  o.a.catalina.core.StandardEngine - Starting Servlet engine: [Apache Tomcat/10.1.31]
2025-12-19 11:19:15.846 [main] INFO  o.a.c.c.C.[.[localhost].[/api] - Initializing Spring embedded WebApplicationContext
2025-12-19 11:19:15.847 [main] INFO  o.s.b.w.s.c.ServletWebServerApplicationContext - Root WebApplicationContext: initialization completed in 17348 ms
2025-12-19 11:19:22.288 [main] DEBUG c.z.e.filter.UserJwtAuthFilter - Filter 'userJwtAuthFilter' configured for use
2025-12-19 11:19:22.289 [main] DEBUG c.z.e.filter.AdminJwtAuthFilter - Filter 'adminJwtAuthFilter' configured for use
2025-12-19 11:19:26.383 [main] INFO  c.z.e.s.i.admin.AdminSmsServiceImpl - 开始初始化阿里云短信客户端...
2025-12-19 11:19:27.601 [main] INFO  c.z.e.s.i.admin.AdminSmsServiceImpl - 阿里云短信客户端初始化完成
2025-12-19 11:19:34.217 [main] INFO  c.z.e.d.a.AdminSensitiveWordsAdvisor - 管理端敏感词初始化完成，共加载 137 个敏感词
2025-12-19 11:19:41.765 [main] INFO  c.z.i.ImageSearchMcpApplication - Starting ImageSearchMcpApplication v0.0.1-SNAPSHOT using Java 21.0.9 with PID 30508 (C:\Users\shini\IdeaProjects\EasyApplyResume\Image-Search-Mcp\target\Image-Search-Mcp-0.0.1-SNAPSHOT.jar started by shini in C:\Users\shini\IdeaProjects\EasyApplyResume)
2025-12-19 11:19:41.768 [main] INFO  c.z.i.ImageSearchMcpApplication - The following 1 profile is active: "stdio"
2025-12-19 11:19:46.747 [pool-1-thread-1] INFO  i.m.server.McpAsyncServer - Client initialize request - Protocol: 2024-11-05, Capabilities: ClientCapabilities[experimental=null, roots=null, sampling=null], Info: Implementation[name=spring-ai-mcp-client, version=1.0.0]
2025-12-19 11:19:47.232 [pool-4-thread-1] INFO  i.m.client.McpAsyncClient - Server response with Protocol: 2024-11-05, Capabilities: ServerCapabilities[experimental=null, logging=LoggingCapabilities[], prompts=null, resources=null, tools=ToolCapabilities[listChanged=true]], Info: Implementation[name=image-search-mcp-server, version=0.0.1] and Instructions null
2025-12-19 11:19:47.574 [main] INFO  c.z.i.ImageSearchMcpApplication - Started ImageSearchMcpApplication in 7.773 seconds (process running for 11.013)
2025-12-19 11:19:55.668 [pool-9-thread-1] INFO  i.m.c.transport.StdioClientTransport - STDERR Message received: Amap Maps MCP Server running on stdio
2025-12-19 11:19:55.705 [pool-7-thread-1] INFO  i.m.client.McpAsyncClient - Server response with Protocol: 2024-11-05, Capabilities: ServerCapabilities[experimental=null, logging=null, prompts=null, resources=null, tools=ToolCapabilities[listChanged=null]], Info: Implementation[name=mcp-server/amap-maps, version=0.1.0] and Instructions null
2025-12-19 11:19:55.908 [main] INFO  c.z.e.d.a.SensitiveWordsAdvisor - 用户端敏感词初始化完成，共加载 137 个敏感词
2025-12-19 11:19:57.327 [main] INFO  o.s.a.t.splitter.TextSplitter - Splitting up document into 2 chunks.
2025-12-19 11:19:57.343 [main] INFO  o.s.a.t.splitter.TextSplitter - Splitting up document into 2 chunks.
2025-12-19 11:19:57.376 [main] INFO  o.s.a.t.splitter.TextSplitter - Splitting up document into 2 chunks.
2025-12-19 11:20:03.615 [main] INFO  o.s.ai.vectorstore.SimpleVectorStore - Calling EmbeddingModel for document id = 02880be7-9a42-426c-bad5-7a69ff2a27fa
2025-12-19 11:20:03.855 [main] INFO  o.s.ai.vectorstore.SimpleVectorStore - Calling EmbeddingModel for document id = d7c2d58b-6f5e-4811-a068-ecdd7593a674
2025-12-19 11:20:04.134 [main] INFO  o.s.ai.vectorstore.SimpleVectorStore - Calling EmbeddingModel for document id = ff27d115-3bdb-4382-8181-fa131bc560e5
2025-12-19 11:20:04.605 [main] INFO  c.z.e.s.impl.user.UserSmsServiceImpl - 开始初始化阿里云短信客户端...
2025-12-19 11:20:04.674 [main] INFO  c.z.e.s.impl.user.UserSmsServiceImpl - 阿里云短信客户端初始化完成
2025-12-19 11:20:04.755 [main] WARN  c.b.m.core.metadata.TableInfoHelper - Can not find table primary key in Class: "com.zyh.easyapplyresume.model.pojo.user.UserCollections".
2025-12-19 11:20:04.756 [main] WARN  c.b.m.c.injector.DefaultSqlInjector - class com.zyh.easyapplyresume.model.pojo.user.UserCollections ,Not found @TableId annotation, Cannot use Mybatis-Plus 'xxById' Method.
2025-12-19 11:20:05.998 [main] WARN  c.b.m.e.s.MybatisSqlSessionFactoryBean - Property 'mapperLocations' was specified but matching resources are not found.
2025-12-19 11:20:06.538 [main] INFO  o.s.a.v.pgvector.PgVectorStore - Using the vector table name: vector_store. Is empty: false
2025-12-19 11:20:06.563 [main] INFO  o.s.a.v.pgvector.PgVectorStore - Initializing PGVectorStore schema for table: vector_store in schema: public
2025-12-19 11:20:06.564 [main] INFO  o.s.a.v.pgvector.PgVectorStore - vectorTableValidationsEnabled false
2025-12-19 11:20:06.604 [main] INFO  com.zaxxer.hikari.HikariDataSource - HikariPool-1 - Starting...
2025-12-19 11:20:07.409 [main] INFO  com.zaxxer.hikari.pool.HikariPool - HikariPool-1 - Added connection org.postgresql.jdbc.PgConnection@3c72d776
2025-12-19 11:20:07.417 [main] INFO  com.zaxxer.hikari.HikariDataSource - HikariPool-1 - Start completed.
2025-12-19 11:20:09.518 [main] WARN  o.s.b.a.s.s.UserDetailsServiceAutoConfiguration - 

Using generated security password: 85e068ff-947b-40db-aaa7-03a3e2dab4dc

This generated password is for development use only. Your security configuration must be updated before running your application in production.

2025-12-19 11:20:09.567 [main] INFO  o.s.s.c.a.a.c.InitializeUserDetailsBeanManagerConfigurer$InitializeUserDetailsManagerConfigurer - Global AuthenticationManager configured with UserDetailsService bean with name inMemoryUserDetailsManager
2025-12-19 11:20:16.937 [main] INFO  o.a.coyote.http11.Http11NioProtocol - Starting ProtocolHandler ["http-nio-8080"]
2025-12-19 11:20:17.002 [main] INFO  o.s.b.w.e.tomcat.TomcatWebServer - Tomcat started on port 8080 (http) with context path '/api'
2025-12-19 11:20:17.158 [main] INFO  c.z.e.EasyApplyResumeApplication - Started EasyApplyResumeApplication in 82.374 seconds (process running for 86.915)
2025-12-19 12:06:59.087 [HikariPool-1 housekeeper] WARN  com.zaxxer.hikari.pool.HikariPool - HikariPool-1 - Thread starvation or clock leap detected (housekeeper delta=16m46s23ms603µs599ns).
2025-12-19 13:09:10.178 [HikariPool-1 housekeeper] WARN  com.zaxxer.hikari.pool.HikariPool - HikariPool-1 - Thread starvation or clock leap detected (housekeeper delta=8m10s159ms970µs201ns).
2025-12-19 13:19:33.472 [http-nio-8080-exec-2] INFO  o.a.c.c.C.[.[localhost].[/api] - Initializing Spring DispatcherServlet 'dispatcherServlet'
2025-12-19 13:19:33.475 [http-nio-8080-exec-2] INFO  o.s.web.servlet.DispatcherServlet - Initializing Servlet 'dispatcherServlet'
2025-12-19 13:19:33.767 [http-nio-8080-exec-2] INFO  o.s.web.servlet.DispatcherServlet - Completed initialization in 289 ms
2025-12-19 13:19:39.686 [http-nio-8080-exec-2] ERROR c.z.e.filter.UserJwtAuthFilter - 用户端 Token 验证失败: Redis command timed out
2025-12-19 13:19:39.686 [http-nio-8080-exec-1] ERROR c.z.e.filter.UserJwtAuthFilter - 用户端 Token 验证失败: Redis command timed out
2025-12-19 13:19:39.686 [http-nio-8080-exec-3] ERROR c.z.e.filter.UserJwtAuthFilter - 用户端 Token 验证失败: Redis command timed out
2025-12-19 13:19:57.793 [lettuce-eventExecutorLoop-1-2] INFO  i.l.core.protocol.ConnectionWatchdog - Reconnecting, last destination was /117.50.184.138:37211
2025-12-19 13:19:58.143 [lettuce-nioEventLoop-6-2] INFO  i.l.c.protocol.ReconnectionHandler - Reconnected to 117.50.184.138/<unresolved>:37211
2025-12-19 13:21:02.314 [http-nio-8080-exec-4] INFO  com.zaxxer.hikari.HikariDataSource - HikariPool-2 - Starting...
2025-12-19 13:21:04.211 [http-nio-8080-exec-4] INFO  com.zaxxer.hikari.pool.HikariPool - HikariPool-2 - Added connection com.mysql.cj.jdbc.ConnectionImpl@6c869cb9
2025-12-19 13:21:04.212 [http-nio-8080-exec-4] INFO  com.zaxxer.hikari.HikariDataSource - HikariPool-2 - Start completed.
2025-12-19 13:21:04.893 [http-nio-8080-exec-4] DEBUG c.z.e.m.m.u.U.findByAccountOrPhoneOrEmail - ==>  Preparing: select * from user_user where user_account = ? or user_phone = ? or user_email = ?
2025-12-19 13:21:05.087 [http-nio-8080-exec-4] DEBUG c.z.e.m.m.u.U.findByAccountOrPhoneOrEmail - ==> Parameters: 18242991090(String), 18242991090(String), 18242991090(String)
2025-12-19 13:21:05.335 [http-nio-8080-exec-4] DEBUG c.z.e.m.m.u.U.findByAccountOrPhoneOrEmail - <==      Total: 1
2025-12-19 13:21:05.698 [http-nio-8080-exec-4] DEBUG c.z.e.m.m.user.UserMapper.updateById - ==>  Preparing: UPDATE user_user SET user_account=?, user_username=?, user_email=?, user_phone=?, user_password=?, user_image=?, user_introduce=?, user_createdTime=?, user_loginTime=?, user_dreamPosition=?, user_dreamMinMonthSalary=?, user_dreamMaxMonthSalary=?, user_dreamWeekWorkDayNum=?, user_dreamGoodWelfare=?, user_recruitLocationFirst=?, user_recruitLocationSecond=?, user_recruitLocationDetail=?, user_universityCode=? WHERE user_id=?
2025-12-19 13:21:05.734 [http-nio-8080-exec-4] DEBUG c.z.e.m.m.user.UserMapper.updateById - ==> Parameters: 1812463057(String), 超级管理员(String), 1812463057@qq.com(String), 18242991090(String), $2a$10$TdSwFVRA27EmTaPhPS1snOe.3sbWB47S5LtwcfkyRDEWKn3H5NjK.(String), https://ts4.tc.mm.bing.net/th/id/OIP-C.sPOk8TwPGgwtB2SU6ngYUgAAAA?rs=1&pid=ImgDetMain&o=7&rm=3(String), 超级管理员,官方正版号(String), 2025-11-25 00:00:00.0(Timestamp), 2025-12-19 13:21:05.549(Timestamp), 1(Integer), 12000.00(BigDecimal), 30000.00(BigDecimal), 7(Integer), 五险一金(String), 2(String), 2825(String), 上海闵行区(String), 11360(Integer), 1(Integer)
2025-12-19 13:21:05.841 [http-nio-8080-exec-4] DEBUG c.z.e.m.m.user.UserMapper.updateById - <==    Updates: 1
2025-12-19 13:21:06.477 [http-nio-8080-exec-5] DEBUG c.z.e.m.m.user.UserMapper.selectById - ==>  Preparing: SELECT user_id,user_account,user_username,user_email,user_phone,user_password,user_image,user_introduce,user_createdTime,user_loginTime,user_dreamPosition,user_dreamMinMonthSalary,user_dreamMaxMonthSalary,user_dreamWeekWorkDayNum,user_dreamGoodWelfare,user_recruitLocationFirst,user_recruitLocationSecond,user_recruitLocationDetail,user_universityCode FROM user_user WHERE user_id=?
2025-12-19 13:21:06.484 [http-nio-8080-exec-5] DEBUG c.z.e.m.m.user.UserMapper.selectById - ==> Parameters: 1(Integer)
2025-12-19 13:21:06.523 [http-nio-8080-exec-5] DEBUG c.z.e.m.m.user.UserMapper.selectById - <==      Total: 1
2025-12-19 13:21:06.744 [http-nio-8080-exec-5] INFO  c.z.e.s.impl.user.UserServiceImpl - 根据用户id查询用户信息开始
2025-12-19 13:21:06.744 [http-nio-8080-exec-5] DEBUG c.z.e.m.m.user.UserMapper.selectById - ==>  Preparing: SELECT user_id,user_account,user_username,user_email,user_phone,user_password,user_image,user_introduce,user_createdTime,user_loginTime,user_dreamPosition,user_dreamMinMonthSalary,user_dreamMaxMonthSalary,user_dreamWeekWorkDayNum,user_dreamGoodWelfare,user_recruitLocationFirst,user_recruitLocationSecond,user_recruitLocationDetail,user_universityCode FROM user_user WHERE user_id=?
2025-12-19 13:21:06.745 [http-nio-8080-exec-5] DEBUG c.z.e.m.m.user.UserMapper.selectById - ==> Parameters: 1(String)
2025-12-19 13:21:06.783 [http-nio-8080-exec-5] DEBUG c.z.e.m.m.user.UserMapper.selectById - <==      Total: 1
2025-12-19 13:32:10.958 [http-nio-8080-exec-6] DEBUG c.z.e.m.m.user.UserMapper.selectById - ==>  Preparing: SELECT user_id,user_account,user_username,user_email,user_phone,user_password,user_image,user_introduce,user_createdTime,user_loginTime,user_dreamPosition,user_dreamMinMonthSalary,user_dreamMaxMonthSalary,user_dreamWeekWorkDayNum,user_dreamGoodWelfare,user_recruitLocationFirst,user_recruitLocationSecond,user_recruitLocationDetail,user_universityCode FROM user_user WHERE user_id=?
2025-12-19 13:32:10.975 [http-nio-8080-exec-6] DEBUG c.z.e.m.m.user.UserMapper.selectById - ==> Parameters: 1(Integer)
2025-12-19 13:32:11.039 [http-nio-8080-exec-6] DEBUG c.z.e.m.m.user.UserMapper.selectById - <==      Total: 1
2025-12-19 13:32:17.597 [http-nio-8080-exec-7] DEBUG c.z.e.m.m.user.UserMapper.selectById - ==>  Preparing: SELECT user_id,user_account,user_username,user_email,user_phone,user_password,user_image,user_introduce,user_createdTime,user_loginTime,user_dreamPosition,user_dreamMinMonthSalary,user_dreamMaxMonthSalary,user_dreamWeekWorkDayNum,user_dreamGoodWelfare,user_recruitLocationFirst,user_recruitLocationSecond,user_recruitLocationDetail,user_universityCode FROM user_user WHERE user_id=?
2025-12-19 13:32:17.598 [http-nio-8080-exec-7] DEBUG c.z.e.m.m.user.UserMapper.selectById - ==> Parameters: 1(Integer)
2025-12-19 13:32:17.640 [http-nio-8080-exec-7] DEBUG c.z.e.m.m.user.UserMapper.selectById - <==      Total: 1
2025-12-19 13:32:17.691 [http-nio-8080-exec-7] INFO  c.z.e.s.impl.user.UserServiceImpl - 根据用户id查询用户信息开始
2025-12-19 13:32:17.692 [http-nio-8080-exec-7] DEBUG c.z.e.m.m.user.UserMapper.selectById - ==>  Preparing: SELECT user_id,user_account,user_username,user_email,user_phone,user_password,user_image,user_introduce,user_createdTime,user_loginTime,user_dreamPosition,user_dreamMinMonthSalary,user_dreamMaxMonthSalary,user_dreamWeekWorkDayNum,user_dreamGoodWelfare,user_recruitLocationFirst,user_recruitLocationSecond,user_recruitLocationDetail,user_universityCode FROM user_user WHERE user_id=?
2025-12-19 13:32:17.692 [http-nio-8080-exec-7] DEBUG c.z.e.m.m.user.UserMapper.selectById - ==> Parameters: 1(String)
2025-12-19 13:32:17.733 [http-nio-8080-exec-7] DEBUG c.z.e.m.m.user.UserMapper.selectById - <==      Total: 1
2025-12-19 13:32:21.623 [http-nio-8080-exec-9] DEBUG c.z.e.m.m.user.UserMapper.selectById - ==>  Preparing: SELECT user_id,user_account,user_username,user_email,user_phone,user_password,user_image,user_introduce,user_createdTime,user_loginTime,user_dreamPosition,user_dreamMinMonthSalary,user_dreamMaxMonthSalary,user_dreamWeekWorkDayNum,user_dreamGoodWelfare,user_recruitLocationFirst,user_recruitLocationSecond,user_recruitLocationDetail,user_universityCode FROM user_user WHERE user_id=?
2025-12-19 13:32:21.624 [http-nio-8080-exec-9] DEBUG c.z.e.m.m.user.UserMapper.selectById - ==> Parameters: 1(Integer)
2025-12-19 13:32:21.635 [http-nio-8080-exec-8] DEBUG c.z.e.m.m.user.UserMapper.selectById - ==>  Preparing: SELECT user_id,user_account,user_username,user_email,user_phone,user_password,user_image,user_introduce,user_createdTime,user_loginTime,user_dreamPosition,user_dreamMinMonthSalary,user_dreamMaxMonthSalary,user_dreamWeekWorkDayNum,user_dreamGoodWelfare,user_recruitLocationFirst,user_recruitLocationSecond,user_recruitLocationDetail,user_universityCode FROM user_user WHERE user_id=?
2025-12-19 13:32:21.636 [http-nio-8080-exec-8] DEBUG c.z.e.m.m.user.UserMapper.selectById - ==> Parameters: 1(Integer)
2025-12-19 13:32:21.662 [http-nio-8080-exec-9] DEBUG c.z.e.m.m.user.UserMapper.selectById - <==      Total: 1
2025-12-19 13:32:21.677 [http-nio-8080-exec-8] DEBUG c.z.e.m.m.user.UserMapper.selectById - <==      Total: 1
2025-12-19 13:32:21.700 [http-nio-8080-exec-9] INFO  c.z.e.s.impl.user.UserServiceImpl - 根据用户id查询用户信息开始
2025-12-19 13:32:21.701 [http-nio-8080-exec-9] DEBUG c.z.e.m.m.user.UserMapper.selectById - ==>  Preparing: SELECT user_id,user_account,user_username,user_email,user_phone,user_password,user_image,user_introduce,user_createdTime,user_loginTime,user_dreamPosition,user_dreamMinMonthSalary,user_dreamMaxMonthSalary,user_dreamWeekWorkDayNum,user_dreamGoodWelfare,user_recruitLocationFirst,user_recruitLocationSecond,user_recruitLocationDetail,user_universityCode FROM user_user WHERE user_id=?
2025-12-19 13:32:21.702 [http-nio-8080-exec-9] DEBUG c.z.e.m.m.user.UserMapper.selectById - ==> Parameters: 1(String)
2025-12-19 13:32:21.743 [http-nio-8080-exec-9] DEBUG c.z.e.m.m.user.UserMapper.selectById - <==      Total: 1
2025-12-19 13:43:26.591 [http-nio-8080-exec-10] DEBUG c.z.e.m.m.user.UserMapper.selectById - ==>  Preparing: SELECT user_id,user_account,user_username,user_email,user_phone,user_password,user_image,user_introduce,user_createdTime,user_loginTime,user_dreamPosition,user_dreamMinMonthSalary,user_dreamMaxMonthSalary,user_dreamWeekWorkDayNum,user_dreamGoodWelfare,user_recruitLocationFirst,user_recruitLocationSecond,user_recruitLocationDetail,user_universityCode FROM user_user WHERE user_id=?
2025-12-19 13:43:26.593 [http-nio-8080-exec-10] DEBUG c.z.e.m.m.user.UserMapper.selectById - ==> Parameters: 1(Integer)
2025-12-19 13:43:26.635 [http-nio-8080-exec-10] DEBUG c.z.e.m.m.user.UserMapper.selectById - <==      Total: 1
2025-12-19 13:44:10.120 [http-nio-8080-exec-3] DEBUG c.z.e.m.m.a.A.findByAccountOrPhoneOrEmail - ==>  Preparing: select * from admin_admin where admin_account = ? or admin_phone = ? or admin_email = ?
2025-12-19 13:44:10.121 [http-nio-8080-exec-3] DEBUG c.z.e.m.m.a.A.findByAccountOrPhoneOrEmail - ==> Parameters: 18242991090(String), 18242991090(String), 18242991090(String)
2025-12-19 13:44:10.178 [http-nio-8080-exec-3] DEBUG c.z.e.m.m.a.A.findByAccountOrPhoneOrEmail - <==      Total: 1
2025-12-19 13:44:10.350 [http-nio-8080-exec-3] DEBUG c.z.e.m.m.a.AdminMapper.updateById - ==>  Preparing: UPDATE admin_admin SET admin_account=?, admin_username=?, admin_email=?, admin_phone=?, admin_password=?, admin_image=?, admin_introduce=?, admin_state=?, admin_login_time=? WHERE admin_id=? AND deleted=0
2025-12-19 13:44:10.355 [http-nio-8080-exec-3] DEBUG c.z.e.m.m.a.AdminMapper.updateById - ==> Parameters: 1812463057(String), 超级管理员(String), 1812463057@qq.com(String), 18242991090(String), $2a$10$Wz8s6hYf0UGOCCZ6Ff5QW.QgfqIQSJijiFXIqqplg3eGqw3HNxSeu(String), https://ts1.tc.mm.bing.net/th/id/R-C.928ef8908b5eb3666b2a27a1f6cfbe17?rik=h2FXLv1HNaxbTg&riu=http%3a%2f%2fp0.so.qhmsg.com%2ft018b5eb3666b2a27a1.jpg&ehk=QnGPPvZKq3cPW6%2bdkG%2b3zIRvAGXRsgYVTirfbvOBTaU%3d&risl=&pid=ImgRaw&r=0(String), 至高无上的超级管理员(String), 1(Integer), 2025-12-19 13:44:10.312(Timestamp), 1(Integer)
2025-12-19 13:44:10.432 [http-nio-8080-exec-3] DEBUG c.z.e.m.m.a.AdminMapper.updateById - <==    Updates: 1
2025-12-19 13:44:10.652 [http-nio-8080-exec-1] DEBUG c.z.e.m.m.a.AdminMapper.selectById - ==>  Preparing: SELECT admin_id,admin_account,admin_username,admin_email,admin_phone,admin_password,admin_image,admin_introduce,admin_state,admin_login_time,deleted FROM admin_admin WHERE admin_id=? AND deleted=0
2025-12-19 13:44:10.653 [http-nio-8080-exec-1] DEBUG c.z.e.m.m.a.AdminMapper.selectById - ==> Parameters: 1(Integer)
2025-12-19 13:44:10.692 [http-nio-8080-exec-1] DEBUG c.z.e.m.m.a.AdminMapper.selectById - <==      Total: 1
2025-12-19 13:44:10.693 [http-nio-8080-exec-1] DEBUG c.z.e.m.m.a.A.findAdminInfoById - ==>  Preparing: select * from admin_admin left join admin_admin_role on admin_admin.admin_id = admin_admin_role.adminId left join admin_role on admin_admin_role.roleId = admin_role.role_id left join admin_role_permission on admin_role.role_id = admin_role.role_id left join admin_permission on admin_role_permission.permissionId = admin_permission.permission_id where admin_admin.admin_id = ? and admin_admin.deleted = 0
2025-12-19 13:44:10.694 [http-nio-8080-exec-1] DEBUG c.z.e.m.m.a.A.findAdminInfoById - ==> Parameters: 1(Integer)
2025-12-19 13:44:10.760 [http-nio-8080-exec-1] DEBUG c.z.e.m.m.a.A.findAdminInfoById - <==      Total: 1
2025-12-19 13:44:10.922 [http-nio-8080-exec-2] DEBUG c.z.e.m.m.a.AdminMapper.selectById - ==>  Preparing: SELECT admin_id,admin_account,admin_username,admin_email,admin_phone,admin_password,admin_image,admin_introduce,admin_state,admin_login_time,deleted FROM admin_admin WHERE admin_id=? AND deleted=0
2025-12-19 13:44:10.923 [http-nio-8080-exec-2] DEBUG c.z.e.m.m.a.AdminMapper.selectById - ==> Parameters: 1(Integer)
2025-12-19 13:44:10.963 [http-nio-8080-exec-2] DEBUG c.z.e.m.m.a.AdminMapper.selectById - <==      Total: 1
2025-12-19 13:44:10.964 [http-nio-8080-exec-2] DEBUG c.z.e.m.m.a.A.findAdminInfoById - ==>  Preparing: select * from admin_admin left join admin_admin_role on admin_admin.admin_id = admin_admin_role.adminId left join admin_role on admin_admin_role.roleId = admin_role.role_id left join admin_role_permission on admin_role.role_id = admin_role.role_id left join admin_permission on admin_role_permission.permissionId = admin_permission.permission_id where admin_admin.admin_id = ? and admin_admin.deleted = 0
2025-12-19 13:44:10.965 [http-nio-8080-exec-2] DEBUG c.z.e.m.m.a.A.findAdminInfoById - ==> Parameters: 1(Integer)
2025-12-19 13:44:11.012 [http-nio-8080-exec-2] DEBUG c.z.e.m.m.a.A.findAdminInfoById - <==      Total: 1
2025-12-19 13:44:11.099 [http-nio-8080-exec-2] DEBUG c.z.e.m.m.a.A.findAdminInfoById - ==>  Preparing: select * from admin_admin left join admin_admin_role on admin_admin.admin_id = admin_admin_role.adminId left join admin_role on admin_admin_role.roleId = admin_role.role_id left join admin_role_permission on admin_role.role_id = admin_role.role_id left join admin_permission on admin_role_permission.permissionId = admin_permission.permission_id where admin_admin.admin_id = ? and admin_admin.deleted = 0
2025-12-19 13:44:11.101 [http-nio-8080-exec-2] DEBUG c.z.e.m.m.a.A.findAdminInfoById - ==> Parameters: 1(Integer)
2025-12-19 13:44:11.144 [http-nio-8080-exec-2] DEBUG c.z.e.m.m.a.A.findAdminInfoById - <==      Total: 1
2025-12-19 13:44:55.766 [http-nio-8080-exec-4] DEBUG c.z.e.m.m.a.AdminMapper.selectById - ==>  Preparing: SELECT admin_id,admin_account,admin_username,admin_email,admin_phone,admin_password,admin_image,admin_introduce,admin_state,admin_login_time,deleted FROM admin_admin WHERE admin_id=? AND deleted=0
2025-12-19 13:44:55.767 [http-nio-8080-exec-4] DEBUG c.z.e.m.m.a.AdminMapper.selectById - ==> Parameters: 1(Integer)
2025-12-19 13:44:55.812 [http-nio-8080-exec-4] DEBUG c.z.e.m.m.a.AdminMapper.selectById - <==      Total: 1
2025-12-19 13:44:55.813 [http-nio-8080-exec-4] DEBUG c.z.e.m.m.a.A.findAdminInfoById - ==>  Preparing: select * from admin_admin left join admin_admin_role on admin_admin.admin_id = admin_admin_role.adminId left join admin_role on admin_admin_role.roleId = admin_role.role_id left join admin_role_permission on admin_role.role_id = admin_role.role_id left join admin_permission on admin_role_permission.permissionId = admin_permission.permission_id where admin_admin.admin_id = ? and admin_admin.deleted = 0
2025-12-19 13:44:55.814 [http-nio-8080-exec-4] DEBUG c.z.e.m.m.a.A.findAdminInfoById - ==> Parameters: 1(Integer)
2025-12-19 13:44:55.855 [http-nio-8080-exec-4] DEBUG c.z.e.m.m.a.A.findAdminInfoById - <==      Total: 1
2025-12-19 13:44:57.089 [boundedElastic-2] DEBUG c.z.e.m.m.a.A.selectList - ==>  Preparing: SELECT chatMessage_id,chatMessage_conversationId,chatMessage_content,chatMessage_createdTime,chatMessage_messageType FROM admin_chatMessage WHERE (chatMessage_conversationId = ?) ORDER BY chatMessage_createdTime ASC
2025-12-19 13:44:57.091 [boundedElastic-2] DEBUG c.z.e.m.m.a.A.selectList - ==> Parameters: chat_1766123088733_stbri6ovy(String)
2025-12-19 13:44:57.126 [boundedElastic-2] DEBUG c.z.e.m.m.a.A.selectList - <==      Total: 0
2025-12-19 13:44:57.276 [boundedElastic-2] DEBUG c.z.e.m.m.a.A.insert - ==>  Preparing: INSERT INTO admin_chatMessage ( chatMessage_conversationId, chatMessage_content, chatMessage_createdTime, chatMessage_messageType ) VALUES ( ?, ?, ?, ? )
2025-12-19 13:44:57.286 [boundedElastic-2] DEBUG c.z.e.m.m.a.A.insert - ==> Parameters: chat_1766123088733_stbri6ovy(String), AQBqYXZhLnV0aWwuQXJyYXlMaXP0AQEBAWphdmEudXRpbC5IYXNoTWHwAm1lc3NhZ2VUeXDlAQJvcmcuc3ByaW5nZnJhbWV3b3JrLmFpLmNoYXQubWVzc2FnZXMuTWVzc2FnZVR5cOUBiOe6oualvOaipuaYr+iwgeWGmeeahA==(String), 2025-12-19 13:44:57.253(Timestamp), USER(String)
2025-12-19 13:44:57.366 [boundedElastic-2] DEBUG c.z.e.m.m.a.A.insert - <==    Updates: 1
2025-12-19 13:44:57.412 [boundedElastic-2] DEBUG c.z.e.m.m.a.A.insert - ==>  Preparing: INSERT INTO admin_chatMessageContentText ( chatMessage_conversationId, chatMessage_content, chatMessage_createdTime, chatMessage_messageType ) VALUES ( ?, ?, ?, ? )
2025-12-19 13:44:57.434 [boundedElastic-2] DEBUG c.z.e.m.m.a.A.insert - ==> Parameters: chat_1766123088733_stbri6ovy(String), 红楼梦是谁写的(String), 2025-12-19 13:44:57.406(Timestamp), USER(String)
2025-12-19 13:44:57.509 [boundedElastic-2] DEBUG c.z.e.m.m.a.A.insert - <==    Updates: 1
2025-12-19 13:44:57.517 [boundedElastic-2] INFO  c.z.e.demo.advisor.MyLoggerAdvisor - AI Request:红楼梦是谁写的
2025-12-19 13:45:00.214 [boundedElastic-3] DEBUG o.s.a.r.r.j.ConcatenationDocumentJoiner - Joining documents by concatenation
2025-12-19 13:45:00.223 [boundedElastic-3] DEBUG o.s.a.r.g.a.ContextualQueryAugmenter - Augmenting query with contextual data
2025-12-19 13:45:02.390 [boundedElastic-2] INFO  c.z.e.demo.advisor.MyLoggerAdvisor - AI Response:《红楼梦》是曹雪芹写的。
2025-12-19 13:45:02.429 [boundedElastic-2] DEBUG c.z.e.m.m.a.A.insert - ==>  Preparing: INSERT INTO admin_chatMessage ( chatMessage_conversationId, chatMessage_content, chatMessage_createdTime, chatMessage_messageType ) VALUES ( ?, ?, ?, ? )
2025-12-19 13:45:02.429 [boundedElastic-2] DEBUG c.z.e.m.m.a.A.insert - ==> Parameters: chat_1766123088733_stbri6ovy(String), AQBqYXZhLnV0aWwuSW1tdXRhYmxlQ29sbGVjdGlvbnMkTGlzdM4BAgEBamF2YS51dGlsLkhhc2hNYfAGZmluaXNoUmVhc2/uA1NUT9Byb2zlA0FTU0lTVEFO1GnkA6VhMTc2NTY5ZS05NmQ5LTRlYjYtOTY0Zi1mYWIyNmY3NjZhM2JtZXNzYWdlVHlw5QECb3JnLnNwcmluZ2ZyYW1ld29yay5haS5jaGF0Lm1lc3NhZ2VzLk1lc3NhZ2VUeXDlAnJlYXNvbmluZ0NvbnRlbvQDgY3jgIrnuqLmpbzmoqbjgIvmmK/mm7npm6roirnlhpnnmoTjgIIBAAE=(String), 2025-12-19 13:45:02.391(Timestamp), ASSISTANT(String)
2025-12-19 13:45:02.507 [boundedElastic-2] DEBUG c.z.e.m.m.a.A.insert - <==    Updates: 1
2025-12-19 13:45:02.510 [boundedElastic-2] DEBUG c.z.e.m.m.a.A.insert - ==>  Preparing: INSERT INTO admin_chatMessageContentText ( chatMessage_conversationId, chatMessage_content, chatMessage_createdTime, chatMessage_messageType ) VALUES ( ?, ?, ?, ? )
2025-12-19 13:45:02.511 [boundedElastic-2] DEBUG c.z.e.m.m.a.A.insert - ==> Parameters: chat_1766123088733_stbri6ovy(String), 《红楼梦》是曹雪芹写的。(String), 2025-12-19 13:45:02.507(Timestamp), ASSISTANT(String)
2025-12-19 13:45:02.584 [boundedElastic-2] DEBUG c.z.e.m.m.a.A.insert - <==    Updates: 1
2025-12-19 13:45:02.619 [http-nio-8080-exec-5] ERROR o.a.c.c.C.[.[.[.[dispatcherServlet] - Servlet.service() for servlet [dispatcherServlet] threw exception
org.springframework.security.access.AccessDeniedException: Access Denied
	at org.springframework.security.web.access.intercept.AuthorizationFilter.doFilter(AuthorizationFilter.java:98)
	at org.springframework.security.web.FilterChainProxy$VirtualFilterChain.doFilter(FilterChainProxy.java:374)
	at org.springframework.security.web.access.ExceptionTranslationFilter.doFilter(ExceptionTranslationFilter.java:126)
	at org.springframework.security.web.access.ExceptionTranslationFilter.doFilter(ExceptionTranslationFilter.java:120)
	at org.springframework.security.web.FilterChainProxy$VirtualFilterChain.doFilter(FilterChainProxy.java:374)
	at org.springframework.security.web.session.SessionManagementFilter.doFilter(SessionManagementFilter.java:91)
	at org.springframework.security.web.session.SessionManagementFilter.doFilter(SessionManagementFilter.java:85)
	at org.springframework.security.web.FilterChainProxy$VirtualFilterChain.doFilter(FilterChainProxy.java:374)
	at org.springframework.security.web.authentication.AnonymousAuthenticationFilter.doFilter(AnonymousAuthenticationFilter.java:100)
	at org.springframework.security.web.FilterChainProxy$VirtualFilterChain.doFilter(FilterChainProxy.java:374)
	at org.springframework.security.web.servletapi.SecurityContextHolderAwareRequestFilter.doFilter(SecurityContextHolderAwareRequestFilter.java:179)
	at org.springframework.security.web.FilterChainProxy$VirtualFilterChain.doFilter(FilterChainProxy.java:374)
	at org.springframework.security.web.savedrequest.RequestCacheAwareFilter.doFilter(RequestCacheAwareFilter.java:63)
	at org.springframework.security.web.FilterChainProxy$VirtualFilterChain.doFilter(FilterChainProxy.java:374)
	at org.springframework.web.filter.OncePerRequestFilter.doFilter(OncePerRequestFilter.java:101)
	at org.springframework.security.web.FilterChainProxy$VirtualFilterChain.doFilter(FilterChainProxy.java:374)
	at org.springframework.security.web.authentication.logout.LogoutFilter.doFilter(LogoutFilter.java:107)
	at org.springframework.security.web.authentication.logout.LogoutFilter.doFilter(LogoutFilter.java:93)
	at org.springframework.security.web.FilterChainProxy$VirtualFilterChain.doFilter(FilterChainProxy.java:374)
	at org.springframework.web.filter.OncePerRequestFilter.doFilter(OncePerRequestFilter.java:101)
	at org.springframework.security.web.FilterChainProxy$VirtualFilterChain.doFilter(FilterChainProxy.java:374)
	at org.springframework.web.filter.OncePerRequestFilter.doFilter(OncePerRequestFilter.java:101)
	at org.springframework.security.web.FilterChainProxy$VirtualFilterChain.doFilter(FilterChainProxy.java:374)
	at org.springframework.security.web.context.SecurityContextHolderFilter.doFilter(SecurityContextHolderFilter.java:82)
	at org.springframework.security.web.context.SecurityContextHolderFilter.doFilter(SecurityContextHolderFilter.java:69)
	at org.springframework.security.web.FilterChainProxy$VirtualFilterChain.doFilter(FilterChainProxy.java:374)
	at org.springframework.web.filter.OncePerRequestFilter.doFilter(OncePerRequestFilter.java:101)
	at org.springframework.security.web.FilterChainProxy$VirtualFilterChain.doFilter(FilterChainProxy.java:374)
	at org.springframework.web.filter.OncePerRequestFilter.doFilter(OncePerRequestFilter.java:101)
	at org.springframework.security.web.FilterChainProxy$VirtualFilterChain.doFilter(FilterChainProxy.java:374)
	at org.springframework.security.web.FilterChainProxy.doFilterInternal(FilterChainProxy.java:233)
	at org.springframework.security.web.FilterChainProxy.doFilter(FilterChainProxy.java:191)
	at org.springframework.web.filter.CompositeFilter$VirtualFilterChain.doFilter(CompositeFilter.java:113)
	at org.springframework.web.servlet.handler.HandlerMappingIntrospector.lambda$createCacheFilter$3(HandlerMappingIntrospector.java:195)
	at org.springframework.web.filter.CompositeFilter$VirtualFilterChain.doFilter(CompositeFilter.java:113)
	at org.springframework.web.filter.CompositeFilter.doFilter(CompositeFilter.java:74)
	at org.springframework.security.config.annotation.web.configuration.WebMvcSecurityConfiguration$CompositeFilterChainProxy.doFilter(WebMvcSecurityConfiguration.java:230)
	at org.springframework.web.filter.DelegatingFilterProxy.invokeDelegate(DelegatingFilterProxy.java:362)
	at org.springframework.web.filter.DelegatingFilterProxy.doFilter(DelegatingFilterProxy.java:278)
	at org.apache.catalina.core.ApplicationFilterChain.internalDoFilter(ApplicationFilterChain.java:164)
	at org.apache.catalina.core.ApplicationFilterChain.doFilter(ApplicationFilterChain.java:140)
	at org.springframework.web.filter.RequestContextFilter.doFilterInternal(RequestContextFilter.java:100)
	at org.springframework.web.filter.OncePerRequestFilter.doFilter(OncePerRequestFilter.java:116)
	at org.apache.catalina.core.ApplicationFilterChain.internalDoFilter(ApplicationFilterChain.java:164)
	at org.apache.catalina.core.ApplicationFilterChain.doFilter(ApplicationFilterChain.java:140)
	at org.springframework.web.filter.OncePerRequestFilter.doFilter(OncePerRequestFilter.java:101)
	at org.apache.catalina.core.ApplicationFilterChain.internalDoFilter(ApplicationFilterChain.java:164)
	at org.apache.catalina.core.ApplicationFilterChain.doFilter(ApplicationFilterChain.java:140)
	at org.springframework.web.filter.OncePerRequestFilter.doFilter(OncePerRequestFilter.java:101)
	at org.apache.catalina.core.ApplicationFilterChain.internalDoFilter(ApplicationFilterChain.java:164)
	at org.apache.catalina.core.ApplicationFilterChain.doFilter(ApplicationFilterChain.java:140)
	at org.apache.catalina.core.ApplicationDispatcher.invoke(ApplicationDispatcher.java:632)
	at org.apache.catalina.core.ApplicationDispatcher.doDispatch(ApplicationDispatcher.java:560)
	at org.apache.catalina.core.ApplicationDispatcher.dispatch(ApplicationDispatcher.java:531)
	at org.apache.catalina.core.AsyncContextImpl$AsyncRunnable.run(AsyncContextImpl.java:601)
	at org.apache.catalina.core.AsyncContextImpl.doInternalDispatch(AsyncContextImpl.java:344)
	at org.apache.catalina.core.StandardWrapperValve.invoke(StandardWrapperValve.java:165)
	at org.apache.catalina.core.StandardContextValve.invoke(StandardContextValve.java:90)
	at org.apache.catalina.authenticator.AuthenticatorBase.invoke(AuthenticatorBase.java:483)
	at org.apache.catalina.core.StandardHostValve.invoke(StandardHostValve.java:115)
	at org.apache.catalina.valves.ErrorReportValve.invoke(ErrorReportValve.java:93)
	at org.apache.catalina.core.StandardEngineValve.invoke(StandardEngineValve.java:74)
	at org.apache.catalina.connector.CoyoteAdapter.asyncDispatch(CoyoteAdapter.java:239)
	at org.apache.coyote.AbstractProcessor.dispatch(AbstractProcessor.java:243)
	at org.apache.coyote.AbstractProcessorLight.process(AbstractProcessorLight.java:57)
	at org.apache.coyote.AbstractProtocol$ConnectionHandler.process(AbstractProtocol.java:905)
	at org.apache.tomcat.util.net.NioEndpoint$SocketProcessor.doRun(NioEndpoint.java:1741)
	at org.apache.tomcat.util.net.SocketProcessorBase.run(SocketProcessorBase.java:52)
	at org.apache.tomcat.util.threads.ThreadPoolExecutor.runWorker(ThreadPoolExecutor.java:1190)
	at org.apache.tomcat.util.threads.ThreadPoolExecutor$Worker.run(ThreadPoolExecutor.java:659)
	at org.apache.tomcat.util.threads.TaskThread$WrappingRunnable.run(TaskThread.java:63)
	at java.base/java.lang.Thread.run(Thread.java:1583)
2025-12-19 13:45:02.632 [http-nio-8080-exec-5] ERROR o.a.c.c.C.[.[.[.[dispatcherServlet] - Servlet.service() for servlet [dispatcherServlet] in context with path [/api] threw exception [Unable to handle the Spring Security Exception because the response is already committed.] with root cause
org.springframework.security.access.AccessDeniedException: Access Denied
	at org.springframework.security.web.access.intercept.AuthorizationFilter.doFilter(AuthorizationFilter.java:98)
	at org.springframework.security.web.FilterChainProxy$VirtualFilterChain.doFilter(FilterChainProxy.java:374)
	at org.springframework.security.web.access.ExceptionTranslationFilter.doFilter(ExceptionTranslationFilter.java:126)
	at org.springframework.security.web.access.ExceptionTranslationFilter.doFilter(ExceptionTranslationFilter.java:120)
	at org.springframework.security.web.FilterChainProxy$VirtualFilterChain.doFilter(FilterChainProxy.java:374)
	at org.springframework.security.web.session.SessionManagementFilter.doFilter(SessionManagementFilter.java:91)
	at org.springframework.security.web.session.SessionManagementFilter.doFilter(SessionManagementFilter.java:85)
	at org.springframework.security.web.FilterChainProxy$VirtualFilterChain.doFilter(FilterChainProxy.java:374)
	at org.springframework.security.web.authentication.AnonymousAuthenticationFilter.doFilter(AnonymousAuthenticationFilter.java:100)
	at org.springframework.security.web.FilterChainProxy$VirtualFilterChain.doFilter(FilterChainProxy.java:374)
	at org.springframework.security.web.servletapi.SecurityContextHolderAwareRequestFilter.doFilter(SecurityContextHolderAwareRequestFilter.java:179)
	at org.springframework.security.web.FilterChainProxy$VirtualFilterChain.doFilter(FilterChainProxy.java:374)
	at org.springframework.security.web.savedrequest.RequestCacheAwareFilter.doFilter(RequestCacheAwareFilter.java:63)
	at org.springframework.security.web.FilterChainProxy$VirtualFilterChain.doFilter(FilterChainProxy.java:374)
	at org.springframework.web.filter.OncePerRequestFilter.doFilter(OncePerRequestFilter.java:101)
	at org.springframework.security.web.FilterChainProxy$VirtualFilterChain.doFilter(FilterChainProxy.java:374)
	at org.springframework.security.web.authentication.logout.LogoutFilter.doFilter(LogoutFilter.java:107)
	at org.springframework.security.web.authentication.logout.LogoutFilter.doFilter(LogoutFilter.java:93)
	at org.springframework.security.web.FilterChainProxy$VirtualFilterChain.doFilter(FilterChainProxy.java:374)
	at org.springframework.web.filter.OncePerRequestFilter.doFilter(OncePerRequestFilter.java:101)
	at org.springframework.security.web.FilterChainProxy$VirtualFilterChain.doFilter(FilterChainProxy.java:374)
	at org.springframework.web.filter.OncePerRequestFilter.doFilter(OncePerRequestFilter.java:101)
	at org.springframework.security.web.FilterChainProxy$VirtualFilterChain.doFilter(FilterChainProxy.java:374)
	at org.springframework.security.web.context.SecurityContextHolderFilter.doFilter(SecurityContextHolderFilter.java:82)
	at org.springframework.security.web.context.SecurityContextHolderFilter.doFilter(SecurityContextHolderFilter.java:69)
	at org.springframework.security.web.FilterChainProxy$VirtualFilterChain.doFilter(FilterChainProxy.java:374)
	at org.springframework.web.filter.OncePerRequestFilter.doFilter(OncePerRequestFilter.java:101)
	at org.springframework.security.web.FilterChainProxy$VirtualFilterChain.doFilter(FilterChainProxy.java:374)
	at org.springframework.web.filter.OncePerRequestFilter.doFilter(OncePerRequestFilter.java:101)
	at org.springframework.security.web.FilterChainProxy$VirtualFilterChain.doFilter(FilterChainProxy.java:374)
	at org.springframework.security.web.FilterChainProxy.doFilterInternal(FilterChainProxy.java:233)
	at org.springframework.security.web.FilterChainProxy.doFilter(FilterChainProxy.java:191)
	at org.springframework.web.filter.CompositeFilter$VirtualFilterChain.doFilter(CompositeFilter.java:113)
	at org.springframework.web.servlet.handler.HandlerMappingIntrospector.lambda$createCacheFilter$3(HandlerMappingIntrospector.java:195)
	at org.springframework.web.filter.CompositeFilter$VirtualFilterChain.doFilter(CompositeFilter.java:113)
	at org.springframework.web.filter.CompositeFilter.doFilter(CompositeFilter.java:74)
	at org.springframework.security.config.annotation.web.configuration.WebMvcSecurityConfiguration$CompositeFilterChainProxy.doFilter(WebMvcSecurityConfiguration.java:230)
	at org.springframework.web.filter.DelegatingFilterProxy.invokeDelegate(DelegatingFilterProxy.java:362)
	at org.springframework.web.filter.DelegatingFilterProxy.doFilter(DelegatingFilterProxy.java:278)
	at org.apache.catalina.core.ApplicationFilterChain.internalDoFilter(ApplicationFilterChain.java:164)
	at org.apache.catalina.core.ApplicationFilterChain.doFilter(ApplicationFilterChain.java:140)
	at org.springframework.web.filter.RequestContextFilter.doFilterInternal(RequestContextFilter.java:100)
	at org.springframework.web.filter.OncePerRequestFilter.doFilter(OncePerRequestFilter.java:116)
	at org.apache.catalina.core.ApplicationFilterChain.internalDoFilter(ApplicationFilterChain.java:164)
	at org.apache.catalina.core.ApplicationFilterChain.doFilter(ApplicationFilterChain.java:140)
	at org.springframework.web.filter.OncePerRequestFilter.doFilter(OncePerRequestFilter.java:101)
	at org.apache.catalina.core.ApplicationFilterChain.internalDoFilter(ApplicationFilterChain.java:164)
	at org.apache.catalina.core.ApplicationFilterChain.doFilter(ApplicationFilterChain.java:140)
	at org.springframework.web.filter.OncePerRequestFilter.doFilter(OncePerRequestFilter.java:101)
	at org.apache.catalina.core.ApplicationFilterChain.internalDoFilter(ApplicationFilterChain.java:164)
	at org.apache.catalina.core.ApplicationFilterChain.doFilter(ApplicationFilterChain.java:140)
	at org.apache.catalina.core.ApplicationDispatcher.invoke(ApplicationDispatcher.java:632)
	at org.apache.catalina.core.ApplicationDispatcher.doDispatch(ApplicationDispatcher.java:560)
	at org.apache.catalina.core.ApplicationDispatcher.dispatch(ApplicationDispatcher.java:531)
	at org.apache.catalina.core.AsyncContextImpl$AsyncRunnable.run(AsyncContextImpl.java:601)
	at org.apache.catalina.core.AsyncContextImpl.doInternalDispatch(AsyncContextImpl.java:344)
	at org.apache.catalina.core.StandardWrapperValve.invoke(StandardWrapperValve.java:165)
	at org.apache.catalina.core.StandardContextValve.invoke(StandardContextValve.java:90)
	at org.apache.catalina.authenticator.AuthenticatorBase.invoke(AuthenticatorBase.java:483)
	at org.apache.catalina.core.StandardHostValve.invoke(StandardHostValve.java:115)
	at org.apache.catalina.valves.ErrorReportValve.invoke(ErrorReportValve.java:93)
	at org.apache.catalina.core.StandardEngineValve.invoke(StandardEngineValve.java:74)
	at org.apache.catalina.connector.CoyoteAdapter.asyncDispatch(CoyoteAdapter.java:239)
	at org.apache.coyote.AbstractProcessor.dispatch(AbstractProcessor.java:243)
	at org.apache.coyote.AbstractProcessorLight.process(AbstractProcessorLight.java:57)
	at org.apache.coyote.AbstractProtocol$ConnectionHandler.process(AbstractProtocol.java:905)
	at org.apache.tomcat.util.net.NioEndpoint$SocketProcessor.doRun(NioEndpoint.java:1741)
	at org.apache.tomcat.util.net.SocketProcessorBase.run(SocketProcessorBase.java:52)
	at org.apache.tomcat.util.threads.ThreadPoolExecutor.runWorker(ThreadPoolExecutor.java:1190)
	at org.apache.tomcat.util.threads.ThreadPoolExecutor$Worker.run(ThreadPoolExecutor.java:659)
	at org.apache.tomcat.util.threads.TaskThread$WrappingRunnable.run(TaskThread.java:63)
	at java.base/java.lang.Thread.run(Thread.java:1583)
2025-12-19 13:45:02.675 [http-nio-8080-exec-5] ERROR o.s.b.a.w.s.e.ErrorMvcAutoConfiguration$StaticView - Cannot render error page for request [null] as the response has already been committed. As a result, the response may have the wrong status code.
2025-12-19 14:22:07.431 [http-nio-8080-exec-6] DEBUG c.z.e.m.m.user.UserMapper.selectById - ==>  Preparing: SELECT user_id,user_account,user_username,user_email,user_phone,user_password,user_image,user_introduce,user_createdTime,user_loginTime,user_dreamPosition,user_dreamMinMonthSalary,user_dreamMaxMonthSalary,user_dreamWeekWorkDayNum,user_dreamGoodWelfare,user_recruitLocationFirst,user_recruitLocationSecond,user_recruitLocationDetail,user_universityCode FROM user_user WHERE user_id=?
2025-12-19 14:22:07.435 [http-nio-8080-exec-6] DEBUG c.z.e.m.m.user.UserMapper.selectById - ==> Parameters: 1(Integer)
2025-12-19 14:22:07.509 [http-nio-8080-exec-6] DEBUG c.z.e.m.m.user.UserMapper.selectById - <==      Total: 1
2025-12-19 14:22:08.710 [http-nio-8080-exec-7] DEBUG c.z.e.m.m.user.UserMapper.selectById - ==>  Preparing: SELECT user_id,user_account,user_username,user_email,user_phone,user_password,user_image,user_introduce,user_createdTime,user_loginTime,user_dreamPosition,user_dreamMinMonthSalary,user_dreamMaxMonthSalary,user_dreamWeekWorkDayNum,user_dreamGoodWelfare,user_recruitLocationFirst,user_recruitLocationSecond,user_recruitLocationDetail,user_universityCode FROM user_user WHERE user_id=?
2025-12-19 14:22:08.712 [http-nio-8080-exec-7] DEBUG c.z.e.m.m.user.UserMapper.selectById - ==> Parameters: 1(Integer)
2025-12-19 14:22:08.814 [http-nio-8080-exec-7] DEBUG c.z.e.m.m.user.UserMapper.selectById - <==      Total: 1
2025-12-19 14:22:15.713 [http-nio-8080-exec-8] DEBUG c.z.e.m.m.user.UserMapper.selectById - ==>  Preparing: SELECT user_id,user_account,user_username,user_email,user_phone,user_password,user_image,user_introduce,user_createdTime,user_loginTime,user_dreamPosition,user_dreamMinMonthSalary,user_dreamMaxMonthSalary,user_dreamWeekWorkDayNum,user_dreamGoodWelfare,user_recruitLocationFirst,user_recruitLocationSecond,user_recruitLocationDetail,user_universityCode FROM user_user WHERE user_id=?
2025-12-19 14:22:15.714 [http-nio-8080-exec-8] DEBUG c.z.e.m.m.user.UserMapper.selectById - ==> Parameters: 1(Integer)
2025-12-19 14:22:15.765 [http-nio-8080-exec-8] DEBUG c.z.e.m.m.user.UserMapper.selectById - <==      Total: 1
2025-12-19 14:22:16.899 [http-nio-8080-exec-9] DEBUG c.z.e.m.m.user.UserMapper.selectById - ==>  Preparing: SELECT user_id,user_account,user_username,user_email,user_phone,user_password,user_image,user_introduce,user_createdTime,user_loginTime,user_dreamPosition,user_dreamMinMonthSalary,user_dreamMaxMonthSalary,user_dreamWeekWorkDayNum,user_dreamGoodWelfare,user_recruitLocationFirst,user_recruitLocationSecond,user_recruitLocationDetail,user_universityCode FROM user_user WHERE user_id=?
2025-12-19 14:22:16.900 [http-nio-8080-exec-9] DEBUG c.z.e.m.m.user.UserMapper.selectById - ==> Parameters: 1(Integer)
2025-12-19 14:22:16.938 [http-nio-8080-exec-9] DEBUG c.z.e.m.m.user.UserMapper.selectById - <==      Total: 1
2025-12-19 14:22:27.910 [http-nio-8080-exec-10] DEBUG c.z.e.m.m.user.UserMapper.selectById - ==>  Preparing: SELECT user_id,user_account,user_username,user_email,user_phone,user_password,user_image,user_introduce,user_createdTime,user_loginTime,user_dreamPosition,user_dreamMinMonthSalary,user_dreamMaxMonthSalary,user_dreamWeekWorkDayNum,user_dreamGoodWelfare,user_recruitLocationFirst,user_recruitLocationSecond,user_recruitLocationDetail,user_universityCode FROM user_user WHERE user_id=?
2025-12-19 14:22:27.911 [http-nio-8080-exec-10] DEBUG c.z.e.m.m.user.UserMapper.selectById - ==> Parameters: 1(Integer)
2025-12-19 14:22:28.053 [http-nio-8080-exec-10] DEBUG c.z.e.m.m.user.UserMapper.selectById - <==      Total: 1
2025-12-19 14:22:29.234 [http-nio-8080-exec-3] DEBUG c.z.e.m.m.user.UserMapper.selectById - ==>  Preparing: SELECT user_id,user_account,user_username,user_email,user_phone,user_password,user_image,user_introduce,user_createdTime,user_loginTime,user_dreamPosition,user_dreamMinMonthSalary,user_dreamMaxMonthSalary,user_dreamWeekWorkDayNum,user_dreamGoodWelfare,user_recruitLocationFirst,user_recruitLocationSecond,user_recruitLocationDetail,user_universityCode FROM user_user WHERE user_id=?
2025-12-19 14:22:29.235 [http-nio-8080-exec-3] DEBUG c.z.e.m.m.user.UserMapper.selectById - ==> Parameters: 1(Integer)
2025-12-19 14:22:29.282 [http-nio-8080-exec-3] DEBUG c.z.e.m.m.user.UserMapper.selectById - <==      Total: 1
2025-12-19 14:22:33.332 [http-nio-8080-exec-1] DEBUG c.z.e.m.m.user.UserMapper.selectById - ==>  Preparing: SELECT user_id,user_account,user_username,user_email,user_phone,user_password,user_image,user_introduce,user_createdTime,user_loginTime,user_dreamPosition,user_dreamMinMonthSalary,user_dreamMaxMonthSalary,user_dreamWeekWorkDayNum,user_dreamGoodWelfare,user_recruitLocationFirst,user_recruitLocationSecond,user_recruitLocationDetail,user_universityCode FROM user_user WHERE user_id=?
2025-12-19 14:22:33.332 [http-nio-8080-exec-1] DEBUG c.z.e.m.m.user.UserMapper.selectById - ==> Parameters: 1(Integer)
2025-12-19 14:22:33.480 [http-nio-8080-exec-1] DEBUG c.z.e.m.m.user.UserMapper.selectById - <==      Total: 1
2025-12-19 14:22:34.664 [http-nio-8080-exec-2] DEBUG c.z.e.m.m.user.UserMapper.selectById - ==>  Preparing: SELECT user_id,user_account,user_username,user_email,user_phone,user_password,user_image,user_introduce,user_createdTime,user_loginTime,user_dreamPosition,user_dreamMinMonthSalary,user_dreamMaxMonthSalary,user_dreamWeekWorkDayNum,user_dreamGoodWelfare,user_recruitLocationFirst,user_recruitLocationSecond,user_recruitLocationDetail,user_universityCode FROM user_user WHERE user_id=?
2025-12-19 14:22:34.665 [http-nio-8080-exec-2] DEBUG c.z.e.m.m.user.UserMapper.selectById - ==> Parameters: 1(Integer)
2025-12-19 14:22:34.742 [http-nio-8080-exec-2] DEBUG c.z.e.m.m.user.UserMapper.selectById - <==      Total: 1
2025-12-19 14:24:39.391 [http-nio-8080-exec-4] DEBUG c.z.e.m.m.u.U.findByAccountOrPhoneOrEmail - ==>  Preparing: select * from user_user where user_account = ? or user_phone = ? or user_email = ?
2025-12-19 14:24:39.402 [http-nio-8080-exec-4] DEBUG c.z.e.m.m.u.U.findByAccountOrPhoneOrEmail - ==> Parameters: 18242991090(String), 18242991090(String), 18242991090(String)
2025-12-19 14:24:39.669 [http-nio-8080-exec-4] DEBUG c.z.e.m.m.u.U.findByAccountOrPhoneOrEmail - <==      Total: 1
2025-12-19 14:24:40.581 [http-nio-8080-exec-4] DEBUG c.z.e.m.m.user.UserMapper.updateById - ==>  Preparing: UPDATE user_user SET user_account=?, user_username=?, user_email=?, user_phone=?, user_password=?, user_image=?, user_introduce=?, user_createdTime=?, user_loginTime=?, user_dreamPosition=?, user_dreamMinMonthSalary=?, user_dreamMaxMonthSalary=?, user_dreamWeekWorkDayNum=?, user_dreamGoodWelfare=?, user_recruitLocationFirst=?, user_recruitLocationSecond=?, user_recruitLocationDetail=?, user_universityCode=? WHERE user_id=?
2025-12-19 14:24:40.614 [http-nio-8080-exec-4] DEBUG c.z.e.m.m.user.UserMapper.updateById - ==> Parameters: 1812463057(String), 超级管理员(String), 1812463057@qq.com(String), 18242991090(String), $2a$10$TdSwFVRA27EmTaPhPS1snOe.3sbWB47S5LtwcfkyRDEWKn3H5NjK.(String), https://ts4.tc.mm.bing.net/th/id/OIP-C.sPOk8TwPGgwtB2SU6ngYUgAAAA?rs=1&pid=ImgDetMain&o=7&rm=3(String), 超级管理员,官方正版号(String), 2025-11-24 00:00:00.0(Timestamp), 2025-12-19 14:24:40.547(Timestamp), 1(Integer), 12000.00(BigDecimal), 30000.00(BigDecimal), 7(Integer), 五险一金(String), 2(String), 2825(String), 上海闵行区(String), 11360(Integer), 1(Integer)
2025-12-19 14:24:40.701 [http-nio-8080-exec-4] DEBUG c.z.e.m.m.user.UserMapper.updateById - <==    Updates: 1
2025-12-19 14:24:41.293 [http-nio-8080-exec-5] DEBUG c.z.e.m.m.user.UserMapper.selectById - ==>  Preparing: SELECT user_id,user_account,user_username,user_email,user_phone,user_password,user_image,user_introduce,user_createdTime,user_loginTime,user_dreamPosition,user_dreamMinMonthSalary,user_dreamMaxMonthSalary,user_dreamWeekWorkDayNum,user_dreamGoodWelfare,user_recruitLocationFirst,user_recruitLocationSecond,user_recruitLocationDetail,user_universityCode FROM user_user WHERE user_id=?
2025-12-19 14:24:41.294 [http-nio-8080-exec-5] DEBUG c.z.e.m.m.user.UserMapper.selectById - ==> Parameters: 1(Integer)
2025-12-19 14:24:41.333 [http-nio-8080-exec-5] DEBUG c.z.e.m.m.user.UserMapper.selectById - <==      Total: 1
2025-12-19 14:24:41.393 [http-nio-8080-exec-5] INFO  c.z.e.s.impl.user.UserServiceImpl - 根据用户id查询用户信息开始
2025-12-19 14:24:41.394 [http-nio-8080-exec-5] DEBUG c.z.e.m.m.user.UserMapper.selectById - ==>  Preparing: SELECT user_id,user_account,user_username,user_email,user_phone,user_password,user_image,user_introduce,user_createdTime,user_loginTime,user_dreamPosition,user_dreamMinMonthSalary,user_dreamMaxMonthSalary,user_dreamWeekWorkDayNum,user_dreamGoodWelfare,user_recruitLocationFirst,user_recruitLocationSecond,user_recruitLocationDetail,user_universityCode FROM user_user WHERE user_id=?
2025-12-19 14:24:41.395 [http-nio-8080-exec-5] DEBUG c.z.e.m.m.user.UserMapper.selectById - ==> Parameters: 1(String)
2025-12-19 14:24:41.445 [http-nio-8080-exec-5] DEBUG c.z.e.m.m.user.UserMapper.selectById - <==      Total: 1
2025-12-19 14:24:45.003 [http-nio-8080-exec-6] DEBUG c.z.e.m.m.user.UserMapper.selectById - ==>  Preparing: SELECT user_id,user_account,user_username,user_email,user_phone,user_password,user_image,user_introduce,user_createdTime,user_loginTime,user_dreamPosition,user_dreamMinMonthSalary,user_dreamMaxMonthSalary,user_dreamWeekWorkDayNum,user_dreamGoodWelfare,user_recruitLocationFirst,user_recruitLocationSecond,user_recruitLocationDetail,user_universityCode FROM user_user WHERE user_id=?
2025-12-19 14:24:45.004 [http-nio-8080-exec-6] DEBUG c.z.e.m.m.user.UserMapper.selectById - ==> Parameters: 1(Integer)
2025-12-19 14:24:45.092 [http-nio-8080-exec-6] DEBUG c.z.e.m.m.user.UserMapper.selectById - <==      Total: 1
2025-12-19 14:24:46.290 [http-nio-8080-exec-7] DEBUG c.z.e.m.m.user.UserMapper.selectById - ==>  Preparing: SELECT user_id,user_account,user_username,user_email,user_phone,user_password,user_image,user_introduce,user_createdTime,user_loginTime,user_dreamPosition,user_dreamMinMonthSalary,user_dreamMaxMonthSalary,user_dreamWeekWorkDayNum,user_dreamGoodWelfare,user_recruitLocationFirst,user_recruitLocationSecond,user_recruitLocationDetail,user_universityCode FROM user_user WHERE user_id=?
2025-12-19 14:24:46.291 [http-nio-8080-exec-7] DEBUG c.z.e.m.m.user.UserMapper.selectById - ==> Parameters: 1(Integer)
2025-12-19 14:24:46.330 [http-nio-8080-exec-7] DEBUG c.z.e.m.m.user.UserMapper.selectById - <==      Total: 1
2025-12-19 14:34:56.779 [http-nio-8080-exec-8] DEBUG c.z.e.m.m.user.UserMapper.selectById - ==>  Preparing: SELECT user_id,user_account,user_username,user_email,user_phone,user_password,user_image,user_introduce,user_createdTime,user_loginTime,user_dreamPosition,user_dreamMinMonthSalary,user_dreamMaxMonthSalary,user_dreamWeekWorkDayNum,user_dreamGoodWelfare,user_recruitLocationFirst,user_recruitLocationSecond,user_recruitLocationDetail,user_universityCode FROM user_user WHERE user_id=?
2025-12-19 14:34:56.780 [http-nio-8080-exec-8] DEBUG c.z.e.m.m.user.UserMapper.selectById - ==> Parameters: 1(Integer)
2025-12-19 14:34:56.819 [http-nio-8080-exec-8] DEBUG c.z.e.m.m.user.UserMapper.selectById - <==      Total: 1
2025-12-19 14:34:58.032 [http-nio-8080-exec-9] DEBUG c.z.e.m.m.user.UserMapper.selectById - ==>  Preparing: SELECT user_id,user_account,user_username,user_email,user_phone,user_password,user_image,user_introduce,user_createdTime,user_loginTime,user_dreamPosition,user_dreamMinMonthSalary,user_dreamMaxMonthSalary,user_dreamWeekWorkDayNum,user_dreamGoodWelfare,user_recruitLocationFirst,user_recruitLocationSecond,user_recruitLocationDetail,user_universityCode FROM user_user WHERE user_id=?
2025-12-19 14:34:58.034 [http-nio-8080-exec-9] DEBUG c.z.e.m.m.user.UserMapper.selectById - ==> Parameters: 1(Integer)
2025-12-19 14:34:58.117 [http-nio-8080-exec-9] DEBUG c.z.e.m.m.user.UserMapper.selectById - <==      Total: 1
2025-12-19 14:35:02.183 [http-nio-8080-exec-10] DEBUG c.z.e.m.m.user.UserMapper.selectById - ==>  Preparing: SELECT user_id,user_account,user_username,user_email,user_phone,user_password,user_image,user_introduce,user_createdTime,user_loginTime,user_dreamPosition,user_dreamMinMonthSalary,user_dreamMaxMonthSalary,user_dreamWeekWorkDayNum,user_dreamGoodWelfare,user_recruitLocationFirst,user_recruitLocationSecond,user_recruitLocationDetail,user_universityCode FROM user_user WHERE user_id=?
2025-12-19 14:35:02.183 [http-nio-8080-exec-10] DEBUG c.z.e.m.m.user.UserMapper.selectById - ==> Parameters: 1(Integer)
2025-12-19 14:35:02.225 [http-nio-8080-exec-10] DEBUG c.z.e.m.m.user.UserMapper.selectById - <==      Total: 1
2025-12-19 14:35:03.391 [http-nio-8080-exec-3] DEBUG c.z.e.m.m.user.UserMapper.selectById - ==>  Preparing: SELECT user_id,user_account,user_username,user_email,user_phone,user_password,user_image,user_introduce,user_createdTime,user_loginTime,user_dreamPosition,user_dreamMinMonthSalary,user_dreamMaxMonthSalary,user_dreamWeekWorkDayNum,user_dreamGoodWelfare,user_recruitLocationFirst,user_recruitLocationSecond,user_recruitLocationDetail,user_universityCode FROM user_user WHERE user_id=?
2025-12-19 14:35:03.392 [http-nio-8080-exec-3] DEBUG c.z.e.m.m.user.UserMapper.selectById - ==> Parameters: 1(Integer)
2025-12-19 14:35:03.452 [http-nio-8080-exec-3] DEBUG c.z.e.m.m.user.UserMapper.selectById - <==      Total: 1
2025-12-19 14:36:00.842 [Thread-15] WARN  c.a.n.c.http.HttpClientBeanHolder - [HttpClientBeanHolder] Start destroying common HttpClient
2025-12-19 14:36:00.844 [Thread-1] WARN  c.a.n.c.executor.ThreadPoolManager - [ThreadPoolManager] Start destroying ThreadPool
2025-12-19 14:36:00.847 [Thread-1] WARN  c.a.n.c.executor.ThreadPoolManager - [ThreadPoolManager] Destruction of the end
2025-12-19 14:36:00.856 [Thread-15] WARN  c.a.n.c.http.HttpClientBeanHolder - [HttpClientBeanHolder] Destruction of the end
2025-12-19 14:36:01.232 [SpringApplicationShutdownHook] INFO  com.zaxxer.hikari.HikariDataSource - HikariPool-1 - Shutdown initiated...
2025-12-19 14:36:01.246 [SpringApplicationShutdownHook] INFO  com.zaxxer.hikari.HikariDataSource - HikariPool-1 - Shutdown completed.
2025-12-19 14:36:01.251 [SpringApplicationShutdownHook] INFO  c.z.e.s.impl.user.UserSmsServiceImpl - 关闭阿里云短信客户端...
2025-12-19 14:36:01.271 [SpringApplicationShutdownHook] INFO  c.z.e.s.impl.user.UserSmsServiceImpl - 阿里云短信客户端已关闭
2025-12-19 14:36:01.272 [SpringApplicationShutdownHook] INFO  c.z.e.s.i.admin.AdminSmsServiceImpl - 关闭阿里云短信客户端...
2025-12-19 14:36:01.276 [SpringApplicationShutdownHook] INFO  c.z.e.s.i.admin.AdminSmsServiceImpl - 阿里云短信客户端已关闭
2025-12-19 14:36:01.284 [SpringApplicationShutdownHook] INFO  com.zaxxer.hikari.HikariDataSource - HikariPool-2 - Shutdown initiated...
2025-12-19 14:36:01.287 [SpringApplicationShutdownHook] INFO  com.zaxxer.hikari.HikariDataSource - HikariPool-2 - Shutdown completed.
2025-12-19 14:36:18.346 [main] INFO  c.a.n.client.logging.NacosLogging - Nacos Logging Adapter Builder: com.alibaba.nacos.logger.adapter.logback12.LogbackNacosLoggingAdapterBuilder
2025-12-19 14:36:18.350 [main] INFO  c.a.n.client.logging.NacosLogging - Nacos Logging Adapter Builder: com.alibaba.nacos.logger.adapter.logback14.LogbackNacosLoggingAdapterBuilder
2025-12-19 14:36:18.351 [main] INFO  c.a.n.client.logging.NacosLogging - Nacos Logging Adapter: com.alibaba.nacos.logger.adapter.logback14.LogbackNacosLoggingAdapter match ch.qos.logback.classic.Logger success.
2025-12-19 14:36:18.360 [main] INFO  c.a.n.client.logging.NacosLogging - Nacos Logging Adapter Builder: com.alibaba.nacos.logger.adapter.log4j2.Log4j2NacosLoggingAdapterBuilder
2025-12-19 14:36:18.372 [background-preinit] INFO  o.h.validator.internal.util.Version - HV000001: Hibernate Validator 8.0.1.Final
2025-12-19 14:36:18.513 [main] INFO  c.z.e.EasyApplyResumeApplication - Starting EasyApplyResumeApplication using Java 21.0.9 with PID 34484 (C:\Users\shini\IdeaProjects\EasyApplyResume\target\classes started by shini in C:\Users\shini\IdeaProjects\EasyApplyResume)
2025-12-19 14:36:18.515 [main] DEBUG c.z.e.EasyApplyResumeApplication - Running with Spring Boot v3.3.5, Spring v6.1.14
2025-12-19 14:36:18.515 [main] INFO  c.z.e.EasyApplyResumeApplication - The following 1 profile is active: "dev"
2025-12-19 14:36:20.647 [main] INFO  o.s.d.r.c.RepositoryConfigurationDelegate - Multiple Spring Data modules found, entering strict repository configuration mode
2025-12-19 14:36:20.655 [main] INFO  o.s.d.r.c.RepositoryConfigurationDelegate - Bootstrapping Spring Data Redis repositories in DEFAULT mode.
2025-12-19 14:36:20.731 [main] INFO  o.s.d.r.c.RepositoryConfigurationDelegate - Finished Spring Data repository scanning in 51 ms. Found 0 Redis repository interfaces.
2025-12-19 14:36:20.948 [main] WARN  o.m.s.mapper.ClassPathMapperScanner - Cannot use both: sqlSessionTemplate and sqlSessionFactory together. sqlSessionFactory is ignored.
2025-12-19 14:36:20.949 [main] WARN  o.m.s.mapper.ClassPathMapperScanner - Cannot use both: sqlSessionTemplate and sqlSessionFactory together. sqlSessionFactory is ignored.
2025-12-19 14:36:20.950 [main] WARN  o.m.s.mapper.ClassPathMapperScanner - Cannot use both: sqlSessionTemplate and sqlSessionFactory together. sqlSessionFactory is ignored.
2025-12-19 14:36:20.951 [main] WARN  o.m.s.mapper.ClassPathMapperScanner - Cannot use both: sqlSessionTemplate and sqlSessionFactory together. sqlSessionFactory is ignored.
2025-12-19 14:36:20.952 [main] WARN  o.m.s.mapper.ClassPathMapperScanner - Cannot use both: sqlSessionTemplate and sqlSessionFactory together. sqlSessionFactory is ignored.
2025-12-19 14:36:20.953 [main] WARN  o.m.s.mapper.ClassPathMapperScanner - Cannot use both: sqlSessionTemplate and sqlSessionFactory together. sqlSessionFactory is ignored.
2025-12-19 14:36:20.955 [main] WARN  o.m.s.mapper.ClassPathMapperScanner - Cannot use both: sqlSessionTemplate and sqlSessionFactory together. sqlSessionFactory is ignored.
2025-12-19 14:36:20.955 [main] WARN  o.m.s.mapper.ClassPathMapperScanner - Cannot use both: sqlSessionTemplate and sqlSessionFactory together. sqlSessionFactory is ignored.
2025-12-19 14:36:20.955 [main] WARN  o.m.s.mapper.ClassPathMapperScanner - Cannot use both: sqlSessionTemplate and sqlSessionFactory together. sqlSessionFactory is ignored.
2025-12-19 14:36:20.956 [main] WARN  o.m.s.mapper.ClassPathMapperScanner - Cannot use both: sqlSessionTemplate and sqlSessionFactory together. sqlSessionFactory is ignored.
2025-12-19 14:36:20.957 [main] WARN  o.m.s.mapper.ClassPathMapperScanner - Cannot use both: sqlSessionTemplate and sqlSessionFactory together. sqlSessionFactory is ignored.
2025-12-19 14:36:20.958 [main] WARN  o.m.s.mapper.ClassPathMapperScanner - Cannot use both: sqlSessionTemplate and sqlSessionFactory together. sqlSessionFactory is ignored.
2025-12-19 14:36:20.958 [main] WARN  o.m.s.mapper.ClassPathMapperScanner - Cannot use both: sqlSessionTemplate and sqlSessionFactory together. sqlSessionFactory is ignored.
2025-12-19 14:36:20.959 [main] WARN  o.m.s.mapper.ClassPathMapperScanner - Cannot use both: sqlSessionTemplate and sqlSessionFactory together. sqlSessionFactory is ignored.
2025-12-19 14:36:20.960 [main] WARN  o.m.s.mapper.ClassPathMapperScanner - Cannot use both: sqlSessionTemplate and sqlSessionFactory together. sqlSessionFactory is ignored.
2025-12-19 14:36:20.961 [main] WARN  o.m.s.mapper.ClassPathMapperScanner - Cannot use both: sqlSessionTemplate and sqlSessionFactory together. sqlSessionFactory is ignored.
2025-12-19 14:36:20.961 [main] WARN  o.m.s.mapper.ClassPathMapperScanner - Cannot use both: sqlSessionTemplate and sqlSessionFactory together. sqlSessionFactory is ignored.
2025-12-19 14:36:20.961 [main] WARN  o.m.s.mapper.ClassPathMapperScanner - Cannot use both: sqlSessionTemplate and sqlSessionFactory together. sqlSessionFactory is ignored.
2025-12-19 14:36:20.961 [main] WARN  o.m.s.mapper.ClassPathMapperScanner - Cannot use both: sqlSessionTemplate and sqlSessionFactory together. sqlSessionFactory is ignored.
2025-12-19 14:36:20.963 [main] WARN  o.m.s.mapper.ClassPathMapperScanner - Cannot use both: sqlSessionTemplate and sqlSessionFactory together. sqlSessionFactory is ignored.
2025-12-19 14:36:20.963 [main] WARN  o.m.s.mapper.ClassPathMapperScanner - Cannot use both: sqlSessionTemplate and sqlSessionFactory together. sqlSessionFactory is ignored.
2025-12-19 14:36:20.963 [main] WARN  o.m.s.mapper.ClassPathMapperScanner - Cannot use both: sqlSessionTemplate and sqlSessionFactory together. sqlSessionFactory is ignored.
2025-12-19 14:36:20.964 [main] WARN  o.m.s.mapper.ClassPathMapperScanner - Cannot use both: sqlSessionTemplate and sqlSessionFactory together. sqlSessionFactory is ignored.
2025-12-19 14:36:20.964 [main] WARN  o.m.s.mapper.ClassPathMapperScanner - Cannot use both: sqlSessionTemplate and sqlSessionFactory together. sqlSessionFactory is ignored.
2025-12-19 14:36:20.965 [main] WARN  o.m.s.mapper.ClassPathMapperScanner - Cannot use both: sqlSessionTemplate and sqlSessionFactory together. sqlSessionFactory is ignored.
2025-12-19 14:36:20.966 [main] WARN  o.m.s.mapper.ClassPathMapperScanner - Cannot use both: sqlSessionTemplate and sqlSessionFactory together. sqlSessionFactory is ignored.
2025-12-19 14:36:20.969 [main] WARN  o.m.s.mapper.ClassPathMapperScanner - No MyBatis mapper was found in '[com.zyh.easyapplyresume.mapper.pgvector]' package. Please check your configuration.
2025-12-19 14:36:21.350 [main] WARN  o.s.c.s.PostProcessorRegistrationDelegate$BeanPostProcessorChecker - Bean 'com.alibaba.cloud.nacos.NacosConfigAutoConfiguration' of type [com.alibaba.cloud.nacos.NacosConfigAutoConfiguration] is not eligible for getting processed by all BeanPostProcessors (for example: not eligible for auto-proxying). The currently created BeanPostProcessor [nacosAnnotationProcessor] is declared through a non-static factory method on that class; consider declaring it as static instead.
2025-12-19 14:36:21.360 [main] WARN  o.s.c.s.PostProcessorRegistrationDelegate$BeanPostProcessorChecker - Bean 'nacosConfigProperties' of type [com.alibaba.cloud.nacos.NacosConfigProperties] is not eligible for getting processed by all BeanPostProcessors (for example: not eligible for auto-proxying). Is this bean getting eagerly injected/applied to a currently created BeanPostProcessor [nacosAnnotationProcessor]? Check the corresponding BeanPostProcessor declaration and its dependencies/advisors. If this bean does not have to be post-processed, declare it with ROLE_INFRASTRUCTURE.
2025-12-19 14:36:21.522 [main] INFO  c.a.n.p.a.s.c.ClientAuthPluginManager - [ClientAuthPluginManager] Load ClientAuthService com.alibaba.nacos.client.auth.impl.NacosClientAuthServiceImpl success.
2025-12-19 14:36:21.524 [main] INFO  c.a.n.p.a.s.c.ClientAuthPluginManager - [ClientAuthPluginManager] Load ClientAuthService com.alibaba.nacos.client.auth.ram.RamClientAuthServiceImpl success.
2025-12-19 14:36:21.526 [main] WARN  o.s.c.s.PostProcessorRegistrationDelegate$BeanPostProcessorChecker - Bean 'nacosConfigManager' of type [com.alibaba.cloud.nacos.NacosConfigManager] is not eligible for getting processed by all BeanPostProcessors (for example: not eligible for auto-proxying). Is this bean getting eagerly injected/applied to a currently created BeanPostProcessor [nacosAnnotationProcessor]? Check the corresponding BeanPostProcessor declaration and its dependencies/advisors. If this bean does not have to be post-processed, declare it with ROLE_INFRASTRUCTURE.
2025-12-19 14:36:22.168 [main] INFO  o.s.b.w.e.tomcat.TomcatWebServer - Tomcat initialized with port 8080 (http)
2025-12-19 14:36:22.184 [main] INFO  o.a.coyote.http11.Http11NioProtocol - Initializing ProtocolHandler ["http-nio-8080"]
2025-12-19 14:36:22.188 [main] INFO  o.a.catalina.core.StandardService - Starting service [Tomcat]
2025-12-19 14:36:22.189 [main] INFO  o.a.catalina.core.StandardEngine - Starting Servlet engine: [Apache Tomcat/10.1.31]
2025-12-19 14:36:22.305 [main] INFO  o.a.c.c.C.[.[localhost].[/api] - Initializing Spring embedded WebApplicationContext
2025-12-19 14:36:22.305 [main] INFO  o.s.b.w.s.c.ServletWebServerApplicationContext - Root WebApplicationContext: initialization completed in 3719 ms
2025-12-19 14:36:23.514 [main] DEBUG c.z.e.filter.UserJwtAuthFilter - Filter 'userJwtAuthFilter' configured for use
2025-12-19 14:36:23.515 [main] DEBUG c.z.e.filter.AdminJwtAuthFilter - Filter 'adminJwtAuthFilter' configured for use
2025-12-19 14:36:23.720 [main] INFO  c.z.e.s.i.admin.AdminSmsServiceImpl - 开始初始化阿里云短信客户端...
2025-12-19 14:36:24.080 [main] INFO  c.z.e.s.i.admin.AdminSmsServiceImpl - 阿里云短信客户端初始化完成
2025-12-19 14:36:25.314 [main] INFO  c.z.e.d.a.AdminSensitiveWordsAdvisor - 管理端敏感词初始化完成，共加载 137 个敏感词
2025-12-19 14:36:28.513 [main] INFO  c.z.i.ImageSearchMcpApplication - Starting ImageSearchMcpApplication v0.0.1-SNAPSHOT using Java 21.0.9 with PID 6716 (C:\Users\shini\IdeaProjects\EasyApplyResume\Image-Search-Mcp\target\Image-Search-Mcp-0.0.1-SNAPSHOT.jar started by shini in C:\Users\shini\IdeaProjects\EasyApplyResume)
2025-12-19 14:36:28.514 [main] INFO  c.z.i.ImageSearchMcpApplication - The following 1 profile is active: "stdio"
2025-12-19 14:36:30.208 [pool-1-thread-1] INFO  i.m.server.McpAsyncServer - Client initialize request - Protocol: 2024-11-05, Capabilities: ClientCapabilities[experimental=null, roots=null, sampling=null], Info: Implementation[name=spring-ai-mcp-client, version=1.0.0]
2025-12-19 14:36:30.294 [pool-4-thread-1] INFO  i.m.client.McpAsyncClient - Server response with Protocol: 2024-11-05, Capabilities: ServerCapabilities[experimental=null, logging=LoggingCapabilities[], prompts=null, resources=null, tools=ToolCapabilities[listChanged=true]], Info: Implementation[name=image-search-mcp-server, version=0.0.1] and Instructions null
2025-12-19 14:36:30.338 [main] INFO  c.z.i.ImageSearchMcpApplication - Started ImageSearchMcpApplication in 2.68 seconds (process running for 4.219)
2025-12-19 14:36:32.735 [pool-9-thread-1] INFO  i.m.c.transport.StdioClientTransport - STDERR Message received: Amap Maps MCP Server running on stdio
2025-12-19 14:36:32.745 [pool-7-thread-1] INFO  i.m.client.McpAsyncClient - Server response with Protocol: 2024-11-05, Capabilities: ServerCapabilities[experimental=null, logging=null, prompts=null, resources=null, tools=ToolCapabilities[listChanged=null]], Info: Implementation[name=mcp-server/amap-maps, version=0.1.0] and Instructions null
2025-12-19 14:36:32.786 [main] INFO  c.z.e.d.a.SensitiveWordsAdvisor - 用户端敏感词初始化完成，共加载 137 个敏感词
2025-12-19 14:36:33.102 [main] INFO  o.s.a.t.splitter.TextSplitter - Splitting up document into 2 chunks.
2025-12-19 14:36:33.109 [main] INFO  o.s.a.t.splitter.TextSplitter - Splitting up document into 2 chunks.
2025-12-19 14:36:33.116 [main] INFO  o.s.a.t.splitter.TextSplitter - Splitting up document into 2 chunks.
2025-12-19 14:36:38.443 [main] INFO  o.s.ai.vectorstore.SimpleVectorStore - Calling EmbeddingModel for document id = 6582daee-ceec-4c99-910d-f96c247b7027
2025-12-19 14:36:38.650 [main] INFO  o.s.ai.vectorstore.SimpleVectorStore - Calling EmbeddingModel for document id = d4311ea4-0323-4195-96ee-e849ee72e7e0
2025-12-19 14:36:38.885 [main] INFO  o.s.ai.vectorstore.SimpleVectorStore - Calling EmbeddingModel for document id = a86b46b1-1f39-4977-8c95-f78a89e1b8a1
2025-12-19 14:36:39.141 [main] INFO  c.z.e.s.impl.user.UserSmsServiceImpl - 开始初始化阿里云短信客户端...
2025-12-19 14:36:39.159 [main] INFO  c.z.e.s.impl.user.UserSmsServiceImpl - 阿里云短信客户端初始化完成
2025-12-19 14:36:39.188 [main] WARN  c.b.m.core.metadata.TableInfoHelper - Can not find table primary key in Class: "com.zyh.easyapplyresume.model.pojo.user.UserCollections".
2025-12-19 14:36:39.190 [main] WARN  c.b.m.c.injector.DefaultSqlInjector - class com.zyh.easyapplyresume.model.pojo.user.UserCollections ,Not found @TableId annotation, Cannot use Mybatis-Plus 'xxById' Method.
2025-12-19 14:36:39.630 [main] WARN  c.b.m.e.s.MybatisSqlSessionFactoryBean - Property 'mapperLocations' was specified but matching resources are not found.
2025-12-19 14:36:39.739 [main] INFO  o.s.a.v.pgvector.PgVectorStore - Using the vector table name: vector_store. Is empty: false
2025-12-19 14:36:39.743 [main] INFO  o.s.a.v.pgvector.PgVectorStore - Initializing PGVectorStore schema for table: vector_store in schema: public
2025-12-19 14:36:39.743 [main] INFO  o.s.a.v.pgvector.PgVectorStore - vectorTableValidationsEnabled false
2025-12-19 14:36:39.749 [main] INFO  com.zaxxer.hikari.HikariDataSource - HikariPool-1 - Starting...
2025-12-19 14:36:40.255 [main] INFO  com.zaxxer.hikari.pool.HikariPool - HikariPool-1 - Added connection org.postgresql.jdbc.PgConnection@5331ca05
2025-12-19 14:36:40.257 [main] INFO  com.zaxxer.hikari.HikariDataSource - HikariPool-1 - Start completed.
2025-12-19 14:36:40.798 [main] WARN  o.s.b.a.s.s.UserDetailsServiceAutoConfiguration - 

Using generated security password: 9772e22a-f061-4106-98e1-28f55292da7c

This generated password is for development use only. Your security configuration must be updated before running your application in production.

2025-12-19 14:36:40.811 [main] INFO  o.s.s.c.a.a.c.InitializeUserDetailsBeanManagerConfigurer$InitializeUserDetailsManagerConfigurer - Global AuthenticationManager configured with UserDetailsService bean with name inMemoryUserDetailsManager
2025-12-19 14:36:41.991 [main] INFO  o.a.coyote.http11.Http11NioProtocol - Starting ProtocolHandler ["http-nio-8080"]
2025-12-19 14:36:42.010 [main] INFO  o.s.b.w.e.tomcat.TomcatWebServer - Tomcat started on port 8080 (http) with context path '/api'
2025-12-19 14:36:42.031 [main] INFO  c.z.e.EasyApplyResumeApplication - Started EasyApplyResumeApplication in 24.375 seconds (process running for 25.468)
2025-12-19 14:37:36.014 [http-nio-8080-exec-4] INFO  o.a.c.c.C.[.[localhost].[/api] - Initializing Spring DispatcherServlet 'dispatcherServlet'
2025-12-19 14:37:36.014 [http-nio-8080-exec-4] INFO  o.s.web.servlet.DispatcherServlet - Initializing Servlet 'dispatcherServlet'
2025-12-19 14:37:36.016 [http-nio-8080-exec-4] INFO  o.s.web.servlet.DispatcherServlet - Completed initialization in 1 ms
2025-12-19 14:37:37.355 [http-nio-8080-exec-4] INFO  com.zaxxer.hikari.HikariDataSource - HikariPool-2 - Starting...
2025-12-19 14:37:38.782 [http-nio-8080-exec-4] INFO  com.zaxxer.hikari.pool.HikariPool - HikariPool-2 - Added connection com.mysql.cj.jdbc.ConnectionImpl@67f2907a
2025-12-19 14:37:38.782 [http-nio-8080-exec-4] INFO  com.zaxxer.hikari.HikariDataSource - HikariPool-2 - Start completed.
2025-12-19 14:37:38.787 [http-nio-8080-exec-4] DEBUG c.z.e.m.m.user.UserMapper.selectById - ==>  Preparing: SELECT user_id,user_account,user_username,user_email,user_phone,user_password,user_image,user_introduce,user_createdTime,user_loginTime,user_dreamPosition,user_dreamMinMonthSalary,user_dreamMaxMonthSalary,user_dreamWeekWorkDayNum,user_dreamGoodWelfare,user_recruitLocationFirst,user_recruitLocationSecond,user_recruitLocationDetail,user_universityCode FROM user_user WHERE user_id=?
2025-12-19 14:37:38.883 [http-nio-8080-exec-4] DEBUG c.z.e.m.m.user.UserMapper.selectById - ==> Parameters: 1(Integer)
2025-12-19 14:37:39.043 [http-nio-8080-exec-4] DEBUG c.z.e.m.m.user.UserMapper.selectById - <==      Total: 1
2025-12-19 14:37:39.401 [http-nio-8080-exec-4] INFO  c.z.e.s.i.u.UserSaveResumeServiceImpl - 获取用户保存的简历信息开始
2025-12-19 14:37:40.671 [http-nio-8080-exec-4] DEBUG c.z.e.m.m.u.U.selectList - ==>  Preparing: SELECT userSaveResume_id,userSaveResume_resumeName,userSaveResume_industry,userSaveResume_resumeReactCode,userSaveResume_createdTime,userSaveResume_updatedTime,userSaveResume_sortedNum,userSaveResume_userId FROM user_userSaveResume WHERE (userSaveResume_userId = ?) ORDER BY userSaveResume_sortedNum DESC
2025-12-19 14:37:40.686 [http-nio-8080-exec-4] DEBUG c.z.e.m.m.u.U.selectList - ==> Parameters: 1(Integer)
2025-12-19 14:37:40.833 [http-nio-8080-exec-4] DEBUG c.z.e.m.m.u.U.selectList - <==      Total: 1
2025-12-19 14:37:45.575 [http-nio-8080-exec-3] DEBUG c.z.e.m.m.user.UserMapper.selectById - ==>  Preparing: SELECT user_id,user_account,user_username,user_email,user_phone,user_password,user_image,user_introduce,user_createdTime,user_loginTime,user_dreamPosition,user_dreamMinMonthSalary,user_dreamMaxMonthSalary,user_dreamWeekWorkDayNum,user_dreamGoodWelfare,user_recruitLocationFirst,user_recruitLocationSecond,user_recruitLocationDetail,user_universityCode FROM user_user WHERE user_id=?
2025-12-19 14:37:45.577 [http-nio-8080-exec-3] DEBUG c.z.e.m.m.user.UserMapper.selectById - ==> Parameters: 1(Integer)
2025-12-19 14:37:45.642 [http-nio-8080-exec-3] DEBUG c.z.e.m.m.user.UserMapper.selectById - <==      Total: 1
2025-12-19 14:37:45.732 [http-nio-8080-exec-3] INFO  c.z.e.s.i.u.UserDeleteResumeServiceImpl - 根据用户id查询用户删除简历信息开始
2025-12-19 14:37:45.735 [http-nio-8080-exec-3] DEBUG c.z.e.m.m.u.U.selectList - ==>  Preparing: SELECT userDeleteResume_id,userDeleteResume_resumeName,userDeleteResume_industry,userDeleteResume_resumeReactCode,userDeleteResume_createdTime,userDeleteResume_updatedTime,userDeleteResume_sortedNum,userDeleteResume_userId,userDeleteResume_deleteTime FROM user_userDeleteResume WHERE (userDeleteResume_userId = ?) ORDER BY userDeleteResume_sortedNum DESC
2025-12-19 14:37:45.738 [http-nio-8080-exec-3] DEBUG c.z.e.m.m.u.U.selectList - ==> Parameters: 1(Integer)
2025-12-19 14:37:45.864 [http-nio-8080-exec-3] DEBUG c.z.e.m.m.u.U.selectList - <==      Total: 1
2025-12-19 14:41:39.551 [http-nio-8080-exec-5] DEBUG c.z.e.m.m.user.UserMapper.selectById - ==>  Preparing: SELECT user_id,user_account,user_username,user_email,user_phone,user_password,user_image,user_introduce,user_createdTime,user_loginTime,user_dreamPosition,user_dreamMinMonthSalary,user_dreamMaxMonthSalary,user_dreamWeekWorkDayNum,user_dreamGoodWelfare,user_recruitLocationFirst,user_recruitLocationSecond,user_recruitLocationDetail,user_universityCode FROM user_user WHERE user_id=?
2025-12-19 14:41:39.552 [http-nio-8080-exec-5] DEBUG c.z.e.m.m.user.UserMapper.selectById - ==> Parameters: 1(Integer)
2025-12-19 14:41:39.591 [http-nio-8080-exec-5] DEBUG c.z.e.m.m.user.UserMapper.selectById - <==      Total: 1
2025-12-19 14:41:43.237 [http-nio-8080-exec-5] INFO  c.z.e.s.i.u.UserSaveResumeServiceImpl - 删除用户保存的简历信息开始
2025-12-19 14:41:44.645 [http-nio-8080-exec-5] DEBUG c.z.e.m.m.u.U.selectList - ==>  Preparing: SELECT userSaveResume_id,userSaveResume_resumeName,userSaveResume_industry,userSaveResume_resumeReactCode,userSaveResume_createdTime,userSaveResume_updatedTime,userSaveResume_sortedNum,userSaveResume_userId FROM user_userSaveResume WHERE (userSaveResume_userId = ? AND userSaveResume_sortedNum = ?)
2025-12-19 14:41:44.645 [http-nio-8080-exec-5] DEBUG c.z.e.m.m.u.U.selectList - ==> Parameters: 1(Integer), 1(Integer)
2025-12-19 14:41:44.721 [http-nio-8080-exec-5] DEBUG c.z.e.m.m.u.U.selectList - <==      Total: 1
2025-12-19 14:41:56.956 [http-nio-8080-exec-5] INFO  c.z.e.s.i.u.UserDeleteResumeServiceImpl - 将用户保存的简历添加到用户删除简历开始
2025-12-19 14:42:16.933 [http-nio-8080-exec-5] DEBUG c.z.e.m.m.u.U.selectList - ==>  Preparing: SELECT userDeleteResume_id,userDeleteResume_resumeName,userDeleteResume_industry,userDeleteResume_resumeReactCode,userDeleteResume_createdTime,userDeleteResume_updatedTime,userDeleteResume_sortedNum,userDeleteResume_userId,userDeleteResume_deleteTime FROM user_userDeleteResume WHERE (userDeleteResume_userId = ?) ORDER BY userDeleteResume_sortedNum DESC
2025-12-19 14:42:16.934 [http-nio-8080-exec-5] DEBUG c.z.e.m.m.u.U.selectList - ==> Parameters: 1(Integer)
2025-12-19 14:42:17.004 [http-nio-8080-exec-5] DEBUG c.z.e.m.m.u.U.selectList - <==      Total: 1
2025-12-19 14:44:15.813 [HikariPool-2 housekeeper] WARN  com.zaxxer.hikari.pool.HikariPool - HikariPool-2 - Thread starvation or clock leap detected (housekeeper delta=2m90ms549µs500ns).
2025-12-19 14:44:15.813 [HikariPool-1 housekeeper] WARN  com.zaxxer.hikari.pool.HikariPool - HikariPool-1 - Thread starvation or clock leap detected (housekeeper delta=2m90ms595µs999ns).
2025-12-19 14:44:42.744 [http-nio-8080-exec-5] DEBUG c.z.e.m.m.u.U.insert - ==>  Preparing: INSERT INTO user_userDeleteResume ( userDeleteResume_id, userDeleteResume_resumeName, userDeleteResume_industry, userDeleteResume_resumeReactCode, userDeleteResume_createdTime, userDeleteResume_updatedTime, userDeleteResume_sortedNum, userDeleteResume_userId, userDeleteResume_deleteTime ) VALUES ( ?, ?, ?, ?, ?, ?, ?, ?, ? )
2025-12-19 14:44:42.749 [http-nio-8080-exec-5] DEBUG c.z.e.m.m.u.U.insert - ==> Parameters: 2(Integer), 帅哥的简历(String), 1(Integer), const ResumeTemplate = () => {
  const styles = {
    container: {
      fontFamily: "'Microsoft YaHei', sans-serif",
      maxWidth: '800px',
      margin: '0 auto',
      padding: '40px',
      background: 'white',
    },
    header: {
      textAlign: 'center',
      marginBottom: '30px',
      borderBottom: '2px solid #1890ff',
      paddingBottom: '20px',
    },
    name: {
      fontSize: '28px',
      fontWeight: 'bold',
      color: '#1890ff',
      marginBottom: '10px',
    },
    contact: {
      fontSize: '14px',
      color: '#666',
    },
    section: {
      marginBottom: '25px',
    },
    sectionTitle: {
      fontSize: '18px',
      fontWeight: 'bold',
      color: '#1890ff',
      borderLeft: '4px solid #1890ff',
      paddingLeft: '10px',
      marginBottom: '15px',
    },
    item: {
      marginBottom: '15px',
    },
    itemHeader: {
      display: 'flex',
      justifyContent: 'space-between',
      marginBottom: '5px',
    },
    itemTitle: {
      fontWeight: 'bold',
      fontSize: '15px',
    },
    itemDate: {
      color: '#999',
      fontSize: '13px',
    },
    itemDesc: {
      fontSize: '14px',
      color: '#333',
      lineHeight: '1.6',
    },
    skills: {
      display: 'flex',
      flexWrap: 'wrap',
      gap: '8px',
    },
    skill: {
      background: '#e6f7ff',
      color: '#1890ff',
      padding: '4px 12px',
      borderRadius: '4px',
      fontSize: '13px',
    },
  };

  return (
    <div style={styles.container}>
      <div style={styles.header}>
        <div style={styles.name}>张三</div>
        <div style={styles.contact}>
          📱 138-0000-0000 | ✉️ zhangsan@email.com | 📍 北京市
        </div>
      </div>

      <div style={styles.section}>
        <div style={styles.sectionTitle}>教育背景</div>
        <div style={styles.item}>
          <div style={styles.itemHeader}>
            <span style={styles.itemTitle}>北京大学 · 计算机科学与技术</span>
            <span style={styles.itemDate}>2018.09 - 2022.06</span>
          </div>
          <div style={styles.itemDesc}>本科 | GPA: 3.8/4.0</div>
        </div>
      </div>

      <div style={styles.section}>
        <div style={styles.sectionTitle}>工作经历</div>
        <div style={styles.item}>
          <div style={styles.itemHeader}>
            <span style={styles.itemTitle}>阿里巴巴 · 前端开发工程师</span>
            <span style={styles.itemDate}>2022.07 - 至今</span>
          </div>
          <div style={styles.itemDesc}>
            • 负责淘宝商家后台系统开发，使用 React + TypeScript<br/>
            • 优化页面性能，首屏加载时间降低 40%<br/>
            • 主导组件库建设，提升团队开发效率 30%
          </div>
        </div>
      </div>

      <div style={styles.section}>
        <div style={styles.sectionTitle}>项目经验</div>
        <div style={styles.item}>
          <div style={styles.itemHeader}>
            <span style={styles.itemTitle}>电商管理系统</span>
            <span style={styles.itemDate}>2023.01 - 2023.06</span>
          </div>
          <div style={styles.itemDesc}>
            • 使用 React 18 + Ant Design 搭建后台管理系统<br/>
            • 实现权限管理、数据可视化、订单管理等核心模块<br/>
            • 采用 React Query 优化数据请求，提升用户体验
          </div>
        </div>
      </div>

      <div style={styles.section}>
        <div style={styles.sectionTitle}>专业技能</div>
        <div style={styles.skills}>
          <span style={styles.skill}>React</span>
          <span style={styles.skill}>TypeScript</span>
          <span style={styles.skill}>Vue.js</span>
          <span style={styles.skill}>Node.js</span>
          <span style={styles.skill}>Webpack</span>
          <span style={styles.skill}>Git</span>
        </div>
      </div>
    </div>
  );
};(String), 2025-12-19 00:00:00.0(Timestamp), 2025-12-19 00:00:00.0(Timestamp), 2(Integer), 1(Integer), 2025-12-19 14:44:42.739(Timestamp)
2025-12-19 14:44:42.913 [http-nio-8080-exec-5] DEBUG c.z.e.m.m.u.U.insert - <==    Updates: 1
2025-12-19 14:44:42.918 [http-nio-8080-exec-5] DEBUG c.z.e.m.m.u.U.delete - ==>  Preparing: DELETE FROM user_userSaveResume WHERE (userSaveResume_userId = ? AND userSaveResume_sortedNum = ?)
2025-12-19 14:44:42.918 [http-nio-8080-exec-5] DEBUG c.z.e.m.m.u.U.delete - ==> Parameters: 1(Integer), 1(Integer)
2025-12-19 14:44:43.116 [http-nio-8080-exec-5] DEBUG c.z.e.m.m.u.U.delete - <==    Updates: 1
2025-12-19 14:44:43.118 [http-nio-8080-exec-5] DEBUG c.z.e.m.m.u.U.selectList - ==>  Preparing: SELECT userSaveResume_id,userSaveResume_resumeName,userSaveResume_industry,userSaveResume_resumeReactCode,userSaveResume_createdTime,userSaveResume_updatedTime,userSaveResume_sortedNum,userSaveResume_userId FROM user_userSaveResume WHERE (userSaveResume_userId = ? AND userSaveResume_sortedNum > ?) ORDER BY userSaveResume_sortedNum ASC
2025-12-19 14:44:43.118 [http-nio-8080-exec-5] DEBUG c.z.e.m.m.u.U.selectList - ==> Parameters: 1(Integer), 1(Integer)
2025-12-19 14:44:43.221 [http-nio-8080-exec-5] DEBUG c.z.e.m.m.u.U.selectList - <==      Total: 0
2025-12-19 14:44:45.644 [http-nio-8080-exec-5] INFO  c.z.e.s.i.u.UserSaveResumeServiceImpl - 删除用户保存的简历信息成功
2025-12-19 14:44:50.462 [http-nio-8080-exec-6] DEBUG c.z.e.m.m.user.UserMapper.selectById - ==>  Preparing: SELECT user_id,user_account,user_username,user_email,user_phone,user_password,user_image,user_introduce,user_createdTime,user_loginTime,user_dreamPosition,user_dreamMinMonthSalary,user_dreamMaxMonthSalary,user_dreamWeekWorkDayNum,user_dreamGoodWelfare,user_recruitLocationFirst,user_recruitLocationSecond,user_recruitLocationDetail,user_universityCode FROM user_user WHERE user_id=?
2025-12-19 14:44:50.462 [http-nio-8080-exec-6] DEBUG c.z.e.m.m.user.UserMapper.selectById - ==> Parameters: 1(Integer)
2025-12-19 14:44:50.469 [http-nio-8080-exec-7] DEBUG c.z.e.m.m.user.UserMapper.selectById - ==>  Preparing: SELECT user_id,user_account,user_username,user_email,user_phone,user_password,user_image,user_introduce,user_createdTime,user_loginTime,user_dreamPosition,user_dreamMinMonthSalary,user_dreamMaxMonthSalary,user_dreamWeekWorkDayNum,user_dreamGoodWelfare,user_recruitLocationFirst,user_recruitLocationSecond,user_recruitLocationDetail,user_universityCode FROM user_user WHERE user_id=?
2025-12-19 14:44:50.470 [http-nio-8080-exec-7] DEBUG c.z.e.m.m.user.UserMapper.selectById - ==> Parameters: 1(Integer)
2025-12-19 14:44:50.503 [http-nio-8080-exec-6] DEBUG c.z.e.m.m.user.UserMapper.selectById - <==      Total: 1
2025-12-19 14:44:50.511 [http-nio-8080-exec-7] DEBUG c.z.e.m.m.user.UserMapper.selectById - <==      Total: 1
2025-12-19 14:44:50.555 [http-nio-8080-exec-7] INFO  c.z.e.s.i.u.UserSaveResumeServiceImpl - 获取用户保存的简历信息开始
2025-12-19 14:44:50.558 [http-nio-8080-exec-7] DEBUG c.z.e.m.m.u.U.selectList - ==>  Preparing: SELECT userSaveResume_id,userSaveResume_resumeName,userSaveResume_industry,userSaveResume_resumeReactCode,userSaveResume_createdTime,userSaveResume_updatedTime,userSaveResume_sortedNum,userSaveResume_userId FROM user_userSaveResume WHERE (userSaveResume_userId = ?) ORDER BY userSaveResume_sortedNum DESC
2025-12-19 14:44:50.559 [http-nio-8080-exec-7] DEBUG c.z.e.m.m.u.U.selectList - ==> Parameters: 1(Integer)
2025-12-19 14:44:50.600 [http-nio-8080-exec-7] DEBUG c.z.e.m.m.u.U.selectList - <==      Total: 0
2025-12-19 14:44:50.625 [http-nio-8080-exec-6] INFO  c.z.e.s.impl.user.UserServiceImpl - 根据用户id查询用户信息开始
2025-12-19 14:44:50.625 [http-nio-8080-exec-6] DEBUG c.z.e.m.m.user.UserMapper.selectById - ==>  Preparing: SELECT user_id,user_account,user_username,user_email,user_phone,user_password,user_image,user_introduce,user_createdTime,user_loginTime,user_dreamPosition,user_dreamMinMonthSalary,user_dreamMaxMonthSalary,user_dreamWeekWorkDayNum,user_dreamGoodWelfare,user_recruitLocationFirst,user_recruitLocationSecond,user_recruitLocationDetail,user_universityCode FROM user_user WHERE user_id=?
2025-12-19 14:44:50.627 [http-nio-8080-exec-6] DEBUG c.z.e.m.m.user.UserMapper.selectById - ==> Parameters: 1(String)
2025-12-19 14:44:50.671 [http-nio-8080-exec-6] DEBUG c.z.e.m.m.user.UserMapper.selectById - <==      Total: 1
2025-12-19 14:44:50.938 [http-nio-8080-exec-8] DEBUG c.z.e.m.m.user.UserMapper.selectById - ==>  Preparing: SELECT user_id,user_account,user_username,user_email,user_phone,user_password,user_image,user_introduce,user_createdTime,user_loginTime,user_dreamPosition,user_dreamMinMonthSalary,user_dreamMaxMonthSalary,user_dreamWeekWorkDayNum,user_dreamGoodWelfare,user_recruitLocationFirst,user_recruitLocationSecond,user_recruitLocationDetail,user_universityCode FROM user_user WHERE user_id=?
2025-12-19 14:44:50.939 [http-nio-8080-exec-8] DEBUG c.z.e.m.m.user.UserMapper.selectById - ==> Parameters: 1(Integer)
2025-12-19 14:44:50.992 [http-nio-8080-exec-8] DEBUG c.z.e.m.m.user.UserMapper.selectById - <==      Total: 1
2025-12-19 14:44:51.041 [http-nio-8080-exec-8] INFO  c.z.e.s.impl.user.UserServiceImpl - 根据用户id查询用户信息开始
2025-12-19 14:44:51.042 [http-nio-8080-exec-8] DEBUG c.z.e.m.m.user.UserMapper.selectById - ==>  Preparing: SELECT user_id,user_account,user_username,user_email,user_phone,user_password,user_image,user_introduce,user_createdTime,user_loginTime,user_dreamPosition,user_dreamMinMonthSalary,user_dreamMaxMonthSalary,user_dreamWeekWorkDayNum,user_dreamGoodWelfare,user_recruitLocationFirst,user_recruitLocationSecond,user_recruitLocationDetail,user_universityCode FROM user_user WHERE user_id=?
2025-12-19 14:44:51.043 [http-nio-8080-exec-8] DEBUG c.z.e.m.m.user.UserMapper.selectById - ==> Parameters: 1(String)
2025-12-19 14:44:51.084 [http-nio-8080-exec-8] DEBUG c.z.e.m.m.user.UserMapper.selectById - <==      Total: 1
2025-12-19 14:44:53.953 [http-nio-8080-exec-9] DEBUG c.z.e.m.m.user.UserMapper.selectById - ==>  Preparing: SELECT user_id,user_account,user_username,user_email,user_phone,user_password,user_image,user_introduce,user_createdTime,user_loginTime,user_dreamPosition,user_dreamMinMonthSalary,user_dreamMaxMonthSalary,user_dreamWeekWorkDayNum,user_dreamGoodWelfare,user_recruitLocationFirst,user_recruitLocationSecond,user_recruitLocationDetail,user_universityCode FROM user_user WHERE user_id=?
2025-12-19 14:44:53.953 [http-nio-8080-exec-10] DEBUG c.z.e.m.m.user.UserMapper.selectById - ==>  Preparing: SELECT user_id,user_account,user_username,user_email,user_phone,user_password,user_image,user_introduce,user_createdTime,user_loginTime,user_dreamPosition,user_dreamMinMonthSalary,user_dreamMaxMonthSalary,user_dreamWeekWorkDayNum,user_dreamGoodWelfare,user_recruitLocationFirst,user_recruitLocationSecond,user_recruitLocationDetail,user_universityCode FROM user_user WHERE user_id=?
2025-12-19 14:44:53.954 [http-nio-8080-exec-9] DEBUG c.z.e.m.m.user.UserMapper.selectById - ==> Parameters: 1(Integer)
2025-12-19 14:44:53.954 [http-nio-8080-exec-10] DEBUG c.z.e.m.m.user.UserMapper.selectById - ==> Parameters: 1(Integer)
2025-12-19 14:44:54.076 [http-nio-8080-exec-10] DEBUG c.z.e.m.m.user.UserMapper.selectById - <==      Total: 1
2025-12-19 14:44:54.076 [http-nio-8080-exec-9] DEBUG c.z.e.m.m.user.UserMapper.selectById - <==      Total: 1
2025-12-19 14:44:54.114 [http-nio-8080-exec-10] DEBUG c.z.e.m.m.a.I.selectList - ==>  Preparing: SELECT industryMap_industryCode,industryMap_industryName,industryMap_createdTime AS createdTime,industryMap_updatedTime AS updatedTime FROM general_industryMap
2025-12-19 14:44:54.114 [http-nio-8080-exec-10] DEBUG c.z.e.m.m.a.I.selectList - ==> Parameters: 
2025-12-19 14:44:54.147 [http-nio-8080-exec-9] DEBUG c.z.e.m.m.a.R.selectList - ==>  Preparing: SELECT resumeTemplate_id,resumeTemplate_name,resumeTemplate_reactCode,resumeTemplate_industry,resumeTemplate_isActive,resumeTemplate_createdTime,resumeTemplate_updatedTime,deleted FROM general_resumeTemplate WHERE deleted=0 AND (deleted = ?)
2025-12-19 14:44:54.148 [http-nio-8080-exec-9] DEBUG c.z.e.m.m.a.R.selectList - ==> Parameters: 0(Integer)
2025-12-19 14:44:54.154 [http-nio-8080-exec-10] DEBUG c.z.e.m.m.a.I.selectList - <==      Total: 2
2025-12-19 14:44:54.289 [http-nio-8080-exec-9] DEBUG c.z.e.m.m.a.R.selectList - <==      Total: 1
2025-12-19 14:44:54.295 [http-nio-8080-exec-9] DEBUG c.z.e.m.m.a.I.selectById - ==>  Preparing: SELECT industryMap_industryCode,industryMap_industryName,industryMap_createdTime AS createdTime,industryMap_updatedTime AS updatedTime FROM general_industryMap WHERE industryMap_industryCode=?
2025-12-19 14:44:54.296 [http-nio-8080-exec-9] DEBUG c.z.e.m.m.a.I.selectById - ==> Parameters: 1(Integer)
2025-12-19 14:44:54.344 [http-nio-8080-exec-9] DEBUG c.z.e.m.m.a.I.selectById - <==      Total: 1
2025-12-19 14:44:55.263 [http-nio-8080-exec-1] DEBUG c.z.e.m.m.user.UserMapper.selectById - ==>  Preparing: SELECT user_id,user_account,user_username,user_email,user_phone,user_password,user_image,user_introduce,user_createdTime,user_loginTime,user_dreamPosition,user_dreamMinMonthSalary,user_dreamMaxMonthSalary,user_dreamWeekWorkDayNum,user_dreamGoodWelfare,user_recruitLocationFirst,user_recruitLocationSecond,user_recruitLocationDetail,user_universityCode FROM user_user WHERE user_id=?
2025-12-19 14:44:55.264 [http-nio-8080-exec-1] DEBUG c.z.e.m.m.user.UserMapper.selectById - ==> Parameters: 1(Integer)
2025-12-19 14:44:55.406 [http-nio-8080-exec-1] DEBUG c.z.e.m.m.user.UserMapper.selectById - <==      Total: 1
2025-12-19 14:44:55.508 [http-nio-8080-exec-1] INFO  c.z.e.s.i.u.UserCollectionsServiceImpl - 用户是否收藏简历模版开始
2025-12-19 14:44:55.512 [http-nio-8080-exec-1] DEBUG c.z.e.m.m.u.U.selectList - ==>  Preparing: SELECT uid,rtid FROM user_userCollections WHERE (uid = ? AND rtid = ?)
2025-12-19 14:44:55.513 [http-nio-8080-exec-1] DEBUG c.z.e.m.m.u.U.selectList - ==> Parameters: 1(Integer), 1(Integer)
2025-12-19 14:44:55.610 [http-nio-8080-exec-1] DEBUG c.z.e.m.m.u.U.selectList - <==      Total: 0
2025-12-19 14:44:55.611 [http-nio-8080-exec-1] INFO  c.z.e.s.i.u.UserCollectionsServiceImpl - 用户是否收藏简历模版结束
2025-12-19 14:45:02.718 [http-nio-8080-exec-2] DEBUG c.z.e.m.m.user.UserMapper.selectById - ==>  Preparing: SELECT user_id,user_account,user_username,user_email,user_phone,user_password,user_image,user_introduce,user_createdTime,user_loginTime,user_dreamPosition,user_dreamMinMonthSalary,user_dreamMaxMonthSalary,user_dreamWeekWorkDayNum,user_dreamGoodWelfare,user_recruitLocationFirst,user_recruitLocationSecond,user_recruitLocationDetail,user_universityCode FROM user_user WHERE user_id=?
2025-12-19 14:45:02.719 [http-nio-8080-exec-2] DEBUG c.z.e.m.m.user.UserMapper.selectById - ==> Parameters: 1(Integer)
2025-12-19 14:45:02.779 [http-nio-8080-exec-2] DEBUG c.z.e.m.m.user.UserMapper.selectById - <==      Total: 1
2025-12-19 14:45:02.858 [http-nio-8080-exec-2] INFO  c.z.e.s.i.u.UserSaveResumeServiceImpl - 保存用户保存的简历信息开始
2025-12-19 14:45:02.863 [http-nio-8080-exec-2] DEBUG c.z.e.m.m.a.I.selectList - ==>  Preparing: SELECT industryMap_industryCode,industryMap_industryName,industryMap_createdTime AS createdTime,industryMap_updatedTime AS updatedTime FROM general_industryMap WHERE (industryMap_industryName = ?)
2025-12-19 14:45:02.865 [http-nio-8080-exec-2] DEBUG c.z.e.m.m.a.I.selectList - ==> Parameters: 互联网(String)
2025-12-19 14:45:02.940 [http-nio-8080-exec-2] DEBUG c.z.e.m.m.a.I.selectList - <==      Total: 1
2025-12-19 14:45:02.943 [http-nio-8080-exec-2] DEBUG c.z.e.m.m.u.U.selectList - ==>  Preparing: SELECT userSaveResume_id,userSaveResume_resumeName,userSaveResume_industry,userSaveResume_resumeReactCode,userSaveResume_createdTime,userSaveResume_updatedTime,userSaveResume_sortedNum,userSaveResume_userId FROM user_userSaveResume WHERE (userSaveResume_userId = ?) ORDER BY userSaveResume_sortedNum DESC
2025-12-19 14:45:02.944 [http-nio-8080-exec-2] DEBUG c.z.e.m.m.u.U.selectList - ==> Parameters: 1(Integer)
2025-12-19 14:45:02.980 [http-nio-8080-exec-2] DEBUG c.z.e.m.m.u.U.selectList - <==      Total: 0
2025-12-19 14:45:02.984 [http-nio-8080-exec-2] DEBUG c.z.e.m.m.u.U.insert - ==>  Preparing: INSERT INTO user_userSaveResume ( userSaveResume_resumeName, userSaveResume_industry, userSaveResume_resumeReactCode, userSaveResume_createdTime, userSaveResume_updatedTime, userSaveResume_sortedNum, userSaveResume_userId ) VALUES ( ?, ?, ?, ?, ?, ?, ? )
2025-12-19 14:45:02.987 [http-nio-8080-exec-2] DEBUG c.z.e.m.m.u.U.insert - ==> Parameters: 太帅了吧(String), 1(Integer), const ResumeTemplate = () => {
  const styles = {
    container: {
      fontFamily: "'Microsoft YaHei', sans-serif",
      maxWidth: '800px',
      margin: '0 auto',
      padding: '40px',
      background: 'white',
    },
    header: {
      textAlign: 'center',
      marginBottom: '30px',
      borderBottom: '2px solid #1890ff',
      paddingBottom: '20px',
    },
    name: {
      fontSize: '28px',
      fontWeight: 'bold',
      color: '#1890ff',
      marginBottom: '10px',
    },
    contact: {
      fontSize: '14px',
      color: '#666',
    },
    section: {
      marginBottom: '25px',
    },
    sectionTitle: {
      fontSize: '18px',
      fontWeight: 'bold',
      color: '#1890ff',
      borderLeft: '4px solid #1890ff',
      paddingLeft: '10px',
      marginBottom: '15px',
    },
    item: {
      marginBottom: '15px',
    },
    itemHeader: {
      display: 'flex',
      justifyContent: 'space-between',
      marginBottom: '5px',
    },
    itemTitle: {
      fontWeight: 'bold',
      fontSize: '15px',
    },
    itemDate: {
      color: '#999',
      fontSize: '13px',
    },
    itemDesc: {
      fontSize: '14px',
      color: '#333',
      lineHeight: '1.6',
    },
    skills: {
      display: 'flex',
      flexWrap: 'wrap',
      gap: '8px',
    },
    skill: {
      background: '#e6f7ff',
      color: '#1890ff',
      padding: '4px 12px',
      borderRadius: '4px',
      fontSize: '13px',
    },
  };

  return (
    <div style={styles.container}>
      <div style={styles.header}>
        <div style={styles.name}>张三</div>
        <div style={styles.contact}>
          📱 138-0000-0000 | ✉️ zhangsan@email.com | 📍 北京市
        </div>
      </div>

      <div style={styles.section}>
        <div style={styles.sectionTitle}>教育背景</div>
        <div style={styles.item}>
          <div style={styles.itemHeader}>
            <span style={styles.itemTitle}>北京大学 · 计算机科学与技术</span>
            <span style={styles.itemDate}>2018.09 - 2022.06</span>
          </div>
          <div style={styles.itemDesc}>本科 | GPA: 3.8/4.0</div>
        </div>
      </div>

      <div style={styles.section}>
        <div style={styles.sectionTitle}>工作经历</div>
        <div style={styles.item}>
          <div style={styles.itemHeader}>
            <span style={styles.itemTitle}>阿里巴巴 · 前端开发工程师</span>
            <span style={styles.itemDate}>2022.07 - 至今</span>
          </div>
          <div style={styles.itemDesc}>
            • 负责淘宝商家后台系统开发，使用 React + TypeScript<br/>
            • 优化页面性能，首屏加载时间降低 40%<br/>
            • 主导组件库建设，提升团队开发效率 30%
          </div>
        </div>
      </div>

      <div style={styles.section}>
        <div style={styles.sectionTitle}>项目经验</div>
        <div style={styles.item}>
          <div style={styles.itemHeader}>
            <span style={styles.itemTitle}>电商管理系统</span>
            <span style={styles.itemDate}>2023.01 - 2023.06</span>
          </div>
          <div style={styles.itemDesc}>
            • 使用 React 18 + Ant Design 搭建后台管理系统<br/>
            • 实现权限管理、数据可视化、订单管理等核心模块<br/>
            • 采用 React Query 优化数据请求，提升用户体验
          </div>
        </div>
      </div>

      <div style={styles.section}>
        <div style={styles.sectionTitle}>专业技能</div>
        <div style={styles.skills}>
          <span style={styles.skill}>React</span>
          <span style={styles.skill}>TypeScript</span>
          <span style={styles.skill}>Vue.js</span>
          <span style={styles.skill}>Node.js</span>
          <span style={styles.skill}>Webpack</span>
          <span style={styles.skill}>Git</span>
        </div>
      </div>
    </div>
  );
};(String), 2025-12-19 14:45:02.94(Timestamp), 2025-12-19 14:45:02.94(Timestamp), 1(Integer), 1(Integer)
2025-12-19 14:45:03.068 [http-nio-8080-exec-2] DEBUG c.z.e.m.m.u.U.insert - <==    Updates: 1
2025-12-19 14:45:03.069 [http-nio-8080-exec-2] INFO  c.z.e.s.i.u.UserSaveResumeServiceImpl - 保存用户保存的简历信息成功
2025-12-19 14:45:03.242 [http-nio-8080-exec-4] DEBUG c.z.e.m.m.user.UserMapper.selectById - ==>  Preparing: SELECT user_id,user_account,user_username,user_email,user_phone,user_password,user_image,user_introduce,user_createdTime,user_loginTime,user_dreamPosition,user_dreamMinMonthSalary,user_dreamMaxMonthSalary,user_dreamWeekWorkDayNum,user_dreamGoodWelfare,user_recruitLocationFirst,user_recruitLocationSecond,user_recruitLocationDetail,user_universityCode FROM user_user WHERE user_id=?
2025-12-19 14:45:03.243 [http-nio-8080-exec-4] DEBUG c.z.e.m.m.user.UserMapper.selectById - ==> Parameters: 1(Integer)
2025-12-19 14:45:03.283 [http-nio-8080-exec-4] DEBUG c.z.e.m.m.user.UserMapper.selectById - <==      Total: 1
2025-12-19 14:45:03.327 [http-nio-8080-exec-4] INFO  c.z.e.s.i.u.UserSaveResumeServiceImpl - 获取用户保存的简历信息开始
2025-12-19 14:45:03.328 [http-nio-8080-exec-4] DEBUG c.z.e.m.m.u.U.selectList - ==>  Preparing: SELECT userSaveResume_id,userSaveResume_resumeName,userSaveResume_industry,userSaveResume_resumeReactCode,userSaveResume_createdTime,userSaveResume_updatedTime,userSaveResume_sortedNum,userSaveResume_userId FROM user_userSaveResume WHERE (userSaveResume_userId = ?) ORDER BY userSaveResume_sortedNum DESC
2025-12-19 14:45:03.329 [http-nio-8080-exec-4] DEBUG c.z.e.m.m.u.U.selectList - ==> Parameters: 1(Integer)
2025-12-19 14:45:03.368 [http-nio-8080-exec-4] DEBUG c.z.e.m.m.u.U.selectList - <==      Total: 1
2025-12-19 14:47:06.319 [http-nio-8080-exec-3] DEBUG c.z.e.m.m.user.UserMapper.selectById - ==>  Preparing: SELECT user_id,user_account,user_username,user_email,user_phone,user_password,user_image,user_introduce,user_createdTime,user_loginTime,user_dreamPosition,user_dreamMinMonthSalary,user_dreamMaxMonthSalary,user_dreamWeekWorkDayNum,user_dreamGoodWelfare,user_recruitLocationFirst,user_recruitLocationSecond,user_recruitLocationDetail,user_universityCode FROM user_user WHERE user_id=?
2025-12-19 14:47:06.320 [http-nio-8080-exec-3] DEBUG c.z.e.m.m.user.UserMapper.selectById - ==> Parameters: 1(Integer)
2025-12-19 14:47:06.383 [http-nio-8080-exec-3] DEBUG c.z.e.m.m.user.UserMapper.selectById - <==      Total: 1
2025-12-19 14:47:06.476 [http-nio-8080-exec-3] INFO  c.z.e.s.i.u.UserSaveResumeServiceImpl - 获取用户保存的简历信息开始
2025-12-19 14:47:06.492 [http-nio-8080-exec-3] DEBUG c.z.e.m.m.u.U.selectList - ==>  Preparing: SELECT userSaveResume_id,userSaveResume_resumeName,userSaveResume_industry,userSaveResume_resumeReactCode,userSaveResume_createdTime,userSaveResume_updatedTime,userSaveResume_sortedNum,userSaveResume_userId FROM user_userSaveResume WHERE (userSaveResume_userId = ? AND userSaveResume_resumeName LIKE ?) ORDER BY userSaveResume_sortedNum DESC
2025-12-19 14:47:06.495 [http-nio-8080-exec-3] DEBUG c.z.e.m.m.u.U.selectList - ==> Parameters: 1(Integer), %1%(String)
2025-12-19 14:47:06.580 [http-nio-8080-exec-3] DEBUG c.z.e.m.m.u.U.selectList - <==      Total: 0
2025-12-19 14:47:12.648 [http-nio-8080-exec-5] DEBUG c.z.e.m.m.user.UserMapper.selectById - ==>  Preparing: SELECT user_id,user_account,user_username,user_email,user_phone,user_password,user_image,user_introduce,user_createdTime,user_loginTime,user_dreamPosition,user_dreamMinMonthSalary,user_dreamMaxMonthSalary,user_dreamWeekWorkDayNum,user_dreamGoodWelfare,user_recruitLocationFirst,user_recruitLocationSecond,user_recruitLocationDetail,user_universityCode FROM user_user WHERE user_id=?
2025-12-19 14:47:12.649 [http-nio-8080-exec-5] DEBUG c.z.e.m.m.user.UserMapper.selectById - ==> Parameters: 1(Integer)
2025-12-19 14:47:12.723 [http-nio-8080-exec-5] DEBUG c.z.e.m.m.user.UserMapper.selectById - <==      Total: 1
2025-12-19 14:47:12.823 [http-nio-8080-exec-5] INFO  c.z.e.s.i.u.UserSaveResumeServiceImpl - 获取用户保存的简历信息开始
2025-12-19 14:47:12.825 [http-nio-8080-exec-5] DEBUG c.z.e.m.m.u.U.selectList - ==>  Preparing: SELECT userSaveResume_id,userSaveResume_resumeName,userSaveResume_industry,userSaveResume_resumeReactCode,userSaveResume_createdTime,userSaveResume_updatedTime,userSaveResume_sortedNum,userSaveResume_userId FROM user_userSaveResume WHERE (userSaveResume_userId = ? AND userSaveResume_resumeName LIKE ?) ORDER BY userSaveResume_sortedNum DESC
2025-12-19 14:47:12.827 [http-nio-8080-exec-5] DEBUG c.z.e.m.m.u.U.selectList - ==> Parameters: 1(Integer), %太%(String)
2025-12-19 14:47:12.934 [http-nio-8080-exec-5] DEBUG c.z.e.m.m.u.U.selectList - <==      Total: 1
2025-12-19 14:48:37.919 [http-nio-8080-exec-7] DEBUG c.z.e.m.m.user.UserMapper.selectById - ==>  Preparing: SELECT user_id,user_account,user_username,user_email,user_phone,user_password,user_image,user_introduce,user_createdTime,user_loginTime,user_dreamPosition,user_dreamMinMonthSalary,user_dreamMaxMonthSalary,user_dreamWeekWorkDayNum,user_dreamGoodWelfare,user_recruitLocationFirst,user_recruitLocationSecond,user_recruitLocationDetail,user_universityCode FROM user_user WHERE user_id=?
2025-12-19 14:48:37.919 [http-nio-8080-exec-7] DEBUG c.z.e.m.m.user.UserMapper.selectById - ==> Parameters: 1(Integer)
2025-12-19 14:48:37.958 [http-nio-8080-exec-7] DEBUG c.z.e.m.m.user.UserMapper.selectById - <==      Total: 1
2025-12-19 14:48:37.997 [http-nio-8080-exec-7] INFO  c.z.e.s.i.u.UserDeleteResumeServiceImpl - 根据用户id查询用户删除简历信息开始
2025-12-19 14:48:37.998 [http-nio-8080-exec-7] DEBUG c.z.e.m.m.u.U.selectList - ==>  Preparing: SELECT userDeleteResume_id,userDeleteResume_resumeName,userDeleteResume_industry,userDeleteResume_resumeReactCode,userDeleteResume_createdTime,userDeleteResume_updatedTime,userDeleteResume_sortedNum,userDeleteResume_userId,userDeleteResume_deleteTime FROM user_userDeleteResume WHERE (userDeleteResume_userId = ?) ORDER BY userDeleteResume_sortedNum DESC
2025-12-19 14:48:37.998 [http-nio-8080-exec-7] DEBUG c.z.e.m.m.u.U.selectList - ==> Parameters: 1(Integer)
2025-12-19 14:48:38.044 [http-nio-8080-exec-7] DEBUG c.z.e.m.m.u.U.selectList - <==      Total: 2
2025-12-19 14:49:28.561 [http-nio-8080-exec-6] DEBUG c.z.e.m.m.user.UserMapper.selectById - ==>  Preparing: SELECT user_id,user_account,user_username,user_email,user_phone,user_password,user_image,user_introduce,user_createdTime,user_loginTime,user_dreamPosition,user_dreamMinMonthSalary,user_dreamMaxMonthSalary,user_dreamWeekWorkDayNum,user_dreamGoodWelfare,user_recruitLocationFirst,user_recruitLocationSecond,user_recruitLocationDetail,user_universityCode FROM user_user WHERE user_id=?
2025-12-19 14:49:28.562 [http-nio-8080-exec-6] DEBUG c.z.e.m.m.user.UserMapper.selectById - ==> Parameters: 1(Integer)
2025-12-19 14:49:28.601 [http-nio-8080-exec-6] DEBUG c.z.e.m.m.user.UserMapper.selectById - <==      Total: 1
2025-12-19 14:49:28.639 [http-nio-8080-exec-6] INFO  c.z.e.s.i.u.UserDeleteResumeServiceImpl - 根据用户id查询用户删除简历信息开始
2025-12-19 14:49:28.639 [http-nio-8080-exec-6] DEBUG c.z.e.m.m.u.U.selectList - ==>  Preparing: SELECT userDeleteResume_id,userDeleteResume_resumeName,userDeleteResume_industry,userDeleteResume_resumeReactCode,userDeleteResume_createdTime,userDeleteResume_updatedTime,userDeleteResume_sortedNum,userDeleteResume_userId,userDeleteResume_deleteTime FROM user_userDeleteResume WHERE (userDeleteResume_userId = ?) ORDER BY userDeleteResume_sortedNum DESC
2025-12-19 14:49:28.640 [http-nio-8080-exec-6] DEBUG c.z.e.m.m.u.U.selectList - ==> Parameters: 1(Integer)
2025-12-19 14:49:28.683 [http-nio-8080-exec-6] DEBUG c.z.e.m.m.u.U.selectList - <==      Total: 2
2025-12-19 15:57:42.819 [Thread-15] WARN  c.a.n.c.http.HttpClientBeanHolder - [HttpClientBeanHolder] Start destroying common HttpClient
2025-12-19 15:57:42.819 [Thread-1] WARN  c.a.n.c.executor.ThreadPoolManager - [ThreadPoolManager] Start destroying ThreadPool
2025-12-19 15:57:42.829 [Thread-1] WARN  c.a.n.c.executor.ThreadPoolManager - [ThreadPoolManager] Destruction of the end
2025-12-19 15:57:42.841 [Thread-15] WARN  c.a.n.c.http.HttpClientBeanHolder - [HttpClientBeanHolder] Destruction of the end
2025-12-19 15:57:43.491 [SpringApplicationShutdownHook] INFO  com.zaxxer.hikari.HikariDataSource - HikariPool-1 - Shutdown initiated...
2025-12-19 15:57:43.505 [SpringApplicationShutdownHook] INFO  com.zaxxer.hikari.HikariDataSource - HikariPool-1 - Shutdown completed.
2025-12-19 15:57:43.510 [SpringApplicationShutdownHook] INFO  c.z.e.s.impl.user.UserSmsServiceImpl - 关闭阿里云短信客户端...
2025-12-19 15:57:43.531 [SpringApplicationShutdownHook] INFO  c.z.e.s.impl.user.UserSmsServiceImpl - 阿里云短信客户端已关闭
2025-12-19 15:57:43.533 [SpringApplicationShutdownHook] INFO  c.z.e.s.i.admin.AdminSmsServiceImpl - 关闭阿里云短信客户端...
2025-12-19 15:57:43.537 [SpringApplicationShutdownHook] INFO  c.z.e.s.i.admin.AdminSmsServiceImpl - 阿里云短信客户端已关闭
2025-12-19 15:57:43.545 [SpringApplicationShutdownHook] INFO  com.zaxxer.hikari.HikariDataSource - HikariPool-2 - Shutdown initiated...
2025-12-19 15:57:43.548 [SpringApplicationShutdownHook] INFO  com.zaxxer.hikari.HikariDataSource - HikariPool-2 - Shutdown completed.
2025-12-19 15:57:59.348 [main] INFO  c.a.n.client.logging.NacosLogging - Nacos Logging Adapter Builder: com.alibaba.nacos.logger.adapter.logback12.LogbackNacosLoggingAdapterBuilder
2025-12-19 15:57:59.355 [main] INFO  c.a.n.client.logging.NacosLogging - Nacos Logging Adapter Builder: com.alibaba.nacos.logger.adapter.logback14.LogbackNacosLoggingAdapterBuilder
2025-12-19 15:57:59.356 [main] INFO  c.a.n.client.logging.NacosLogging - Nacos Logging Adapter: com.alibaba.nacos.logger.adapter.logback14.LogbackNacosLoggingAdapter match ch.qos.logback.classic.Logger success.
2025-12-19 15:57:59.367 [main] INFO  c.a.n.client.logging.NacosLogging - Nacos Logging Adapter Builder: com.alibaba.nacos.logger.adapter.log4j2.Log4j2NacosLoggingAdapterBuilder
2025-12-19 15:57:59.375 [background-preinit] INFO  o.h.validator.internal.util.Version - HV000001: Hibernate Validator 8.0.1.Final
2025-12-19 15:57:59.498 [main] INFO  c.z.e.EasyApplyResumeApplication - Starting EasyApplyResumeApplication using Java 21.0.9 with PID 44848 (C:\Users\shini\IdeaProjects\EasyApplyResume\target\classes started by shini in C:\Users\shini\IdeaProjects\EasyApplyResume)
2025-12-19 15:57:59.499 [main] DEBUG c.z.e.EasyApplyResumeApplication - Running with Spring Boot v3.3.5, Spring v6.1.14
2025-12-19 15:57:59.499 [main] INFO  c.z.e.EasyApplyResumeApplication - The following 1 profile is active: "dev"
2025-12-19 15:58:01.654 [main] INFO  o.s.d.r.c.RepositoryConfigurationDelegate - Multiple Spring Data modules found, entering strict repository configuration mode
2025-12-19 15:58:01.659 [main] INFO  o.s.d.r.c.RepositoryConfigurationDelegate - Bootstrapping Spring Data Redis repositories in DEFAULT mode.
2025-12-19 15:58:01.723 [main] INFO  o.s.d.r.c.RepositoryConfigurationDelegate - Finished Spring Data repository scanning in 47 ms. Found 0 Redis repository interfaces.
2025-12-19 15:58:01.887 [main] WARN  o.m.s.mapper.ClassPathMapperScanner - Cannot use both: sqlSessionTemplate and sqlSessionFactory together. sqlSessionFactory is ignored.
2025-12-19 15:58:01.888 [main] WARN  o.m.s.mapper.ClassPathMapperScanner - Cannot use both: sqlSessionTemplate and sqlSessionFactory together. sqlSessionFactory is ignored.
2025-12-19 15:58:01.889 [main] WARN  o.m.s.mapper.ClassPathMapperScanner - Cannot use both: sqlSessionTemplate and sqlSessionFactory together. sqlSessionFactory is ignored.
2025-12-19 15:58:01.889 [main] WARN  o.m.s.mapper.ClassPathMapperScanner - Cannot use both: sqlSessionTemplate and sqlSessionFactory together. sqlSessionFactory is ignored.
2025-12-19 15:58:01.890 [main] WARN  o.m.s.mapper.ClassPathMapperScanner - Cannot use both: sqlSessionTemplate and sqlSessionFactory together. sqlSessionFactory is ignored.
2025-12-19 15:58:01.891 [main] WARN  o.m.s.mapper.ClassPathMapperScanner - Cannot use both: sqlSessionTemplate and sqlSessionFactory together. sqlSessionFactory is ignored.
2025-12-19 15:58:01.891 [main] WARN  o.m.s.mapper.ClassPathMapperScanner - Cannot use both: sqlSessionTemplate and sqlSessionFactory together. sqlSessionFactory is ignored.
2025-12-19 15:58:01.891 [main] WARN  o.m.s.mapper.ClassPathMapperScanner - Cannot use both: sqlSessionTemplate and sqlSessionFactory together. sqlSessionFactory is ignored.
2025-12-19 15:58:01.893 [main] WARN  o.m.s.mapper.ClassPathMapperScanner - Cannot use both: sqlSessionTemplate and sqlSessionFactory together. sqlSessionFactory is ignored.
2025-12-19 15:58:01.894 [main] WARN  o.m.s.mapper.ClassPathMapperScanner - Cannot use both: sqlSessionTemplate and sqlSessionFactory together. sqlSessionFactory is ignored.
2025-12-19 15:58:01.894 [main] WARN  o.m.s.mapper.ClassPathMapperScanner - Cannot use both: sqlSessionTemplate and sqlSessionFactory together. sqlSessionFactory is ignored.
2025-12-19 15:58:01.895 [main] WARN  o.m.s.mapper.ClassPathMapperScanner - Cannot use both: sqlSessionTemplate and sqlSessionFactory together. sqlSessionFactory is ignored.
2025-12-19 15:58:01.895 [main] WARN  o.m.s.mapper.ClassPathMapperScanner - Cannot use both: sqlSessionTemplate and sqlSessionFactory together. sqlSessionFactory is ignored.
2025-12-19 15:58:01.896 [main] WARN  o.m.s.mapper.ClassPathMapperScanner - Cannot use both: sqlSessionTemplate and sqlSessionFactory together. sqlSessionFactory is ignored.
2025-12-19 15:58:01.896 [main] WARN  o.m.s.mapper.ClassPathMapperScanner - Cannot use both: sqlSessionTemplate and sqlSessionFactory together. sqlSessionFactory is ignored.
2025-12-19 15:58:01.897 [main] WARN  o.m.s.mapper.ClassPathMapperScanner - Cannot use both: sqlSessionTemplate and sqlSessionFactory together. sqlSessionFactory is ignored.
2025-12-19 15:58:01.897 [main] WARN  o.m.s.mapper.ClassPathMapperScanner - Cannot use both: sqlSessionTemplate and sqlSessionFactory together. sqlSessionFactory is ignored.
2025-12-19 15:58:01.898 [main] WARN  o.m.s.mapper.ClassPathMapperScanner - Cannot use both: sqlSessionTemplate and sqlSessionFactory together. sqlSessionFactory is ignored.
2025-12-19 15:58:01.898 [main] WARN  o.m.s.mapper.ClassPathMapperScanner - Cannot use both: sqlSessionTemplate and sqlSessionFactory together. sqlSessionFactory is ignored.
2025-12-19 15:58:01.899 [main] WARN  o.m.s.mapper.ClassPathMapperScanner - Cannot use both: sqlSessionTemplate and sqlSessionFactory together. sqlSessionFactory is ignored.
2025-12-19 15:58:01.899 [main] WARN  o.m.s.mapper.ClassPathMapperScanner - Cannot use both: sqlSessionTemplate and sqlSessionFactory together. sqlSessionFactory is ignored.
2025-12-19 15:58:01.899 [main] WARN  o.m.s.mapper.ClassPathMapperScanner - Cannot use both: sqlSessionTemplate and sqlSessionFactory together. sqlSessionFactory is ignored.
2025-12-19 15:58:01.900 [main] WARN  o.m.s.mapper.ClassPathMapperScanner - Cannot use both: sqlSessionTemplate and sqlSessionFactory together. sqlSessionFactory is ignored.
2025-12-19 15:58:01.901 [main] WARN  o.m.s.mapper.ClassPathMapperScanner - Cannot use both: sqlSessionTemplate and sqlSessionFactory together. sqlSessionFactory is ignored.
2025-12-19 15:58:01.901 [main] WARN  o.m.s.mapper.ClassPathMapperScanner - Cannot use both: sqlSessionTemplate and sqlSessionFactory together. sqlSessionFactory is ignored.
2025-12-19 15:58:01.902 [main] WARN  o.m.s.mapper.ClassPathMapperScanner - Cannot use both: sqlSessionTemplate and sqlSessionFactory together. sqlSessionFactory is ignored.
2025-12-19 15:58:01.904 [main] WARN  o.m.s.mapper.ClassPathMapperScanner - No MyBatis mapper was found in '[com.zyh.easyapplyresume.mapper.pgvector]' package. Please check your configuration.
2025-12-19 15:58:02.265 [main] WARN  o.s.c.s.PostProcessorRegistrationDelegate$BeanPostProcessorChecker - Bean 'com.alibaba.cloud.nacos.NacosConfigAutoConfiguration' of type [com.alibaba.cloud.nacos.NacosConfigAutoConfiguration] is not eligible for getting processed by all BeanPostProcessors (for example: not eligible for auto-proxying). The currently created BeanPostProcessor [nacosAnnotationProcessor] is declared through a non-static factory method on that class; consider declaring it as static instead.
2025-12-19 15:58:02.275 [main] WARN  o.s.c.s.PostProcessorRegistrationDelegate$BeanPostProcessorChecker - Bean 'nacosConfigProperties' of type [com.alibaba.cloud.nacos.NacosConfigProperties] is not eligible for getting processed by all BeanPostProcessors (for example: not eligible for auto-proxying). Is this bean getting eagerly injected/applied to a currently created BeanPostProcessor [nacosAnnotationProcessor]? Check the corresponding BeanPostProcessor declaration and its dependencies/advisors. If this bean does not have to be post-processed, declare it with ROLE_INFRASTRUCTURE.
2025-12-19 15:58:02.422 [main] INFO  c.a.n.p.a.s.c.ClientAuthPluginManager - [ClientAuthPluginManager] Load ClientAuthService com.alibaba.nacos.client.auth.impl.NacosClientAuthServiceImpl success.
2025-12-19 15:58:02.422 [main] INFO  c.a.n.p.a.s.c.ClientAuthPluginManager - [ClientAuthPluginManager] Load ClientAuthService com.alibaba.nacos.client.auth.ram.RamClientAuthServiceImpl success.
2025-12-19 15:58:02.426 [main] WARN  o.s.c.s.PostProcessorRegistrationDelegate$BeanPostProcessorChecker - Bean 'nacosConfigManager' of type [com.alibaba.cloud.nacos.NacosConfigManager] is not eligible for getting processed by all BeanPostProcessors (for example: not eligible for auto-proxying). Is this bean getting eagerly injected/applied to a currently created BeanPostProcessor [nacosAnnotationProcessor]? Check the corresponding BeanPostProcessor declaration and its dependencies/advisors. If this bean does not have to be post-processed, declare it with ROLE_INFRASTRUCTURE.
2025-12-19 15:58:03.133 [main] INFO  o.s.b.w.e.tomcat.TomcatWebServer - Tomcat initialized with port 8080 (http)
2025-12-19 15:58:03.153 [main] INFO  o.a.coyote.http11.Http11NioProtocol - Initializing ProtocolHandler ["http-nio-8080"]
2025-12-19 15:58:03.160 [main] INFO  o.a.catalina.core.StandardService - Starting service [Tomcat]
2025-12-19 15:58:03.160 [main] INFO  o.a.catalina.core.StandardEngine - Starting Servlet engine: [Apache Tomcat/10.1.31]
2025-12-19 15:58:03.320 [main] INFO  o.a.c.c.C.[.[localhost].[/api] - Initializing Spring embedded WebApplicationContext
2025-12-19 15:58:03.321 [main] INFO  o.s.b.w.s.c.ServletWebServerApplicationContext - Root WebApplicationContext: initialization completed in 3622 ms
2025-12-19 15:58:04.566 [main] DEBUG c.z.e.filter.UserJwtAuthFilter - Filter 'userJwtAuthFilter' configured for use
2025-12-19 15:58:04.567 [main] DEBUG c.z.e.filter.AdminJwtAuthFilter - Filter 'adminJwtAuthFilter' configured for use
2025-12-19 15:58:04.788 [main] INFO  c.z.e.s.i.admin.AdminSmsServiceImpl - 开始初始化阿里云短信客户端...
2025-12-19 15:58:05.093 [main] INFO  c.z.e.s.i.admin.AdminSmsServiceImpl - 阿里云短信客户端初始化完成
2025-12-19 15:58:06.311 [main] INFO  c.z.e.d.a.AdminSensitiveWordsAdvisor - 管理端敏感词初始化完成，共加载 137 个敏感词
2025-12-19 15:58:08.111 [main] INFO  c.z.i.ImageSearchMcpApplication - Starting ImageSearchMcpApplication v0.0.1-SNAPSHOT using Java 21.0.9 with PID 37656 (C:\Users\shini\IdeaProjects\EasyApplyResume\Image-Search-Mcp\target\Image-Search-Mcp-0.0.1-SNAPSHOT.jar started by shini in C:\Users\shini\IdeaProjects\EasyApplyResume)
2025-12-19 15:58:08.113 [main] INFO  c.z.i.ImageSearchMcpApplication - The following 1 profile is active: "stdio"
2025-12-19 15:58:09.348 [pool-1-thread-1] INFO  i.m.server.McpAsyncServer - Client initialize request - Protocol: 2024-11-05, Capabilities: ClientCapabilities[experimental=null, roots=null, sampling=null], Info: Implementation[name=spring-ai-mcp-client, version=1.0.0]
2025-12-19 15:58:09.415 [pool-4-thread-1] INFO  i.m.client.McpAsyncClient - Server response with Protocol: 2024-11-05, Capabilities: ServerCapabilities[experimental=null, logging=LoggingCapabilities[], prompts=null, resources=null, tools=ToolCapabilities[listChanged=true]], Info: Implementation[name=image-search-mcp-server, version=0.0.1] and Instructions null
2025-12-19 15:58:09.453 [main] INFO  c.z.i.ImageSearchMcpApplication - Started ImageSearchMcpApplication in 1.844 seconds (process running for 2.672)
2025-12-19 15:58:14.038 [pool-9-thread-1] INFO  i.m.c.transport.StdioClientTransport - STDERR Message received: Amap Maps MCP Server running on stdio
2025-12-19 15:58:14.049 [pool-7-thread-1] INFO  i.m.client.McpAsyncClient - Server response with Protocol: 2024-11-05, Capabilities: ServerCapabilities[experimental=null, logging=null, prompts=null, resources=null, tools=ToolCapabilities[listChanged=null]], Info: Implementation[name=mcp-server/amap-maps, version=0.1.0] and Instructions null
2025-12-19 15:58:14.088 [main] INFO  c.z.e.d.a.SensitiveWordsAdvisor - 用户端敏感词初始化完成，共加载 137 个敏感词
2025-12-19 15:58:14.425 [main] INFO  o.s.a.t.splitter.TextSplitter - Splitting up document into 2 chunks.
2025-12-19 15:58:14.430 [main] INFO  o.s.a.t.splitter.TextSplitter - Splitting up document into 2 chunks.
2025-12-19 15:58:14.436 [main] INFO  o.s.a.t.splitter.TextSplitter - Splitting up document into 2 chunks.
2025-12-19 15:58:19.180 [main] INFO  o.s.ai.vectorstore.SimpleVectorStore - Calling EmbeddingModel for document id = 219f0035-1d7a-4c10-a280-81cbca79b221
2025-12-19 15:58:19.447 [main] INFO  o.s.ai.vectorstore.SimpleVectorStore - Calling EmbeddingModel for document id = 704a1b36-1af5-471e-a166-f6912aae9cff
2025-12-19 15:58:19.750 [main] INFO  o.s.ai.vectorstore.SimpleVectorStore - Calling EmbeddingModel for document id = 8181d8d0-ace5-4f28-8c07-0c33a2383601
2025-12-19 15:58:20.039 [main] INFO  c.z.e.s.impl.user.UserSmsServiceImpl - 开始初始化阿里云短信客户端...
2025-12-19 15:58:20.056 [main] INFO  c.z.e.s.impl.user.UserSmsServiceImpl - 阿里云短信客户端初始化完成
2025-12-19 15:58:20.086 [main] WARN  c.b.m.core.metadata.TableInfoHelper - Can not find table primary key in Class: "com.zyh.easyapplyresume.model.pojo.user.UserCollections".
2025-12-19 15:58:20.086 [main] WARN  c.b.m.c.injector.DefaultSqlInjector - class com.zyh.easyapplyresume.model.pojo.user.UserCollections ,Not found @TableId annotation, Cannot use Mybatis-Plus 'xxById' Method.
2025-12-19 15:58:20.385 [main] WARN  c.b.m.e.s.MybatisSqlSessionFactoryBean - Property 'mapperLocations' was specified but matching resources are not found.
2025-12-19 15:58:20.510 [main] INFO  o.s.a.v.pgvector.PgVectorStore - Using the vector table name: vector_store. Is empty: false
2025-12-19 15:58:20.513 [main] INFO  o.s.a.v.pgvector.PgVectorStore - Initializing PGVectorStore schema for table: vector_store in schema: public
2025-12-19 15:58:20.514 [main] INFO  o.s.a.v.pgvector.PgVectorStore - vectorTableValidationsEnabled false
2025-12-19 15:58:20.524 [main] INFO  com.zaxxer.hikari.HikariDataSource - HikariPool-1 - Starting...
2025-12-19 15:58:20.932 [main] INFO  com.zaxxer.hikari.pool.HikariPool - HikariPool-1 - Added connection org.postgresql.jdbc.PgConnection@5cb2b76c
2025-12-19 15:58:20.934 [main] INFO  com.zaxxer.hikari.HikariDataSource - HikariPool-1 - Start completed.
2025-12-19 15:58:21.439 [main] WARN  o.s.b.a.s.s.UserDetailsServiceAutoConfiguration - 

Using generated security password: 8f11b15c-8473-43be-8b43-95e367500021

This generated password is for development use only. Your security configuration must be updated before running your application in production.

2025-12-19 15:58:21.454 [main] INFO  o.s.s.c.a.a.c.InitializeUserDetailsBeanManagerConfigurer$InitializeUserDetailsManagerConfigurer - Global AuthenticationManager configured with UserDetailsService bean with name inMemoryUserDetailsManager
2025-12-19 15:58:22.775 [main] INFO  o.a.coyote.http11.Http11NioProtocol - Starting ProtocolHandler ["http-nio-8080"]
2025-12-19 15:58:22.792 [main] INFO  o.s.b.w.e.tomcat.TomcatWebServer - Tomcat started on port 8080 (http) with context path '/api'
2025-12-19 15:58:22.810 [main] INFO  c.z.e.EasyApplyResumeApplication - Started EasyApplyResumeApplication in 24.157 seconds (process running for 25.311)
2025-12-19 15:59:21.339 [http-nio-8080-exec-1] INFO  o.a.c.c.C.[.[localhost].[/api] - Initializing Spring DispatcherServlet 'dispatcherServlet'
2025-12-19 15:59:21.340 [http-nio-8080-exec-1] INFO  o.s.web.servlet.DispatcherServlet - Initializing Servlet 'dispatcherServlet'
2025-12-19 15:59:21.347 [http-nio-8080-exec-1] INFO  o.s.web.servlet.DispatcherServlet - Completed initialization in 7 ms
2025-12-19 15:59:22.206 [http-nio-8080-exec-1] INFO  com.zaxxer.hikari.HikariDataSource - HikariPool-2 - Starting...
2025-12-19 15:59:23.243 [http-nio-8080-exec-1] INFO  com.zaxxer.hikari.pool.HikariPool - HikariPool-2 - Added connection com.mysql.cj.jdbc.ConnectionImpl@42468693
2025-12-19 15:59:23.243 [http-nio-8080-exec-1] INFO  com.zaxxer.hikari.HikariDataSource - HikariPool-2 - Start completed.
2025-12-19 15:59:23.252 [http-nio-8080-exec-1] DEBUG c.z.e.m.m.user.UserMapper.selectById - ==>  Preparing: SELECT user_id,user_account,user_username,user_email,user_phone,user_password,user_image,user_introduce,user_createdTime,user_loginTime,user_dreamPosition,user_dreamMinMonthSalary,user_dreamMaxMonthSalary,user_dreamWeekWorkDayNum,user_dreamGoodWelfare,user_recruitLocationFirst,user_recruitLocationSecond,user_recruitLocationDetail,user_universityCode FROM user_user WHERE user_id=?
2025-12-19 15:59:23.902 [http-nio-8080-exec-1] DEBUG c.z.e.m.m.user.UserMapper.selectById - ==> Parameters: 1(Integer)
2025-12-19 15:59:24.051 [http-nio-8080-exec-1] DEBUG c.z.e.m.m.user.UserMapper.selectById - <==      Total: 1
2025-12-19 15:59:24.232 [http-nio-8080-exec-1] INFO  c.z.e.s.i.u.UserSaveResumeServiceImpl - 获取用户保存的简历信息开始
2025-12-19 15:59:24.370 [http-nio-8080-exec-1] DEBUG c.z.e.m.m.u.U.selectList - ==>  Preparing: SELECT userSaveResume_id,userSaveResume_resumeName,userSaveResume_industry,userSaveResume_resumeReactCode,userSaveResume_createdTime,userSaveResume_updatedTime,userSaveResume_sortedNum,userSaveResume_userId FROM user_userSaveResume WHERE (userSaveResume_userId = ?) ORDER BY userSaveResume_sortedNum DESC
2025-12-19 15:59:24.375 [http-nio-8080-exec-1] DEBUG c.z.e.m.m.u.U.selectList - ==> Parameters: 1(Integer)
2025-12-19 15:59:24.468 [http-nio-8080-exec-1] DEBUG c.z.e.m.m.u.U.selectList - <==      Total: 1
2025-12-19 15:59:24.674 [http-nio-8080-exec-1] DEBUG c.z.e.m.m.a.I.selectById - ==>  Preparing: SELECT industryMap_industryCode,industryMap_industryName,industryMap_createdTime AS createdTime,industryMap_updatedTime AS updatedTime FROM general_industryMap WHERE industryMap_industryCode=?
2025-12-19 15:59:24.675 [http-nio-8080-exec-1] DEBUG c.z.e.m.m.a.I.selectById - ==> Parameters: 1(Integer)
2025-12-19 15:59:24.780 [http-nio-8080-exec-1] DEBUG c.z.e.m.m.a.I.selectById - <==      Total: 1
2025-12-19 15:59:29.528 [http-nio-8080-exec-2] DEBUG c.z.e.m.m.user.UserMapper.selectById - ==>  Preparing: SELECT user_id,user_account,user_username,user_email,user_phone,user_password,user_image,user_introduce,user_createdTime,user_loginTime,user_dreamPosition,user_dreamMinMonthSalary,user_dreamMaxMonthSalary,user_dreamWeekWorkDayNum,user_dreamGoodWelfare,user_recruitLocationFirst,user_recruitLocationSecond,user_recruitLocationDetail,user_universityCode FROM user_user WHERE user_id=?
2025-12-19 15:59:29.528 [http-nio-8080-exec-2] DEBUG c.z.e.m.m.user.UserMapper.selectById - ==> Parameters: 1(Integer)
2025-12-19 15:59:29.581 [http-nio-8080-exec-2] DEBUG c.z.e.m.m.user.UserMapper.selectById - <==      Total: 1
2025-12-19 15:59:29.683 [http-nio-8080-exec-2] INFO  c.z.e.s.i.u.UserSaveResumeServiceImpl - 获取用户保存的简历信息开始
2025-12-19 15:59:29.685 [http-nio-8080-exec-2] DEBUG c.z.e.m.m.u.U.selectList - ==>  Preparing: SELECT userSaveResume_id,userSaveResume_resumeName,userSaveResume_industry,userSaveResume_resumeReactCode,userSaveResume_createdTime,userSaveResume_updatedTime,userSaveResume_sortedNum,userSaveResume_userId FROM user_userSaveResume WHERE (userSaveResume_userId = ?) ORDER BY userSaveResume_sortedNum DESC
2025-12-19 15:59:29.687 [http-nio-8080-exec-2] DEBUG c.z.e.m.m.u.U.selectList - ==> Parameters: 1(Integer)
2025-12-19 15:59:29.750 [http-nio-8080-exec-2] DEBUG c.z.e.m.m.u.U.selectList - <==      Total: 1
2025-12-19 15:59:29.752 [http-nio-8080-exec-2] DEBUG c.z.e.m.m.a.I.selectById - ==>  Preparing: SELECT industryMap_industryCode,industryMap_industryName,industryMap_createdTime AS createdTime,industryMap_updatedTime AS updatedTime FROM general_industryMap WHERE industryMap_industryCode=?
2025-12-19 15:59:29.753 [http-nio-8080-exec-2] DEBUG c.z.e.m.m.a.I.selectById - ==> Parameters: 1(Integer)
2025-12-19 15:59:29.790 [http-nio-8080-exec-2] DEBUG c.z.e.m.m.a.I.selectById - <==      Total: 1
2025-12-19 16:02:33.854 [http-nio-8080-exec-3] DEBUG c.z.e.m.m.user.UserMapper.selectById - ==>  Preparing: SELECT user_id,user_account,user_username,user_email,user_phone,user_password,user_image,user_introduce,user_createdTime,user_loginTime,user_dreamPosition,user_dreamMinMonthSalary,user_dreamMaxMonthSalary,user_dreamWeekWorkDayNum,user_dreamGoodWelfare,user_recruitLocationFirst,user_recruitLocationSecond,user_recruitLocationDetail,user_universityCode FROM user_user WHERE user_id=?
2025-12-19 16:02:33.854 [http-nio-8080-exec-3] DEBUG c.z.e.m.m.user.UserMapper.selectById - ==> Parameters: 1(Integer)
2025-12-19 16:02:33.892 [http-nio-8080-exec-3] DEBUG c.z.e.m.m.user.UserMapper.selectById - <==      Total: 1
2025-12-19 16:02:33.964 [http-nio-8080-exec-3] INFO  c.z.e.s.i.u.UserDeleteResumeServiceImpl - 根据用户id查询用户删除简历信息开始
2025-12-19 16:02:33.970 [http-nio-8080-exec-3] DEBUG c.z.e.m.m.u.U.selectList - ==>  Preparing: SELECT userDeleteResume_id,userDeleteResume_resumeName,userDeleteResume_industry,userDeleteResume_industryName,userDeleteResume_resumeReactCode,userDeleteResume_createdTime,userDeleteResume_updatedTime,userDeleteResume_sortedNum,userDeleteResume_userId,userDeleteResume_deleteTime FROM user_userDeleteResume WHERE (userDeleteResume_userId = ?) ORDER BY userDeleteResume_sortedNum DESC
2025-12-19 16:02:33.971 [http-nio-8080-exec-3] DEBUG c.z.e.m.m.u.U.selectList - ==> Parameters: 1(Integer)
2025-12-19 16:02:34.018 [http-nio-8080-exec-3] DEBUG c.z.e.m.m.u.U.selectList - <==      Total: 2
2025-12-19 16:02:48.606 [http-nio-8080-exec-4] DEBUG c.z.e.m.m.user.UserMapper.selectById - ==>  Preparing: SELECT user_id,user_account,user_username,user_email,user_phone,user_password,user_image,user_introduce,user_createdTime,user_loginTime,user_dreamPosition,user_dreamMinMonthSalary,user_dreamMaxMonthSalary,user_dreamWeekWorkDayNum,user_dreamGoodWelfare,user_recruitLocationFirst,user_recruitLocationSecond,user_recruitLocationDetail,user_universityCode FROM user_user WHERE user_id=?
2025-12-19 16:02:48.608 [http-nio-8080-exec-4] DEBUG c.z.e.m.m.user.UserMapper.selectById - ==> Parameters: 1(Integer)
2025-12-19 16:02:48.655 [http-nio-8080-exec-4] DEBUG c.z.e.m.m.user.UserMapper.selectById - <==      Total: 1
2025-12-19 16:02:48.741 [http-nio-8080-exec-4] INFO  c.z.e.s.i.u.UserDeleteResumeServiceImpl - 开始删除用户所有删除简历
2025-12-19 16:02:48.745 [http-nio-8080-exec-4] DEBUG c.z.e.m.m.u.U.selectList - ==>  Preparing: SELECT userDeleteResume_id,userDeleteResume_resumeName,userDeleteResume_industry,userDeleteResume_industryName,userDeleteResume_resumeReactCode,userDeleteResume_createdTime,userDeleteResume_updatedTime,userDeleteResume_sortedNum,userDeleteResume_userId,userDeleteResume_deleteTime FROM user_userDeleteResume WHERE (userDeleteResume_userId = ?)
2025-12-19 16:02:48.747 [http-nio-8080-exec-4] DEBUG c.z.e.m.m.u.U.selectList - ==> Parameters: 1(Integer)
2025-12-19 16:02:48.811 [http-nio-8080-exec-4] DEBUG c.z.e.m.m.u.U.selectList - <==      Total: 2
2025-12-19 16:02:48.822 [http-nio-8080-exec-4] DEBUG c.z.e.m.m.u.U.selectList - ==>  Preparing: SELECT userDeleteResumeBySystem_id,userDeleteResumeBySystem_resumeName,userDeleteResumeBySystem_industry,userDeleteResumeBySystem_resumeReactCode,userDeleteResumeBySystem_createdTime,userDeleteResumeBySystem_updatedTime,userDeleteResumeBySystem_sortedNum,userDeleteResumeBySystem_userId,userDeleteResumeBySystem_recycleTime FROM user_userDeleteResumeBySystem WHERE (userDeleteResumeBySystem_userId = ?) ORDER BY userDeleteResumeBySystem_sortedNum DESC
2025-12-19 16:02:48.822 [http-nio-8080-exec-4] DEBUG c.z.e.m.m.u.U.selectList - ==> Parameters: 1(Integer)
2025-12-19 16:02:49.749 [http-nio-8080-exec-4] ERROR c.z.e.s.i.u.UserDeleteResumeBySystemServiceImpl - 系统删除简历表添加失败
2025-12-19 16:02:49.761 [http-nio-8080-exec-4] DEBUG c.z.e.m.m.u.U.delete - ==>  Preparing: DELETE FROM user_userDeleteResume WHERE (userDeleteResume_userId = ?)
2025-12-19 16:02:49.765 [http-nio-8080-exec-4] DEBUG c.z.e.m.m.u.U.delete - ==> Parameters: 1(Integer)
2025-12-19 16:02:49.974 [http-nio-8080-exec-4] DEBUG c.z.e.m.m.u.U.delete - <==    Updates: 2
2025-12-19 16:02:49.974 [http-nio-8080-exec-4] INFO  c.z.e.s.i.u.UserDeleteResumeServiceImpl - 删除用户所有删除简历成功
2025-12-19 16:02:50.198 [http-nio-8080-exec-5] DEBUG c.z.e.m.m.user.UserMapper.selectById - ==>  Preparing: SELECT user_id,user_account,user_username,user_email,user_phone,user_password,user_image,user_introduce,user_createdTime,user_loginTime,user_dreamPosition,user_dreamMinMonthSalary,user_dreamMaxMonthSalary,user_dreamWeekWorkDayNum,user_dreamGoodWelfare,user_recruitLocationFirst,user_recruitLocationSecond,user_recruitLocationDetail,user_universityCode FROM user_user WHERE user_id=?
2025-12-19 16:02:50.199 [http-nio-8080-exec-5] DEBUG c.z.e.m.m.user.UserMapper.selectById - ==> Parameters: 1(Integer)
2025-12-19 16:02:50.262 [http-nio-8080-exec-5] DEBUG c.z.e.m.m.user.UserMapper.selectById - <==      Total: 1
2025-12-19 16:02:50.393 [http-nio-8080-exec-5] INFO  c.z.e.s.i.u.UserDeleteResumeServiceImpl - 根据用户id查询用户删除简历信息开始
2025-12-19 16:02:50.394 [http-nio-8080-exec-5] DEBUG c.z.e.m.m.u.U.selectList - ==>  Preparing: SELECT userDeleteResume_id,userDeleteResume_resumeName,userDeleteResume_industry,userDeleteResume_industryName,userDeleteResume_resumeReactCode,userDeleteResume_createdTime,userDeleteResume_updatedTime,userDeleteResume_sortedNum,userDeleteResume_userId,userDeleteResume_deleteTime FROM user_userDeleteResume WHERE (userDeleteResume_userId = ?) ORDER BY userDeleteResume_sortedNum DESC
2025-12-19 16:02:50.395 [http-nio-8080-exec-5] DEBUG c.z.e.m.m.u.U.selectList - ==> Parameters: 1(Integer)
2025-12-19 16:02:50.490 [http-nio-8080-exec-5] DEBUG c.z.e.m.m.u.U.selectList - <==      Total: 0
2025-12-19 16:02:53.763 [http-nio-8080-exec-7] DEBUG c.z.e.m.m.user.UserMapper.selectById - ==>  Preparing: SELECT user_id,user_account,user_username,user_email,user_phone,user_password,user_image,user_introduce,user_createdTime,user_loginTime,user_dreamPosition,user_dreamMinMonthSalary,user_dreamMaxMonthSalary,user_dreamWeekWorkDayNum,user_dreamGoodWelfare,user_recruitLocationFirst,user_recruitLocationSecond,user_recruitLocationDetail,user_universityCode FROM user_user WHERE user_id=?
2025-12-19 16:02:53.763 [http-nio-8080-exec-6] DEBUG c.z.e.m.m.user.UserMapper.selectById - ==>  Preparing: SELECT user_id,user_account,user_username,user_email,user_phone,user_password,user_image,user_introduce,user_createdTime,user_loginTime,user_dreamPosition,user_dreamMinMonthSalary,user_dreamMaxMonthSalary,user_dreamWeekWorkDayNum,user_dreamGoodWelfare,user_recruitLocationFirst,user_recruitLocationSecond,user_recruitLocationDetail,user_universityCode FROM user_user WHERE user_id=?
2025-12-19 16:02:53.764 [http-nio-8080-exec-7] DEBUG c.z.e.m.m.user.UserMapper.selectById - ==> Parameters: 1(Integer)
2025-12-19 16:02:53.764 [http-nio-8080-exec-6] DEBUG c.z.e.m.m.user.UserMapper.selectById - ==> Parameters: 1(Integer)
2025-12-19 16:02:53.820 [http-nio-8080-exec-6] DEBUG c.z.e.m.m.user.UserMapper.selectById - <==      Total: 1
2025-12-19 16:02:53.820 [http-nio-8080-exec-7] DEBUG c.z.e.m.m.user.UserMapper.selectById - <==      Total: 1
2025-12-19 16:02:53.871 [http-nio-8080-exec-6] DEBUG c.z.e.m.m.a.I.selectList - ==>  Preparing: SELECT industryMap_industryCode,industryMap_industryName,industryMap_createdTime AS createdTime,industryMap_updatedTime AS updatedTime FROM general_industryMap
2025-12-19 16:02:53.872 [http-nio-8080-exec-6] DEBUG c.z.e.m.m.a.I.selectList - ==> Parameters: 
2025-12-19 16:02:53.971 [http-nio-8080-exec-6] DEBUG c.z.e.m.m.a.I.selectList - <==      Total: 2
2025-12-19 16:02:53.985 [http-nio-8080-exec-7] DEBUG c.z.e.m.m.a.R.selectList - ==>  Preparing: SELECT resumeTemplate_id,resumeTemplate_name,resumeTemplate_reactCode,resumeTemplate_industry,resumeTemplate_isActive,resumeTemplate_createdTime,resumeTemplate_updatedTime,deleted FROM general_resumeTemplate WHERE deleted=0 AND (deleted = ?)
2025-12-19 16:02:53.986 [http-nio-8080-exec-7] DEBUG c.z.e.m.m.a.R.selectList - ==> Parameters: 0(Integer)
2025-12-19 16:02:54.038 [http-nio-8080-exec-7] DEBUG c.z.e.m.m.a.R.selectList - <==      Total: 1
2025-12-19 16:02:54.045 [http-nio-8080-exec-7] DEBUG c.z.e.m.m.a.I.selectById - ==>  Preparing: SELECT industryMap_industryCode,industryMap_industryName,industryMap_createdTime AS createdTime,industryMap_updatedTime AS updatedTime FROM general_industryMap WHERE industryMap_industryCode=?
2025-12-19 16:02:54.046 [http-nio-8080-exec-7] DEBUG c.z.e.m.m.a.I.selectById - ==> Parameters: 1(Integer)
2025-12-19 16:02:54.109 [http-nio-8080-exec-7] DEBUG c.z.e.m.m.a.I.selectById - <==      Total: 1
2025-12-19 16:02:55.127 [http-nio-8080-exec-8] DEBUG c.z.e.m.m.user.UserMapper.selectById - ==>  Preparing: SELECT user_id,user_account,user_username,user_email,user_phone,user_password,user_image,user_introduce,user_createdTime,user_loginTime,user_dreamPosition,user_dreamMinMonthSalary,user_dreamMaxMonthSalary,user_dreamWeekWorkDayNum,user_dreamGoodWelfare,user_recruitLocationFirst,user_recruitLocationSecond,user_recruitLocationDetail,user_universityCode FROM user_user WHERE user_id=?
2025-12-19 16:02:55.128 [http-nio-8080-exec-8] DEBUG c.z.e.m.m.user.UserMapper.selectById - ==> Parameters: 1(Integer)
2025-12-19 16:02:55.168 [http-nio-8080-exec-8] DEBUG c.z.e.m.m.user.UserMapper.selectById - <==      Total: 1
2025-12-19 16:02:55.210 [http-nio-8080-exec-8] INFO  c.z.e.s.i.u.UserCollectionsServiceImpl - 用户是否收藏简历模版开始
2025-12-19 16:02:55.227 [http-nio-8080-exec-8] DEBUG c.z.e.m.m.u.U.selectList - ==>  Preparing: SELECT uid,rtid FROM user_userCollections WHERE (uid = ? AND rtid = ?)
2025-12-19 16:02:55.228 [http-nio-8080-exec-8] DEBUG c.z.e.m.m.u.U.selectList - ==> Parameters: 1(Integer), 1(Integer)
2025-12-19 16:02:55.264 [http-nio-8080-exec-8] DEBUG c.z.e.m.m.u.U.selectList - <==      Total: 0
2025-12-19 16:02:55.265 [http-nio-8080-exec-8] INFO  c.z.e.s.i.u.UserCollectionsServiceImpl - 用户是否收藏简历模版结束
2025-12-19 16:02:58.646 [http-nio-8080-exec-9] DEBUG c.z.e.m.m.user.UserMapper.selectById - ==>  Preparing: SELECT user_id,user_account,user_username,user_email,user_phone,user_password,user_image,user_introduce,user_createdTime,user_loginTime,user_dreamPosition,user_dreamMinMonthSalary,user_dreamMaxMonthSalary,user_dreamWeekWorkDayNum,user_dreamGoodWelfare,user_recruitLocationFirst,user_recruitLocationSecond,user_recruitLocationDetail,user_universityCode FROM user_user WHERE user_id=?
2025-12-19 16:02:58.648 [http-nio-8080-exec-9] DEBUG c.z.e.m.m.user.UserMapper.selectById - ==> Parameters: 1(Integer)
2025-12-19 16:02:58.687 [http-nio-8080-exec-9] DEBUG c.z.e.m.m.user.UserMapper.selectById - <==      Total: 1
2025-12-19 16:02:59.087 [http-nio-8080-exec-9] INFO  c.z.e.s.i.u.UserSaveResumeServiceImpl - 保存用户保存的简历信息开始
2025-12-19 16:02:59.109 [http-nio-8080-exec-9] DEBUG c.z.e.m.m.a.I.selectList - ==>  Preparing: SELECT industryMap_industryCode,industryMap_industryName,industryMap_createdTime AS createdTime,industryMap_updatedTime AS updatedTime FROM general_industryMap WHERE (industryMap_industryName = ?)
2025-12-19 16:02:59.131 [http-nio-8080-exec-9] DEBUG c.z.e.m.m.a.I.selectList - ==> Parameters: 互联网(String)
2025-12-19 16:02:59.219 [http-nio-8080-exec-9] DEBUG c.z.e.m.m.a.I.selectList - <==      Total: 1
2025-12-19 16:02:59.229 [http-nio-8080-exec-9] DEBUG c.z.e.m.m.u.U.selectList - ==>  Preparing: SELECT userSaveResume_id,userSaveResume_resumeName,userSaveResume_industry,userSaveResume_resumeReactCode,userSaveResume_createdTime,userSaveResume_updatedTime,userSaveResume_sortedNum,userSaveResume_userId FROM user_userSaveResume WHERE (userSaveResume_userId = ?) ORDER BY userSaveResume_sortedNum DESC
2025-12-19 16:02:59.230 [http-nio-8080-exec-9] DEBUG c.z.e.m.m.u.U.selectList - ==> Parameters: 1(Integer)
2025-12-19 16:02:59.298 [http-nio-8080-exec-9] DEBUG c.z.e.m.m.u.U.selectList - <==      Total: 1
2025-12-19 16:02:59.315 [http-nio-8080-exec-9] DEBUG c.z.e.m.m.u.U.insert - ==>  Preparing: INSERT INTO user_userSaveResume ( userSaveResume_resumeName, userSaveResume_industry, userSaveResume_resumeReactCode, userSaveResume_createdTime, userSaveResume_updatedTime, userSaveResume_sortedNum, userSaveResume_userId ) VALUES ( ?, ?, ?, ?, ?, ?, ? )
2025-12-19 16:02:59.321 [http-nio-8080-exec-9] DEBUG c.z.e.m.m.u.U.insert - ==> Parameters: 111(String), 1(Integer), const ResumeTemplate = () => {
  const styles = {
    container: {
      fontFamily: "'Microsoft YaHei', sans-serif",
      maxWidth: '800px',
      margin: '0 auto',
      padding: '40px',
      background: 'white',
    },
    header: {
      textAlign: 'center',
      marginBottom: '30px',
      borderBottom: '2px solid #1890ff',
      paddingBottom: '20px',
    },
    name: {
      fontSize: '28px',
      fontWeight: 'bold',
      color: '#1890ff',
      marginBottom: '10px',
    },
    contact: {
      fontSize: '14px',
      color: '#666',
    },
    section: {
      marginBottom: '25px',
    },
    sectionTitle: {
      fontSize: '18px',
      fontWeight: 'bold',
      color: '#1890ff',
      borderLeft: '4px solid #1890ff',
      paddingLeft: '10px',
      marginBottom: '15px',
    },
    item: {
      marginBottom: '15px',
    },
    itemHeader: {
      display: 'flex',
      justifyContent: 'space-between',
      marginBottom: '5px',
    },
    itemTitle: {
      fontWeight: 'bold',
      fontSize: '15px',
    },
    itemDate: {
      color: '#999',
      fontSize: '13px',
    },
    itemDesc: {
      fontSize: '14px',
      color: '#333',
      lineHeight: '1.6',
    },
    skills: {
      display: 'flex',
      flexWrap: 'wrap',
      gap: '8px',
    },
    skill: {
      background: '#e6f7ff',
      color: '#1890ff',
      padding: '4px 12px',
      borderRadius: '4px',
      fontSize: '13px',
    },
  };

  return (
    <div style={styles.container}>
      <div style={styles.header}>
        <div style={styles.name}>张三</div>
        <div style={styles.contact}>
          📱 138-0000-0000 | ✉️ zhangsan@email.com | 📍 北京市
        </div>
      </div>

      <div style={styles.section}>
        <div style={styles.sectionTitle}>教育背景</div>
        <div style={styles.item}>
          <div style={styles.itemHeader}>
            <span style={styles.itemTitle}>北京大学 · 计算机科学与技术</span>
            <span style={styles.itemDate}>2018.09 - 2022.06</span>
          </div>
          <div style={styles.itemDesc}>本科 | GPA: 3.8/4.0</div>
        </div>
      </div>

      <div style={styles.section}>
        <div style={styles.sectionTitle}>工作经历</div>
        <div style={styles.item}>
          <div style={styles.itemHeader}>
            <span style={styles.itemTitle}>阿里巴巴 · 前端开发工程师</span>
            <span style={styles.itemDate}>2022.07 - 至今</span>
          </div>
          <div style={styles.itemDesc}>
            • 负责淘宝商家后台系统开发，使用 React + TypeScript<br/>
            • 优化页面性能，首屏加载时间降低 40%<br/>
            • 主导组件库建设，提升团队开发效率 30%
          </div>
        </div>
      </div>

      <div style={styles.section}>
        <div style={styles.sectionTitle}>项目经验</div>
        <div style={styles.item}>
          <div style={styles.itemHeader}>
            <span style={styles.itemTitle}>电商管理系统</span>
            <span style={styles.itemDate}>2023.01 - 2023.06</span>
          </div>
          <div style={styles.itemDesc}>
            • 使用 React 18 + Ant Design 搭建后台管理系统<br/>
            • 实现权限管理、数据可视化、订单管理等核心模块<br/>
            • 采用 React Query 优化数据请求，提升用户体验
          </div>
        </div>
      </div>

      <div style={styles.section}>
        <div style={styles.sectionTitle}>专业技能</div>
        <div style={styles.skills}>
          <span style={styles.skill}>React</span>
          <span style={styles.skill}>TypeScript</span>
          <span style={styles.skill}>Vue.js</span>
          <span style={styles.skill}>Node.js</span>
          <span style={styles.skill}>Webpack</span>
          <span style={styles.skill}>Git</span>
        </div>
      </div>
    </div>
  );
};(String), 2025-12-19 16:02:59.22(Timestamp), 2025-12-19 16:02:59.22(Timestamp), 2(Integer), 1(Integer)
2025-12-19 16:02:59.553 [http-nio-8080-exec-9] DEBUG c.z.e.m.m.u.U.insert - <==    Updates: 1
2025-12-19 16:02:59.559 [http-nio-8080-exec-9] INFO  c.z.e.s.i.u.UserSaveResumeServiceImpl - 保存用户保存的简历信息成功
2025-12-19 16:02:59.769 [http-nio-8080-exec-10] DEBUG c.z.e.m.m.user.UserMapper.selectById - ==>  Preparing: SELECT user_id,user_account,user_username,user_email,user_phone,user_password,user_image,user_introduce,user_createdTime,user_loginTime,user_dreamPosition,user_dreamMinMonthSalary,user_dreamMaxMonthSalary,user_dreamWeekWorkDayNum,user_dreamGoodWelfare,user_recruitLocationFirst,user_recruitLocationSecond,user_recruitLocationDetail,user_universityCode FROM user_user WHERE user_id=?
2025-12-19 16:02:59.770 [http-nio-8080-exec-10] DEBUG c.z.e.m.m.user.UserMapper.selectById - ==> Parameters: 1(Integer)
2025-12-19 16:02:59.809 [http-nio-8080-exec-10] DEBUG c.z.e.m.m.user.UserMapper.selectById - <==      Total: 1
2025-12-19 16:02:59.863 [http-nio-8080-exec-10] INFO  c.z.e.s.i.u.UserSaveResumeServiceImpl - 获取用户保存的简历信息开始
2025-12-19 16:02:59.865 [http-nio-8080-exec-10] DEBUG c.z.e.m.m.u.U.selectList - ==>  Preparing: SELECT userSaveResume_id,userSaveResume_resumeName,userSaveResume_industry,userSaveResume_resumeReactCode,userSaveResume_createdTime,userSaveResume_updatedTime,userSaveResume_sortedNum,userSaveResume_userId FROM user_userSaveResume WHERE (userSaveResume_userId = ?) ORDER BY userSaveResume_sortedNum DESC
2025-12-19 16:02:59.866 [http-nio-8080-exec-10] DEBUG c.z.e.m.m.u.U.selectList - ==> Parameters: 1(Integer)
2025-12-19 16:03:00.025 [http-nio-8080-exec-10] DEBUG c.z.e.m.m.u.U.selectList - <==      Total: 2
2025-12-19 16:03:00.035 [http-nio-8080-exec-10] DEBUG c.z.e.m.m.a.I.selectById - ==>  Preparing: SELECT industryMap_industryCode,industryMap_industryName,industryMap_createdTime AS createdTime,industryMap_updatedTime AS updatedTime FROM general_industryMap WHERE industryMap_industryCode=?
2025-12-19 16:03:00.043 [http-nio-8080-exec-10] DEBUG c.z.e.m.m.a.I.selectById - ==> Parameters: 1(Integer)
2025-12-19 16:03:00.112 [http-nio-8080-exec-10] DEBUG c.z.e.m.m.a.I.selectById - <==      Total: 1
2025-12-19 16:03:02.661 [http-nio-8080-exec-1] DEBUG c.z.e.m.m.user.UserMapper.selectById - ==>  Preparing: SELECT user_id,user_account,user_username,user_email,user_phone,user_password,user_image,user_introduce,user_createdTime,user_loginTime,user_dreamPosition,user_dreamMinMonthSalary,user_dreamMaxMonthSalary,user_dreamWeekWorkDayNum,user_dreamGoodWelfare,user_recruitLocationFirst,user_recruitLocationSecond,user_recruitLocationDetail,user_universityCode FROM user_user WHERE user_id=?
2025-12-19 16:03:02.662 [http-nio-8080-exec-1] DEBUG c.z.e.m.m.user.UserMapper.selectById - ==> Parameters: 1(Integer)
2025-12-19 16:03:02.702 [http-nio-8080-exec-1] DEBUG c.z.e.m.m.user.UserMapper.selectById - <==      Total: 1
2025-12-19 16:03:07.403 [http-nio-8080-exec-1] INFO  c.z.e.s.i.u.UserSaveResumeServiceImpl - 删除用户保存的简历信息开始
2025-12-19 16:03:07.406 [http-nio-8080-exec-1] DEBUG c.z.e.m.m.u.U.selectList - ==>  Preparing: SELECT userSaveResume_id,userSaveResume_resumeName,userSaveResume_industry,userSaveResume_resumeReactCode,userSaveResume_createdTime,userSaveResume_updatedTime,userSaveResume_sortedNum,userSaveResume_userId FROM user_userSaveResume WHERE (userSaveResume_userId = ? AND userSaveResume_sortedNum = ?)
2025-12-19 16:03:07.406 [http-nio-8080-exec-1] DEBUG c.z.e.m.m.u.U.selectList - ==> Parameters: 1(Integer), 2(Integer)
2025-12-19 16:03:07.455 [http-nio-8080-exec-1] DEBUG c.z.e.m.m.u.U.selectList - <==      Total: 1
2025-12-19 16:03:08.937 [http-nio-8080-exec-1] INFO  c.z.e.s.i.u.UserDeleteResumeServiceImpl - 将用户保存的简历添加到用户删除简历开始
2025-12-19 16:03:19.420 [http-nio-8080-exec-1] DEBUG c.z.e.m.m.u.U.selectList - ==>  Preparing: SELECT userDeleteResume_id,userDeleteResume_resumeName,userDeleteResume_industry,userDeleteResume_industryName,userDeleteResume_resumeReactCode,userDeleteResume_createdTime,userDeleteResume_updatedTime,userDeleteResume_sortedNum,userDeleteResume_userId,userDeleteResume_deleteTime FROM user_userDeleteResume WHERE (userDeleteResume_userId = ?) ORDER BY userDeleteResume_sortedNum DESC
2025-12-19 16:03:19.420 [http-nio-8080-exec-1] DEBUG c.z.e.m.m.u.U.selectList - ==> Parameters: 1(Integer)
2025-12-19 16:03:19.504 [http-nio-8080-exec-1] DEBUG c.z.e.m.m.u.U.selectList - <==      Total: 0
2025-12-19 16:03:21.229 [http-nio-8080-exec-1] DEBUG c.z.e.m.m.a.I.selectById - ==>  Preparing: SELECT industryMap_industryCode,industryMap_industryName,industryMap_createdTime AS createdTime,industryMap_updatedTime AS updatedTime FROM general_industryMap WHERE industryMap_industryCode=?
2025-12-19 16:03:21.229 [http-nio-8080-exec-1] DEBUG c.z.e.m.m.a.I.selectById - ==> Parameters: 1(Integer)
2025-12-19 16:03:21.308 [http-nio-8080-exec-1] DEBUG c.z.e.m.m.a.I.selectById - <==      Total: 1
2025-12-19 16:03:21.311 [http-nio-8080-exec-1] DEBUG c.z.e.m.m.u.U.insert - ==>  Preparing: INSERT INTO user_userDeleteResume ( userDeleteResume_id, userDeleteResume_resumeName, userDeleteResume_industry, userDeleteResume_industryName, userDeleteResume_resumeReactCode, userDeleteResume_createdTime, userDeleteResume_updatedTime, userDeleteResume_sortedNum, userDeleteResume_userId, userDeleteResume_deleteTime ) VALUES ( ?, ?, ?, ?, ?, ?, ?, ?, ?, ? )
2025-12-19 16:03:21.312 [http-nio-8080-exec-1] DEBUG c.z.e.m.m.u.U.insert - ==> Parameters: 4(Integer), 111(String), 1(Integer), 互联网(String), const ResumeTemplate = () => {
  const styles = {
    container: {
      fontFamily: "'Microsoft YaHei', sans-serif",
      maxWidth: '800px',
      margin: '0 auto',
      padding: '40px',
      background: 'white',
    },
    header: {
      textAlign: 'center',
      marginBottom: '30px',
      borderBottom: '2px solid #1890ff',
      paddingBottom: '20px',
    },
    name: {
      fontSize: '28px',
      fontWeight: 'bold',
      color: '#1890ff',
      marginBottom: '10px',
    },
    contact: {
      fontSize: '14px',
      color: '#666',
    },
    section: {
      marginBottom: '25px',
    },
    sectionTitle: {
      fontSize: '18px',
      fontWeight: 'bold',
      color: '#1890ff',
      borderLeft: '4px solid #1890ff',
      paddingLeft: '10px',
      marginBottom: '15px',
    },
    item: {
      marginBottom: '15px',
    },
    itemHeader: {
      display: 'flex',
      justifyContent: 'space-between',
      marginBottom: '5px',
    },
    itemTitle: {
      fontWeight: 'bold',
      fontSize: '15px',
    },
    itemDate: {
      color: '#999',
      fontSize: '13px',
    },
    itemDesc: {
      fontSize: '14px',
      color: '#333',
      lineHeight: '1.6',
    },
    skills: {
      display: 'flex',
      flexWrap: 'wrap',
      gap: '8px',
    },
    skill: {
      background: '#e6f7ff',
      color: '#1890ff',
      padding: '4px 12px',
      borderRadius: '4px',
      fontSize: '13px',
    },
  };

  return (
    <div style={styles.container}>
      <div style={styles.header}>
        <div style={styles.name}>张三</div>
        <div style={styles.contact}>
          📱 138-0000-0000 | ✉️ zhangsan@email.com | 📍 北京市
        </div>
      </div>

      <div style={styles.section}>
        <div style={styles.sectionTitle}>教育背景</div>
        <div style={styles.item}>
          <div style={styles.itemHeader}>
            <span style={styles.itemTitle}>北京大学 · 计算机科学与技术</span>
            <span style={styles.itemDate}>2018.09 - 2022.06</span>
          </div>
          <div style={styles.itemDesc}>本科 | GPA: 3.8/4.0</div>
        </div>
      </div>

      <div style={styles.section}>
        <div style={styles.sectionTitle}>工作经历</div>
        <div style={styles.item}>
          <div style={styles.itemHeader}>
            <span style={styles.itemTitle}>阿里巴巴 · 前端开发工程师</span>
            <span style={styles.itemDate}>2022.07 - 至今</span>
          </div>
          <div style={styles.itemDesc}>
            • 负责淘宝商家后台系统开发，使用 React + TypeScript<br/>
            • 优化页面性能，首屏加载时间降低 40%<br/>
            • 主导组件库建设，提升团队开发效率 30%
          </div>
        </div>
      </div>

      <div style={styles.section}>
        <div style={styles.sectionTitle}>项目经验</div>
        <div style={styles.item}>
          <div style={styles.itemHeader}>
            <span style={styles.itemTitle}>电商管理系统</span>
            <span style={styles.itemDate}>2023.01 - 2023.06</span>
          </div>
          <div style={styles.itemDesc}>
            • 使用 React 18 + Ant Design 搭建后台管理系统<br/>
            • 实现权限管理、数据可视化、订单管理等核心模块<br/>
            • 采用 React Query 优化数据请求，提升用户体验
          </div>
        </div>
      </div>

      <div style={styles.section}>
        <div style={styles.sectionTitle}>专业技能</div>
        <div style={styles.skills}>
          <span style={styles.skill}>React</span>
          <span style={styles.skill}>TypeScript</span>
          <span style={styles.skill}>Vue.js</span>
          <span style={styles.skill}>Node.js</span>
          <span style={styles.skill}>Webpack</span>
          <span style={styles.skill}>Git</span>
        </div>
      </div>
    </div>
  );
};(String), 2025-12-19 00:00:00.0(Timestamp), 2025-12-19 00:00:00.0(Timestamp), 1(Integer), 1(Integer), 2025-12-19 16:03:21.309(Timestamp)
2025-12-19 16:03:21.411 [http-nio-8080-exec-1] DEBUG c.z.e.m.m.u.U.insert - <==    Updates: 1
2025-12-19 16:03:21.412 [http-nio-8080-exec-1] DEBUG c.z.e.m.m.u.U.delete - ==>  Preparing: DELETE FROM user_userSaveResume WHERE (userSaveResume_userId = ? AND userSaveResume_sortedNum = ?)
2025-12-19 16:03:21.413 [http-nio-8080-exec-1] DEBUG c.z.e.m.m.u.U.delete - ==> Parameters: 1(Integer), 2(Integer)
2025-12-19 16:03:21.574 [http-nio-8080-exec-1] DEBUG c.z.e.m.m.u.U.delete - <==    Updates: 1
2025-12-19 16:03:21.575 [http-nio-8080-exec-1] DEBUG c.z.e.m.m.u.U.selectList - ==>  Preparing: SELECT userSaveResume_id,userSaveResume_resumeName,userSaveResume_industry,userSaveResume_resumeReactCode,userSaveResume_createdTime,userSaveResume_updatedTime,userSaveResume_sortedNum,userSaveResume_userId FROM user_userSaveResume WHERE (userSaveResume_userId = ? AND userSaveResume_sortedNum > ?) ORDER BY userSaveResume_sortedNum ASC
2025-12-19 16:03:21.575 [http-nio-8080-exec-1] DEBUG c.z.e.m.m.u.U.selectList - ==> Parameters: 1(Integer), 2(Integer)
2025-12-19 16:03:21.613 [http-nio-8080-exec-1] DEBUG c.z.e.m.m.u.U.selectList - <==      Total: 0
2025-12-19 16:03:22.817 [http-nio-8080-exec-1] INFO  c.z.e.s.i.u.UserSaveResumeServiceImpl - 删除用户保存的简历信息成功
2025-12-19 16:03:23.254 [http-nio-8080-exec-2] DEBUG c.z.e.m.m.user.UserMapper.selectById - ==>  Preparing: SELECT user_id,user_account,user_username,user_email,user_phone,user_password,user_image,user_introduce,user_createdTime,user_loginTime,user_dreamPosition,user_dreamMinMonthSalary,user_dreamMaxMonthSalary,user_dreamWeekWorkDayNum,user_dreamGoodWelfare,user_recruitLocationFirst,user_recruitLocationSecond,user_recruitLocationDetail,user_universityCode FROM user_user WHERE user_id=?
2025-12-19 16:03:23.254 [http-nio-8080-exec-2] DEBUG c.z.e.m.m.user.UserMapper.selectById - ==> Parameters: 1(Integer)
2025-12-19 16:03:23.314 [http-nio-8080-exec-2] DEBUG c.z.e.m.m.user.UserMapper.selectById - <==      Total: 1
2025-12-19 16:03:23.460 [http-nio-8080-exec-2] INFO  c.z.e.s.i.u.UserSaveResumeServiceImpl - 获取用户保存的简历信息开始
2025-12-19 16:03:23.461 [http-nio-8080-exec-2] DEBUG c.z.e.m.m.u.U.selectList - ==>  Preparing: SELECT userSaveResume_id,userSaveResume_resumeName,userSaveResume_industry,userSaveResume_resumeReactCode,userSaveResume_createdTime,userSaveResume_updatedTime,userSaveResume_sortedNum,userSaveResume_userId FROM user_userSaveResume WHERE (userSaveResume_userId = ?) ORDER BY userSaveResume_sortedNum DESC
2025-12-19 16:03:23.461 [http-nio-8080-exec-2] DEBUG c.z.e.m.m.u.U.selectList - ==> Parameters: 1(Integer)
2025-12-19 16:03:23.563 [http-nio-8080-exec-2] DEBUG c.z.e.m.m.u.U.selectList - <==      Total: 1
2025-12-19 16:03:23.564 [http-nio-8080-exec-2] DEBUG c.z.e.m.m.a.I.selectById - ==>  Preparing: SELECT industryMap_industryCode,industryMap_industryName,industryMap_createdTime AS createdTime,industryMap_updatedTime AS updatedTime FROM general_industryMap WHERE industryMap_industryCode=?
2025-12-19 16:03:23.565 [http-nio-8080-exec-2] DEBUG c.z.e.m.m.a.I.selectById - ==> Parameters: 1(Integer)
2025-12-19 16:03:23.663 [http-nio-8080-exec-2] DEBUG c.z.e.m.m.a.I.selectById - <==      Total: 1
2025-12-19 16:03:25.767 [http-nio-8080-exec-3] DEBUG c.z.e.m.m.user.UserMapper.selectById - ==>  Preparing: SELECT user_id,user_account,user_username,user_email,user_phone,user_password,user_image,user_introduce,user_createdTime,user_loginTime,user_dreamPosition,user_dreamMinMonthSalary,user_dreamMaxMonthSalary,user_dreamWeekWorkDayNum,user_dreamGoodWelfare,user_recruitLocationFirst,user_recruitLocationSecond,user_recruitLocationDetail,user_universityCode FROM user_user WHERE user_id=?
2025-12-19 16:03:25.768 [http-nio-8080-exec-3] DEBUG c.z.e.m.m.user.UserMapper.selectById - ==> Parameters: 1(Integer)
2025-12-19 16:03:25.806 [http-nio-8080-exec-3] DEBUG c.z.e.m.m.user.UserMapper.selectById - <==      Total: 1
2025-12-19 16:03:25.915 [http-nio-8080-exec-3] INFO  c.z.e.s.i.u.UserDeleteResumeServiceImpl - 根据用户id查询用户删除简历信息开始
2025-12-19 16:03:25.917 [http-nio-8080-exec-3] DEBUG c.z.e.m.m.u.U.selectList - ==>  Preparing: SELECT userDeleteResume_id,userDeleteResume_resumeName,userDeleteResume_industry,userDeleteResume_industryName,userDeleteResume_resumeReactCode,userDeleteResume_createdTime,userDeleteResume_updatedTime,userDeleteResume_sortedNum,userDeleteResume_userId,userDeleteResume_deleteTime FROM user_userDeleteResume WHERE (userDeleteResume_userId = ?) ORDER BY userDeleteResume_sortedNum DESC
2025-12-19 16:03:25.918 [http-nio-8080-exec-3] DEBUG c.z.e.m.m.u.U.selectList - ==> Parameters: 1(Integer)
2025-12-19 16:03:26.019 [http-nio-8080-exec-3] DEBUG c.z.e.m.m.u.U.selectList - <==      Total: 1
2025-12-19 16:03:30.399 [http-nio-8080-exec-4] DEBUG c.z.e.m.m.user.UserMapper.selectById - ==>  Preparing: SELECT user_id,user_account,user_username,user_email,user_phone,user_password,user_image,user_introduce,user_createdTime,user_loginTime,user_dreamPosition,user_dreamMinMonthSalary,user_dreamMaxMonthSalary,user_dreamWeekWorkDayNum,user_dreamGoodWelfare,user_recruitLocationFirst,user_recruitLocationSecond,user_recruitLocationDetail,user_universityCode FROM user_user WHERE user_id=?
2025-12-19 16:03:30.400 [http-nio-8080-exec-4] DEBUG c.z.e.m.m.user.UserMapper.selectById - ==> Parameters: 1(Integer)
2025-12-19 16:03:30.658 [http-nio-8080-exec-4] DEBUG c.z.e.m.m.user.UserMapper.selectById - <==      Total: 1
2025-12-19 16:03:30.986 [http-nio-8080-exec-4] INFO  c.z.e.s.i.u.UserDeleteResumeServiceImpl - 根据用户id查询用户删除简历信息开始
2025-12-19 16:03:30.986 [http-nio-8080-exec-4] DEBUG c.z.e.m.m.u.U.selectList - ==>  Preparing: SELECT userDeleteResume_id,userDeleteResume_resumeName,userDeleteResume_industry,userDeleteResume_industryName,userDeleteResume_resumeReactCode,userDeleteResume_createdTime,userDeleteResume_updatedTime,userDeleteResume_sortedNum,userDeleteResume_userId,userDeleteResume_deleteTime FROM user_userDeleteResume WHERE (userDeleteResume_userId = ?) ORDER BY userDeleteResume_sortedNum DESC
2025-12-19 16:03:30.986 [http-nio-8080-exec-4] DEBUG c.z.e.m.m.u.U.selectList - ==> Parameters: 1(Integer)
2025-12-19 16:03:31.037 [http-nio-8080-exec-4] DEBUG c.z.e.m.m.u.U.selectList - <==      Total: 1
2025-12-19 16:04:29.151 [http-nio-8080-exec-5] DEBUG c.z.e.m.m.user.UserMapper.selectById - ==>  Preparing: SELECT user_id,user_account,user_username,user_email,user_phone,user_password,user_image,user_introduce,user_createdTime,user_loginTime,user_dreamPosition,user_dreamMinMonthSalary,user_dreamMaxMonthSalary,user_dreamWeekWorkDayNum,user_dreamGoodWelfare,user_recruitLocationFirst,user_recruitLocationSecond,user_recruitLocationDetail,user_universityCode FROM user_user WHERE user_id=?
2025-12-19 16:04:29.151 [http-nio-8080-exec-5] DEBUG c.z.e.m.m.user.UserMapper.selectById - ==> Parameters: 1(Integer)
2025-12-19 16:04:29.193 [http-nio-8080-exec-5] DEBUG c.z.e.m.m.user.UserMapper.selectById - <==      Total: 1
2025-12-19 16:04:29.232 [http-nio-8080-exec-5] INFO  c.z.e.s.i.u.UserDeleteResumeServiceImpl - 根据用户id查询用户删除简历信息开始
2025-12-19 16:04:29.233 [http-nio-8080-exec-5] DEBUG c.z.e.m.m.u.U.selectList - ==>  Preparing: SELECT userDeleteResume_id,userDeleteResume_resumeName,userDeleteResume_industry,userDeleteResume_industryName,userDeleteResume_resumeReactCode,userDeleteResume_createdTime,userDeleteResume_updatedTime,userDeleteResume_sortedNum,userDeleteResume_userId,userDeleteResume_deleteTime FROM user_userDeleteResume WHERE (userDeleteResume_userId = ?) ORDER BY userDeleteResume_sortedNum DESC
2025-12-19 16:04:29.234 [http-nio-8080-exec-5] DEBUG c.z.e.m.m.u.U.selectList - ==> Parameters: 1(Integer)
2025-12-19 16:04:29.271 [http-nio-8080-exec-5] DEBUG c.z.e.m.m.u.U.selectList - <==      Total: 1
2025-12-19 16:04:51.062 [http-nio-8080-exec-6] DEBUG c.z.e.m.m.user.UserMapper.selectById - ==>  Preparing: SELECT user_id,user_account,user_username,user_email,user_phone,user_password,user_image,user_introduce,user_createdTime,user_loginTime,user_dreamPosition,user_dreamMinMonthSalary,user_dreamMaxMonthSalary,user_dreamWeekWorkDayNum,user_dreamGoodWelfare,user_recruitLocationFirst,user_recruitLocationSecond,user_recruitLocationDetail,user_universityCode FROM user_user WHERE user_id=?
2025-12-19 16:04:51.063 [http-nio-8080-exec-6] DEBUG c.z.e.m.m.user.UserMapper.selectById - ==> Parameters: 1(Integer)
2025-12-19 16:04:51.102 [http-nio-8080-exec-6] DEBUG c.z.e.m.m.user.UserMapper.selectById - <==      Total: 1
2025-12-19 16:04:51.213 [http-nio-8080-exec-6] INFO  c.z.e.s.i.u.UserDeleteResumeServiceImpl - 根据用户id查询用户删除简历信息开始
2025-12-19 16:04:51.214 [http-nio-8080-exec-6] DEBUG c.z.e.m.m.u.U.selectList - ==>  Preparing: SELECT userDeleteResume_id,userDeleteResume_resumeName,userDeleteResume_industry,userDeleteResume_industryName,userDeleteResume_resumeReactCode,userDeleteResume_createdTime,userDeleteResume_updatedTime,userDeleteResume_sortedNum,userDeleteResume_userId,userDeleteResume_deleteTime FROM user_userDeleteResume WHERE (userDeleteResume_userId = ?) ORDER BY userDeleteResume_sortedNum DESC
2025-12-19 16:04:51.215 [http-nio-8080-exec-6] DEBUG c.z.e.m.m.u.U.selectList - ==> Parameters: 1(Integer)
2025-12-19 16:04:51.280 [http-nio-8080-exec-6] DEBUG c.z.e.m.m.u.U.selectList - <==      Total: 1
2025-12-19 16:07:04.262 [http-nio-8080-exec-7] DEBUG c.z.e.m.m.user.UserMapper.selectById - ==>  Preparing: SELECT user_id,user_account,user_username,user_email,user_phone,user_password,user_image,user_introduce,user_createdTime,user_loginTime,user_dreamPosition,user_dreamMinMonthSalary,user_dreamMaxMonthSalary,user_dreamWeekWorkDayNum,user_dreamGoodWelfare,user_recruitLocationFirst,user_recruitLocationSecond,user_recruitLocationDetail,user_universityCode FROM user_user WHERE user_id=?
2025-12-19 16:07:04.262 [http-nio-8080-exec-7] DEBUG c.z.e.m.m.user.UserMapper.selectById - ==> Parameters: 1(Integer)
2025-12-19 16:07:04.303 [http-nio-8080-exec-7] DEBUG c.z.e.m.m.user.UserMapper.selectById - <==      Total: 1
2025-12-19 16:07:04.343 [http-nio-8080-exec-7] INFO  c.z.e.s.i.u.UserDeleteResumeServiceImpl - 根据用户id查询用户删除简历信息开始
2025-12-19 16:07:04.344 [http-nio-8080-exec-7] DEBUG c.z.e.m.m.u.U.selectList - ==>  Preparing: SELECT userDeleteResume_id,userDeleteResume_resumeName,userDeleteResume_industry,userDeleteResume_industryName,userDeleteResume_resumeReactCode,userDeleteResume_createdTime,userDeleteResume_updatedTime,userDeleteResume_sortedNum,userDeleteResume_userId,userDeleteResume_deleteTime FROM user_userDeleteResume WHERE (userDeleteResume_userId = ?) ORDER BY userDeleteResume_sortedNum DESC
2025-12-19 16:07:04.344 [http-nio-8080-exec-7] DEBUG c.z.e.m.m.u.U.selectList - ==> Parameters: 1(Integer)
2025-12-19 16:07:04.384 [http-nio-8080-exec-7] DEBUG c.z.e.m.m.u.U.selectList - <==      Total: 1
2025-12-19 16:07:54.753 [http-nio-8080-exec-8] DEBUG c.z.e.m.m.user.UserMapper.selectById - ==>  Preparing: SELECT user_id,user_account,user_username,user_email,user_phone,user_password,user_image,user_introduce,user_createdTime,user_loginTime,user_dreamPosition,user_dreamMinMonthSalary,user_dreamMaxMonthSalary,user_dreamWeekWorkDayNum,user_dreamGoodWelfare,user_recruitLocationFirst,user_recruitLocationSecond,user_recruitLocationDetail,user_universityCode FROM user_user WHERE user_id=?
2025-12-19 16:07:54.754 [http-nio-8080-exec-8] DEBUG c.z.e.m.m.user.UserMapper.selectById - ==> Parameters: 1(Integer)
2025-12-19 16:07:54.796 [http-nio-8080-exec-8] DEBUG c.z.e.m.m.user.UserMapper.selectById - <==      Total: 1
2025-12-19 16:07:54.835 [http-nio-8080-exec-8] INFO  c.z.e.s.i.u.UserDeleteResumeServiceImpl - 根据用户id查询用户删除简历信息开始
2025-12-19 16:07:54.837 [http-nio-8080-exec-8] DEBUG c.z.e.m.m.u.U.selectList - ==>  Preparing: SELECT userDeleteResume_id,userDeleteResume_resumeName,userDeleteResume_industry,userDeleteResume_industryName,userDeleteResume_resumeReactCode,userDeleteResume_createdTime,userDeleteResume_updatedTime,userDeleteResume_sortedNum,userDeleteResume_userId,userDeleteResume_deleteTime FROM user_userDeleteResume WHERE (userDeleteResume_userId = ?) ORDER BY userDeleteResume_sortedNum DESC
2025-12-19 16:07:54.837 [http-nio-8080-exec-8] DEBUG c.z.e.m.m.u.U.selectList - ==> Parameters: 1(Integer)
2025-12-19 16:07:54.879 [http-nio-8080-exec-8] DEBUG c.z.e.m.m.u.U.selectList - <==      Total: 1
2025-12-19 16:29:50.221 [http-nio-8080-exec-10] ERROR c.z.e.filter.UserJwtAuthFilter - 用户端 Token 验证失败: Redis command timed out
2025-12-19 16:29:50.221 [http-nio-8080-exec-9] ERROR c.z.e.filter.UserJwtAuthFilter - 用户端 Token 验证失败: Redis command timed out
2025-12-19 16:30:14.300 [HikariPool-2 housekeeper] WARN  com.zaxxer.hikari.pool.HikariPool - HikariPool-2 - Thread starvation or clock leap detected (housekeeper delta=13m19s29ms586µs100ns).
2025-12-19 16:30:14.302 [HikariPool-1 housekeeper] WARN  com.zaxxer.hikari.pool.HikariPool - HikariPool-1 - Thread starvation or clock leap detected (housekeeper delta=13m22s827ms911µs700ns).
2025-12-19 16:30:14.871 [lettuce-eventExecutorLoop-1-2] INFO  i.l.core.protocol.ConnectionWatchdog - Reconnecting, last destination was /117.50.184.138:37211
2025-12-19 16:30:14.940 [http-nio-8080-exec-1] DEBUG c.z.e.m.m.u.U.findByAccountOrPhoneOrEmail - ==>  Preparing: select * from user_user where user_account = ? or user_phone = ? or user_email = ?
2025-12-19 16:30:14.941 [http-nio-8080-exec-1] DEBUG c.z.e.m.m.u.U.findByAccountOrPhoneOrEmail - ==> Parameters: 18242991090(String), 18242991090(String), 18242991090(String)
2025-12-19 16:30:15.017 [http-nio-8080-exec-1] DEBUG c.z.e.m.m.u.U.findByAccountOrPhoneOrEmail - <==      Total: 1
2025-12-19 16:30:15.222 [lettuce-nioEventLoop-6-2] INFO  i.l.c.protocol.ReconnectionHandler - Reconnected to 117.50.184.138/<unresolved>:37211
2025-12-19 16:30:16.855 [http-nio-8080-exec-1] DEBUG c.z.e.m.m.user.UserMapper.updateById - ==>  Preparing: UPDATE user_user SET user_account=?, user_username=?, user_email=?, user_phone=?, user_password=?, user_image=?, user_introduce=?, user_createdTime=?, user_loginTime=?, user_dreamPosition=?, user_dreamMinMonthSalary=?, user_dreamMaxMonthSalary=?, user_dreamWeekWorkDayNum=?, user_dreamGoodWelfare=?, user_recruitLocationFirst=?, user_recruitLocationSecond=?, user_recruitLocationDetail=?, user_universityCode=? WHERE user_id=?
2025-12-19 16:30:16.890 [http-nio-8080-exec-1] DEBUG c.z.e.m.m.user.UserMapper.updateById - ==> Parameters: 1812463057(String), 超级管理员(String), 1812463057@qq.com(String), 18242991090(String), $2a$10$TdSwFVRA27EmTaPhPS1snOe.3sbWB47S5LtwcfkyRDEWKn3H5NjK.(String), https://ts4.tc.mm.bing.net/th/id/OIP-C.sPOk8TwPGgwtB2SU6ngYUgAAAA?rs=1&pid=ImgDetMain&o=7&rm=3(String), 超级管理员,官方正版号(String), 2025-11-23 00:00:00.0(Timestamp), 2025-12-19 16:30:16.375(Timestamp), 1(Integer), 12000.00(BigDecimal), 30000.00(BigDecimal), 7(Integer), 五险一金(String), 2(String), 2825(String), 上海闵行区(String), 11360(Integer), 1(Integer)
2025-12-19 16:30:16.964 [http-nio-8080-exec-1] DEBUG c.z.e.m.m.user.UserMapper.updateById - <==    Updates: 1
2025-12-19 16:30:29.333 [http-nio-8080-exec-2] DEBUG c.z.e.m.m.user.UserMapper.selectById - ==>  Preparing: SELECT user_id,user_account,user_username,user_email,user_phone,user_password,user_image,user_introduce,user_createdTime,user_loginTime,user_dreamPosition,user_dreamMinMonthSalary,user_dreamMaxMonthSalary,user_dreamWeekWorkDayNum,user_dreamGoodWelfare,user_recruitLocationFirst,user_recruitLocationSecond,user_recruitLocationDetail,user_universityCode FROM user_user WHERE user_id=?
2025-12-19 16:30:29.334 [http-nio-8080-exec-2] DEBUG c.z.e.m.m.user.UserMapper.selectById - ==> Parameters: 1(Integer)
2025-12-19 16:30:29.372 [http-nio-8080-exec-2] DEBUG c.z.e.m.m.user.UserMapper.selectById - <==      Total: 1
2025-12-19 16:30:31.683 [http-nio-8080-exec-2] INFO  c.z.e.s.impl.user.UserServiceImpl - 根据用户id查询用户信息开始
2025-12-19 16:30:31.684 [http-nio-8080-exec-2] DEBUG c.z.e.m.m.user.UserMapper.selectById - ==>  Preparing: SELECT user_id,user_account,user_username,user_email,user_phone,user_password,user_image,user_introduce,user_createdTime,user_loginTime,user_dreamPosition,user_dreamMinMonthSalary,user_dreamMaxMonthSalary,user_dreamWeekWorkDayNum,user_dreamGoodWelfare,user_recruitLocationFirst,user_recruitLocationSecond,user_recruitLocationDetail,user_universityCode FROM user_user WHERE user_id=?
2025-12-19 16:30:31.744 [http-nio-8080-exec-2] DEBUG c.z.e.m.m.user.UserMapper.selectById - ==> Parameters: 1(String)
2025-12-19 16:30:31.785 [http-nio-8080-exec-2] DEBUG c.z.e.m.m.user.UserMapper.selectById - <==      Total: 1
2025-12-19 16:30:41.274 [http-nio-8080-exec-3] DEBUG c.z.e.m.m.user.UserMapper.selectById - ==>  Preparing: SELECT user_id,user_account,user_username,user_email,user_phone,user_password,user_image,user_introduce,user_createdTime,user_loginTime,user_dreamPosition,user_dreamMinMonthSalary,user_dreamMaxMonthSalary,user_dreamWeekWorkDayNum,user_dreamGoodWelfare,user_recruitLocationFirst,user_recruitLocationSecond,user_recruitLocationDetail,user_universityCode FROM user_user WHERE user_id=?
2025-12-19 16:30:41.275 [http-nio-8080-exec-3] DEBUG c.z.e.m.m.user.UserMapper.selectById - ==> Parameters: 1(Integer)
2025-12-19 16:30:41.335 [http-nio-8080-exec-3] DEBUG c.z.e.m.m.user.UserMapper.selectById - <==      Total: 1
2025-12-19 16:30:41.374 [http-nio-8080-exec-3] INFO  c.z.e.s.i.u.UserSaveResumeServiceImpl - 获取用户保存的简历信息开始
2025-12-19 16:30:41.378 [http-nio-8080-exec-3] DEBUG c.z.e.m.m.u.U.selectList - ==>  Preparing: SELECT userSaveResume_id,userSaveResume_resumeName,userSaveResume_industry,userSaveResume_resumeReactCode,userSaveResume_createdTime,userSaveResume_updatedTime,userSaveResume_sortedNum,userSaveResume_userId FROM user_userSaveResume WHERE (userSaveResume_userId = ?) ORDER BY userSaveResume_sortedNum DESC
2025-12-19 16:30:41.379 [http-nio-8080-exec-3] DEBUG c.z.e.m.m.u.U.selectList - ==> Parameters: 1(Integer)
2025-12-19 16:30:48.911 [http-nio-8080-exec-3] DEBUG c.z.e.m.m.u.U.selectList - <==      Total: 1
2025-12-19 16:30:48.914 [http-nio-8080-exec-3] DEBUG c.z.e.m.m.a.I.selectById - ==>  Preparing: SELECT industryMap_industryCode,industryMap_industryName,industryMap_createdTime AS createdTime,industryMap_updatedTime AS updatedTime FROM general_industryMap WHERE industryMap_industryCode=?
2025-12-19 16:30:48.917 [http-nio-8080-exec-3] DEBUG c.z.e.m.m.a.I.selectById - ==> Parameters: 1(Integer)
2025-12-19 16:30:48.994 [http-nio-8080-exec-3] DEBUG c.z.e.m.m.a.I.selectById - <==      Total: 1
2025-12-19 16:30:55.805 [http-nio-8080-exec-4] DEBUG c.z.e.m.m.user.UserMapper.selectById - ==>  Preparing: SELECT user_id,user_account,user_username,user_email,user_phone,user_password,user_image,user_introduce,user_createdTime,user_loginTime,user_dreamPosition,user_dreamMinMonthSalary,user_dreamMaxMonthSalary,user_dreamWeekWorkDayNum,user_dreamGoodWelfare,user_recruitLocationFirst,user_recruitLocationSecond,user_recruitLocationDetail,user_universityCode FROM user_user WHERE user_id=?
2025-12-19 16:30:55.806 [http-nio-8080-exec-4] DEBUG c.z.e.m.m.user.UserMapper.selectById - ==> Parameters: 1(Integer)
2025-12-19 16:30:55.855 [http-nio-8080-exec-4] DEBUG c.z.e.m.m.user.UserMapper.selectById - <==      Total: 1
2025-12-19 16:30:55.957 [http-nio-8080-exec-4] INFO  c.z.e.s.i.u.UserSaveResumeServiceImpl - 获取用户保存的简历信息开始
2025-12-19 16:30:55.982 [http-nio-8080-exec-4] DEBUG c.z.e.m.m.u.U.selectList - ==>  Preparing: SELECT userSaveResume_id,userSaveResume_resumeName,userSaveResume_industry,userSaveResume_resumeReactCode,userSaveResume_createdTime,userSaveResume_updatedTime,userSaveResume_sortedNum,userSaveResume_userId FROM user_userSaveResume WHERE (userSaveResume_userId = ? AND userSaveResume_sortedNum = ?)
2025-12-19 16:30:55.983 [http-nio-8080-exec-4] DEBUG c.z.e.m.m.u.U.selectList - ==> Parameters: 1(Integer), 1(Integer)
2025-12-19 16:30:56.061 [http-nio-8080-exec-4] DEBUG c.z.e.m.m.u.U.selectList - <==      Total: 1
2025-12-19 16:30:56.062 [http-nio-8080-exec-4] DEBUG c.z.e.m.m.a.I.selectById - ==>  Preparing: SELECT industryMap_industryCode,industryMap_industryName,industryMap_createdTime AS createdTime,industryMap_updatedTime AS updatedTime FROM general_industryMap WHERE industryMap_industryCode=?
2025-12-19 16:30:56.062 [http-nio-8080-exec-4] DEBUG c.z.e.m.m.a.I.selectById - ==> Parameters: 1(Integer)
2025-12-19 16:30:56.099 [http-nio-8080-exec-4] DEBUG c.z.e.m.m.a.I.selectById - <==      Total: 1
2025-12-19 16:31:02.414 [http-nio-8080-exec-5] DEBUG c.z.e.m.m.user.UserMapper.selectById - ==>  Preparing: SELECT user_id,user_account,user_username,user_email,user_phone,user_password,user_image,user_introduce,user_createdTime,user_loginTime,user_dreamPosition,user_dreamMinMonthSalary,user_dreamMaxMonthSalary,user_dreamWeekWorkDayNum,user_dreamGoodWelfare,user_recruitLocationFirst,user_recruitLocationSecond,user_recruitLocationDetail,user_universityCode FROM user_user WHERE user_id=?
2025-12-19 16:31:02.415 [http-nio-8080-exec-5] DEBUG c.z.e.m.m.user.UserMapper.selectById - ==> Parameters: 1(Integer)
2025-12-19 16:31:02.454 [http-nio-8080-exec-5] DEBUG c.z.e.m.m.user.UserMapper.selectById - <==      Total: 1
2025-12-19 16:31:02.493 [http-nio-8080-exec-5] INFO  c.z.e.s.i.u.UserDeleteResumeServiceImpl - 根据用户id查询用户删除简历信息开始
2025-12-19 16:31:02.494 [http-nio-8080-exec-5] DEBUG c.z.e.m.m.u.U.selectList - ==>  Preparing: SELECT userDeleteResume_id,userDeleteResume_resumeName,userDeleteResume_industry,userDeleteResume_industryName,userDeleteResume_resumeReactCode,userDeleteResume_createdTime,userDeleteResume_updatedTime,userDeleteResume_sortedNum,userDeleteResume_userId,userDeleteResume_deleteTime FROM user_userDeleteResume WHERE (userDeleteResume_userId = ?) ORDER BY userDeleteResume_sortedNum DESC
2025-12-19 16:31:02.495 [http-nio-8080-exec-5] DEBUG c.z.e.m.m.u.U.selectList - ==> Parameters: 1(Integer)
2025-12-19 16:31:02.615 [http-nio-8080-exec-5] DEBUG c.z.e.m.m.u.U.selectList - <==      Total: 1
2025-12-19 16:31:21.071 [http-nio-8080-exec-6] DEBUG c.z.e.m.m.user.UserMapper.selectById - ==>  Preparing: SELECT user_id,user_account,user_username,user_email,user_phone,user_password,user_image,user_introduce,user_createdTime,user_loginTime,user_dreamPosition,user_dreamMinMonthSalary,user_dreamMaxMonthSalary,user_dreamWeekWorkDayNum,user_dreamGoodWelfare,user_recruitLocationFirst,user_recruitLocationSecond,user_recruitLocationDetail,user_universityCode FROM user_user WHERE user_id=?
2025-12-19 16:31:21.072 [http-nio-8080-exec-6] DEBUG c.z.e.m.m.user.UserMapper.selectById - ==> Parameters: 1(Integer)
2025-12-19 16:31:21.111 [http-nio-8080-exec-6] DEBUG c.z.e.m.m.user.UserMapper.selectById - <==      Total: 1
2025-12-19 16:31:21.153 [http-nio-8080-exec-6] INFO  c.z.e.s.i.u.UserDeleteResumeServiceImpl - 根据用户id查询用户删除简历信息开始
2025-12-19 16:31:21.154 [http-nio-8080-exec-6] DEBUG c.z.e.m.m.u.U.selectList - ==>  Preparing: SELECT userDeleteResume_id,userDeleteResume_resumeName,userDeleteResume_industry,userDeleteResume_industryName,userDeleteResume_resumeReactCode,userDeleteResume_createdTime,userDeleteResume_updatedTime,userDeleteResume_sortedNum,userDeleteResume_userId,userDeleteResume_deleteTime FROM user_userDeleteResume WHERE (userDeleteResume_userId = ?) ORDER BY userDeleteResume_sortedNum DESC
2025-12-19 16:31:21.155 [http-nio-8080-exec-6] DEBUG c.z.e.m.m.u.U.selectList - ==> Parameters: 1(Integer)
2025-12-19 16:31:21.195 [http-nio-8080-exec-6] DEBUG c.z.e.m.m.u.U.selectList - <==      Total: 1
2025-12-19 16:32:02.823 [http-nio-8080-exec-7] DEBUG c.z.e.m.m.user.UserMapper.selectById - ==>  Preparing: SELECT user_id,user_account,user_username,user_email,user_phone,user_password,user_image,user_introduce,user_createdTime,user_loginTime,user_dreamPosition,user_dreamMinMonthSalary,user_dreamMaxMonthSalary,user_dreamWeekWorkDayNum,user_dreamGoodWelfare,user_recruitLocationFirst,user_recruitLocationSecond,user_recruitLocationDetail,user_universityCode FROM user_user WHERE user_id=?
2025-12-19 16:32:02.823 [http-nio-8080-exec-7] DEBUG c.z.e.m.m.user.UserMapper.selectById - ==> Parameters: 1(Integer)
2025-12-19 16:32:02.886 [http-nio-8080-exec-7] DEBUG c.z.e.m.m.user.UserMapper.selectById - <==      Total: 1
2025-12-19 16:32:02.925 [http-nio-8080-exec-7] INFO  c.z.e.s.i.u.UserDeleteResumeServiceImpl - 根据用户id查询用户删除简历信息开始
2025-12-19 16:32:02.927 [http-nio-8080-exec-7] DEBUG c.z.e.m.m.u.U.selectList - ==>  Preparing: SELECT userDeleteResume_id,userDeleteResume_resumeName,userDeleteResume_industry,userDeleteResume_industryName,userDeleteResume_resumeReactCode,userDeleteResume_createdTime,userDeleteResume_updatedTime,userDeleteResume_sortedNum,userDeleteResume_userId,userDeleteResume_deleteTime FROM user_userDeleteResume WHERE (userDeleteResume_userId = ?) ORDER BY userDeleteResume_sortedNum DESC
2025-12-19 16:32:02.927 [http-nio-8080-exec-7] DEBUG c.z.e.m.m.u.U.selectList - ==> Parameters: 1(Integer)
2025-12-19 16:32:03.115 [http-nio-8080-exec-7] DEBUG c.z.e.m.m.u.U.selectList - <==      Total: 1
2025-12-19 16:35:10.160 [http-nio-8080-exec-8] DEBUG c.z.e.m.m.a.AdminMapper.selectById - ==>  Preparing: SELECT admin_id,admin_account,admin_username,admin_email,admin_phone,admin_password,admin_image,admin_introduce,admin_state,admin_login_time,deleted FROM admin_admin WHERE admin_id=? AND deleted=0
2025-12-19 16:35:10.161 [http-nio-8080-exec-8] DEBUG c.z.e.m.m.a.AdminMapper.selectById - ==> Parameters: 1(Integer)
2025-12-19 16:35:10.214 [http-nio-8080-exec-8] DEBUG c.z.e.m.m.a.AdminMapper.selectById - <==      Total: 1
2025-12-19 16:35:10.215 [http-nio-8080-exec-8] DEBUG c.z.e.m.m.a.A.findAdminInfoById - ==>  Preparing: select * from admin_admin left join admin_admin_role on admin_admin.admin_id = admin_admin_role.adminId left join admin_role on admin_admin_role.roleId = admin_role.role_id left join admin_role_permission on admin_role.role_id = admin_role.role_id left join admin_permission on admin_role_permission.permissionId = admin_permission.permission_id where admin_admin.admin_id = ? and admin_admin.deleted = 0
2025-12-19 16:35:10.215 [http-nio-8080-exec-8] DEBUG c.z.e.m.m.a.A.findAdminInfoById - ==> Parameters: 1(Integer)
2025-12-19 16:35:10.330 [http-nio-8080-exec-8] DEBUG c.z.e.m.m.a.A.findAdminInfoById - <==      Total: 1
2025-12-19 16:35:11.244 [http-nio-8080-exec-9] DEBUG c.z.e.m.m.a.AdminMapper.selectById - ==>  Preparing: SELECT admin_id,admin_account,admin_username,admin_email,admin_phone,admin_password,admin_image,admin_introduce,admin_state,admin_login_time,deleted FROM admin_admin WHERE admin_id=? AND deleted=0
2025-12-19 16:35:11.245 [http-nio-8080-exec-9] DEBUG c.z.e.m.m.a.AdminMapper.selectById - ==> Parameters: 1(Integer)
2025-12-19 16:35:11.282 [http-nio-8080-exec-9] DEBUG c.z.e.m.m.a.AdminMapper.selectById - <==      Total: 1
2025-12-19 16:35:11.283 [http-nio-8080-exec-9] DEBUG c.z.e.m.m.a.A.findAdminInfoById - ==>  Preparing: select * from admin_admin left join admin_admin_role on admin_admin.admin_id = admin_admin_role.adminId left join admin_role on admin_admin_role.roleId = admin_role.role_id left join admin_role_permission on admin_role.role_id = admin_role.role_id left join admin_permission on admin_role_permission.permissionId = admin_permission.permission_id where admin_admin.admin_id = ? and admin_admin.deleted = 0
2025-12-19 16:35:11.284 [http-nio-8080-exec-9] DEBUG c.z.e.m.m.a.A.findAdminInfoById - ==> Parameters: 1(Integer)
2025-12-19 16:35:11.338 [http-nio-8080-exec-9] DEBUG c.z.e.m.m.a.A.findAdminInfoById - <==      Total: 1
2025-12-19 16:35:11.443 [http-nio-8080-exec-9] DEBUG c.z.e.m.m.a.A.findAdminInfoById - ==>  Preparing: select * from admin_admin left join admin_admin_role on admin_admin.admin_id = admin_admin_role.adminId left join admin_role on admin_admin_role.roleId = admin_role.role_id left join admin_role_permission on admin_role.role_id = admin_role.role_id left join admin_permission on admin_role_permission.permissionId = admin_permission.permission_id where admin_admin.admin_id = ? and admin_admin.deleted = 0
2025-12-19 16:35:11.444 [http-nio-8080-exec-9] DEBUG c.z.e.m.m.a.A.findAdminInfoById - ==> Parameters: 1(Integer)
2025-12-19 16:35:11.539 [http-nio-8080-exec-9] DEBUG c.z.e.m.m.a.A.findAdminInfoById - <==      Total: 1
2025-12-19 16:40:53.409 [http-nio-8080-exec-10] DEBUG c.z.e.m.m.user.UserMapper.selectById - ==>  Preparing: SELECT user_id,user_account,user_username,user_email,user_phone,user_password,user_image,user_introduce,user_createdTime,user_loginTime,user_dreamPosition,user_dreamMinMonthSalary,user_dreamMaxMonthSalary,user_dreamWeekWorkDayNum,user_dreamGoodWelfare,user_recruitLocationFirst,user_recruitLocationSecond,user_recruitLocationDetail,user_universityCode FROM user_user WHERE user_id=?
2025-12-19 16:40:53.411 [http-nio-8080-exec-10] DEBUG c.z.e.m.m.user.UserMapper.selectById - ==> Parameters: 1(Integer)
2025-12-19 16:40:53.452 [http-nio-8080-exec-10] DEBUG c.z.e.m.m.user.UserMapper.selectById - <==      Total: 1
2025-12-19 16:40:53.495 [http-nio-8080-exec-10] INFO  c.z.e.s.i.u.UserSaveResumeServiceImpl - 获取用户保存的简历信息开始
2025-12-19 16:40:53.497 [http-nio-8080-exec-10] DEBUG c.z.e.m.m.u.U.selectList - ==>  Preparing: SELECT userSaveResume_id,userSaveResume_resumeName,userSaveResume_industry,userSaveResume_resumeReactCode,userSaveResume_createdTime,userSaveResume_updatedTime,userSaveResume_sortedNum,userSaveResume_userId FROM user_userSaveResume WHERE (userSaveResume_userId = ?) ORDER BY userSaveResume_sortedNum DESC
2025-12-19 16:40:53.499 [http-nio-8080-exec-10] DEBUG c.z.e.m.m.u.U.selectList - ==> Parameters: 1(Integer)
2025-12-19 16:40:53.540 [http-nio-8080-exec-10] DEBUG c.z.e.m.m.u.U.selectList - <==      Total: 1
2025-12-19 16:40:53.543 [http-nio-8080-exec-10] DEBUG c.z.e.m.m.a.I.selectById - ==>  Preparing: SELECT industryMap_industryCode,industryMap_industryName,industryMap_createdTime AS createdTime,industryMap_updatedTime AS updatedTime FROM general_industryMap WHERE industryMap_industryCode=?
2025-12-19 16:40:53.548 [http-nio-8080-exec-10] DEBUG c.z.e.m.m.a.I.selectById - ==> Parameters: 1(Integer)
2025-12-19 16:40:53.592 [http-nio-8080-exec-10] DEBUG c.z.e.m.m.a.I.selectById - <==      Total: 1
2025-12-19 16:40:54.881 [http-nio-8080-exec-1] DEBUG c.z.e.m.m.user.UserMapper.selectById - ==>  Preparing: SELECT user_id,user_account,user_username,user_email,user_phone,user_password,user_image,user_introduce,user_createdTime,user_loginTime,user_dreamPosition,user_dreamMinMonthSalary,user_dreamMaxMonthSalary,user_dreamWeekWorkDayNum,user_dreamGoodWelfare,user_recruitLocationFirst,user_recruitLocationSecond,user_recruitLocationDetail,user_universityCode FROM user_user WHERE user_id=?
2025-12-19 16:40:54.881 [http-nio-8080-exec-1] DEBUG c.z.e.m.m.user.UserMapper.selectById - ==> Parameters: 1(Integer)
2025-12-19 16:40:54.924 [http-nio-8080-exec-1] DEBUG c.z.e.m.m.user.UserMapper.selectById - <==      Total: 1
2025-12-19 16:40:54.934 [http-nio-8080-exec-2] DEBUG c.z.e.m.m.user.UserMapper.selectById - ==>  Preparing: SELECT user_id,user_account,user_username,user_email,user_phone,user_password,user_image,user_introduce,user_createdTime,user_loginTime,user_dreamPosition,user_dreamMinMonthSalary,user_dreamMaxMonthSalary,user_dreamWeekWorkDayNum,user_dreamGoodWelfare,user_recruitLocationFirst,user_recruitLocationSecond,user_recruitLocationDetail,user_universityCode FROM user_user WHERE user_id=?
2025-12-19 16:40:54.935 [http-nio-8080-exec-2] DEBUG c.z.e.m.m.user.UserMapper.selectById - ==> Parameters: 1(Integer)
2025-12-19 16:40:54.976 [http-nio-8080-exec-1] DEBUG c.z.e.m.m.a.I.selectList - ==>  Preparing: SELECT industryMap_industryCode,industryMap_industryName,industryMap_createdTime AS createdTime,industryMap_updatedTime AS updatedTime FROM general_industryMap
2025-12-19 16:40:54.977 [http-nio-8080-exec-1] DEBUG c.z.e.m.m.a.I.selectList - ==> Parameters: 
2025-12-19 16:40:54.978 [http-nio-8080-exec-2] DEBUG c.z.e.m.m.user.UserMapper.selectById - <==      Total: 1
2025-12-19 16:40:55.015 [http-nio-8080-exec-1] DEBUG c.z.e.m.m.a.I.selectList - <==      Total: 2
2025-12-19 16:40:55.050 [http-nio-8080-exec-2] DEBUG c.z.e.m.m.a.R.selectList - ==>  Preparing: SELECT resumeTemplate_id,resumeTemplate_name,resumeTemplate_reactCode,resumeTemplate_industry,resumeTemplate_isActive,resumeTemplate_createdTime,resumeTemplate_updatedTime,deleted FROM general_resumeTemplate WHERE deleted=0 AND (deleted = ?)
2025-12-19 16:40:55.050 [http-nio-8080-exec-2] DEBUG c.z.e.m.m.a.R.selectList - ==> Parameters: 0(Integer)
2025-12-19 16:40:55.097 [http-nio-8080-exec-2] DEBUG c.z.e.m.m.a.R.selectList - <==      Total: 1
2025-12-19 16:40:55.107 [http-nio-8080-exec-2] DEBUG c.z.e.m.m.a.I.selectById - ==>  Preparing: SELECT industryMap_industryCode,industryMap_industryName,industryMap_createdTime AS createdTime,industryMap_updatedTime AS updatedTime FROM general_industryMap WHERE industryMap_industryCode=?
2025-12-19 16:40:55.108 [http-nio-8080-exec-2] DEBUG c.z.e.m.m.a.I.selectById - ==> Parameters: 1(Integer)
2025-12-19 16:40:55.159 [http-nio-8080-exec-2] DEBUG c.z.e.m.m.a.I.selectById - <==      Total: 1
2025-12-19 16:40:56.692 [http-nio-8080-exec-3] DEBUG c.z.e.m.m.user.UserMapper.selectById - ==>  Preparing: SELECT user_id,user_account,user_username,user_email,user_phone,user_password,user_image,user_introduce,user_createdTime,user_loginTime,user_dreamPosition,user_dreamMinMonthSalary,user_dreamMaxMonthSalary,user_dreamWeekWorkDayNum,user_dreamGoodWelfare,user_recruitLocationFirst,user_recruitLocationSecond,user_recruitLocationDetail,user_universityCode FROM user_user WHERE user_id=?
2025-12-19 16:40:56.693 [http-nio-8080-exec-3] DEBUG c.z.e.m.m.user.UserMapper.selectById - ==> Parameters: 1(Integer)
2025-12-19 16:40:56.732 [http-nio-8080-exec-3] DEBUG c.z.e.m.m.user.UserMapper.selectById - <==      Total: 1
2025-12-19 16:40:56.781 [http-nio-8080-exec-3] INFO  c.z.e.s.i.u.UserCollectionsServiceImpl - 用户是否收藏简历模版开始
2025-12-19 16:40:56.790 [http-nio-8080-exec-3] DEBUG c.z.e.m.m.u.U.selectList - ==>  Preparing: SELECT uid,rtid FROM user_userCollections WHERE (uid = ? AND rtid = ?)
2025-12-19 16:40:56.799 [http-nio-8080-exec-3] DEBUG c.z.e.m.m.u.U.selectList - ==> Parameters: 1(Integer), 1(Integer)
2025-12-19 16:40:56.840 [http-nio-8080-exec-3] DEBUG c.z.e.m.m.u.U.selectList - <==      Total: 0
2025-12-19 16:40:56.841 [http-nio-8080-exec-3] INFO  c.z.e.s.i.u.UserCollectionsServiceImpl - 用户是否收藏简历模版结束
2025-12-19 16:41:44.074 [http-nio-8080-exec-4] DEBUG c.z.e.m.m.user.UserMapper.selectById - ==>  Preparing: SELECT user_id,user_account,user_username,user_email,user_phone,user_password,user_image,user_introduce,user_createdTime,user_loginTime,user_dreamPosition,user_dreamMinMonthSalary,user_dreamMaxMonthSalary,user_dreamWeekWorkDayNum,user_dreamGoodWelfare,user_recruitLocationFirst,user_recruitLocationSecond,user_recruitLocationDetail,user_universityCode FROM user_user WHERE user_id=?
2025-12-19 16:41:44.076 [http-nio-8080-exec-4] DEBUG c.z.e.m.m.user.UserMapper.selectById - ==> Parameters: 1(Integer)
2025-12-19 16:41:44.120 [http-nio-8080-exec-4] DEBUG c.z.e.m.m.user.UserMapper.selectById - <==      Total: 1
2025-12-19 16:41:44.182 [http-nio-8080-exec-4] INFO  c.z.e.s.i.u.UserSaveResumeServiceImpl - 保存用户保存的简历信息开始
2025-12-19 16:41:44.189 [http-nio-8080-exec-4] DEBUG c.z.e.m.m.a.I.selectList - ==>  Preparing: SELECT industryMap_industryCode,industryMap_industryName,industryMap_createdTime AS createdTime,industryMap_updatedTime AS updatedTime FROM general_industryMap WHERE (industryMap_industryName = ?)
2025-12-19 16:41:44.190 [http-nio-8080-exec-4] DEBUG c.z.e.m.m.a.I.selectList - ==> Parameters: 互联网(String)
2025-12-19 16:41:44.229 [http-nio-8080-exec-4] DEBUG c.z.e.m.m.a.I.selectList - <==      Total: 1
2025-12-19 16:41:44.233 [http-nio-8080-exec-4] DEBUG c.z.e.m.m.u.U.selectList - ==>  Preparing: SELECT userSaveResume_id,userSaveResume_resumeName,userSaveResume_industry,userSaveResume_resumeReactCode,userSaveResume_createdTime,userSaveResume_updatedTime,userSaveResume_sortedNum,userSaveResume_userId FROM user_userSaveResume WHERE (userSaveResume_userId = ?) ORDER BY userSaveResume_sortedNum DESC
2025-12-19 16:41:44.235 [http-nio-8080-exec-4] DEBUG c.z.e.m.m.u.U.selectList - ==> Parameters: 1(Integer)
2025-12-19 16:41:44.287 [http-nio-8080-exec-4] DEBUG c.z.e.m.m.u.U.selectList - <==      Total: 1
2025-12-19 16:41:44.302 [http-nio-8080-exec-4] DEBUG c.z.e.m.m.u.U.insert - ==>  Preparing: INSERT INTO user_userSaveResume ( userSaveResume_resumeName, userSaveResume_industry, userSaveResume_resumeReactCode, userSaveResume_createdTime, userSaveResume_updatedTime, userSaveResume_sortedNum, userSaveResume_userId ) VALUES ( ?, ?, ?, ?, ?, ?, ? )
2025-12-19 16:41:44.319 [http-nio-8080-exec-4] DEBUG c.z.e.m.m.u.U.insert - ==> Parameters: aaaaaa(String), 1(Integer), const ResumeTemplate = () => {
  const styles = {
    container: {
      fontFamily: "'Microsoft YaHei', sans-serif",
      maxWidth: '800px',
      margin: '0 auto',
      padding: '40px',
      background: 'white',
    },
    header: {
      textAlign: 'center',
      marginBottom: '30px',
      borderBottom: '2px solid #1890ff',
      paddingBottom: '20px',
    },
    name: {
      fontSize: '28px',
      fontWeight: 'bold',
      color: '#1890ff',
      marginBottom: '10px',
    },
    contact: {
      fontSize: '14px',
      color: '#666',
    },
    section: {
      marginBottom: '25px',
    },
    sectionTitle: {
      fontSize: '18px',
      fontWeight: 'bold',
      color: '#1890ff',
      borderLeft: '4px solid #1890ff',
      paddingLeft: '10px',
      marginBottom: '15px',
    },
    item: {
      marginBottom: '15px',
    },
    itemHeader: {
      display: 'flex',
      justifyContent: 'space-between',
      marginBottom: '5px',
    },
    itemTitle: {
      fontWeight: 'bold',
      fontSize: '15px',
    },
    itemDate: {
      color: '#999',
      fontSize: '13px',
    },
    itemDesc: {
      fontSize: '14px',
      color: '#333',
      lineHeight: '1.6',
    },
    skills: {
      display: 'flex',
      flexWrap: 'wrap',
      gap: '8px',
    },
    skill: {
      background: '#e6f7ff',
      color: '#1890ff',
      padding: '4px 12px',
      borderRadius: '4px',
      fontSize: '13px',
    },
  };

  return (
    <div style={styles.container}>
      <div style={styles.header}>
        <div style={styles.name}>张三</div>
        <div style={styles.contact}>
          📱 138-0000-0000 | ✉️ zhangsan@email.com | 📍 北京市
        </div>
      </div>

      <div style={styles.section}>
        <div style={styles.sectionTitle}>教育背景</div>
        <div style={styles.item}>
          <div style={styles.itemHeader}>
            <span style={styles.itemTitle}>北京大学 · 计算机科学与技术</span>
            <span style={styles.itemDate}>2018.09 - 2022.06</span>
          </div>
          <div style={styles.itemDesc}>本科 | GPA: 3.8/4.0</div>
        </div>
      </div>

      <div style={styles.section}>
        <div style={styles.sectionTitle}>工作经历</div>
        <div style={styles.item}>
          <div style={styles.itemHeader}>
            <span style={styles.itemTitle}>阿里巴巴 · 前端开发工程师</span>
            <span style={styles.itemDate}>2022.07 - 至今</span>
          </div>
          <div style={styles.itemDesc}>
            • 负责淘宝商家后台系统开发，使用 React + TypeScript<br/>
            • 优化页面性能，首屏加载时间降低 40%<br/>
            • 主导组件库建设，提升团队开发效率 30%
          </div>
        </div>
      </div>

      <div style={styles.section}>
        <div style={styles.sectionTitle}>项目经验</div>
        <div style={styles.item}>
          <div style={styles.itemHeader}>
            <span style={styles.itemTitle}>电商管理系统</span>
            <span style={styles.itemDate}>2023.01 - 2023.06</span>
          </div>
          <div style={styles.itemDesc}>
            • 使用 React 18 + Ant Design 搭建后台管理系统<br/>
            • 实现权限管理、数据可视化、订单管理等核心模块<br/>
            • 采用 React Query 优化数据请求，提升用户体验
          </div>
        </div>
      </div>

      <div style={styles.section}>
        <div style={styles.sectionTitle}>专业技能</div>
        <div style={styles.skills}>
          <span style={styles.skill}>React</span>
          <span style={styles.skill}>TypeScript</span>
          <span style={styles.skill}>Vue.js</span>
          <span style={styles.skill}>Node.js</span>
          <span style={styles.skill}>Webpack</span>
          <span style={styles.skill}>Git</span>
        </div>
      </div>
    </div>
  );
};(String), 2025-12-19 16:41:44.23(Timestamp), 2025-12-19 16:41:44.23(Timestamp), 2(Integer), 1(Integer)
2025-12-19 16:41:44.440 [http-nio-8080-exec-4] DEBUG c.z.e.m.m.u.U.insert - <==    Updates: 1
2025-12-19 16:41:44.443 [http-nio-8080-exec-4] INFO  c.z.e.s.i.u.UserSaveResumeServiceImpl - 保存用户保存的简历信息成功
2025-12-19 16:41:44.753 [http-nio-8080-exec-5] DEBUG c.z.e.m.m.user.UserMapper.selectById - ==>  Preparing: SELECT user_id,user_account,user_username,user_email,user_phone,user_password,user_image,user_introduce,user_createdTime,user_loginTime,user_dreamPosition,user_dreamMinMonthSalary,user_dreamMaxMonthSalary,user_dreamWeekWorkDayNum,user_dreamGoodWelfare,user_recruitLocationFirst,user_recruitLocationSecond,user_recruitLocationDetail,user_universityCode FROM user_user WHERE user_id=?
2025-12-19 16:41:44.755 [http-nio-8080-exec-5] DEBUG c.z.e.m.m.user.UserMapper.selectById - ==> Parameters: 1(Integer)
2025-12-19 16:41:44.831 [http-nio-8080-exec-5] DEBUG c.z.e.m.m.user.UserMapper.selectById - <==      Total: 1
2025-12-19 16:41:44.956 [http-nio-8080-exec-5] INFO  c.z.e.s.i.u.UserSaveResumeServiceImpl - 获取用户保存的简历信息开始
2025-12-19 16:41:44.958 [http-nio-8080-exec-5] DEBUG c.z.e.m.m.u.U.selectList - ==>  Preparing: SELECT userSaveResume_id,userSaveResume_resumeName,userSaveResume_industry,userSaveResume_resumeReactCode,userSaveResume_createdTime,userSaveResume_updatedTime,userSaveResume_sortedNum,userSaveResume_userId FROM user_userSaveResume WHERE (userSaveResume_userId = ?) ORDER BY userSaveResume_sortedNum DESC
2025-12-19 16:41:44.960 [http-nio-8080-exec-5] DEBUG c.z.e.m.m.u.U.selectList - ==> Parameters: 1(Integer)
2025-12-19 16:41:45.076 [http-nio-8080-exec-5] DEBUG c.z.e.m.m.u.U.selectList - <==      Total: 2
2025-12-19 16:41:45.078 [http-nio-8080-exec-5] DEBUG c.z.e.m.m.a.I.selectById - ==>  Preparing: SELECT industryMap_industryCode,industryMap_industryName,industryMap_createdTime AS createdTime,industryMap_updatedTime AS updatedTime FROM general_industryMap WHERE industryMap_industryCode=?
2025-12-19 16:41:45.079 [http-nio-8080-exec-5] DEBUG c.z.e.m.m.a.I.selectById - ==> Parameters: 1(Integer)
2025-12-19 16:41:45.162 [http-nio-8080-exec-5] DEBUG c.z.e.m.m.a.I.selectById - <==      Total: 1
2025-12-19 16:41:56.620 [http-nio-8080-exec-6] DEBUG c.z.e.m.m.user.UserMapper.selectById - ==>  Preparing: SELECT user_id,user_account,user_username,user_email,user_phone,user_password,user_image,user_introduce,user_createdTime,user_loginTime,user_dreamPosition,user_dreamMinMonthSalary,user_dreamMaxMonthSalary,user_dreamWeekWorkDayNum,user_dreamGoodWelfare,user_recruitLocationFirst,user_recruitLocationSecond,user_recruitLocationDetail,user_universityCode FROM user_user WHERE user_id=?
2025-12-19 16:41:56.621 [http-nio-8080-exec-6] DEBUG c.z.e.m.m.user.UserMapper.selectById - ==> Parameters: 1(Integer)
2025-12-19 16:41:56.735 [http-nio-8080-exec-6] DEBUG c.z.e.m.m.user.UserMapper.selectById - <==      Total: 1
2025-12-19 16:41:56.800 [http-nio-8080-exec-6] INFO  c.z.e.s.i.u.UserSaveResumeServiceImpl - 删除用户保存的简历信息开始
2025-12-19 16:41:56.805 [http-nio-8080-exec-6] DEBUG c.z.e.m.m.u.U.selectList - ==>  Preparing: SELECT userSaveResume_id,userSaveResume_resumeName,userSaveResume_industry,userSaveResume_resumeReactCode,userSaveResume_createdTime,userSaveResume_updatedTime,userSaveResume_sortedNum,userSaveResume_userId FROM user_userSaveResume WHERE (userSaveResume_userId = ? AND userSaveResume_sortedNum = ?)
2025-12-19 16:41:56.805 [http-nio-8080-exec-6] DEBUG c.z.e.m.m.u.U.selectList - ==> Parameters: 1(Integer), 2(Integer)
2025-12-19 16:41:56.859 [http-nio-8080-exec-6] DEBUG c.z.e.m.m.u.U.selectList - <==      Total: 1
2025-12-19 16:41:56.861 [http-nio-8080-exec-6] INFO  c.z.e.s.i.u.UserDeleteResumeServiceImpl - 将用户保存的简历添加到用户删除简历开始
2025-12-19 16:41:56.865 [http-nio-8080-exec-6] DEBUG c.z.e.m.m.u.U.selectList - ==>  Preparing: SELECT userDeleteResume_id,userDeleteResume_resumeName,userDeleteResume_industry,userDeleteResume_industryName,userDeleteResume_resumeReactCode,userDeleteResume_createdTime,userDeleteResume_updatedTime,userDeleteResume_sortedNum,userDeleteResume_userId,userDeleteResume_deleteTime FROM user_userDeleteResume WHERE (userDeleteResume_userId = ?) ORDER BY userDeleteResume_sortedNum DESC
2025-12-19 16:41:56.866 [http-nio-8080-exec-6] DEBUG c.z.e.m.m.u.U.selectList - ==> Parameters: 1(Integer)
2025-12-19 16:41:56.910 [http-nio-8080-exec-6] DEBUG c.z.e.m.m.u.U.selectList - <==      Total: 1
2025-12-19 16:41:56.910 [http-nio-8080-exec-6] DEBUG c.z.e.m.m.a.I.selectById - ==>  Preparing: SELECT industryMap_industryCode,industryMap_industryName,industryMap_createdTime AS createdTime,industryMap_updatedTime AS updatedTime FROM general_industryMap WHERE industryMap_industryCode=?
2025-12-19 16:41:56.910 [http-nio-8080-exec-6] DEBUG c.z.e.m.m.a.I.selectById - ==> Parameters: 1(Integer)
2025-12-19 16:41:56.952 [http-nio-8080-exec-6] DEBUG c.z.e.m.m.a.I.selectById - <==      Total: 1
2025-12-19 16:41:56.962 [http-nio-8080-exec-6] DEBUG c.z.e.m.m.u.U.insert - ==>  Preparing: INSERT INTO user_userDeleteResume ( userDeleteResume_id, userDeleteResume_resumeName, userDeleteResume_industry, userDeleteResume_industryName, userDeleteResume_resumeReactCode, userDeleteResume_createdTime, userDeleteResume_updatedTime, userDeleteResume_sortedNum, userDeleteResume_userId, userDeleteResume_deleteTime ) VALUES ( ?, ?, ?, ?, ?, ?, ?, ?, ?, ? )
2025-12-19 16:41:56.970 [http-nio-8080-exec-6] DEBUG c.z.e.m.m.u.U.insert - ==> Parameters: 5(Integer), aaaaaa(String), 1(Integer), 互联网(String), const ResumeTemplate = () => {
  const styles = {
    container: {
      fontFamily: "'Microsoft YaHei', sans-serif",
      maxWidth: '800px',
      margin: '0 auto',
      padding: '40px',
      background: 'white',
    },
    header: {
      textAlign: 'center',
      marginBottom: '30px',
      borderBottom: '2px solid #1890ff',
      paddingBottom: '20px',
    },
    name: {
      fontSize: '28px',
      fontWeight: 'bold',
      color: '#1890ff',
      marginBottom: '10px',
    },
    contact: {
      fontSize: '14px',
      color: '#666',
    },
    section: {
      marginBottom: '25px',
    },
    sectionTitle: {
      fontSize: '18px',
      fontWeight: 'bold',
      color: '#1890ff',
      borderLeft: '4px solid #1890ff',
      paddingLeft: '10px',
      marginBottom: '15px',
    },
    item: {
      marginBottom: '15px',
    },
    itemHeader: {
      display: 'flex',
      justifyContent: 'space-between',
      marginBottom: '5px',
    },
    itemTitle: {
      fontWeight: 'bold',
      fontSize: '15px',
    },
    itemDate: {
      color: '#999',
      fontSize: '13px',
    },
    itemDesc: {
      fontSize: '14px',
      color: '#333',
      lineHeight: '1.6',
    },
    skills: {
      display: 'flex',
      flexWrap: 'wrap',
      gap: '8px',
    },
    skill: {
      background: '#e6f7ff',
      color: '#1890ff',
      padding: '4px 12px',
      borderRadius: '4px',
      fontSize: '13px',
    },
  };

  return (
    <div style={styles.container}>
      <div style={styles.header}>
        <div style={styles.name}>张三</div>
        <div style={styles.contact}>
          📱 138-0000-0000 | ✉️ zhangsan@email.com | 📍 北京市
        </div>
      </div>

      <div style={styles.section}>
        <div style={styles.sectionTitle}>教育背景</div>
        <div style={styles.item}>
          <div style={styles.itemHeader}>
            <span style={styles.itemTitle}>北京大学 · 计算机科学与技术</span>
            <span style={styles.itemDate}>2018.09 - 2022.06</span>
          </div>
          <div style={styles.itemDesc}>本科 | GPA: 3.8/4.0</div>
        </div>
      </div>

      <div style={styles.section}>
        <div style={styles.sectionTitle}>工作经历</div>
        <div style={styles.item}>
          <div style={styles.itemHeader}>
            <span style={styles.itemTitle}>阿里巴巴 · 前端开发工程师</span>
            <span style={styles.itemDate}>2022.07 - 至今</span>
          </div>
          <div style={styles.itemDesc}>
            • 负责淘宝商家后台系统开发，使用 React + TypeScript<br/>
            • 优化页面性能，首屏加载时间降低 40%<br/>
            • 主导组件库建设，提升团队开发效率 30%
          </div>
        </div>
      </div>

      <div style={styles.section}>
        <div style={styles.sectionTitle}>项目经验</div>
        <div style={styles.item}>
          <div style={styles.itemHeader}>
            <span style={styles.itemTitle}>电商管理系统</span>
            <span style={styles.itemDate}>2023.01 - 2023.06</span>
          </div>
          <div style={styles.itemDesc}>
            • 使用 React 18 + Ant Design 搭建后台管理系统<br/>
            • 实现权限管理、数据可视化、订单管理等核心模块<br/>
            • 采用 React Query 优化数据请求，提升用户体验
          </div>
        </div>
      </div>

      <div style={styles.section}>
        <div style={styles.sectionTitle}>专业技能</div>
        <div style={styles.skills}>
          <span style={styles.skill}>React</span>
          <span style={styles.skill}>TypeScript</span>
          <span style={styles.skill}>Vue.js</span>
          <span style={styles.skill}>Node.js</span>
          <span style={styles.skill}>Webpack</span>
          <span style={styles.skill}>Git</span>
        </div>
      </div>
    </div>
  );
};(String), 2025-12-19 00:00:00.0(Timestamp), 2025-12-19 00:00:00.0(Timestamp), 2(Integer), 1(Integer), 2025-12-19 16:41:56.954(Timestamp)
2025-12-19 16:41:57.050 [http-nio-8080-exec-6] DEBUG c.z.e.m.m.u.U.insert - <==    Updates: 1
2025-12-19 16:41:57.055 [http-nio-8080-exec-6] DEBUG c.z.e.m.m.u.U.delete - ==>  Preparing: DELETE FROM user_userSaveResume WHERE (userSaveResume_userId = ? AND userSaveResume_sortedNum = ?)
2025-12-19 16:41:57.056 [http-nio-8080-exec-6] DEBUG c.z.e.m.m.u.U.delete - ==> Parameters: 1(Integer), 2(Integer)
2025-12-19 16:41:57.130 [http-nio-8080-exec-6] DEBUG c.z.e.m.m.u.U.delete - <==    Updates: 1
2025-12-19 16:41:57.133 [http-nio-8080-exec-6] DEBUG c.z.e.m.m.u.U.selectList - ==>  Preparing: SELECT userSaveResume_id,userSaveResume_resumeName,userSaveResume_industry,userSaveResume_resumeReactCode,userSaveResume_createdTime,userSaveResume_updatedTime,userSaveResume_sortedNum,userSaveResume_userId FROM user_userSaveResume WHERE (userSaveResume_userId = ? AND userSaveResume_sortedNum > ?) ORDER BY userSaveResume_sortedNum ASC
2025-12-19 16:41:57.134 [http-nio-8080-exec-6] DEBUG c.z.e.m.m.u.U.selectList - ==> Parameters: 1(Integer), 2(Integer)
2025-12-19 16:41:57.173 [http-nio-8080-exec-6] DEBUG c.z.e.m.m.u.U.selectList - <==      Total: 0
2025-12-19 16:41:57.173 [http-nio-8080-exec-6] INFO  c.z.e.s.i.u.UserSaveResumeServiceImpl - 删除用户保存的简历信息成功
2025-12-19 16:41:57.314 [http-nio-8080-exec-7] DEBUG c.z.e.m.m.user.UserMapper.selectById - ==>  Preparing: SELECT user_id,user_account,user_username,user_email,user_phone,user_password,user_image,user_introduce,user_createdTime,user_loginTime,user_dreamPosition,user_dreamMinMonthSalary,user_dreamMaxMonthSalary,user_dreamWeekWorkDayNum,user_dreamGoodWelfare,user_recruitLocationFirst,user_recruitLocationSecond,user_recruitLocationDetail,user_universityCode FROM user_user WHERE user_id=?
2025-12-19 16:41:57.314 [http-nio-8080-exec-7] DEBUG c.z.e.m.m.user.UserMapper.selectById - ==> Parameters: 1(Integer)
2025-12-19 16:41:57.359 [http-nio-8080-exec-7] DEBUG c.z.e.m.m.user.UserMapper.selectById - <==      Total: 1
2025-12-19 16:41:57.417 [http-nio-8080-exec-7] INFO  c.z.e.s.i.u.UserSaveResumeServiceImpl - 获取用户保存的简历信息开始
2025-12-19 16:41:57.418 [http-nio-8080-exec-7] DEBUG c.z.e.m.m.u.U.selectList - ==>  Preparing: SELECT userSaveResume_id,userSaveResume_resumeName,userSaveResume_industry,userSaveResume_resumeReactCode,userSaveResume_createdTime,userSaveResume_updatedTime,userSaveResume_sortedNum,userSaveResume_userId FROM user_userSaveResume WHERE (userSaveResume_userId = ?) ORDER BY userSaveResume_sortedNum DESC
2025-12-19 16:41:57.419 [http-nio-8080-exec-7] DEBUG c.z.e.m.m.u.U.selectList - ==> Parameters: 1(Integer)
2025-12-19 16:41:57.461 [http-nio-8080-exec-7] DEBUG c.z.e.m.m.u.U.selectList - <==      Total: 1
2025-12-19 16:41:57.462 [http-nio-8080-exec-7] DEBUG c.z.e.m.m.a.I.selectById - ==>  Preparing: SELECT industryMap_industryCode,industryMap_industryName,industryMap_createdTime AS createdTime,industryMap_updatedTime AS updatedTime FROM general_industryMap WHERE industryMap_industryCode=?
2025-12-19 16:41:57.463 [http-nio-8080-exec-7] DEBUG c.z.e.m.m.a.I.selectById - ==> Parameters: 1(Integer)
2025-12-19 16:41:57.501 [http-nio-8080-exec-7] DEBUG c.z.e.m.m.a.I.selectById - <==      Total: 1
2025-12-19 16:41:59.755 [http-nio-8080-exec-8] DEBUG c.z.e.m.m.user.UserMapper.selectById - ==>  Preparing: SELECT user_id,user_account,user_username,user_email,user_phone,user_password,user_image,user_introduce,user_createdTime,user_loginTime,user_dreamPosition,user_dreamMinMonthSalary,user_dreamMaxMonthSalary,user_dreamWeekWorkDayNum,user_dreamGoodWelfare,user_recruitLocationFirst,user_recruitLocationSecond,user_recruitLocationDetail,user_universityCode FROM user_user WHERE user_id=?
2025-12-19 16:41:59.759 [http-nio-8080-exec-8] DEBUG c.z.e.m.m.user.UserMapper.selectById - ==> Parameters: 1(Integer)
2025-12-19 16:41:59.805 [http-nio-8080-exec-8] DEBUG c.z.e.m.m.user.UserMapper.selectById - <==      Total: 1
2025-12-19 16:41:59.857 [http-nio-8080-exec-8] INFO  c.z.e.s.i.u.UserDeleteResumeServiceImpl - 根据用户id查询用户删除简历信息开始
2025-12-19 16:41:59.859 [http-nio-8080-exec-8] DEBUG c.z.e.m.m.u.U.selectList - ==>  Preparing: SELECT userDeleteResume_id,userDeleteResume_resumeName,userDeleteResume_industry,userDeleteResume_industryName,userDeleteResume_resumeReactCode,userDeleteResume_createdTime,userDeleteResume_updatedTime,userDeleteResume_sortedNum,userDeleteResume_userId,userDeleteResume_deleteTime FROM user_userDeleteResume WHERE (userDeleteResume_userId = ?) ORDER BY userDeleteResume_sortedNum DESC
2025-12-19 16:41:59.867 [http-nio-8080-exec-8] DEBUG c.z.e.m.m.u.U.selectList - ==> Parameters: 1(Integer)
2025-12-19 16:42:00.019 [http-nio-8080-exec-8] DEBUG c.z.e.m.m.u.U.selectList - <==      Total: 2
2025-12-19 16:42:07.743 [http-nio-8080-exec-9] DEBUG c.z.e.m.m.user.UserMapper.selectById - ==>  Preparing: SELECT user_id,user_account,user_username,user_email,user_phone,user_password,user_image,user_introduce,user_createdTime,user_loginTime,user_dreamPosition,user_dreamMinMonthSalary,user_dreamMaxMonthSalary,user_dreamWeekWorkDayNum,user_dreamGoodWelfare,user_recruitLocationFirst,user_recruitLocationSecond,user_recruitLocationDetail,user_universityCode FROM user_user WHERE user_id=?
2025-12-19 16:42:07.744 [http-nio-8080-exec-9] DEBUG c.z.e.m.m.user.UserMapper.selectById - ==> Parameters: 1(Integer)
2025-12-19 16:42:07.792 [http-nio-8080-exec-9] DEBUG c.z.e.m.m.user.UserMapper.selectById - <==      Total: 1
2025-12-19 16:42:07.895 [http-nio-8080-exec-9] INFO  c.z.e.s.i.u.UserDeleteResumeServiceImpl - 将用户删除简历添加到用户保存简历开始
2025-12-19 16:42:07.910 [http-nio-8080-exec-9] DEBUG c.z.e.m.m.u.U.selectList - ==>  Preparing: SELECT userSaveResume_id,userSaveResume_resumeName,userSaveResume_industry,userSaveResume_resumeReactCode,userSaveResume_createdTime,userSaveResume_updatedTime,userSaveResume_sortedNum,userSaveResume_userId FROM user_userSaveResume WHERE (userSaveResume_userId = ?) ORDER BY userSaveResume_sortedNum DESC
2025-12-19 16:42:07.912 [http-nio-8080-exec-9] DEBUG c.z.e.m.m.u.U.selectList - ==> Parameters: 1(Integer)
2025-12-19 16:42:08.017 [http-nio-8080-exec-9] DEBUG c.z.e.m.m.u.U.selectList - <==      Total: 1
2025-12-19 16:42:08.023 [http-nio-8080-exec-9] DEBUG c.z.e.m.m.a.I.selectList - ==>  Preparing: SELECT industryMap_industryCode,industryMap_industryName,industryMap_createdTime AS createdTime,industryMap_updatedTime AS updatedTime FROM general_industryMap WHERE (industryMap_industryName = ?)
2025-12-19 16:42:08.024 [http-nio-8080-exec-9] DEBUG c.z.e.m.m.a.I.selectList - ==> Parameters: 互联网(String)
2025-12-19 16:42:08.099 [http-nio-8080-exec-9] DEBUG c.z.e.m.m.a.I.selectList - <==      Total: 1
2025-12-19 16:42:08.103 [http-nio-8080-exec-9] DEBUG c.z.e.m.m.u.U.insert - ==>  Preparing: INSERT INTO user_userSaveResume ( userSaveResume_resumeName, userSaveResume_industry, userSaveResume_resumeReactCode, userSaveResume_createdTime, userSaveResume_updatedTime, userSaveResume_sortedNum, userSaveResume_userId ) VALUES ( ?, ?, ?, ?, ?, ?, ? )
2025-12-19 16:42:08.110 [http-nio-8080-exec-9] DEBUG c.z.e.m.m.u.U.insert - ==> Parameters: 111(String), 1(Integer), const ResumeTemplate = () => {
  const styles = {
    container: {
      fontFamily: "'Microsoft YaHei', sans-serif",
      maxWidth: '800px',
      margin: '0 auto',
      padding: '40px',
      background: 'white',
    },
    header: {
      textAlign: 'center',
      marginBottom: '30px',
      borderBottom: '2px solid #1890ff',
      paddingBottom: '20px',
    },
    name: {
      fontSize: '28px',
      fontWeight: 'bold',
      color: '#1890ff',
      marginBottom: '10px',
    },
    contact: {
      fontSize: '14px',
      color: '#666',
    },
    section: {
      marginBottom: '25px',
    },
    sectionTitle: {
      fontSize: '18px',
      fontWeight: 'bold',
      color: '#1890ff',
      borderLeft: '4px solid #1890ff',
      paddingLeft: '10px',
      marginBottom: '15px',
    },
    item: {
      marginBottom: '15px',
    },
    itemHeader: {
      display: 'flex',
      justifyContent: 'space-between',
      marginBottom: '5px',
    },
    itemTitle: {
      fontWeight: 'bold',
      fontSize: '15px',
    },
    itemDate: {
      color: '#999',
      fontSize: '13px',
    },
    itemDesc: {
      fontSize: '14px',
      color: '#333',
      lineHeight: '1.6',
    },
    skills: {
      display: 'flex',
      flexWrap: 'wrap',
      gap: '8px',
    },
    skill: {
      background: '#e6f7ff',
      color: '#1890ff',
      padding: '4px 12px',
      borderRadius: '4px',
      fontSize: '13px',
    },
  };

  return (
    <div style={styles.container}>
      <div style={styles.header}>
        <div style={styles.name}>张三</div>
        <div style={styles.contact}>
          📱 138-0000-0000 | ✉️ zhangsan@email.com | 📍 北京市
        </div>
      </div>

      <div style={styles.section}>
        <div style={styles.sectionTitle}>教育背景</div>
        <div style={styles.item}>
          <div style={styles.itemHeader}>
            <span style={styles.itemTitle}>北京大学 · 计算机科学与技术</span>
            <span style={styles.itemDate}>2018.09 - 2022.06</span>
          </div>
          <div style={styles.itemDesc}>本科 | GPA: 3.8/4.0</div>
        </div>
      </div>

      <div style={styles.section}>
        <div style={styles.sectionTitle}>工作经历</div>
        <div style={styles.item}>
          <div style={styles.itemHeader}>
            <span style={styles.itemTitle}>阿里巴巴 · 前端开发工程师</span>
            <span style={styles.itemDate}>2022.07 - 至今</span>
          </div>
          <div style={styles.itemDesc}>
            • 负责淘宝商家后台系统开发，使用 React + TypeScript<br/>
            • 优化页面性能，首屏加载时间降低 40%<br/>
            • 主导组件库建设，提升团队开发效率 30%
          </div>
        </div>
      </div>

      <div style={styles.section}>
        <div style={styles.sectionTitle}>项目经验</div>
        <div style={styles.item}>
          <div style={styles.itemHeader}>
            <span style={styles.itemTitle}>电商管理系统</span>
            <span style={styles.itemDate}>2023.01 - 2023.06</span>
          </div>
          <div style={styles.itemDesc}>
            • 使用 React 18 + Ant Design 搭建后台管理系统<br/>
            • 实现权限管理、数据可视化、订单管理等核心模块<br/>
            • 采用 React Query 优化数据请求，提升用户体验
          </div>
        </div>
      </div>

      <div style={styles.section}>
        <div style={styles.sectionTitle}>专业技能</div>
        <div style={styles.skills}>
          <span style={styles.skill}>React</span>
          <span style={styles.skill}>TypeScript</span>
          <span style={styles.skill}>Vue.js</span>
          <span style={styles.skill}>Node.js</span>
          <span style={styles.skill}>Webpack</span>
          <span style={styles.skill}>Git</span>
        </div>
      </div>
    </div>
  );
};(String), 2025-12-19 00:00:00.0(Timestamp), 2025-12-19 00:00:00.0(Timestamp), 2(Integer), 1(Integer)
2025-12-19 16:42:08.256 [http-nio-8080-exec-9] DEBUG c.z.e.m.m.u.U.insert - <==    Updates: 1
2025-12-19 16:42:08.257 [http-nio-8080-exec-9] INFO  c.z.e.s.i.u.UserDeleteResumeServiceImpl - 将用户删除简历添加到用户保存简历成功
2025-12-19 16:42:08.416 [http-nio-8080-exec-10] DEBUG c.z.e.m.m.user.UserMapper.selectById - ==>  Preparing: SELECT user_id,user_account,user_username,user_email,user_phone,user_password,user_image,user_introduce,user_createdTime,user_loginTime,user_dreamPosition,user_dreamMinMonthSalary,user_dreamMaxMonthSalary,user_dreamWeekWorkDayNum,user_dreamGoodWelfare,user_recruitLocationFirst,user_recruitLocationSecond,user_recruitLocationDetail,user_universityCode FROM user_user WHERE user_id=?
2025-12-19 16:42:08.417 [http-nio-8080-exec-10] DEBUG c.z.e.m.m.user.UserMapper.selectById - ==> Parameters: 1(Integer)
2025-12-19 16:42:08.458 [http-nio-8080-exec-10] DEBUG c.z.e.m.m.user.UserMapper.selectById - <==      Total: 1
2025-12-19 16:42:08.507 [http-nio-8080-exec-10] INFO  c.z.e.s.i.u.UserDeleteResumeServiceImpl - 根据用户id查询用户删除简历信息开始
2025-12-19 16:42:08.512 [http-nio-8080-exec-10] DEBUG c.z.e.m.m.u.U.selectList - ==>  Preparing: SELECT userDeleteResume_id,userDeleteResume_resumeName,userDeleteResume_industry,userDeleteResume_industryName,userDeleteResume_resumeReactCode,userDeleteResume_createdTime,userDeleteResume_updatedTime,userDeleteResume_sortedNum,userDeleteResume_userId,userDeleteResume_deleteTime FROM user_userDeleteResume WHERE (userDeleteResume_userId = ?) ORDER BY userDeleteResume_sortedNum DESC
2025-12-19 16:42:08.513 [http-nio-8080-exec-10] DEBUG c.z.e.m.m.u.U.selectList - ==> Parameters: 1(Integer)
2025-12-19 16:42:08.633 [http-nio-8080-exec-10] DEBUG c.z.e.m.m.u.U.selectList - <==      Total: 2
2025-12-19 16:42:12.297 [http-nio-8080-exec-2] DEBUG c.z.e.m.m.user.UserMapper.selectById - ==>  Preparing: SELECT user_id,user_account,user_username,user_email,user_phone,user_password,user_image,user_introduce,user_createdTime,user_loginTime,user_dreamPosition,user_dreamMinMonthSalary,user_dreamMaxMonthSalary,user_dreamWeekWorkDayNum,user_dreamGoodWelfare,user_recruitLocationFirst,user_recruitLocationSecond,user_recruitLocationDetail,user_universityCode FROM user_user WHERE user_id=?
2025-12-19 16:42:12.297 [http-nio-8080-exec-1] DEBUG c.z.e.m.m.user.UserMapper.selectById - ==>  Preparing: SELECT user_id,user_account,user_username,user_email,user_phone,user_password,user_image,user_introduce,user_createdTime,user_loginTime,user_dreamPosition,user_dreamMinMonthSalary,user_dreamMaxMonthSalary,user_dreamWeekWorkDayNum,user_dreamGoodWelfare,user_recruitLocationFirst,user_recruitLocationSecond,user_recruitLocationDetail,user_universityCode FROM user_user WHERE user_id=?
2025-12-19 16:42:12.298 [http-nio-8080-exec-2] DEBUG c.z.e.m.m.user.UserMapper.selectById - ==> Parameters: 1(Integer)
2025-12-19 16:42:12.298 [http-nio-8080-exec-1] DEBUG c.z.e.m.m.user.UserMapper.selectById - ==> Parameters: 1(Integer)
2025-12-19 16:42:12.429 [http-nio-8080-exec-2] DEBUG c.z.e.m.m.user.UserMapper.selectById - <==      Total: 1
2025-12-19 16:42:12.441 [http-nio-8080-exec-1] DEBUG c.z.e.m.m.user.UserMapper.selectById - <==      Total: 1
2025-12-19 16:42:12.470 [http-nio-8080-exec-2] INFO  c.z.e.s.impl.user.UserServiceImpl - 根据用户id查询用户信息开始
2025-12-19 16:42:12.470 [http-nio-8080-exec-2] DEBUG c.z.e.m.m.user.UserMapper.selectById - ==>  Preparing: SELECT user_id,user_account,user_username,user_email,user_phone,user_password,user_image,user_introduce,user_createdTime,user_loginTime,user_dreamPosition,user_dreamMinMonthSalary,user_dreamMaxMonthSalary,user_dreamWeekWorkDayNum,user_dreamGoodWelfare,user_recruitLocationFirst,user_recruitLocationSecond,user_recruitLocationDetail,user_universityCode FROM user_user WHERE user_id=?
2025-12-19 16:42:12.470 [http-nio-8080-exec-2] DEBUG c.z.e.m.m.user.UserMapper.selectById - ==> Parameters: 1(String)
2025-12-19 16:42:12.480 [http-nio-8080-exec-1] INFO  c.z.e.s.i.u.UserDeleteResumeServiceImpl - 根据用户id查询用户删除简历信息开始
2025-12-19 16:42:12.482 [http-nio-8080-exec-1] DEBUG c.z.e.m.m.u.U.selectList - ==>  Preparing: SELECT userDeleteResume_id,userDeleteResume_resumeName,userDeleteResume_industry,userDeleteResume_industryName,userDeleteResume_resumeReactCode,userDeleteResume_createdTime,userDeleteResume_updatedTime,userDeleteResume_sortedNum,userDeleteResume_userId,userDeleteResume_deleteTime FROM user_userDeleteResume WHERE (userDeleteResume_userId = ?) ORDER BY userDeleteResume_sortedNum DESC
2025-12-19 16:42:12.483 [http-nio-8080-exec-1] DEBUG c.z.e.m.m.u.U.selectList - ==> Parameters: 1(Integer)
2025-12-19 16:42:12.509 [http-nio-8080-exec-2] DEBUG c.z.e.m.m.user.UserMapper.selectById - <==      Total: 1
2025-12-19 16:42:12.534 [http-nio-8080-exec-1] DEBUG c.z.e.m.m.u.U.selectList - <==      Total: 2
2025-12-19 16:42:12.703 [http-nio-8080-exec-3] DEBUG c.z.e.m.m.user.UserMapper.selectById - ==>  Preparing: SELECT user_id,user_account,user_username,user_email,user_phone,user_password,user_image,user_introduce,user_createdTime,user_loginTime,user_dreamPosition,user_dreamMinMonthSalary,user_dreamMaxMonthSalary,user_dreamWeekWorkDayNum,user_dreamGoodWelfare,user_recruitLocationFirst,user_recruitLocationSecond,user_recruitLocationDetail,user_universityCode FROM user_user WHERE user_id=?
2025-12-19 16:42:12.703 [http-nio-8080-exec-3] DEBUG c.z.e.m.m.user.UserMapper.selectById - ==> Parameters: 1(Integer)
2025-12-19 16:42:12.714 [http-nio-8080-exec-4] DEBUG c.z.e.m.m.user.UserMapper.selectById - ==>  Preparing: SELECT user_id,user_account,user_username,user_email,user_phone,user_password,user_image,user_introduce,user_createdTime,user_loginTime,user_dreamPosition,user_dreamMinMonthSalary,user_dreamMaxMonthSalary,user_dreamWeekWorkDayNum,user_dreamGoodWelfare,user_recruitLocationFirst,user_recruitLocationSecond,user_recruitLocationDetail,user_universityCode FROM user_user WHERE user_id=?
2025-12-19 16:42:12.728 [http-nio-8080-exec-4] DEBUG c.z.e.m.m.user.UserMapper.selectById - ==> Parameters: 1(Integer)
2025-12-19 16:42:12.742 [http-nio-8080-exec-3] DEBUG c.z.e.m.m.user.UserMapper.selectById - <==      Total: 1
2025-12-19 16:42:12.809 [http-nio-8080-exec-3] INFO  c.z.e.s.i.u.UserDeleteResumeServiceImpl - 根据用户id查询用户删除简历信息开始
2025-12-19 16:42:12.812 [http-nio-8080-exec-3] DEBUG c.z.e.m.m.u.U.selectList - ==>  Preparing: SELECT userDeleteResume_id,userDeleteResume_resumeName,userDeleteResume_industry,userDeleteResume_industryName,userDeleteResume_resumeReactCode,userDeleteResume_createdTime,userDeleteResume_updatedTime,userDeleteResume_sortedNum,userDeleteResume_userId,userDeleteResume_deleteTime FROM user_userDeleteResume WHERE (userDeleteResume_userId = ?) ORDER BY userDeleteResume_sortedNum DESC
2025-12-19 16:42:12.812 [http-nio-8080-exec-3] DEBUG c.z.e.m.m.u.U.selectList - ==> Parameters: 1(Integer)
2025-12-19 16:42:12.813 [http-nio-8080-exec-4] DEBUG c.z.e.m.m.user.UserMapper.selectById - <==      Total: 1
2025-12-19 16:42:12.921 [http-nio-8080-exec-4] INFO  c.z.e.s.impl.user.UserServiceImpl - 根据用户id查询用户信息开始
2025-12-19 16:42:12.921 [http-nio-8080-exec-4] DEBUG c.z.e.m.m.user.UserMapper.selectById - ==>  Preparing: SELECT user_id,user_account,user_username,user_email,user_phone,user_password,user_image,user_introduce,user_createdTime,user_loginTime,user_dreamPosition,user_dreamMinMonthSalary,user_dreamMaxMonthSalary,user_dreamWeekWorkDayNum,user_dreamGoodWelfare,user_recruitLocationFirst,user_recruitLocationSecond,user_recruitLocationDetail,user_universityCode FROM user_user WHERE user_id=?
2025-12-19 16:42:12.921 [http-nio-8080-exec-4] DEBUG c.z.e.m.m.user.UserMapper.selectById - ==> Parameters: 1(String)
2025-12-19 16:42:12.922 [http-nio-8080-exec-3] DEBUG c.z.e.m.m.u.U.selectList - <==      Total: 2
2025-12-19 16:42:12.990 [http-nio-8080-exec-4] DEBUG c.z.e.m.m.user.UserMapper.selectById - <==      Total: 1
2025-12-19 16:42:14.572 [http-nio-8080-exec-5] DEBUG c.z.e.m.m.user.UserMapper.selectById - ==>  Preparing: SELECT user_id,user_account,user_username,user_email,user_phone,user_password,user_image,user_introduce,user_createdTime,user_loginTime,user_dreamPosition,user_dreamMinMonthSalary,user_dreamMaxMonthSalary,user_dreamWeekWorkDayNum,user_dreamGoodWelfare,user_recruitLocationFirst,user_recruitLocationSecond,user_recruitLocationDetail,user_universityCode FROM user_user WHERE user_id=?
2025-12-19 16:42:14.572 [http-nio-8080-exec-5] DEBUG c.z.e.m.m.user.UserMapper.selectById - ==> Parameters: 1(Integer)
2025-12-19 16:42:14.613 [http-nio-8080-exec-5] DEBUG c.z.e.m.m.user.UserMapper.selectById - <==      Total: 1
2025-12-19 16:42:14.653 [http-nio-8080-exec-5] INFO  c.z.e.s.i.u.UserSaveResumeServiceImpl - 获取用户保存的简历信息开始
2025-12-19 16:42:14.654 [http-nio-8080-exec-5] DEBUG c.z.e.m.m.u.U.selectList - ==>  Preparing: SELECT userSaveResume_id,userSaveResume_resumeName,userSaveResume_industry,userSaveResume_resumeReactCode,userSaveResume_createdTime,userSaveResume_updatedTime,userSaveResume_sortedNum,userSaveResume_userId FROM user_userSaveResume WHERE (userSaveResume_userId = ?) ORDER BY userSaveResume_sortedNum DESC
2025-12-19 16:42:14.655 [http-nio-8080-exec-5] DEBUG c.z.e.m.m.u.U.selectList - ==> Parameters: 1(Integer)
2025-12-19 16:42:14.710 [http-nio-8080-exec-5] DEBUG c.z.e.m.m.u.U.selectList - <==      Total: 2
2025-12-19 16:42:14.711 [http-nio-8080-exec-5] DEBUG c.z.e.m.m.a.I.selectById - ==>  Preparing: SELECT industryMap_industryCode,industryMap_industryName,industryMap_createdTime AS createdTime,industryMap_updatedTime AS updatedTime FROM general_industryMap WHERE industryMap_industryCode=?
2025-12-19 16:42:14.711 [http-nio-8080-exec-5] DEBUG c.z.e.m.m.a.I.selectById - ==> Parameters: 1(Integer)
2025-12-19 16:42:14.750 [http-nio-8080-exec-5] DEBUG c.z.e.m.m.a.I.selectById - <==      Total: 1
2025-12-19 16:42:16.430 [http-nio-8080-exec-6] DEBUG c.z.e.m.m.user.UserMapper.selectById - ==>  Preparing: SELECT user_id,user_account,user_username,user_email,user_phone,user_password,user_image,user_introduce,user_createdTime,user_loginTime,user_dreamPosition,user_dreamMinMonthSalary,user_dreamMaxMonthSalary,user_dreamWeekWorkDayNum,user_dreamGoodWelfare,user_recruitLocationFirst,user_recruitLocationSecond,user_recruitLocationDetail,user_universityCode FROM user_user WHERE user_id=?
2025-12-19 16:42:16.433 [http-nio-8080-exec-6] DEBUG c.z.e.m.m.user.UserMapper.selectById - ==> Parameters: 1(Integer)
2025-12-19 16:42:16.600 [http-nio-8080-exec-6] DEBUG c.z.e.m.m.user.UserMapper.selectById - <==      Total: 1
2025-12-19 16:42:16.694 [http-nio-8080-exec-6] INFO  c.z.e.s.i.u.UserDeleteResumeServiceImpl - 根据用户id查询用户删除简历信息开始
2025-12-19 16:42:16.696 [http-nio-8080-exec-6] DEBUG c.z.e.m.m.u.U.selectList - ==>  Preparing: SELECT userDeleteResume_id,userDeleteResume_resumeName,userDeleteResume_industry,userDeleteResume_industryName,userDeleteResume_resumeReactCode,userDeleteResume_createdTime,userDeleteResume_updatedTime,userDeleteResume_sortedNum,userDeleteResume_userId,userDeleteResume_deleteTime FROM user_userDeleteResume WHERE (userDeleteResume_userId = ?) ORDER BY userDeleteResume_sortedNum DESC
2025-12-19 16:42:16.696 [http-nio-8080-exec-6] DEBUG c.z.e.m.m.u.U.selectList - ==> Parameters: 1(Integer)
2025-12-19 16:42:16.781 [http-nio-8080-exec-6] DEBUG c.z.e.m.m.u.U.selectList - <==      Total: 2
2025-12-19 16:53:43.809 [http-nio-8080-exec-7] DEBUG c.z.e.m.m.user.UserMapper.selectById - ==>  Preparing: SELECT user_id,user_account,user_username,user_email,user_phone,user_password,user_image,user_introduce,user_createdTime,user_loginTime,user_dreamPosition,user_dreamMinMonthSalary,user_dreamMaxMonthSalary,user_dreamWeekWorkDayNum,user_dreamGoodWelfare,user_recruitLocationFirst,user_recruitLocationSecond,user_recruitLocationDetail,user_universityCode FROM user_user WHERE user_id=?
2025-12-19 16:53:43.810 [http-nio-8080-exec-7] DEBUG c.z.e.m.m.user.UserMapper.selectById - ==> Parameters: 1(Integer)
2025-12-19 16:53:43.851 [http-nio-8080-exec-7] DEBUG c.z.e.m.m.user.UserMapper.selectById - <==      Total: 1
2025-12-19 16:53:43.891 [http-nio-8080-exec-7] INFO  c.z.e.s.i.u.UserDeleteResumeServiceImpl - 根据用户id查询用户删除简历信息开始
2025-12-19 16:53:43.895 [http-nio-8080-exec-7] DEBUG c.z.e.m.m.u.U.selectList - ==>  Preparing: SELECT userDeleteResume_id,userDeleteResume_resumeName,userDeleteResume_industry,userDeleteResume_industryName,userDeleteResume_resumeReactCode,userDeleteResume_createdTime,userDeleteResume_updatedTime,userDeleteResume_sortedNum,userDeleteResume_userId,userDeleteResume_deleteTime FROM user_userDeleteResume WHERE (userDeleteResume_userId = ?) ORDER BY userDeleteResume_sortedNum DESC
2025-12-19 16:53:43.896 [http-nio-8080-exec-7] DEBUG c.z.e.m.m.u.U.selectList - ==> Parameters: 1(Integer)
2025-12-19 16:53:43.943 [http-nio-8080-exec-7] DEBUG c.z.e.m.m.u.U.selectList - <==      Total: 2
2025-12-19 16:57:14.778 [http-nio-8080-exec-8] DEBUG c.z.e.m.m.user.UserMapper.selectById - ==>  Preparing: SELECT user_id,user_account,user_username,user_email,user_phone,user_password,user_image,user_introduce,user_createdTime,user_loginTime,user_dreamPosition,user_dreamMinMonthSalary,user_dreamMaxMonthSalary,user_dreamWeekWorkDayNum,user_dreamGoodWelfare,user_recruitLocationFirst,user_recruitLocationSecond,user_recruitLocationDetail,user_universityCode FROM user_user WHERE user_id=?
2025-12-19 16:57:14.779 [http-nio-8080-exec-8] DEBUG c.z.e.m.m.user.UserMapper.selectById - ==> Parameters: 1(Integer)
2025-12-19 16:57:14.836 [http-nio-8080-exec-8] DEBUG c.z.e.m.m.user.UserMapper.selectById - <==      Total: 1
2025-12-19 16:57:14.933 [http-nio-8080-exec-8] INFO  c.z.e.s.i.u.UserSaveResumeServiceImpl - 获取用户保存的简历信息开始
2025-12-19 16:57:14.936 [http-nio-8080-exec-8] DEBUG c.z.e.m.m.u.U.selectList - ==>  Preparing: SELECT userSaveResume_id,userSaveResume_resumeName,userSaveResume_industry,userSaveResume_resumeReactCode,userSaveResume_createdTime,userSaveResume_updatedTime,userSaveResume_sortedNum,userSaveResume_userId FROM user_userSaveResume WHERE (userSaveResume_userId = ?) ORDER BY userSaveResume_sortedNum DESC
2025-12-19 16:57:14.936 [http-nio-8080-exec-8] DEBUG c.z.e.m.m.u.U.selectList - ==> Parameters: 1(Integer)
2025-12-19 16:57:15.054 [http-nio-8080-exec-8] DEBUG c.z.e.m.m.u.U.selectList - <==      Total: 2
2025-12-19 16:57:15.056 [http-nio-8080-exec-8] DEBUG c.z.e.m.m.a.I.selectById - ==>  Preparing: SELECT industryMap_industryCode,industryMap_industryName,industryMap_createdTime AS createdTime,industryMap_updatedTime AS updatedTime FROM general_industryMap WHERE industryMap_industryCode=?
2025-12-19 16:57:15.056 [http-nio-8080-exec-8] DEBUG c.z.e.m.m.a.I.selectById - ==> Parameters: 1(Integer)
2025-12-19 16:57:15.139 [http-nio-8080-exec-8] DEBUG c.z.e.m.m.a.I.selectById - <==      Total: 1
2025-12-19 16:57:15.937 [http-nio-8080-exec-10] DEBUG c.z.e.m.m.user.UserMapper.selectById - ==>  Preparing: SELECT user_id,user_account,user_username,user_email,user_phone,user_password,user_image,user_introduce,user_createdTime,user_loginTime,user_dreamPosition,user_dreamMinMonthSalary,user_dreamMaxMonthSalary,user_dreamWeekWorkDayNum,user_dreamGoodWelfare,user_recruitLocationFirst,user_recruitLocationSecond,user_recruitLocationDetail,user_universityCode FROM user_user WHERE user_id=?
2025-12-19 16:57:15.938 [http-nio-8080-exec-10] DEBUG c.z.e.m.m.user.UserMapper.selectById - ==> Parameters: 1(Integer)
2025-12-19 16:57:16.009 [http-nio-8080-exec-10] DEBUG c.z.e.m.m.user.UserMapper.selectById - <==      Total: 1
2025-12-19 16:57:16.048 [http-nio-8080-exec-9] DEBUG c.z.e.m.m.user.UserMapper.selectById - ==>  Preparing: SELECT user_id,user_account,user_username,user_email,user_phone,user_password,user_image,user_introduce,user_createdTime,user_loginTime,user_dreamPosition,user_dreamMinMonthSalary,user_dreamMaxMonthSalary,user_dreamWeekWorkDayNum,user_dreamGoodWelfare,user_recruitLocationFirst,user_recruitLocationSecond,user_recruitLocationDetail,user_universityCode FROM user_user WHERE user_id=?
2025-12-19 16:57:16.049 [http-nio-8080-exec-9] DEBUG c.z.e.m.m.user.UserMapper.selectById - ==> Parameters: 1(Integer)
2025-12-19 16:57:16.204 [http-nio-8080-exec-9] DEBUG c.z.e.m.m.user.UserMapper.selectById - <==      Total: 1
2025-12-19 16:57:16.238 [http-nio-8080-exec-10] DEBUG c.z.e.m.m.a.I.selectList - ==>  Preparing: SELECT industryMap_industryCode,industryMap_industryName,industryMap_createdTime AS createdTime,industryMap_updatedTime AS updatedTime FROM general_industryMap
2025-12-19 16:57:16.239 [http-nio-8080-exec-10] DEBUG c.z.e.m.m.a.I.selectList - ==> Parameters: 
2025-12-19 16:57:16.320 [http-nio-8080-exec-10] DEBUG c.z.e.m.m.a.I.selectList - <==      Total: 2
2025-12-19 16:57:16.321 [http-nio-8080-exec-9] DEBUG c.z.e.m.m.a.R.selectList - ==>  Preparing: SELECT resumeTemplate_id,resumeTemplate_name,resumeTemplate_reactCode,resumeTemplate_industry,resumeTemplate_isActive,resumeTemplate_createdTime,resumeTemplate_updatedTime,deleted FROM general_resumeTemplate WHERE deleted=0 AND (deleted = ?)
2025-12-19 16:57:16.353 [http-nio-8080-exec-9] DEBUG c.z.e.m.m.a.R.selectList - ==> Parameters: 0(Integer)
2025-12-19 16:57:16.405 [http-nio-8080-exec-9] DEBUG c.z.e.m.m.a.R.selectList - <==      Total: 1
2025-12-19 16:57:16.407 [http-nio-8080-exec-9] DEBUG c.z.e.m.m.a.I.selectById - ==>  Preparing: SELECT industryMap_industryCode,industryMap_industryName,industryMap_createdTime AS createdTime,industryMap_updatedTime AS updatedTime FROM general_industryMap WHERE industryMap_industryCode=?
2025-12-19 16:57:16.407 [http-nio-8080-exec-9] DEBUG c.z.e.m.m.a.I.selectById - ==> Parameters: 1(Integer)
2025-12-19 16:57:16.445 [http-nio-8080-exec-9] DEBUG c.z.e.m.m.a.I.selectById - <==      Total: 1
2025-12-19 16:57:17.071 [http-nio-8080-exec-2] DEBUG c.z.e.m.m.user.UserMapper.selectById - ==>  Preparing: SELECT user_id,user_account,user_username,user_email,user_phone,user_password,user_image,user_introduce,user_createdTime,user_loginTime,user_dreamPosition,user_dreamMinMonthSalary,user_dreamMaxMonthSalary,user_dreamWeekWorkDayNum,user_dreamGoodWelfare,user_recruitLocationFirst,user_recruitLocationSecond,user_recruitLocationDetail,user_universityCode FROM user_user WHERE user_id=?
2025-12-19 16:57:17.072 [http-nio-8080-exec-2] DEBUG c.z.e.m.m.user.UserMapper.selectById - ==> Parameters: 1(Integer)
2025-12-19 16:57:17.111 [http-nio-8080-exec-2] DEBUG c.z.e.m.m.user.UserMapper.selectById - <==      Total: 1
2025-12-19 16:57:17.152 [http-nio-8080-exec-2] INFO  c.z.e.s.i.u.UserCollectionsServiceImpl - 用户是否收藏简历模版开始
2025-12-19 16:57:17.156 [http-nio-8080-exec-2] DEBUG c.z.e.m.m.u.U.selectList - ==>  Preparing: SELECT uid,rtid FROM user_userCollections WHERE (uid = ? AND rtid = ?)
2025-12-19 16:57:17.156 [http-nio-8080-exec-2] DEBUG c.z.e.m.m.u.U.selectList - ==> Parameters: 1(Integer), 1(Integer)
2025-12-19 16:57:17.198 [http-nio-8080-exec-2] DEBUG c.z.e.m.m.u.U.selectList - <==      Total: 0
2025-12-19 16:57:17.198 [http-nio-8080-exec-2] INFO  c.z.e.s.i.u.UserCollectionsServiceImpl - 用户是否收藏简历模版结束
2025-12-19 16:57:20.316 [http-nio-8080-exec-1] DEBUG c.z.e.m.m.user.UserMapper.selectById - ==>  Preparing: SELECT user_id,user_account,user_username,user_email,user_phone,user_password,user_image,user_introduce,user_createdTime,user_loginTime,user_dreamPosition,user_dreamMinMonthSalary,user_dreamMaxMonthSalary,user_dreamWeekWorkDayNum,user_dreamGoodWelfare,user_recruitLocationFirst,user_recruitLocationSecond,user_recruitLocationDetail,user_universityCode FROM user_user WHERE user_id=?
2025-12-19 16:57:20.317 [http-nio-8080-exec-1] DEBUG c.z.e.m.m.user.UserMapper.selectById - ==> Parameters: 1(Integer)
2025-12-19 16:57:20.368 [http-nio-8080-exec-1] DEBUG c.z.e.m.m.user.UserMapper.selectById - <==      Total: 1
2025-12-19 16:57:20.442 [http-nio-8080-exec-1] INFO  c.z.e.s.i.u.UserSaveResumeServiceImpl - 保存用户保存的简历信息开始
2025-12-19 16:57:20.443 [http-nio-8080-exec-1] DEBUG c.z.e.m.m.a.I.selectList - ==>  Preparing: SELECT industryMap_industryCode,industryMap_industryName,industryMap_createdTime AS createdTime,industryMap_updatedTime AS updatedTime FROM general_industryMap WHERE (industryMap_industryName = ?)
2025-12-19 16:57:20.445 [http-nio-8080-exec-1] DEBUG c.z.e.m.m.a.I.selectList - ==> Parameters: 互联网(String)
2025-12-19 16:57:20.567 [http-nio-8080-exec-1] DEBUG c.z.e.m.m.a.I.selectList - <==      Total: 1
2025-12-19 16:57:20.568 [http-nio-8080-exec-1] DEBUG c.z.e.m.m.u.U.selectList - ==>  Preparing: SELECT userSaveResume_id,userSaveResume_resumeName,userSaveResume_industry,userSaveResume_resumeReactCode,userSaveResume_createdTime,userSaveResume_updatedTime,userSaveResume_sortedNum,userSaveResume_userId FROM user_userSaveResume WHERE (userSaveResume_userId = ?) ORDER BY userSaveResume_sortedNum DESC
2025-12-19 16:57:20.568 [http-nio-8080-exec-1] DEBUG c.z.e.m.m.u.U.selectList - ==> Parameters: 1(Integer)
2025-12-19 16:57:20.671 [http-nio-8080-exec-1] DEBUG c.z.e.m.m.u.U.selectList - <==      Total: 2
2025-12-19 16:57:20.676 [http-nio-8080-exec-1] DEBUG c.z.e.m.m.u.U.insert - ==>  Preparing: INSERT INTO user_userSaveResume ( userSaveResume_resumeName, userSaveResume_industry, userSaveResume_resumeReactCode, userSaveResume_createdTime, userSaveResume_updatedTime, userSaveResume_sortedNum, userSaveResume_userId ) VALUES ( ?, ?, ?, ?, ?, ?, ? )
2025-12-19 16:57:20.678 [http-nio-8080-exec-1] DEBUG c.z.e.m.m.u.U.insert - ==> Parameters: 444(String), 1(Integer), const ResumeTemplate = () => {
  const styles = {
    container: {
      fontFamily: "'Microsoft YaHei', sans-serif",
      maxWidth: '800px',
      margin: '0 auto',
      padding: '40px',
      background: 'white',
    },
    header: {
      textAlign: 'center',
      marginBottom: '30px',
      borderBottom: '2px solid #1890ff',
      paddingBottom: '20px',
    },
    name: {
      fontSize: '28px',
      fontWeight: 'bold',
      color: '#1890ff',
      marginBottom: '10px',
    },
    contact: {
      fontSize: '14px',
      color: '#666',
    },
    section: {
      marginBottom: '25px',
    },
    sectionTitle: {
      fontSize: '18px',
      fontWeight: 'bold',
      color: '#1890ff',
      borderLeft: '4px solid #1890ff',
      paddingLeft: '10px',
      marginBottom: '15px',
    },
    item: {
      marginBottom: '15px',
    },
    itemHeader: {
      display: 'flex',
      justifyContent: 'space-between',
      marginBottom: '5px',
    },
    itemTitle: {
      fontWeight: 'bold',
      fontSize: '15px',
    },
    itemDate: {
      color: '#999',
      fontSize: '13px',
    },
    itemDesc: {
      fontSize: '14px',
      color: '#333',
      lineHeight: '1.6',
    },
    skills: {
      display: 'flex',
      flexWrap: 'wrap',
      gap: '8px',
    },
    skill: {
      background: '#e6f7ff',
      color: '#1890ff',
      padding: '4px 12px',
      borderRadius: '4px',
      fontSize: '13px',
    },
  };

  return (
    <div style={styles.container}>
      <div style={styles.header}>
        <div style={styles.name}>张三</div>
        <div style={styles.contact}>
          📱 138-0000-0000 | ✉️ zhangsan@email.com | 📍 北京市
        </div>
      </div>

      <div style={styles.section}>
        <div style={styles.sectionTitle}>教育背景</div>
        <div style={styles.item}>
          <div style={styles.itemHeader}>
            <span style={styles.itemTitle}>北京大学 · 计算机科学与技术</span>
            <span style={styles.itemDate}>2018.09 - 2022.06</span>
          </div>
          <div style={styles.itemDesc}>本科 | GPA: 3.8/4.0</div>
        </div>
      </div>

      <div style={styles.section}>
        <div style={styles.sectionTitle}>工作经历</div>
        <div style={styles.item}>
          <div style={styles.itemHeader}>
            <span style={styles.itemTitle}>阿里巴巴 · 前端开发工程师</span>
            <span style={styles.itemDate}>2022.07 - 至今</span>
          </div>
          <div style={styles.itemDesc}>
            • 负责淘宝商家后台系统开发，使用 React + TypeScript<br/>
            • 优化页面性能，首屏加载时间降低 40%<br/>
            • 主导组件库建设，提升团队开发效率 30%
          </div>
        </div>
      </div>

      <div style={styles.section}>
        <div style={styles.sectionTitle}>项目经验</div>
        <div style={styles.item}>
          <div style={styles.itemHeader}>
            <span style={styles.itemTitle}>电商管理系统</span>
            <span style={styles.itemDate}>2023.01 - 2023.06</span>
          </div>
          <div style={styles.itemDesc}>
            • 使用 React 18 + Ant Design 搭建后台管理系统<br/>
            • 实现权限管理、数据可视化、订单管理等核心模块<br/>
            • 采用 React Query 优化数据请求，提升用户体验
          </div>
        </div>
      </div>

      <div style={styles.section}>
        <div style={styles.sectionTitle}>专业技能</div>
        <div style={styles.skills}>
          <span style={styles.skill}>React</span>
          <span style={styles.skill}>TypeScript</span>
          <span style={styles.skill}>Vue.js</span>
          <span style={styles.skill}>Node.js</span>
          <span style={styles.skill}>Webpack</span>
          <span style={styles.skill}>Git</span>
        </div>
      </div>
    </div>
  );
};(String), 2025-12-19 16:57:20.567(Timestamp), 2025-12-19 16:57:20.567(Timestamp), 3(Integer), 1(Integer)
2025-12-19 16:57:20.873 [http-nio-8080-exec-1] DEBUG c.z.e.m.m.u.U.insert - <==    Updates: 1
2025-12-19 16:57:20.873 [http-nio-8080-exec-1] INFO  c.z.e.s.i.u.UserSaveResumeServiceImpl - 保存用户保存的简历信息成功
2025-12-19 16:57:21.200 [http-nio-8080-exec-3] DEBUG c.z.e.m.m.user.UserMapper.selectById - ==>  Preparing: SELECT user_id,user_account,user_username,user_email,user_phone,user_password,user_image,user_introduce,user_createdTime,user_loginTime,user_dreamPosition,user_dreamMinMonthSalary,user_dreamMaxMonthSalary,user_dreamWeekWorkDayNum,user_dreamGoodWelfare,user_recruitLocationFirst,user_recruitLocationSecond,user_recruitLocationDetail,user_universityCode FROM user_user WHERE user_id=?
2025-12-19 16:57:21.200 [http-nio-8080-exec-3] DEBUG c.z.e.m.m.user.UserMapper.selectById - ==> Parameters: 1(Integer)
2025-12-19 16:57:21.252 [http-nio-8080-exec-3] DEBUG c.z.e.m.m.user.UserMapper.selectById - <==      Total: 1
2025-12-19 16:57:21.312 [http-nio-8080-exec-3] INFO  c.z.e.s.i.u.UserSaveResumeServiceImpl - 获取用户保存的简历信息开始
2025-12-19 16:57:21.318 [http-nio-8080-exec-3] DEBUG c.z.e.m.m.u.U.selectList - ==>  Preparing: SELECT userSaveResume_id,userSaveResume_resumeName,userSaveResume_industry,userSaveResume_resumeReactCode,userSaveResume_createdTime,userSaveResume_updatedTime,userSaveResume_sortedNum,userSaveResume_userId FROM user_userSaveResume WHERE (userSaveResume_userId = ?) ORDER BY userSaveResume_sortedNum DESC
2025-12-19 16:57:21.318 [http-nio-8080-exec-3] DEBUG c.z.e.m.m.u.U.selectList - ==> Parameters: 1(Integer)
2025-12-19 16:57:21.410 [http-nio-8080-exec-3] DEBUG c.z.e.m.m.u.U.selectList - <==      Total: 3
2025-12-19 16:57:21.411 [http-nio-8080-exec-3] DEBUG c.z.e.m.m.a.I.selectById - ==>  Preparing: SELECT industryMap_industryCode,industryMap_industryName,industryMap_createdTime AS createdTime,industryMap_updatedTime AS updatedTime FROM general_industryMap WHERE industryMap_industryCode=?
2025-12-19 16:57:21.414 [http-nio-8080-exec-3] DEBUG c.z.e.m.m.a.I.selectById - ==> Parameters: 1(Integer)
2025-12-19 16:57:21.452 [http-nio-8080-exec-3] DEBUG c.z.e.m.m.a.I.selectById - <==      Total: 1
2025-12-19 16:57:23.188 [http-nio-8080-exec-4] DEBUG c.z.e.m.m.user.UserMapper.selectById - ==>  Preparing: SELECT user_id,user_account,user_username,user_email,user_phone,user_password,user_image,user_introduce,user_createdTime,user_loginTime,user_dreamPosition,user_dreamMinMonthSalary,user_dreamMaxMonthSalary,user_dreamWeekWorkDayNum,user_dreamGoodWelfare,user_recruitLocationFirst,user_recruitLocationSecond,user_recruitLocationDetail,user_universityCode FROM user_user WHERE user_id=?
2025-12-19 16:57:23.189 [http-nio-8080-exec-4] DEBUG c.z.e.m.m.user.UserMapper.selectById - ==> Parameters: 1(Integer)
2025-12-19 16:57:23.252 [http-nio-8080-exec-4] DEBUG c.z.e.m.m.user.UserMapper.selectById - <==      Total: 1
2025-12-19 16:57:23.384 [http-nio-8080-exec-4] INFO  c.z.e.s.i.u.UserCollectionsServiceImpl - 用户是否收藏简历模版开始
2025-12-19 16:57:23.386 [http-nio-8080-exec-4] DEBUG c.z.e.m.m.u.U.selectList - ==>  Preparing: SELECT uid,rtid FROM user_userCollections WHERE (uid = ? AND rtid = ?)
2025-12-19 16:57:23.387 [http-nio-8080-exec-4] DEBUG c.z.e.m.m.u.U.selectList - ==> Parameters: 1(Integer), 1(Integer)
2025-12-19 16:57:23.425 [http-nio-8080-exec-4] DEBUG c.z.e.m.m.u.U.selectList - <==      Total: 0
2025-12-19 16:57:23.425 [http-nio-8080-exec-4] INFO  c.z.e.s.i.u.UserCollectionsServiceImpl - 用户是否收藏简历模版结束
2025-12-19 16:57:25.426 [http-nio-8080-exec-5] DEBUG c.z.e.m.m.user.UserMapper.selectById - ==>  Preparing: SELECT user_id,user_account,user_username,user_email,user_phone,user_password,user_image,user_introduce,user_createdTime,user_loginTime,user_dreamPosition,user_dreamMinMonthSalary,user_dreamMaxMonthSalary,user_dreamWeekWorkDayNum,user_dreamGoodWelfare,user_recruitLocationFirst,user_recruitLocationSecond,user_recruitLocationDetail,user_universityCode FROM user_user WHERE user_id=?
2025-12-19 16:57:25.427 [http-nio-8080-exec-5] DEBUG c.z.e.m.m.user.UserMapper.selectById - ==> Parameters: 1(Integer)
2025-12-19 16:57:25.482 [http-nio-8080-exec-5] DEBUG c.z.e.m.m.user.UserMapper.selectById - <==      Total: 1
2025-12-19 16:57:25.582 [http-nio-8080-exec-5] INFO  c.z.e.s.i.u.UserCollectionsServiceImpl - 用户是否收藏简历模版开始
2025-12-19 16:57:25.596 [http-nio-8080-exec-5] DEBUG c.z.e.m.m.u.U.selectList - ==>  Preparing: SELECT uid,rtid FROM user_userCollections WHERE (uid = ? AND rtid = ?)
2025-12-19 16:57:25.597 [http-nio-8080-exec-5] DEBUG c.z.e.m.m.u.U.selectList - ==> Parameters: 1(Integer), 1(Integer)
2025-12-19 16:57:25.688 [http-nio-8080-exec-5] DEBUG c.z.e.m.m.u.U.selectList - <==      Total: 0
2025-12-19 16:57:25.688 [http-nio-8080-exec-5] INFO  c.z.e.s.i.u.UserCollectionsServiceImpl - 用户是否收藏简历模版结束
2025-12-19 16:57:28.496 [http-nio-8080-exec-6] DEBUG c.z.e.m.m.user.UserMapper.selectById - ==>  Preparing: SELECT user_id,user_account,user_username,user_email,user_phone,user_password,user_image,user_introduce,user_createdTime,user_loginTime,user_dreamPosition,user_dreamMinMonthSalary,user_dreamMaxMonthSalary,user_dreamWeekWorkDayNum,user_dreamGoodWelfare,user_recruitLocationFirst,user_recruitLocationSecond,user_recruitLocationDetail,user_universityCode FROM user_user WHERE user_id=?
2025-12-19 16:57:28.497 [http-nio-8080-exec-6] DEBUG c.z.e.m.m.user.UserMapper.selectById - ==> Parameters: 1(Integer)
2025-12-19 16:57:28.554 [http-nio-8080-exec-6] DEBUG c.z.e.m.m.user.UserMapper.selectById - <==      Total: 1
2025-12-19 16:57:28.656 [http-nio-8080-exec-6] INFO  c.z.e.s.i.u.UserSaveResumeServiceImpl - 保存用户保存的简历信息开始
2025-12-19 16:57:28.658 [http-nio-8080-exec-6] DEBUG c.z.e.m.m.a.I.selectList - ==>  Preparing: SELECT industryMap_industryCode,industryMap_industryName,industryMap_createdTime AS createdTime,industryMap_updatedTime AS updatedTime FROM general_industryMap WHERE (industryMap_industryName = ?)
2025-12-19 16:57:28.658 [http-nio-8080-exec-6] DEBUG c.z.e.m.m.a.I.selectList - ==> Parameters: 互联网(String)
2025-12-19 16:57:28.712 [http-nio-8080-exec-6] DEBUG c.z.e.m.m.a.I.selectList - <==      Total: 1
2025-12-19 16:57:28.712 [http-nio-8080-exec-6] DEBUG c.z.e.m.m.u.U.selectList - ==>  Preparing: SELECT userSaveResume_id,userSaveResume_resumeName,userSaveResume_industry,userSaveResume_resumeReactCode,userSaveResume_createdTime,userSaveResume_updatedTime,userSaveResume_sortedNum,userSaveResume_userId FROM user_userSaveResume WHERE (userSaveResume_userId = ?) ORDER BY userSaveResume_sortedNum DESC
2025-12-19 16:57:28.713 [http-nio-8080-exec-6] DEBUG c.z.e.m.m.u.U.selectList - ==> Parameters: 1(Integer)
2025-12-19 16:57:28.860 [http-nio-8080-exec-6] DEBUG c.z.e.m.m.u.U.selectList - <==      Total: 3
2025-12-19 16:57:28.861 [http-nio-8080-exec-6] DEBUG c.z.e.m.m.u.U.insert - ==>  Preparing: INSERT INTO user_userSaveResume ( userSaveResume_resumeName, userSaveResume_industry, userSaveResume_resumeReactCode, userSaveResume_createdTime, userSaveResume_updatedTime, userSaveResume_sortedNum, userSaveResume_userId ) VALUES ( ?, ?, ?, ?, ?, ?, ? )
2025-12-19 16:57:28.862 [http-nio-8080-exec-6] DEBUG c.z.e.m.m.u.U.insert - ==> Parameters: 77777(String), 1(Integer), const ResumeTemplate = () => {
  const styles = {
    container: {
      fontFamily: "'Microsoft YaHei', sans-serif",
      maxWidth: '800px',
      margin: '0 auto',
      padding: '40px',
      background: 'white',
    },
    header: {
      textAlign: 'center',
      marginBottom: '30px',
      borderBottom: '2px solid #1890ff',
      paddingBottom: '20px',
    },
    name: {
      fontSize: '28px',
      fontWeight: 'bold',
      color: '#1890ff',
      marginBottom: '10px',
    },
    contact: {
      fontSize: '14px',
      color: '#666',
    },
    section: {
      marginBottom: '25px',
    },
    sectionTitle: {
      fontSize: '18px',
      fontWeight: 'bold',
      color: '#1890ff',
      borderLeft: '4px solid #1890ff',
      paddingLeft: '10px',
      marginBottom: '15px',
    },
    item: {
      marginBottom: '15px',
    },
    itemHeader: {
      display: 'flex',
      justifyContent: 'space-between',
      marginBottom: '5px',
    },
    itemTitle: {
      fontWeight: 'bold',
      fontSize: '15px',
    },
    itemDate: {
      color: '#999',
      fontSize: '13px',
    },
    itemDesc: {
      fontSize: '14px',
      color: '#333',
      lineHeight: '1.6',
    },
    skills: {
      display: 'flex',
      flexWrap: 'wrap',
      gap: '8px',
    },
    skill: {
      background: '#e6f7ff',
      color: '#1890ff',
      padding: '4px 12px',
      borderRadius: '4px',
      fontSize: '13px',
    },
  };

  return (
    <div style={styles.container}>
      <div style={styles.header}>
        <div style={styles.name}>张三</div>
        <div style={styles.contact}>
          📱 138-0000-0000 | ✉️ zhangsan@email.com | 📍 北京市
        </div>
      </div>

      <div style={styles.section}>
        <div style={styles.sectionTitle}>教育背景</div>
        <div style={styles.item}>
          <div style={styles.itemHeader}>
            <span style={styles.itemTitle}>北京大学 · 计算机科学与技术</span>
            <span style={styles.itemDate}>2018.09 - 2022.06</span>
          </div>
          <div style={styles.itemDesc}>本科 | GPA: 3.8/4.0</div>
        </div>
      </div>

      <div style={styles.section}>
        <div style={styles.sectionTitle}>工作经历</div>
        <div style={styles.item}>
          <div style={styles.itemHeader}>
            <span style={styles.itemTitle}>阿里巴巴 · 前端开发工程师</span>
            <span style={styles.itemDate}>2022.07 - 至今</span>
          </div>
          <div style={styles.itemDesc}>
            • 负责淘宝商家后台系统开发，使用 React + TypeScript<br/>
            • 优化页面性能，首屏加载时间降低 40%<br/>
            • 主导组件库建设，提升团队开发效率 30%
          </div>
        </div>
      </div>

      <div style={styles.section}>
        <div style={styles.sectionTitle}>项目经验</div>
        <div style={styles.item}>
          <div style={styles.itemHeader}>
            <span style={styles.itemTitle}>电商管理系统</span>
            <span style={styles.itemDate}>2023.01 - 2023.06</span>
          </div>
          <div style={styles.itemDesc}>
            • 使用 React 18 + Ant Design 搭建后台管理系统<br/>
            • 实现权限管理、数据可视化、订单管理等核心模块<br/>
            • 采用 React Query 优化数据请求，提升用户体验
          </div>
        </div>
      </div>

      <div style={styles.section}>
        <div style={styles.sectionTitle}>专业技能</div>
        <div style={styles.skills}>
          <span style={styles.skill}>React</span>
          <span style={styles.skill}>TypeScript</span>
          <span style={styles.skill}>Vue.js</span>
          <span style={styles.skill}>Node.js</span>
          <span style={styles.skill}>Webpack</span>
          <span style={styles.skill}>Git</span>
        </div>
      </div>
    </div>
  );
};(String), 2025-12-19 16:57:28.712(Timestamp), 2025-12-19 16:57:28.712(Timestamp), 4(Integer), 1(Integer)
2025-12-19 16:57:29.066 [http-nio-8080-exec-6] DEBUG c.z.e.m.m.u.U.insert - <==    Updates: 1
2025-12-19 16:57:29.067 [http-nio-8080-exec-6] INFO  c.z.e.s.i.u.UserSaveResumeServiceImpl - 保存用户保存的简历信息成功
2025-12-19 16:57:29.476 [http-nio-8080-exec-7] DEBUG c.z.e.m.m.user.UserMapper.selectById - ==>  Preparing: SELECT user_id,user_account,user_username,user_email,user_phone,user_password,user_image,user_introduce,user_createdTime,user_loginTime,user_dreamPosition,user_dreamMinMonthSalary,user_dreamMaxMonthSalary,user_dreamWeekWorkDayNum,user_dreamGoodWelfare,user_recruitLocationFirst,user_recruitLocationSecond,user_recruitLocationDetail,user_universityCode FROM user_user WHERE user_id=?
2025-12-19 16:57:29.476 [http-nio-8080-exec-7] DEBUG c.z.e.m.m.user.UserMapper.selectById - ==> Parameters: 1(Integer)
2025-12-19 16:57:29.535 [http-nio-8080-exec-7] DEBUG c.z.e.m.m.user.UserMapper.selectById - <==      Total: 1
2025-12-19 16:57:29.573 [http-nio-8080-exec-7] INFO  c.z.e.s.i.u.UserSaveResumeServiceImpl - 获取用户保存的简历信息开始
2025-12-19 16:57:29.574 [http-nio-8080-exec-7] DEBUG c.z.e.m.m.u.U.selectList - ==>  Preparing: SELECT userSaveResume_id,userSaveResume_resumeName,userSaveResume_industry,userSaveResume_resumeReactCode,userSaveResume_createdTime,userSaveResume_updatedTime,userSaveResume_sortedNum,userSaveResume_userId FROM user_userSaveResume WHERE (userSaveResume_userId = ?) ORDER BY userSaveResume_sortedNum DESC
2025-12-19 16:57:29.574 [http-nio-8080-exec-7] DEBUG c.z.e.m.m.u.U.selectList - ==> Parameters: 1(Integer)
2025-12-19 16:57:29.796 [http-nio-8080-exec-7] DEBUG c.z.e.m.m.u.U.selectList - <==      Total: 4
2025-12-19 16:57:29.798 [http-nio-8080-exec-7] DEBUG c.z.e.m.m.a.I.selectById - ==>  Preparing: SELECT industryMap_industryCode,industryMap_industryName,industryMap_createdTime AS createdTime,industryMap_updatedTime AS updatedTime FROM general_industryMap WHERE industryMap_industryCode=?
2025-12-19 16:57:29.801 [http-nio-8080-exec-7] DEBUG c.z.e.m.m.a.I.selectById - ==> Parameters: 1(Integer)
2025-12-19 16:57:29.885 [http-nio-8080-exec-7] DEBUG c.z.e.m.m.a.I.selectById - <==      Total: 1
2025-12-19 16:57:31.741 [http-nio-8080-exec-8] DEBUG c.z.e.m.m.user.UserMapper.selectById - ==>  Preparing: SELECT user_id,user_account,user_username,user_email,user_phone,user_password,user_image,user_introduce,user_createdTime,user_loginTime,user_dreamPosition,user_dreamMinMonthSalary,user_dreamMaxMonthSalary,user_dreamWeekWorkDayNum,user_dreamGoodWelfare,user_recruitLocationFirst,user_recruitLocationSecond,user_recruitLocationDetail,user_universityCode FROM user_user WHERE user_id=?
2025-12-19 16:57:31.741 [http-nio-8080-exec-8] DEBUG c.z.e.m.m.user.UserMapper.selectById - ==> Parameters: 1(Integer)
2025-12-19 16:57:31.779 [http-nio-8080-exec-8] DEBUG c.z.e.m.m.user.UserMapper.selectById - <==      Total: 1
2025-12-19 16:57:31.823 [http-nio-8080-exec-8] INFO  c.z.e.s.i.u.UserCollectionsServiceImpl - 用户是否收藏简历模版开始
2025-12-19 16:57:31.825 [http-nio-8080-exec-8] DEBUG c.z.e.m.m.u.U.selectList - ==>  Preparing: SELECT uid,rtid FROM user_userCollections WHERE (uid = ? AND rtid = ?)
2025-12-19 16:57:31.825 [http-nio-8080-exec-8] DEBUG c.z.e.m.m.u.U.selectList - ==> Parameters: 1(Integer), 1(Integer)
2025-12-19 16:57:31.862 [http-nio-8080-exec-8] DEBUG c.z.e.m.m.u.U.selectList - <==      Total: 0
2025-12-19 16:57:31.862 [http-nio-8080-exec-8] INFO  c.z.e.s.i.u.UserCollectionsServiceImpl - 用户是否收藏简历模版结束
2025-12-19 16:57:34.445 [http-nio-8080-exec-10] DEBUG c.z.e.m.m.user.UserMapper.selectById - ==>  Preparing: SELECT user_id,user_account,user_username,user_email,user_phone,user_password,user_image,user_introduce,user_createdTime,user_loginTime,user_dreamPosition,user_dreamMinMonthSalary,user_dreamMaxMonthSalary,user_dreamWeekWorkDayNum,user_dreamGoodWelfare,user_recruitLocationFirst,user_recruitLocationSecond,user_recruitLocationDetail,user_universityCode FROM user_user WHERE user_id=?
2025-12-19 16:57:34.445 [http-nio-8080-exec-10] DEBUG c.z.e.m.m.user.UserMapper.selectById - ==> Parameters: 1(Integer)
2025-12-19 16:57:34.493 [http-nio-8080-exec-10] DEBUG c.z.e.m.m.user.UserMapper.selectById - <==      Total: 1
2025-12-19 16:57:34.590 [http-nio-8080-exec-10] INFO  c.z.e.s.i.u.UserSaveResumeServiceImpl - 保存用户保存的简历信息开始
2025-12-19 16:57:34.591 [http-nio-8080-exec-10] DEBUG c.z.e.m.m.a.I.selectList - ==>  Preparing: SELECT industryMap_industryCode,industryMap_industryName,industryMap_createdTime AS createdTime,industryMap_updatedTime AS updatedTime FROM general_industryMap WHERE (industryMap_industryName = ?)
2025-12-19 16:57:34.591 [http-nio-8080-exec-10] DEBUG c.z.e.m.m.a.I.selectList - ==> Parameters: 互联网(String)
2025-12-19 16:57:34.628 [http-nio-8080-exec-10] DEBUG c.z.e.m.m.a.I.selectList - <==      Total: 1
2025-12-19 16:57:34.631 [http-nio-8080-exec-10] DEBUG c.z.e.m.m.u.U.selectList - ==>  Preparing: SELECT userSaveResume_id,userSaveResume_resumeName,userSaveResume_industry,userSaveResume_resumeReactCode,userSaveResume_createdTime,userSaveResume_updatedTime,userSaveResume_sortedNum,userSaveResume_userId FROM user_userSaveResume WHERE (userSaveResume_userId = ?) ORDER BY userSaveResume_sortedNum DESC
2025-12-19 16:57:34.632 [http-nio-8080-exec-10] DEBUG c.z.e.m.m.u.U.selectList - ==> Parameters: 1(Integer)
2025-12-19 16:57:34.715 [http-nio-8080-exec-10] DEBUG c.z.e.m.m.u.U.selectList - <==      Total: 4
2025-12-19 16:57:34.759 [http-nio-8080-exec-10] ERROR c.z.e.s.i.u.UserSaveResumeServiceImpl - 保存用户保存的简历信息失败
2025-12-19 16:57:34.952 [http-nio-8080-exec-9] DEBUG c.z.e.m.m.user.UserMapper.selectById - ==>  Preparing: SELECT user_id,user_account,user_username,user_email,user_phone,user_password,user_image,user_introduce,user_createdTime,user_loginTime,user_dreamPosition,user_dreamMinMonthSalary,user_dreamMaxMonthSalary,user_dreamWeekWorkDayNum,user_dreamGoodWelfare,user_recruitLocationFirst,user_recruitLocationSecond,user_recruitLocationDetail,user_universityCode FROM user_user WHERE user_id=?
2025-12-19 16:57:34.953 [http-nio-8080-exec-9] DEBUG c.z.e.m.m.user.UserMapper.selectById - ==> Parameters: 1(Integer)
2025-12-19 16:57:34.994 [http-nio-8080-exec-9] DEBUG c.z.e.m.m.user.UserMapper.selectById - <==      Total: 1
2025-12-19 16:57:35.033 [http-nio-8080-exec-9] INFO  c.z.e.s.i.u.UserSaveResumeServiceImpl - 获取用户保存的简历信息开始
2025-12-19 16:57:35.034 [http-nio-8080-exec-9] DEBUG c.z.e.m.m.u.U.selectList - ==>  Preparing: SELECT userSaveResume_id,userSaveResume_resumeName,userSaveResume_industry,userSaveResume_resumeReactCode,userSaveResume_createdTime,userSaveResume_updatedTime,userSaveResume_sortedNum,userSaveResume_userId FROM user_userSaveResume WHERE (userSaveResume_userId = ?) ORDER BY userSaveResume_sortedNum DESC
2025-12-19 16:57:35.034 [http-nio-8080-exec-9] DEBUG c.z.e.m.m.u.U.selectList - ==> Parameters: 1(Integer)
2025-12-19 16:57:35.121 [http-nio-8080-exec-9] DEBUG c.z.e.m.m.u.U.selectList - <==      Total: 4
2025-12-19 16:57:35.124 [http-nio-8080-exec-9] DEBUG c.z.e.m.m.a.I.selectById - ==>  Preparing: SELECT industryMap_industryCode,industryMap_industryName,industryMap_createdTime AS createdTime,industryMap_updatedTime AS updatedTime FROM general_industryMap WHERE industryMap_industryCode=?
2025-12-19 16:57:35.125 [http-nio-8080-exec-9] DEBUG c.z.e.m.m.a.I.selectById - ==> Parameters: 1(Integer)
2025-12-19 16:57:35.162 [http-nio-8080-exec-9] DEBUG c.z.e.m.m.a.I.selectById - <==      Total: 1
2025-12-19 16:57:38.923 [http-nio-8080-exec-2] DEBUG c.z.e.m.m.user.UserMapper.selectById - ==>  Preparing: SELECT user_id,user_account,user_username,user_email,user_phone,user_password,user_image,user_introduce,user_createdTime,user_loginTime,user_dreamPosition,user_dreamMinMonthSalary,user_dreamMaxMonthSalary,user_dreamWeekWorkDayNum,user_dreamGoodWelfare,user_recruitLocationFirst,user_recruitLocationSecond,user_recruitLocationDetail,user_universityCode FROM user_user WHERE user_id=?
2025-12-19 16:57:38.924 [http-nio-8080-exec-2] DEBUG c.z.e.m.m.user.UserMapper.selectById - ==> Parameters: 1(Integer)
2025-12-19 16:57:38.997 [http-nio-8080-exec-2] DEBUG c.z.e.m.m.user.UserMapper.selectById - <==      Total: 1
2025-12-19 16:57:39.100 [http-nio-8080-exec-2] INFO  c.z.e.s.i.u.UserCollectionsServiceImpl - 用户是否收藏简历模版开始
2025-12-19 16:57:39.101 [http-nio-8080-exec-2] DEBUG c.z.e.m.m.u.U.selectList - ==>  Preparing: SELECT uid,rtid FROM user_userCollections WHERE (uid = ? AND rtid = ?)
2025-12-19 16:57:39.101 [http-nio-8080-exec-2] DEBUG c.z.e.m.m.u.U.selectList - ==> Parameters: 1(Integer), 1(Integer)
2025-12-19 16:57:39.202 [http-nio-8080-exec-2] DEBUG c.z.e.m.m.u.U.selectList - <==      Total: 0
2025-12-19 16:57:39.202 [http-nio-8080-exec-2] INFO  c.z.e.s.i.u.UserCollectionsServiceImpl - 用户是否收藏简历模版结束
2025-12-19 16:57:41.767 [http-nio-8080-exec-1] DEBUG c.z.e.m.m.user.UserMapper.selectById - ==>  Preparing: SELECT user_id,user_account,user_username,user_email,user_phone,user_password,user_image,user_introduce,user_createdTime,user_loginTime,user_dreamPosition,user_dreamMinMonthSalary,user_dreamMaxMonthSalary,user_dreamWeekWorkDayNum,user_dreamGoodWelfare,user_recruitLocationFirst,user_recruitLocationSecond,user_recruitLocationDetail,user_universityCode FROM user_user WHERE user_id=?
2025-12-19 16:57:41.767 [http-nio-8080-exec-1] DEBUG c.z.e.m.m.user.UserMapper.selectById - ==> Parameters: 1(Integer)
2025-12-19 16:57:41.840 [http-nio-8080-exec-1] DEBUG c.z.e.m.m.user.UserMapper.selectById - <==      Total: 1
2025-12-19 16:57:42.354 [http-nio-8080-exec-1] INFO  c.z.e.s.i.u.UserSaveResumeServiceImpl - 保存用户保存的简历信息开始
2025-12-19 16:57:42.355 [http-nio-8080-exec-1] DEBUG c.z.e.m.m.a.I.selectList - ==>  Preparing: SELECT industryMap_industryCode,industryMap_industryName,industryMap_createdTime AS createdTime,industryMap_updatedTime AS updatedTime FROM general_industryMap WHERE (industryMap_industryName = ?)
2025-12-19 16:57:42.355 [http-nio-8080-exec-1] DEBUG c.z.e.m.m.a.I.selectList - ==> Parameters: 互联网(String)
2025-12-19 16:57:42.420 [http-nio-8080-exec-1] DEBUG c.z.e.m.m.a.I.selectList - <==      Total: 1
2025-12-19 16:57:42.422 [http-nio-8080-exec-1] DEBUG c.z.e.m.m.u.U.selectList - ==>  Preparing: SELECT userSaveResume_id,userSaveResume_resumeName,userSaveResume_industry,userSaveResume_resumeReactCode,userSaveResume_createdTime,userSaveResume_updatedTime,userSaveResume_sortedNum,userSaveResume_userId FROM user_userSaveResume WHERE (userSaveResume_userId = ?) ORDER BY userSaveResume_sortedNum DESC
2025-12-19 16:57:42.422 [http-nio-8080-exec-1] DEBUG c.z.e.m.m.u.U.selectList - ==> Parameters: 1(Integer)
2025-12-19 16:57:42.543 [http-nio-8080-exec-1] DEBUG c.z.e.m.m.u.U.selectList - <==      Total: 4
2025-12-19 16:57:42.544 [http-nio-8080-exec-1] ERROR c.z.e.s.i.u.UserSaveResumeServiceImpl - 保存用户保存的简历信息失败
2025-12-19 16:57:42.876 [http-nio-8080-exec-3] DEBUG c.z.e.m.m.user.UserMapper.selectById - ==>  Preparing: SELECT user_id,user_account,user_username,user_email,user_phone,user_password,user_image,user_introduce,user_createdTime,user_loginTime,user_dreamPosition,user_dreamMinMonthSalary,user_dreamMaxMonthSalary,user_dreamWeekWorkDayNum,user_dreamGoodWelfare,user_recruitLocationFirst,user_recruitLocationSecond,user_recruitLocationDetail,user_universityCode FROM user_user WHERE user_id=?
2025-12-19 16:57:42.878 [http-nio-8080-exec-3] DEBUG c.z.e.m.m.user.UserMapper.selectById - ==> Parameters: 1(Integer)
2025-12-19 16:57:42.918 [http-nio-8080-exec-3] DEBUG c.z.e.m.m.user.UserMapper.selectById - <==      Total: 1
2025-12-19 16:57:42.964 [http-nio-8080-exec-3] INFO  c.z.e.s.i.u.UserSaveResumeServiceImpl - 获取用户保存的简历信息开始
2025-12-19 16:57:42.966 [http-nio-8080-exec-3] DEBUG c.z.e.m.m.u.U.selectList - ==>  Preparing: SELECT userSaveResume_id,userSaveResume_resumeName,userSaveResume_industry,userSaveResume_resumeReactCode,userSaveResume_createdTime,userSaveResume_updatedTime,userSaveResume_sortedNum,userSaveResume_userId FROM user_userSaveResume WHERE (userSaveResume_userId = ?) ORDER BY userSaveResume_sortedNum DESC
2025-12-19 16:57:42.967 [http-nio-8080-exec-3] DEBUG c.z.e.m.m.u.U.selectList - ==> Parameters: 1(Integer)
2025-12-19 16:57:43.051 [http-nio-8080-exec-3] DEBUG c.z.e.m.m.u.U.selectList - <==      Total: 4
2025-12-19 16:57:43.052 [http-nio-8080-exec-3] DEBUG c.z.e.m.m.a.I.selectById - ==>  Preparing: SELECT industryMap_industryCode,industryMap_industryName,industryMap_createdTime AS createdTime,industryMap_updatedTime AS updatedTime FROM general_industryMap WHERE industryMap_industryCode=?
2025-12-19 16:57:43.053 [http-nio-8080-exec-3] DEBUG c.z.e.m.m.a.I.selectById - ==> Parameters: 1(Integer)
2025-12-19 16:57:43.090 [http-nio-8080-exec-3] DEBUG c.z.e.m.m.a.I.selectById - <==      Total: 1
2025-12-19 16:57:45.193 [http-nio-8080-exec-4] DEBUG c.z.e.m.m.user.UserMapper.selectById - ==>  Preparing: SELECT user_id,user_account,user_username,user_email,user_phone,user_password,user_image,user_introduce,user_createdTime,user_loginTime,user_dreamPosition,user_dreamMinMonthSalary,user_dreamMaxMonthSalary,user_dreamWeekWorkDayNum,user_dreamGoodWelfare,user_recruitLocationFirst,user_recruitLocationSecond,user_recruitLocationDetail,user_universityCode FROM user_user WHERE user_id=?
2025-12-19 16:57:45.193 [http-nio-8080-exec-5] DEBUG c.z.e.m.m.user.UserMapper.selectById - ==>  Preparing: SELECT user_id,user_account,user_username,user_email,user_phone,user_password,user_image,user_introduce,user_createdTime,user_loginTime,user_dreamPosition,user_dreamMinMonthSalary,user_dreamMaxMonthSalary,user_dreamWeekWorkDayNum,user_dreamGoodWelfare,user_recruitLocationFirst,user_recruitLocationSecond,user_recruitLocationDetail,user_universityCode FROM user_user WHERE user_id=?
2025-12-19 16:57:45.194 [http-nio-8080-exec-5] DEBUG c.z.e.m.m.user.UserMapper.selectById - ==> Parameters: 1(Integer)
2025-12-19 16:57:45.194 [http-nio-8080-exec-4] DEBUG c.z.e.m.m.user.UserMapper.selectById - ==> Parameters: 1(Integer)
2025-12-19 16:57:45.241 [http-nio-8080-exec-4] DEBUG c.z.e.m.m.user.UserMapper.selectById - <==      Total: 1
2025-12-19 16:57:45.242 [http-nio-8080-exec-5] DEBUG c.z.e.m.m.user.UserMapper.selectById - <==      Total: 1
2025-12-19 16:57:45.279 [http-nio-8080-exec-5] INFO  c.z.e.s.impl.user.UserServiceImpl - 根据用户id查询用户信息开始
2025-12-19 16:57:45.279 [http-nio-8080-exec-4] INFO  c.z.e.s.i.u.UserSaveResumeServiceImpl - 获取用户保存的简历信息开始
2025-12-19 16:57:45.279 [http-nio-8080-exec-5] DEBUG c.z.e.m.m.user.UserMapper.selectById - ==>  Preparing: SELECT user_id,user_account,user_username,user_email,user_phone,user_password,user_image,user_introduce,user_createdTime,user_loginTime,user_dreamPosition,user_dreamMinMonthSalary,user_dreamMaxMonthSalary,user_dreamWeekWorkDayNum,user_dreamGoodWelfare,user_recruitLocationFirst,user_recruitLocationSecond,user_recruitLocationDetail,user_universityCode FROM user_user WHERE user_id=?
2025-12-19 16:57:45.280 [http-nio-8080-exec-5] DEBUG c.z.e.m.m.user.UserMapper.selectById - ==> Parameters: 1(String)
2025-12-19 16:57:45.281 [http-nio-8080-exec-4] DEBUG c.z.e.m.m.u.U.selectList - ==>  Preparing: SELECT userSaveResume_id,userSaveResume_resumeName,userSaveResume_industry,userSaveResume_resumeReactCode,userSaveResume_createdTime,userSaveResume_updatedTime,userSaveResume_sortedNum,userSaveResume_userId FROM user_userSaveResume WHERE (userSaveResume_userId = ?) ORDER BY userSaveResume_sortedNum DESC
2025-12-19 16:57:45.281 [http-nio-8080-exec-4] DEBUG c.z.e.m.m.u.U.selectList - ==> Parameters: 1(Integer)
2025-12-19 16:57:45.320 [http-nio-8080-exec-5] DEBUG c.z.e.m.m.user.UserMapper.selectById - <==      Total: 1
2025-12-19 16:57:45.365 [http-nio-8080-exec-4] DEBUG c.z.e.m.m.u.U.selectList - <==      Total: 4
2025-12-19 16:57:45.366 [http-nio-8080-exec-4] DEBUG c.z.e.m.m.a.I.selectById - ==>  Preparing: SELECT industryMap_industryCode,industryMap_industryName,industryMap_createdTime AS createdTime,industryMap_updatedTime AS updatedTime FROM general_industryMap WHERE industryMap_industryCode=?
2025-12-19 16:57:45.367 [http-nio-8080-exec-4] DEBUG c.z.e.m.m.a.I.selectById - ==> Parameters: 1(Integer)
2025-12-19 16:57:45.403 [http-nio-8080-exec-4] DEBUG c.z.e.m.m.a.I.selectById - <==      Total: 1
2025-12-19 16:57:45.482 [http-nio-8080-exec-6] DEBUG c.z.e.m.m.user.UserMapper.selectById - ==>  Preparing: SELECT user_id,user_account,user_username,user_email,user_phone,user_password,user_image,user_introduce,user_createdTime,user_loginTime,user_dreamPosition,user_dreamMinMonthSalary,user_dreamMaxMonthSalary,user_dreamWeekWorkDayNum,user_dreamGoodWelfare,user_recruitLocationFirst,user_recruitLocationSecond,user_recruitLocationDetail,user_universityCode FROM user_user WHERE user_id=?
2025-12-19 16:57:45.482 [http-nio-8080-exec-6] DEBUG c.z.e.m.m.user.UserMapper.selectById - ==> Parameters: 1(Integer)
2025-12-19 16:57:45.520 [http-nio-8080-exec-6] DEBUG c.z.e.m.m.user.UserMapper.selectById - <==      Total: 1
2025-12-19 16:57:45.558 [http-nio-8080-exec-6] INFO  c.z.e.s.impl.user.UserServiceImpl - 根据用户id查询用户信息开始
2025-12-19 16:57:45.558 [http-nio-8080-exec-6] DEBUG c.z.e.m.m.user.UserMapper.selectById - ==>  Preparing: SELECT user_id,user_account,user_username,user_email,user_phone,user_password,user_image,user_introduce,user_createdTime,user_loginTime,user_dreamPosition,user_dreamMinMonthSalary,user_dreamMaxMonthSalary,user_dreamWeekWorkDayNum,user_dreamGoodWelfare,user_recruitLocationFirst,user_recruitLocationSecond,user_recruitLocationDetail,user_universityCode FROM user_user WHERE user_id=?
2025-12-19 16:57:45.559 [http-nio-8080-exec-6] DEBUG c.z.e.m.m.user.UserMapper.selectById - ==> Parameters: 1(String)
2025-12-19 16:57:45.598 [http-nio-8080-exec-6] DEBUG c.z.e.m.m.user.UserMapper.selectById - <==      Total: 1
2025-12-19 16:57:46.550 [http-nio-8080-exec-7] DEBUG c.z.e.m.m.user.UserMapper.selectById - ==>  Preparing: SELECT user_id,user_account,user_username,user_email,user_phone,user_password,user_image,user_introduce,user_createdTime,user_loginTime,user_dreamPosition,user_dreamMinMonthSalary,user_dreamMaxMonthSalary,user_dreamWeekWorkDayNum,user_dreamGoodWelfare,user_recruitLocationFirst,user_recruitLocationSecond,user_recruitLocationDetail,user_universityCode FROM user_user WHERE user_id=?
2025-12-19 16:57:46.550 [http-nio-8080-exec-7] DEBUG c.z.e.m.m.user.UserMapper.selectById - ==> Parameters: 1(Integer)
2025-12-19 16:57:46.554 [http-nio-8080-exec-8] DEBUG c.z.e.m.m.user.UserMapper.selectById - ==>  Preparing: SELECT user_id,user_account,user_username,user_email,user_phone,user_password,user_image,user_introduce,user_createdTime,user_loginTime,user_dreamPosition,user_dreamMinMonthSalary,user_dreamMaxMonthSalary,user_dreamWeekWorkDayNum,user_dreamGoodWelfare,user_recruitLocationFirst,user_recruitLocationSecond,user_recruitLocationDetail,user_universityCode FROM user_user WHERE user_id=?
2025-12-19 16:57:46.554 [http-nio-8080-exec-8] DEBUG c.z.e.m.m.user.UserMapper.selectById - ==> Parameters: 1(Integer)
2025-12-19 16:57:46.592 [http-nio-8080-exec-7] DEBUG c.z.e.m.m.user.UserMapper.selectById - <==      Total: 1
2025-12-19 16:57:46.594 [http-nio-8080-exec-8] DEBUG c.z.e.m.m.user.UserMapper.selectById - <==      Total: 1
2025-12-19 16:57:46.632 [http-nio-8080-exec-8] INFO  c.z.e.s.impl.user.UserServiceImpl - 根据用户id查询用户信息开始
2025-12-19 16:57:46.632 [http-nio-8080-exec-8] DEBUG c.z.e.m.m.user.UserMapper.selectById - ==>  Preparing: SELECT user_id,user_account,user_username,user_email,user_phone,user_password,user_image,user_introduce,user_createdTime,user_loginTime,user_dreamPosition,user_dreamMinMonthSalary,user_dreamMaxMonthSalary,user_dreamWeekWorkDayNum,user_dreamGoodWelfare,user_recruitLocationFirst,user_recruitLocationSecond,user_recruitLocationDetail,user_universityCode FROM user_user WHERE user_id=?
2025-12-19 16:57:46.633 [http-nio-8080-exec-8] DEBUG c.z.e.m.m.user.UserMapper.selectById - ==> Parameters: 1(String)
2025-12-19 16:57:46.634 [http-nio-8080-exec-7] INFO  c.z.e.s.i.u.UserSaveResumeServiceImpl - 获取用户保存的简历信息开始
2025-12-19 16:57:46.635 [http-nio-8080-exec-7] DEBUG c.z.e.m.m.u.U.selectList - ==>  Preparing: SELECT userSaveResume_id,userSaveResume_resumeName,userSaveResume_industry,userSaveResume_resumeReactCode,userSaveResume_createdTime,userSaveResume_updatedTime,userSaveResume_sortedNum,userSaveResume_userId FROM user_userSaveResume WHERE (userSaveResume_userId = ?) ORDER BY userSaveResume_sortedNum DESC
2025-12-19 16:57:46.635 [http-nio-8080-exec-7] DEBUG c.z.e.m.m.u.U.selectList - ==> Parameters: 1(Integer)
2025-12-19 16:57:46.672 [http-nio-8080-exec-8] DEBUG c.z.e.m.m.user.UserMapper.selectById - <==      Total: 1
2025-12-19 16:57:46.711 [http-nio-8080-exec-7] DEBUG c.z.e.m.m.u.U.selectList - <==      Total: 4
2025-12-19 16:57:46.712 [http-nio-8080-exec-7] DEBUG c.z.e.m.m.a.I.selectById - ==>  Preparing: SELECT industryMap_industryCode,industryMap_industryName,industryMap_createdTime AS createdTime,industryMap_updatedTime AS updatedTime FROM general_industryMap WHERE industryMap_industryCode=?
2025-12-19 16:57:46.715 [http-nio-8080-exec-7] DEBUG c.z.e.m.m.a.I.selectById - ==> Parameters: 1(Integer)
2025-12-19 16:57:46.752 [http-nio-8080-exec-7] DEBUG c.z.e.m.m.a.I.selectById - <==      Total: 1
2025-12-19 16:57:46.825 [http-nio-8080-exec-10] DEBUG c.z.e.m.m.user.UserMapper.selectById - ==>  Preparing: SELECT user_id,user_account,user_username,user_email,user_phone,user_password,user_image,user_introduce,user_createdTime,user_loginTime,user_dreamPosition,user_dreamMinMonthSalary,user_dreamMaxMonthSalary,user_dreamWeekWorkDayNum,user_dreamGoodWelfare,user_recruitLocationFirst,user_recruitLocationSecond,user_recruitLocationDetail,user_universityCode FROM user_user WHERE user_id=?
2025-12-19 16:57:46.825 [http-nio-8080-exec-10] DEBUG c.z.e.m.m.user.UserMapper.selectById - ==> Parameters: 1(Integer)
2025-12-19 16:57:46.864 [http-nio-8080-exec-10] DEBUG c.z.e.m.m.user.UserMapper.selectById - <==      Total: 1
2025-12-19 16:57:46.902 [http-nio-8080-exec-10] INFO  c.z.e.s.impl.user.UserServiceImpl - 根据用户id查询用户信息开始
2025-12-19 16:57:46.902 [http-nio-8080-exec-10] DEBUG c.z.e.m.m.user.UserMapper.selectById - ==>  Preparing: SELECT user_id,user_account,user_username,user_email,user_phone,user_password,user_image,user_introduce,user_createdTime,user_loginTime,user_dreamPosition,user_dreamMinMonthSalary,user_dreamMaxMonthSalary,user_dreamWeekWorkDayNum,user_dreamGoodWelfare,user_recruitLocationFirst,user_recruitLocationSecond,user_recruitLocationDetail,user_universityCode FROM user_user WHERE user_id=?
2025-12-19 16:57:46.903 [http-nio-8080-exec-10] DEBUG c.z.e.m.m.user.UserMapper.selectById - ==> Parameters: 1(String)
2025-12-19 16:57:46.941 [http-nio-8080-exec-10] DEBUG c.z.e.m.m.user.UserMapper.selectById - <==      Total: 1
2025-12-19 16:57:48.134 [http-nio-8080-exec-9] DEBUG c.z.e.m.m.user.UserMapper.selectById - ==>  Preparing: SELECT user_id,user_account,user_username,user_email,user_phone,user_password,user_image,user_introduce,user_createdTime,user_loginTime,user_dreamPosition,user_dreamMinMonthSalary,user_dreamMaxMonthSalary,user_dreamWeekWorkDayNum,user_dreamGoodWelfare,user_recruitLocationFirst,user_recruitLocationSecond,user_recruitLocationDetail,user_universityCode FROM user_user WHERE user_id=?
2025-12-19 16:57:48.134 [http-nio-8080-exec-2] DEBUG c.z.e.m.m.user.UserMapper.selectById - ==>  Preparing: SELECT user_id,user_account,user_username,user_email,user_phone,user_password,user_image,user_introduce,user_createdTime,user_loginTime,user_dreamPosition,user_dreamMinMonthSalary,user_dreamMaxMonthSalary,user_dreamWeekWorkDayNum,user_dreamGoodWelfare,user_recruitLocationFirst,user_recruitLocationSecond,user_recruitLocationDetail,user_universityCode FROM user_user WHERE user_id=?
2025-12-19 16:57:48.134 [http-nio-8080-exec-9] DEBUG c.z.e.m.m.user.UserMapper.selectById - ==> Parameters: 1(Integer)
2025-12-19 16:57:48.134 [http-nio-8080-exec-2] DEBUG c.z.e.m.m.user.UserMapper.selectById - ==> Parameters: 1(Integer)
2025-12-19 16:57:48.173 [http-nio-8080-exec-2] DEBUG c.z.e.m.m.user.UserMapper.selectById - <==      Total: 1
2025-12-19 16:57:48.179 [http-nio-8080-exec-9] DEBUG c.z.e.m.m.user.UserMapper.selectById - <==      Total: 1
2025-12-19 16:57:48.209 [http-nio-8080-exec-2] DEBUG c.z.e.m.m.a.I.selectList - ==>  Preparing: SELECT industryMap_industryCode,industryMap_industryName,industryMap_createdTime AS createdTime,industryMap_updatedTime AS updatedTime FROM general_industryMap
2025-12-19 16:57:48.210 [http-nio-8080-exec-2] DEBUG c.z.e.m.m.a.I.selectList - ==> Parameters: 
2025-12-19 16:57:48.221 [http-nio-8080-exec-9] DEBUG c.z.e.m.m.a.R.selectList - ==>  Preparing: SELECT resumeTemplate_id,resumeTemplate_name,resumeTemplate_reactCode,resumeTemplate_industry,resumeTemplate_isActive,resumeTemplate_createdTime,resumeTemplate_updatedTime,deleted FROM general_resumeTemplate WHERE deleted=0 AND (deleted = ?)
2025-12-19 16:57:48.222 [http-nio-8080-exec-9] DEBUG c.z.e.m.m.a.R.selectList - ==> Parameters: 0(Integer)
2025-12-19 16:57:48.246 [http-nio-8080-exec-2] DEBUG c.z.e.m.m.a.I.selectList - <==      Total: 2
2025-12-19 16:57:48.261 [http-nio-8080-exec-9] DEBUG c.z.e.m.m.a.R.selectList - <==      Total: 1
2025-12-19 16:57:48.261 [http-nio-8080-exec-9] DEBUG c.z.e.m.m.a.I.selectById - ==>  Preparing: SELECT industryMap_industryCode,industryMap_industryName,industryMap_createdTime AS createdTime,industryMap_updatedTime AS updatedTime FROM general_industryMap WHERE industryMap_industryCode=?
2025-12-19 16:57:48.262 [http-nio-8080-exec-9] DEBUG c.z.e.m.m.a.I.selectById - ==> Parameters: 1(Integer)
2025-12-19 16:57:48.301 [http-nio-8080-exec-9] DEBUG c.z.e.m.m.a.I.selectById - <==      Total: 1
2025-12-19 16:57:51.752 [http-nio-8080-exec-1] DEBUG c.z.e.m.m.user.UserMapper.selectById - ==>  Preparing: SELECT user_id,user_account,user_username,user_email,user_phone,user_password,user_image,user_introduce,user_createdTime,user_loginTime,user_dreamPosition,user_dreamMinMonthSalary,user_dreamMaxMonthSalary,user_dreamWeekWorkDayNum,user_dreamGoodWelfare,user_recruitLocationFirst,user_recruitLocationSecond,user_recruitLocationDetail,user_universityCode FROM user_user WHERE user_id=?
2025-12-19 16:57:51.753 [http-nio-8080-exec-1] DEBUG c.z.e.m.m.user.UserMapper.selectById - ==> Parameters: 1(Integer)
2025-12-19 16:57:51.797 [http-nio-8080-exec-1] DEBUG c.z.e.m.m.user.UserMapper.selectById - <==      Total: 1
2025-12-19 16:57:51.900 [http-nio-8080-exec-1] INFO  c.z.e.s.i.u.UserCollectionsServiceImpl - 用户是否收藏简历模版开始
2025-12-19 16:57:51.901 [http-nio-8080-exec-1] DEBUG c.z.e.m.m.u.U.selectList - ==>  Preparing: SELECT uid,rtid FROM user_userCollections WHERE (uid = ? AND rtid = ?)
2025-12-19 16:57:51.901 [http-nio-8080-exec-1] DEBUG c.z.e.m.m.u.U.selectList - ==> Parameters: 1(Integer), 1(Integer)
2025-12-19 16:57:52.002 [http-nio-8080-exec-1] DEBUG c.z.e.m.m.u.U.selectList - <==      Total: 0
2025-12-19 16:57:52.003 [http-nio-8080-exec-1] INFO  c.z.e.s.i.u.UserCollectionsServiceImpl - 用户是否收藏简历模版结束
2025-12-19 16:57:55.008 [http-nio-8080-exec-3] DEBUG c.z.e.m.m.user.UserMapper.selectById - ==>  Preparing: SELECT user_id,user_account,user_username,user_email,user_phone,user_password,user_image,user_introduce,user_createdTime,user_loginTime,user_dreamPosition,user_dreamMinMonthSalary,user_dreamMaxMonthSalary,user_dreamWeekWorkDayNum,user_dreamGoodWelfare,user_recruitLocationFirst,user_recruitLocationSecond,user_recruitLocationDetail,user_universityCode FROM user_user WHERE user_id=?
2025-12-19 16:57:55.009 [http-nio-8080-exec-3] DEBUG c.z.e.m.m.user.UserMapper.selectById - ==> Parameters: 1(Integer)
2025-12-19 16:57:55.076 [http-nio-8080-exec-3] DEBUG c.z.e.m.m.user.UserMapper.selectById - <==      Total: 1
2025-12-19 16:57:55.155 [http-nio-8080-exec-3] INFO  c.z.e.s.i.u.UserSaveResumeServiceImpl - 保存用户保存的简历信息开始
2025-12-19 16:57:55.157 [http-nio-8080-exec-3] DEBUG c.z.e.m.m.a.I.selectList - ==>  Preparing: SELECT industryMap_industryCode,industryMap_industryName,industryMap_createdTime AS createdTime,industryMap_updatedTime AS updatedTime FROM general_industryMap WHERE (industryMap_industryName = ?)
2025-12-19 16:57:55.158 [http-nio-8080-exec-3] DEBUG c.z.e.m.m.a.I.selectList - ==> Parameters: 互联网(String)
2025-12-19 16:57:55.194 [http-nio-8080-exec-3] DEBUG c.z.e.m.m.a.I.selectList - <==      Total: 1
2025-12-19 16:57:55.195 [http-nio-8080-exec-3] DEBUG c.z.e.m.m.u.U.selectList - ==>  Preparing: SELECT userSaveResume_id,userSaveResume_resumeName,userSaveResume_industry,userSaveResume_resumeReactCode,userSaveResume_createdTime,userSaveResume_updatedTime,userSaveResume_sortedNum,userSaveResume_userId FROM user_userSaveResume WHERE (userSaveResume_userId = ?) ORDER BY userSaveResume_sortedNum DESC
2025-12-19 16:57:55.196 [http-nio-8080-exec-3] DEBUG c.z.e.m.m.u.U.selectList - ==> Parameters: 1(Integer)
2025-12-19 16:57:55.276 [http-nio-8080-exec-3] DEBUG c.z.e.m.m.u.U.selectList - <==      Total: 4
2025-12-19 16:57:55.276 [http-nio-8080-exec-3] ERROR c.z.e.s.i.u.UserSaveResumeServiceImpl - 保存用户保存的简历信息失败
2025-12-19 16:57:55.452 [http-nio-8080-exec-5] DEBUG c.z.e.m.m.user.UserMapper.selectById - ==>  Preparing: SELECT user_id,user_account,user_username,user_email,user_phone,user_password,user_image,user_introduce,user_createdTime,user_loginTime,user_dreamPosition,user_dreamMinMonthSalary,user_dreamMaxMonthSalary,user_dreamWeekWorkDayNum,user_dreamGoodWelfare,user_recruitLocationFirst,user_recruitLocationSecond,user_recruitLocationDetail,user_universityCode FROM user_user WHERE user_id=?
2025-12-19 16:57:55.452 [http-nio-8080-exec-5] DEBUG c.z.e.m.m.user.UserMapper.selectById - ==> Parameters: 1(Integer)
2025-12-19 16:57:55.490 [http-nio-8080-exec-5] DEBUG c.z.e.m.m.user.UserMapper.selectById - <==      Total: 1
2025-12-19 16:57:55.530 [http-nio-8080-exec-5] INFO  c.z.e.s.i.u.UserSaveResumeServiceImpl - 获取用户保存的简历信息开始
2025-12-19 16:57:55.530 [http-nio-8080-exec-5] DEBUG c.z.e.m.m.u.U.selectList - ==>  Preparing: SELECT userSaveResume_id,userSaveResume_resumeName,userSaveResume_industry,userSaveResume_resumeReactCode,userSaveResume_createdTime,userSaveResume_updatedTime,userSaveResume_sortedNum,userSaveResume_userId FROM user_userSaveResume WHERE (userSaveResume_userId = ?) ORDER BY userSaveResume_sortedNum DESC
2025-12-19 16:57:55.531 [http-nio-8080-exec-5] DEBUG c.z.e.m.m.u.U.selectList - ==> Parameters: 1(Integer)
2025-12-19 16:57:55.584 [http-nio-8080-exec-5] DEBUG c.z.e.m.m.u.U.selectList - <==      Total: 4
2025-12-19 16:57:55.587 [http-nio-8080-exec-5] DEBUG c.z.e.m.m.a.I.selectById - ==>  Preparing: SELECT industryMap_industryCode,industryMap_industryName,industryMap_createdTime AS createdTime,industryMap_updatedTime AS updatedTime FROM general_industryMap WHERE industryMap_industryCode=?
2025-12-19 16:57:55.587 [http-nio-8080-exec-5] DEBUG c.z.e.m.m.a.I.selectById - ==> Parameters: 1(Integer)
2025-12-19 16:57:55.624 [http-nio-8080-exec-5] DEBUG c.z.e.m.m.a.I.selectById - <==      Total: 1
2025-12-19 16:58:00.634 [http-nio-8080-exec-6] DEBUG c.z.e.m.m.user.UserMapper.selectById - ==>  Preparing: SELECT user_id,user_account,user_username,user_email,user_phone,user_password,user_image,user_introduce,user_createdTime,user_loginTime,user_dreamPosition,user_dreamMinMonthSalary,user_dreamMaxMonthSalary,user_dreamWeekWorkDayNum,user_dreamGoodWelfare,user_recruitLocationFirst,user_recruitLocationSecond,user_recruitLocationDetail,user_universityCode FROM user_user WHERE user_id=?
2025-12-19 16:58:00.634 [http-nio-8080-exec-4] DEBUG c.z.e.m.m.user.UserMapper.selectById - ==>  Preparing: SELECT user_id,user_account,user_username,user_email,user_phone,user_password,user_image,user_introduce,user_createdTime,user_loginTime,user_dreamPosition,user_dreamMinMonthSalary,user_dreamMaxMonthSalary,user_dreamWeekWorkDayNum,user_dreamGoodWelfare,user_recruitLocationFirst,user_recruitLocationSecond,user_recruitLocationDetail,user_universityCode FROM user_user WHERE user_id=?
2025-12-19 16:58:00.635 [http-nio-8080-exec-6] DEBUG c.z.e.m.m.user.UserMapper.selectById - ==> Parameters: 1(Integer)
2025-12-19 16:58:00.635 [http-nio-8080-exec-4] DEBUG c.z.e.m.m.user.UserMapper.selectById - ==> Parameters: 1(Integer)
2025-12-19 16:58:00.671 [http-nio-8080-exec-4] DEBUG c.z.e.m.m.user.UserMapper.selectById - <==      Total: 1
2025-12-19 16:58:00.672 [http-nio-8080-exec-6] DEBUG c.z.e.m.m.user.UserMapper.selectById - <==      Total: 1
2025-12-19 16:58:00.709 [http-nio-8080-exec-4] INFO  c.z.e.s.impl.user.UserServiceImpl - 根据用户id查询用户信息开始
2025-12-19 16:58:00.710 [http-nio-8080-exec-4] DEBUG c.z.e.m.m.user.UserMapper.selectById - ==>  Preparing: SELECT user_id,user_account,user_username,user_email,user_phone,user_password,user_image,user_introduce,user_createdTime,user_loginTime,user_dreamPosition,user_dreamMinMonthSalary,user_dreamMaxMonthSalary,user_dreamWeekWorkDayNum,user_dreamGoodWelfare,user_recruitLocationFirst,user_recruitLocationSecond,user_recruitLocationDetail,user_universityCode FROM user_user WHERE user_id=?
2025-12-19 16:58:00.710 [http-nio-8080-exec-6] INFO  c.z.e.s.i.u.UserSaveResumeServiceImpl - 获取用户保存的简历信息开始
2025-12-19 16:58:00.710 [http-nio-8080-exec-4] DEBUG c.z.e.m.m.user.UserMapper.selectById - ==> Parameters: 1(String)
2025-12-19 16:58:00.711 [http-nio-8080-exec-6] DEBUG c.z.e.m.m.u.U.selectList - ==>  Preparing: SELECT userSaveResume_id,userSaveResume_resumeName,userSaveResume_industry,userSaveResume_resumeReactCode,userSaveResume_createdTime,userSaveResume_updatedTime,userSaveResume_sortedNum,userSaveResume_userId FROM user_userSaveResume WHERE (userSaveResume_userId = ?) ORDER BY userSaveResume_sortedNum DESC
2025-12-19 16:58:00.711 [http-nio-8080-exec-6] DEBUG c.z.e.m.m.u.U.selectList - ==> Parameters: 1(Integer)
2025-12-19 16:58:00.749 [http-nio-8080-exec-4] DEBUG c.z.e.m.m.user.UserMapper.selectById - <==      Total: 1
2025-12-19 16:58:00.790 [http-nio-8080-exec-6] DEBUG c.z.e.m.m.u.U.selectList - <==      Total: 4
2025-12-19 16:58:00.796 [http-nio-8080-exec-6] DEBUG c.z.e.m.m.a.I.selectById - ==>  Preparing: SELECT industryMap_industryCode,industryMap_industryName,industryMap_createdTime AS createdTime,industryMap_updatedTime AS updatedTime FROM general_industryMap WHERE industryMap_industryCode=?
2025-12-19 16:58:00.796 [http-nio-8080-exec-6] DEBUG c.z.e.m.m.a.I.selectById - ==> Parameters: 1(Integer)
2025-12-19 16:58:00.833 [http-nio-8080-exec-6] DEBUG c.z.e.m.m.a.I.selectById - <==      Total: 1
2025-12-19 16:58:00.907 [http-nio-8080-exec-8] DEBUG c.z.e.m.m.user.UserMapper.selectById - ==>  Preparing: SELECT user_id,user_account,user_username,user_email,user_phone,user_password,user_image,user_introduce,user_createdTime,user_loginTime,user_dreamPosition,user_dreamMinMonthSalary,user_dreamMaxMonthSalary,user_dreamWeekWorkDayNum,user_dreamGoodWelfare,user_recruitLocationFirst,user_recruitLocationSecond,user_recruitLocationDetail,user_universityCode FROM user_user WHERE user_id=?
2025-12-19 16:58:00.907 [http-nio-8080-exec-8] DEBUG c.z.e.m.m.user.UserMapper.selectById - ==> Parameters: 1(Integer)
2025-12-19 16:58:00.947 [http-nio-8080-exec-8] DEBUG c.z.e.m.m.user.UserMapper.selectById - <==      Total: 1
2025-12-19 16:58:00.984 [http-nio-8080-exec-8] INFO  c.z.e.s.impl.user.UserServiceImpl - 根据用户id查询用户信息开始
2025-12-19 16:58:00.985 [http-nio-8080-exec-8] DEBUG c.z.e.m.m.user.UserMapper.selectById - ==>  Preparing: SELECT user_id,user_account,user_username,user_email,user_phone,user_password,user_image,user_introduce,user_createdTime,user_loginTime,user_dreamPosition,user_dreamMinMonthSalary,user_dreamMaxMonthSalary,user_dreamWeekWorkDayNum,user_dreamGoodWelfare,user_recruitLocationFirst,user_recruitLocationSecond,user_recruitLocationDetail,user_universityCode FROM user_user WHERE user_id=?
2025-12-19 16:58:00.985 [http-nio-8080-exec-8] DEBUG c.z.e.m.m.user.UserMapper.selectById - ==> Parameters: 1(String)
2025-12-19 16:58:01.024 [http-nio-8080-exec-8] DEBUG c.z.e.m.m.user.UserMapper.selectById - <==      Total: 1
2025-12-19 16:58:30.875 [http-nio-8080-exec-7] DEBUG c.z.e.m.m.user.UserMapper.selectById - ==>  Preparing: SELECT user_id,user_account,user_username,user_email,user_phone,user_password,user_image,user_introduce,user_createdTime,user_loginTime,user_dreamPosition,user_dreamMinMonthSalary,user_dreamMaxMonthSalary,user_dreamWeekWorkDayNum,user_dreamGoodWelfare,user_recruitLocationFirst,user_recruitLocationSecond,user_recruitLocationDetail,user_universityCode FROM user_user WHERE user_id=?
2025-12-19 16:58:30.875 [http-nio-8080-exec-7] DEBUG c.z.e.m.m.user.UserMapper.selectById - ==> Parameters: 1(Integer)
2025-12-19 16:58:31.017 [http-nio-8080-exec-7] DEBUG c.z.e.m.m.user.UserMapper.selectById - <==      Total: 1
2025-12-19 16:58:31.117 [http-nio-8080-exec-7] INFO  c.z.e.s.i.u.UserSaveResumeServiceImpl - 删除用户保存的简历信息开始
2025-12-19 16:58:31.119 [http-nio-8080-exec-7] DEBUG c.z.e.m.m.u.U.selectList - ==>  Preparing: SELECT userSaveResume_id,userSaveResume_resumeName,userSaveResume_industry,userSaveResume_resumeReactCode,userSaveResume_createdTime,userSaveResume_updatedTime,userSaveResume_sortedNum,userSaveResume_userId FROM user_userSaveResume WHERE (userSaveResume_userId = ? AND userSaveResume_sortedNum = ?)
2025-12-19 16:58:31.119 [http-nio-8080-exec-7] DEBUG c.z.e.m.m.u.U.selectList - ==> Parameters: 1(Integer), 2(Integer)
2025-12-19 16:58:31.223 [http-nio-8080-exec-7] DEBUG c.z.e.m.m.u.U.selectList - <==      Total: 1
2025-12-19 16:58:31.223 [http-nio-8080-exec-7] INFO  c.z.e.s.i.u.UserDeleteResumeServiceImpl - 将用户保存的简历添加到用户删除简历开始
2025-12-19 16:58:31.225 [http-nio-8080-exec-7] DEBUG c.z.e.m.m.u.U.selectList - ==>  Preparing: SELECT userDeleteResume_id,userDeleteResume_resumeName,userDeleteResume_industry,userDeleteResume_industryName,userDeleteResume_resumeReactCode,userDeleteResume_createdTime,userDeleteResume_updatedTime,userDeleteResume_sortedNum,userDeleteResume_userId,userDeleteResume_deleteTime FROM user_userDeleteResume WHERE (userDeleteResume_userId = ?) ORDER BY userDeleteResume_sortedNum DESC
2025-12-19 16:58:31.228 [http-nio-8080-exec-7] DEBUG c.z.e.m.m.u.U.selectList - ==> Parameters: 1(Integer)
2025-12-19 16:58:31.332 [http-nio-8080-exec-7] DEBUG c.z.e.m.m.u.U.selectList - <==      Total: 2
2025-12-19 16:58:31.332 [http-nio-8080-exec-7] DEBUG c.z.e.m.m.a.I.selectById - ==>  Preparing: SELECT industryMap_industryCode,industryMap_industryName,industryMap_createdTime AS createdTime,industryMap_updatedTime AS updatedTime FROM general_industryMap WHERE industryMap_industryCode=?
2025-12-19 16:58:31.332 [http-nio-8080-exec-7] DEBUG c.z.e.m.m.a.I.selectById - ==> Parameters: 1(Integer)
2025-12-19 16:58:31.425 [http-nio-8080-exec-7] DEBUG c.z.e.m.m.a.I.selectById - <==      Total: 1
2025-12-19 16:58:31.426 [http-nio-8080-exec-7] DEBUG c.z.e.m.m.u.U.insert - ==>  Preparing: INSERT INTO user_userDeleteResume ( userDeleteResume_id, userDeleteResume_resumeName, userDeleteResume_industry, userDeleteResume_industryName, userDeleteResume_resumeReactCode, userDeleteResume_createdTime, userDeleteResume_updatedTime, userDeleteResume_sortedNum, userDeleteResume_userId, userDeleteResume_deleteTime ) VALUES ( ?, ?, ?, ?, ?, ?, ?, ?, ?, ? )
2025-12-19 16:58:31.428 [http-nio-8080-exec-7] DEBUG c.z.e.m.m.u.U.insert - ==> Parameters: 6(Integer), 111(String), 1(Integer), 互联网(String), const ResumeTemplate = () => {
  const styles = {
    container: {
      fontFamily: "'Microsoft YaHei', sans-serif",
      maxWidth: '800px',
      margin: '0 auto',
      padding: '40px',
      background: 'white',
    },
    header: {
      textAlign: 'center',
      marginBottom: '30px',
      borderBottom: '2px solid #1890ff',
      paddingBottom: '20px',
    },
    name: {
      fontSize: '28px',
      fontWeight: 'bold',
      color: '#1890ff',
      marginBottom: '10px',
    },
    contact: {
      fontSize: '14px',
      color: '#666',
    },
    section: {
      marginBottom: '25px',
    },
    sectionTitle: {
      fontSize: '18px',
      fontWeight: 'bold',
      color: '#1890ff',
      borderLeft: '4px solid #1890ff',
      paddingLeft: '10px',
      marginBottom: '15px',
    },
    item: {
      marginBottom: '15px',
    },
    itemHeader: {
      display: 'flex',
      justifyContent: 'space-between',
      marginBottom: '5px',
    },
    itemTitle: {
      fontWeight: 'bold',
      fontSize: '15px',
    },
    itemDate: {
      color: '#999',
      fontSize: '13px',
    },
    itemDesc: {
      fontSize: '14px',
      color: '#333',
      lineHeight: '1.6',
    },
    skills: {
      display: 'flex',
      flexWrap: 'wrap',
      gap: '8px',
    },
    skill: {
      background: '#e6f7ff',
      color: '#1890ff',
      padding: '4px 12px',
      borderRadius: '4px',
      fontSize: '13px',
    },
  };

  return (
    <div style={styles.container}>
      <div style={styles.header}>
        <div style={styles.name}>张三</div>
        <div style={styles.contact}>
          📱 138-0000-0000 | ✉️ zhangsan@email.com | 📍 北京市
        </div>
      </div>

      <div style={styles.section}>
        <div style={styles.sectionTitle}>教育背景</div>
        <div style={styles.item}>
          <div style={styles.itemHeader}>
            <span style={styles.itemTitle}>北京大学 · 计算机科学与技术</span>
            <span style={styles.itemDate}>2018.09 - 2022.06</span>
          </div>
          <div style={styles.itemDesc}>本科 | GPA: 3.8/4.0</div>
        </div>
      </div>

      <div style={styles.section}>
        <div style={styles.sectionTitle}>工作经历</div>
        <div style={styles.item}>
          <div style={styles.itemHeader}>
            <span style={styles.itemTitle}>阿里巴巴 · 前端开发工程师</span>
            <span style={styles.itemDate}>2022.07 - 至今</span>
          </div>
          <div style={styles.itemDesc}>
            • 负责淘宝商家后台系统开发，使用 React + TypeScript<br/>
            • 优化页面性能，首屏加载时间降低 40%<br/>
            • 主导组件库建设，提升团队开发效率 30%
          </div>
        </div>
      </div>

      <div style={styles.section}>
        <div style={styles.sectionTitle}>项目经验</div>
        <div style={styles.item}>
          <div style={styles.itemHeader}>
            <span style={styles.itemTitle}>电商管理系统</span>
            <span style={styles.itemDate}>2023.01 - 2023.06</span>
          </div>
          <div style={styles.itemDesc}>
            • 使用 React 18 + Ant Design 搭建后台管理系统<br/>
            • 实现权限管理、数据可视化、订单管理等核心模块<br/>
            • 采用 React Query 优化数据请求，提升用户体验
          </div>
        </div>
      </div>

      <div style={styles.section}>
        <div style={styles.sectionTitle}>专业技能</div>
        <div style={styles.skills}>
          <span style={styles.skill}>React</span>
          <span style={styles.skill}>TypeScript</span>
          <span style={styles.skill}>Vue.js</span>
          <span style={styles.skill}>Node.js</span>
          <span style={styles.skill}>Webpack</span>
          <span style={styles.skill}>Git</span>
        </div>
      </div>
    </div>
  );
};(String), 2025-12-18 00:00:00.0(Timestamp), 2025-12-18 00:00:00.0(Timestamp), 3(Integer), 1(Integer), 2025-12-19 16:58:31.426(Timestamp)
2025-12-19 16:58:31.588 [http-nio-8080-exec-7] DEBUG c.z.e.m.m.u.U.insert - <==    Updates: 1
2025-12-19 16:58:31.590 [http-nio-8080-exec-7] DEBUG c.z.e.m.m.u.U.delete - ==>  Preparing: DELETE FROM user_userSaveResume WHERE (userSaveResume_userId = ? AND userSaveResume_sortedNum = ?)
2025-12-19 16:58:31.591 [http-nio-8080-exec-7] DEBUG c.z.e.m.m.u.U.delete - ==> Parameters: 1(Integer), 2(Integer)
2025-12-19 16:58:31.732 [http-nio-8080-exec-7] DEBUG c.z.e.m.m.u.U.delete - <==    Updates: 1
2025-12-19 16:58:31.733 [http-nio-8080-exec-7] DEBUG c.z.e.m.m.u.U.selectList - ==>  Preparing: SELECT userSaveResume_id,userSaveResume_resumeName,userSaveResume_industry,userSaveResume_resumeReactCode,userSaveResume_createdTime,userSaveResume_updatedTime,userSaveResume_sortedNum,userSaveResume_userId FROM user_userSaveResume WHERE (userSaveResume_userId = ? AND userSaveResume_sortedNum > ?) ORDER BY userSaveResume_sortedNum ASC
2025-12-19 16:58:31.733 [http-nio-8080-exec-7] DEBUG c.z.e.m.m.u.U.selectList - ==> Parameters: 1(Integer), 2(Integer)
2025-12-19 16:58:31.815 [http-nio-8080-exec-7] DEBUG c.z.e.m.m.u.U.selectList - <==      Total: 2
2025-12-19 16:58:31.875 [http-nio-8080-exec-7] DEBUG c.z.e.m.m.u.U.update - ==>  Preparing: UPDATE user_userSaveResume SET userSaveResume_sortedNum=? WHERE (userSaveResume_id = ? AND userSaveResume_sortedNum = ?)
2025-12-19 16:58:31.903 [http-nio-8080-exec-7] DEBUG c.z.e.m.m.u.U.update - ==> Parameters: 2(Integer), 7(Integer), 3(Integer)
2025-12-19 16:58:32.141 [http-nio-8080-exec-7] DEBUG c.z.e.m.m.u.U.update - <==    Updates: 1
2025-12-19 16:58:32.143 [http-nio-8080-exec-7] DEBUG c.z.e.m.m.u.U.update - ==>  Preparing: UPDATE user_userSaveResume SET userSaveResume_sortedNum=? WHERE (userSaveResume_id = ? AND userSaveResume_sortedNum = ?)
2025-12-19 16:58:32.143 [http-nio-8080-exec-7] DEBUG c.z.e.m.m.u.U.update - ==> Parameters: 3(Integer), 8(Integer), 4(Integer)
2025-12-19 16:58:32.346 [http-nio-8080-exec-7] DEBUG c.z.e.m.m.u.U.update - <==    Updates: 1
2025-12-19 16:58:32.347 [http-nio-8080-exec-7] INFO  c.z.e.s.i.u.UserSaveResumeServiceImpl - 删除用户保存的简历信息成功
2025-12-19 16:58:32.646 [http-nio-8080-exec-10] DEBUG c.z.e.m.m.user.UserMapper.selectById - ==>  Preparing: SELECT user_id,user_account,user_username,user_email,user_phone,user_password,user_image,user_introduce,user_createdTime,user_loginTime,user_dreamPosition,user_dreamMinMonthSalary,user_dreamMaxMonthSalary,user_dreamWeekWorkDayNum,user_dreamGoodWelfare,user_recruitLocationFirst,user_recruitLocationSecond,user_recruitLocationDetail,user_universityCode FROM user_user WHERE user_id=?
2025-12-19 16:58:32.646 [http-nio-8080-exec-10] DEBUG c.z.e.m.m.user.UserMapper.selectById - ==> Parameters: 1(Integer)
2025-12-19 16:58:32.684 [http-nio-8080-exec-10] DEBUG c.z.e.m.m.user.UserMapper.selectById - <==      Total: 1
2025-12-19 16:58:32.722 [http-nio-8080-exec-10] INFO  c.z.e.s.i.u.UserSaveResumeServiceImpl - 获取用户保存的简历信息开始
2025-12-19 16:58:32.726 [http-nio-8080-exec-10] DEBUG c.z.e.m.m.u.U.selectList - ==>  Preparing: SELECT userSaveResume_id,userSaveResume_resumeName,userSaveResume_industry,userSaveResume_resumeReactCode,userSaveResume_createdTime,userSaveResume_updatedTime,userSaveResume_sortedNum,userSaveResume_userId FROM user_userSaveResume WHERE (userSaveResume_userId = ?) ORDER BY userSaveResume_sortedNum DESC
2025-12-19 16:58:32.727 [http-nio-8080-exec-10] DEBUG c.z.e.m.m.u.U.selectList - ==> Parameters: 1(Integer)
2025-12-19 16:58:32.799 [http-nio-8080-exec-10] DEBUG c.z.e.m.m.u.U.selectList - <==      Total: 3
2025-12-19 16:58:32.800 [http-nio-8080-exec-10] DEBUG c.z.e.m.m.a.I.selectById - ==>  Preparing: SELECT industryMap_industryCode,industryMap_industryName,industryMap_createdTime AS createdTime,industryMap_updatedTime AS updatedTime FROM general_industryMap WHERE industryMap_industryCode=?
2025-12-19 16:58:32.800 [http-nio-8080-exec-10] DEBUG c.z.e.m.m.a.I.selectById - ==> Parameters: 1(Integer)
2025-12-19 16:58:32.837 [http-nio-8080-exec-10] DEBUG c.z.e.m.m.a.I.selectById - <==      Total: 1
2025-12-19 17:08:40.299 [Thread-15] WARN  c.a.n.c.http.HttpClientBeanHolder - [HttpClientBeanHolder] Start destroying common HttpClient
2025-12-19 17:08:40.299 [Thread-1] WARN  c.a.n.c.executor.ThreadPoolManager - [ThreadPoolManager] Start destroying ThreadPool
2025-12-19 17:08:40.301 [Thread-1] WARN  c.a.n.c.executor.ThreadPoolManager - [ThreadPoolManager] Destruction of the end
2025-12-19 17:08:40.306 [Thread-15] WARN  c.a.n.c.http.HttpClientBeanHolder - [HttpClientBeanHolder] Destruction of the end
2025-12-19 17:08:40.589 [SpringApplicationShutdownHook] INFO  com.zaxxer.hikari.HikariDataSource - HikariPool-1 - Shutdown initiated...
2025-12-19 17:08:40.598 [SpringApplicationShutdownHook] INFO  com.zaxxer.hikari.HikariDataSource - HikariPool-1 - Shutdown completed.
2025-12-19 17:08:40.600 [SpringApplicationShutdownHook] INFO  c.z.e.s.impl.user.UserSmsServiceImpl - 关闭阿里云短信客户端...
2025-12-19 17:08:40.611 [SpringApplicationShutdownHook] INFO  c.z.e.s.impl.user.UserSmsServiceImpl - 阿里云短信客户端已关闭
2025-12-19 17:08:40.612 [SpringApplicationShutdownHook] INFO  c.z.e.s.i.admin.AdminSmsServiceImpl - 关闭阿里云短信客户端...
2025-12-19 17:08:40.615 [SpringApplicationShutdownHook] INFO  c.z.e.s.i.admin.AdminSmsServiceImpl - 阿里云短信客户端已关闭
2025-12-19 17:08:40.620 [SpringApplicationShutdownHook] INFO  com.zaxxer.hikari.HikariDataSource - HikariPool-2 - Shutdown initiated...
2025-12-19 17:08:40.621 [SpringApplicationShutdownHook] INFO  com.zaxxer.hikari.HikariDataSource - HikariPool-2 - Shutdown completed.
