2026-01-11 13:57:46.704 [main] INFO  c.a.n.client.logging.NacosLogging - Nacos Logging Adapter Builder: com.alibaba.nacos.logger.adapter.logback12.LogbackNacosLoggingAdapterBuilder
2026-01-11 13:57:46.722 [main] INFO  c.a.n.client.logging.NacosLogging - Nacos Logging Adapter Builder: com.alibaba.nacos.logger.adapter.logback14.LogbackNacosLoggingAdapterBuilder
2026-01-11 13:57:46.723 [main] INFO  c.a.n.client.logging.NacosLogging - Nacos Logging Adapter: com.alibaba.nacos.logger.adapter.logback14.LogbackNacosLoggingAdapter match ch.qos.logback.classic.Logger success.
2026-01-11 13:57:46.733 [main] INFO  c.a.n.client.logging.NacosLogging - Nacos Logging Adapter Builder: com.alibaba.nacos.logger.adapter.log4j2.Log4j2NacosLoggingAdapterBuilder
2026-01-11 13:57:46.740 [background-preinit] INFO  o.h.validator.internal.util.Version - HV000001: Hibernate Validator 8.0.1.Final
2026-01-11 13:57:46.932 [main] INFO  c.z.e.EasyApplyResumeApplication - Starting EasyApplyResumeApplication using Java 21.0.9 with PID 29156 (D:\EasyApplyResume\EasyApplyResume\target\classes started by zhaoyunhan1 in D:\EasyApplyResume\EasyApplyResume)
2026-01-11 13:57:46.933 [main] DEBUG c.z.e.EasyApplyResumeApplication - Running with Spring Boot v3.3.5, Spring v6.1.14
2026-01-11 13:57:46.933 [main] INFO  c.z.e.EasyApplyResumeApplication - The following 1 profile is active: "dev"
2026-01-11 13:57:50.598 [main] INFO  o.s.d.r.c.RepositoryConfigurationDelegate - Multiple Spring Data modules found, entering strict repository configuration mode
2026-01-11 13:57:50.601 [main] INFO  o.s.d.r.c.RepositoryConfigurationDelegate - Bootstrapping Spring Data Redis repositories in DEFAULT mode.
2026-01-11 13:57:50.778 [main] INFO  o.s.d.r.c.RepositoryConfigurationDelegate - Finished Spring Data repository scanning in 164 ms. Found 0 Redis repository interfaces.
2026-01-11 13:57:50.961 [main] WARN  o.m.s.mapper.ClassPathMapperScanner - Cannot use both: sqlSessionTemplate and sqlSessionFactory together. sqlSessionFactory is ignored.
2026-01-11 13:57:50.963 [main] WARN  o.m.s.mapper.ClassPathMapperScanner - Cannot use both: sqlSessionTemplate and sqlSessionFactory together. sqlSessionFactory is ignored.
2026-01-11 13:57:50.965 [main] WARN  o.m.s.mapper.ClassPathMapperScanner - Cannot use both: sqlSessionTemplate and sqlSessionFactory together. sqlSessionFactory is ignored.
2026-01-11 13:57:50.968 [main] WARN  o.m.s.mapper.ClassPathMapperScanner - Cannot use both: sqlSessionTemplate and sqlSessionFactory together. sqlSessionFactory is ignored.
2026-01-11 13:57:50.971 [main] WARN  o.m.s.mapper.ClassPathMapperScanner - Cannot use both: sqlSessionTemplate and sqlSessionFactory together. sqlSessionFactory is ignored.
2026-01-11 13:57:50.972 [main] WARN  o.m.s.mapper.ClassPathMapperScanner - Cannot use both: sqlSessionTemplate and sqlSessionFactory together. sqlSessionFactory is ignored.
2026-01-11 13:57:50.974 [main] WARN  o.m.s.mapper.ClassPathMapperScanner - Cannot use both: sqlSessionTemplate and sqlSessionFactory together. sqlSessionFactory is ignored.
2026-01-11 13:57:50.975 [main] WARN  o.m.s.mapper.ClassPathMapperScanner - Cannot use both: sqlSessionTemplate and sqlSessionFactory together. sqlSessionFactory is ignored.
2026-01-11 13:57:50.977 [main] WARN  o.m.s.mapper.ClassPathMapperScanner - Cannot use both: sqlSessionTemplate and sqlSessionFactory together. sqlSessionFactory is ignored.
2026-01-11 13:57:50.978 [main] WARN  o.m.s.mapper.ClassPathMapperScanner - Cannot use both: sqlSessionTemplate and sqlSessionFactory together. sqlSessionFactory is ignored.
2026-01-11 13:57:50.980 [main] WARN  o.m.s.mapper.ClassPathMapperScanner - Cannot use both: sqlSessionTemplate and sqlSessionFactory together. sqlSessionFactory is ignored.
2026-01-11 13:57:50.981 [main] WARN  o.m.s.mapper.ClassPathMapperScanner - Cannot use both: sqlSessionTemplate and sqlSessionFactory together. sqlSessionFactory is ignored.
2026-01-11 13:57:50.984 [main] WARN  o.m.s.mapper.ClassPathMapperScanner - Cannot use both: sqlSessionTemplate and sqlSessionFactory together. sqlSessionFactory is ignored.
2026-01-11 13:57:50.985 [main] WARN  o.m.s.mapper.ClassPathMapperScanner - Cannot use both: sqlSessionTemplate and sqlSessionFactory together. sqlSessionFactory is ignored.
2026-01-11 13:57:50.986 [main] WARN  o.m.s.mapper.ClassPathMapperScanner - Cannot use both: sqlSessionTemplate and sqlSessionFactory together. sqlSessionFactory is ignored.
2026-01-11 13:57:50.989 [main] WARN  o.m.s.mapper.ClassPathMapperScanner - Cannot use both: sqlSessionTemplate and sqlSessionFactory together. sqlSessionFactory is ignored.
2026-01-11 13:57:50.990 [main] WARN  o.m.s.mapper.ClassPathMapperScanner - Cannot use both: sqlSessionTemplate and sqlSessionFactory together. sqlSessionFactory is ignored.
2026-01-11 13:57:50.991 [main] WARN  o.m.s.mapper.ClassPathMapperScanner - Cannot use both: sqlSessionTemplate and sqlSessionFactory together. sqlSessionFactory is ignored.
2026-01-11 13:57:50.993 [main] WARN  o.m.s.mapper.ClassPathMapperScanner - Cannot use both: sqlSessionTemplate and sqlSessionFactory together. sqlSessionFactory is ignored.
2026-01-11 13:57:50.994 [main] WARN  o.m.s.mapper.ClassPathMapperScanner - Cannot use both: sqlSessionTemplate and sqlSessionFactory together. sqlSessionFactory is ignored.
2026-01-11 13:57:50.996 [main] WARN  o.m.s.mapper.ClassPathMapperScanner - Cannot use both: sqlSessionTemplate and sqlSessionFactory together. sqlSessionFactory is ignored.
2026-01-11 13:57:50.998 [main] WARN  o.m.s.mapper.ClassPathMapperScanner - Cannot use both: sqlSessionTemplate and sqlSessionFactory together. sqlSessionFactory is ignored.
2026-01-11 13:57:51.000 [main] WARN  o.m.s.mapper.ClassPathMapperScanner - Cannot use both: sqlSessionTemplate and sqlSessionFactory together. sqlSessionFactory is ignored.
2026-01-11 13:57:51.001 [main] WARN  o.m.s.mapper.ClassPathMapperScanner - Cannot use both: sqlSessionTemplate and sqlSessionFactory together. sqlSessionFactory is ignored.
2026-01-11 13:57:51.003 [main] WARN  o.m.s.mapper.ClassPathMapperScanner - Cannot use both: sqlSessionTemplate and sqlSessionFactory together. sqlSessionFactory is ignored.
2026-01-11 13:57:51.005 [main] WARN  o.m.s.mapper.ClassPathMapperScanner - Cannot use both: sqlSessionTemplate and sqlSessionFactory together. sqlSessionFactory is ignored.
2026-01-11 13:57:51.006 [main] WARN  o.m.s.mapper.ClassPathMapperScanner - Cannot use both: sqlSessionTemplate and sqlSessionFactory together. sqlSessionFactory is ignored.
2026-01-11 13:57:51.008 [main] WARN  o.m.s.mapper.ClassPathMapperScanner - Cannot use both: sqlSessionTemplate and sqlSessionFactory together. sqlSessionFactory is ignored.
2026-01-11 13:57:51.009 [main] WARN  o.m.s.mapper.ClassPathMapperScanner - Cannot use both: sqlSessionTemplate and sqlSessionFactory together. sqlSessionFactory is ignored.
2026-01-11 13:57:51.010 [main] WARN  o.m.s.mapper.ClassPathMapperScanner - Cannot use both: sqlSessionTemplate and sqlSessionFactory together. sqlSessionFactory is ignored.
2026-01-11 13:57:51.012 [main] WARN  o.m.s.mapper.ClassPathMapperScanner - Cannot use both: sqlSessionTemplate and sqlSessionFactory together. sqlSessionFactory is ignored.
2026-01-11 13:57:51.013 [main] WARN  o.m.s.mapper.ClassPathMapperScanner - Cannot use both: sqlSessionTemplate and sqlSessionFactory together. sqlSessionFactory is ignored.
2026-01-11 13:57:51.016 [main] WARN  o.m.s.mapper.ClassPathMapperScanner - Cannot use both: sqlSessionTemplate and sqlSessionFactory together. sqlSessionFactory is ignored.
2026-01-11 13:57:51.017 [main] WARN  o.m.s.mapper.ClassPathMapperScanner - Cannot use both: sqlSessionTemplate and sqlSessionFactory together. sqlSessionFactory is ignored.
2026-01-11 13:57:51.018 [main] WARN  o.m.s.mapper.ClassPathMapperScanner - Cannot use both: sqlSessionTemplate and sqlSessionFactory together. sqlSessionFactory is ignored.
2026-01-11 13:57:51.019 [main] WARN  o.m.s.mapper.ClassPathMapperScanner - Cannot use both: sqlSessionTemplate and sqlSessionFactory together. sqlSessionFactory is ignored.
2026-01-11 13:57:51.022 [main] WARN  o.m.s.mapper.ClassPathMapperScanner - Cannot use both: sqlSessionTemplate and sqlSessionFactory together. sqlSessionFactory is ignored.
2026-01-11 13:57:51.024 [main] WARN  o.m.s.mapper.ClassPathMapperScanner - Cannot use both: sqlSessionTemplate and sqlSessionFactory together. sqlSessionFactory is ignored.
2026-01-11 13:57:51.026 [main] WARN  o.m.s.mapper.ClassPathMapperScanner - Cannot use both: sqlSessionTemplate and sqlSessionFactory together. sqlSessionFactory is ignored.
2026-01-11 13:57:51.077 [main] WARN  o.m.s.mapper.ClassPathMapperScanner - No MyBatis mapper was found in '[com.zyh.easyapplyresume.mapper.pgvector]' package. Please check your configuration.
2026-01-11 13:57:51.368 [main] WARN  o.s.c.s.PostProcessorRegistrationDelegate$BeanPostProcessorChecker - Bean 'com.alibaba.cloud.nacos.NacosConfigAutoConfiguration' of type [com.alibaba.cloud.nacos.NacosConfigAutoConfiguration] is not eligible for getting processed by all BeanPostProcessors (for example: not eligible for auto-proxying). The currently created BeanPostProcessor [nacosAnnotationProcessor] is declared through a non-static factory method on that class; consider declaring it as static instead.
2026-01-11 13:57:51.374 [main] WARN  o.s.c.s.PostProcessorRegistrationDelegate$BeanPostProcessorChecker - Bean 'nacosConfigProperties' of type [com.alibaba.cloud.nacos.NacosConfigProperties] is not eligible for getting processed by all BeanPostProcessors (for example: not eligible for auto-proxying). Is this bean getting eagerly injected/applied to a currently created BeanPostProcessor [nacosAnnotationProcessor]? Check the corresponding BeanPostProcessor declaration and its dependencies/advisors. If this bean does not have to be post-processed, declare it with ROLE_INFRASTRUCTURE.
2026-01-11 13:57:51.452 [main] INFO  c.a.n.p.a.s.c.ClientAuthPluginManager - [ClientAuthPluginManager] Load ClientAuthService com.alibaba.nacos.client.auth.impl.NacosClientAuthServiceImpl success.
2026-01-11 13:57:51.452 [main] INFO  c.a.n.p.a.s.c.ClientAuthPluginManager - [ClientAuthPluginManager] Load ClientAuthService com.alibaba.nacos.client.auth.ram.RamClientAuthServiceImpl success.
2026-01-11 13:57:51.454 [main] WARN  o.s.c.s.PostProcessorRegistrationDelegate$BeanPostProcessorChecker - Bean 'nacosConfigManager' of type [com.alibaba.cloud.nacos.NacosConfigManager] is not eligible for getting processed by all BeanPostProcessors (for example: not eligible for auto-proxying). Is this bean getting eagerly injected/applied to a currently created BeanPostProcessor [nacosAnnotationProcessor]? Check the corresponding BeanPostProcessor declaration and its dependencies/advisors. If this bean does not have to be post-processed, declare it with ROLE_INFRASTRUCTURE.
2026-01-11 13:57:52.031 [main] INFO  o.s.b.w.e.tomcat.TomcatWebServer - Tomcat initialized with port 8080 (http)
2026-01-11 13:57:52.045 [main] INFO  o.a.coyote.http11.Http11NioProtocol - Initializing ProtocolHandler ["http-nio-8080"]
2026-01-11 13:57:52.050 [main] INFO  o.a.catalina.core.StandardService - Starting service [Tomcat]
2026-01-11 13:57:52.050 [main] INFO  o.a.catalina.core.StandardEngine - Starting Servlet engine: [Apache Tomcat/10.1.31]
2026-01-11 13:57:52.211 [main] INFO  o.a.c.c.C.[.[localhost].[/api] - Initializing Spring embedded WebApplicationContext
2026-01-11 13:57:52.211 [main] INFO  o.s.b.w.s.c.ServletWebServerApplicationContext - Root WebApplicationContext: initialization completed in 5219 ms
2026-01-11 13:57:53.362 [main] WARN  c.b.m.core.metadata.TableInfoHelper - Can not find table primary key in Class: "com.zyh.easyapplyresume.model.pojo.user.UserCollections".
2026-01-11 13:57:53.363 [main] WARN  c.b.m.c.injector.DefaultSqlInjector - class com.zyh.easyapplyresume.model.pojo.user.UserCollections ,Not found @TableId annotation, Cannot use Mybatis-Plus 'xxById' Method.
2026-01-11 13:57:53.493 [main] DEBUG c.z.e.filter.UserJwtAuthFilter - Filter 'userJwtAuthFilter' configured for use
2026-01-11 13:57:53.495 [main] DEBUG c.z.e.filter.AdminJwtAuthFilter - Filter 'adminJwtAuthFilter' configured for use
2026-01-11 13:57:53.687 [main] INFO  c.z.e.s.i.admin.AdminSmsServiceImpl - 开始初始化阿里云短信客户端...
2026-01-11 13:57:54.064 [main] INFO  c.z.e.s.i.admin.AdminSmsServiceImpl - 阿里云短信客户端初始化完成
2026-01-11 13:57:55.224 [main] INFO  c.z.e.d.a.AdminSensitiveWordsAdvisor - 管理端敏感词初始化完成，共加载 137 个敏感词
2026-01-11 13:57:56.923 [main] INFO  c.z.s.ImageSearchMcpApplication - Starting ImageSearchMcpApplication v0.0.1-SNAPSHOT using Java 21.0.9 with PID 13788 (D:\EasyApplyResume\EasyApplyResume\Image-Search-Mcp\target\Image-Search-Mcp-0.0.1-SNAPSHOT.jar started by zhaoyunhan1 in D:\EasyApplyResume\EasyApplyResume)
2026-01-11 13:57:56.925 [main] INFO  c.z.s.ImageSearchMcpApplication - The following 1 profile is active: "stdio"
2026-01-11 13:57:57.862 [pool-1-thread-1] INFO  i.m.server.McpAsyncServer - Client initialize request - Protocol: 2024-11-05, Capabilities: ClientCapabilities[experimental=null, roots=null, sampling=null], Info: Implementation[name=spring-ai-mcp-client, version=1.0.0]
2026-01-11 13:57:57.915 [pool-4-thread-1] INFO  i.m.client.McpAsyncClient - Server response with Protocol: 2024-11-05, Capabilities: ServerCapabilities[experimental=null, logging=LoggingCapabilities[], prompts=null, resources=null, tools=ToolCapabilities[listChanged=true]], Info: Implementation[name=image-search-mcp-server, version=0.0.1] and Instructions null
2026-01-11 13:57:57.944 [main] INFO  c.z.s.ImageSearchMcpApplication - Started ImageSearchMcpApplication in 1.368 seconds (process running for 2.039)
2026-01-11 13:58:06.392 [pool-9-thread-1] INFO  i.m.c.transport.StdioClientTransport - STDERR Message received: Amap Maps MCP Server running on stdio
2026-01-11 13:58:06.401 [pool-7-thread-1] INFO  i.m.client.McpAsyncClient - Server response with Protocol: 2024-11-05, Capabilities: ServerCapabilities[experimental=null, logging=null, prompts=null, resources=null, tools=ToolCapabilities[listChanged=null]], Info: Implementation[name=mcp-server/amap-maps, version=0.1.0] and Instructions null
2026-01-11 13:58:06.619 [main] INFO  c.z.e.d.a.SensitiveWordsAdvisor - 用户端敏感词初始化完成，共加载 137 个敏感词
2026-01-11 13:58:06.846 [main] INFO  o.s.a.t.splitter.TextSplitter - Splitting up document into 2 chunks.
2026-01-11 13:58:06.848 [main] INFO  o.s.a.t.splitter.TextSplitter - Splitting up document into 2 chunks.
2026-01-11 13:58:06.850 [main] INFO  o.s.a.t.splitter.TextSplitter - Splitting up document into 2 chunks.
2026-01-11 13:58:13.186 [main] INFO  o.s.ai.vectorstore.SimpleVectorStore - Calling EmbeddingModel for document id = de2a1e6d-63bf-45a6-98c6-6348f3eac5f9
2026-01-11 13:58:13.378 [main] INFO  o.s.ai.vectorstore.SimpleVectorStore - Calling EmbeddingModel for document id = c58cb246-4a59-4453-b3a8-40aad2be7ab9
2026-01-11 13:58:13.690 [main] INFO  o.s.ai.vectorstore.SimpleVectorStore - Calling EmbeddingModel for document id = b8d4bec7-ebd5-4c68-b4b3-20e0dc108ed2
2026-01-11 13:58:14.013 [main] INFO  c.z.e.s.impl.user.UserSmsServiceImpl - 开始初始化阿里云短信客户端...
2026-01-11 13:58:14.031 [main] INFO  c.z.e.s.impl.user.UserSmsServiceImpl - 阿里云短信客户端初始化完成
2026-01-11 13:58:14.187 [main] WARN  c.b.m.e.s.MybatisSqlSessionFactoryBean - Property 'mapperLocations' was specified but matching resources are not found.
2026-01-11 13:58:14.278 [main] INFO  o.s.a.v.pgvector.PgVectorStore - Using the vector table name: vector_store. Is empty: false
2026-01-11 13:58:14.281 [main] INFO  o.s.a.v.pgvector.PgVectorStore - Initializing PGVectorStore schema for table: vector_store in schema: public
2026-01-11 13:58:14.281 [main] INFO  o.s.a.v.pgvector.PgVectorStore - vectorTableValidationsEnabled false
2026-01-11 13:58:14.286 [main] INFO  com.zaxxer.hikari.HikariDataSource - HikariPool-1 - Starting...
2026-01-11 13:58:15.057 [main] INFO  com.zaxxer.hikari.pool.HikariPool - HikariPool-1 - Added connection org.postgresql.jdbc.PgConnection@6e8046f0
2026-01-11 13:58:15.061 [main] INFO  com.zaxxer.hikari.HikariDataSource - HikariPool-1 - Start completed.
2026-01-11 13:58:15.464 [main] WARN  o.s.b.a.s.s.UserDetailsServiceAutoConfiguration - 

Using generated security password: 61ad3616-7812-4893-82a2-115fd665f108

This generated password is for development use only. Your security configuration must be updated before running your application in production.

2026-01-11 13:58:15.471 [main] INFO  o.s.s.c.a.a.c.InitializeUserDetailsBeanManagerConfigurer$InitializeUserDetailsManagerConfigurer - Global AuthenticationManager configured with UserDetailsService bean with name inMemoryUserDetailsManager
2026-01-11 13:58:15.815 [main] INFO  o.s.b.a.e.web.EndpointLinksResolver - Exposing 16 endpoints beneath base path '/actuator'
2026-01-11 13:58:16.575 [main] INFO  o.a.coyote.http11.Http11NioProtocol - Starting ProtocolHandler ["http-nio-8080"]
2026-01-11 13:58:16.586 [main] INFO  o.s.b.w.e.tomcat.TomcatWebServer - Tomcat started on port 8080 (http) with context path '/api'
2026-01-11 13:58:17.854 [main] INFO  c.z.e.EasyApplyResumeApplication - Started EasyApplyResumeApplication in 31.924 seconds (process running for 35.058)
2026-01-11 13:58:19.536 [RMI TCP Connection(6)-10.127.192.94] INFO  o.a.c.c.C.[.[localhost].[/api] - Initializing Spring DispatcherServlet 'dispatcherServlet'
2026-01-11 13:58:19.536 [RMI TCP Connection(6)-10.127.192.94] INFO  o.s.web.servlet.DispatcherServlet - Initializing Servlet 'dispatcherServlet'
2026-01-11 13:58:19.540 [RMI TCP Connection(6)-10.127.192.94] INFO  o.s.web.servlet.DispatcherServlet - Completed initialization in 3 ms
2026-01-11 13:58:19.541 [RMI TCP Connection(8)-10.127.192.94] INFO  com.zaxxer.hikari.HikariDataSource - HikariPool-2 - Starting...
2026-01-11 13:58:20.001 [RMI TCP Connection(8)-10.127.192.94] INFO  com.zaxxer.hikari.pool.HikariPool - HikariPool-2 - Added connection com.mysql.cj.jdbc.ConnectionImpl@5e8d704b
2026-01-11 13:58:20.002 [RMI TCP Connection(8)-10.127.192.94] INFO  com.zaxxer.hikari.HikariDataSource - HikariPool-2 - Start completed.
2026-01-11 13:58:20.455 [registrationTask1] WARN  d.c.b.a.c.r.ApplicationRegistrator - Failed to register application as Application(name=EasyApplyResume, managementUrl=http://backend-1:8080/actuator, healthUrl=http://backend-1:8080/actuator/health, serviceUrl=http://backend-1:8080) at spring-boot-admin ([http://EasyApplyResume-spring-boot-admin:9090/instances]): I/O error on POST request for "http://EasyApplyResume-spring-boot-admin:9090/instances": 不知道这样的主机。 (easyapplyresume-spring-boot-admin). Further attempts are logged on DEBUG level
2026-01-11 14:01:07.289 [http-nio-8080-exec-1] DEBUG c.z.e.m.m.a.A.findByAccountOrPhoneOrEmail - ==>  Preparing: select * from admin_admin where admin_account = ? or admin_phone = ? or admin_email = ?
2026-01-11 14:01:07.310 [http-nio-8080-exec-1] DEBUG c.z.e.m.m.a.A.findByAccountOrPhoneOrEmail - ==> Parameters: 18242991090(String), 18242991090(String), 18242991090(String)
2026-01-11 14:01:07.376 [http-nio-8080-exec-1] DEBUG c.z.e.m.m.a.A.findByAccountOrPhoneOrEmail - <==      Total: 1
2026-01-11 14:01:07.480 [http-nio-8080-exec-1] DEBUG c.z.e.m.m.a.AdminMapper.updateById - ==>  Preparing: UPDATE admin_admin SET admin_account=?, admin_username=?, admin_email=?, admin_phone=?, admin_password=?, admin_image=?, admin_introduce=?, admin_state=?, admin_loginTime=? WHERE admin_id=? AND deleted=0
2026-01-11 14:01:07.483 [http-nio-8080-exec-1] DEBUG c.z.e.m.m.a.AdminMapper.updateById - ==> Parameters: 1812463057(String), 超级管理员(String), 1812463057@qq.com(String), 18242991090(String), $2a$10$Wz8s6hYf0UGOCCZ6Ff5QW.QgfqIQSJijiFXIqqplg3eGqw3HNxSeu(String), https://ts1.tc.mm.bing.net/th/id/R-C.928ef8908b5eb3666b2a27a1f6cfbe17?rik=h2FXLv1HNaxbTg&riu=http%3a%2f%2fp0.so.qhmsg.com%2ft018b5eb3666b2a27a1.jpg&ehk=QnGPPvZKq3cPW6%2bdkG%2b3zIRvAGXRsgYVTirfbvOBTaU%3d&risl=&pid=ImgRaw&r=0(String), 至高无上的超级管理员(String), 1(Integer), 2026-01-11 14:01:07.446(Timestamp), 1(Integer)
2026-01-11 14:01:07.558 [http-nio-8080-exec-1] DEBUG c.z.e.m.m.a.AdminMapper.updateById - <==    Updates: 1
2026-01-11 14:01:07.888 [http-nio-8080-exec-2] DEBUG c.z.e.m.m.a.AdminMapper.selectById - ==>  Preparing: SELECT admin_id,admin_account,admin_username,admin_email,admin_phone,admin_password,admin_image,admin_introduce,admin_state,admin_loginTime,deleted FROM admin_admin WHERE admin_id=? AND deleted=0
2026-01-11 14:01:07.889 [http-nio-8080-exec-2] DEBUG c.z.e.m.m.a.AdminMapper.selectById - ==> Parameters: 1(Integer)
2026-01-11 14:01:07.926 [http-nio-8080-exec-2] DEBUG c.z.e.m.m.a.AdminMapper.selectById - <==      Total: 1
2026-01-11 14:01:07.927 [http-nio-8080-exec-2] DEBUG c.z.e.m.m.a.A.findAdminInfoById - ==>  Preparing: select * from admin_admin left join admin_admin_role on admin_admin.admin_id = admin_admin_role.adminId left join admin_role on admin_admin_role.roleId = admin_role.role_id left join admin_role_permission on admin_role.role_id = admin_role.role_id left join admin_permission on admin_role_permission.permissionId = admin_permission.permission_id where admin_admin.admin_id = ? and admin_admin.deleted = 0
2026-01-11 14:01:07.929 [http-nio-8080-exec-2] DEBUG c.z.e.m.m.a.A.findAdminInfoById - ==> Parameters: 1(Integer)
2026-01-11 14:01:07.969 [http-nio-8080-exec-2] DEBUG c.z.e.m.m.a.A.findAdminInfoById - <==      Total: 1
2026-01-11 14:01:08.343 [http-nio-8080-exec-3] DEBUG c.z.e.m.m.a.AdminMapper.selectById - ==>  Preparing: SELECT admin_id,admin_account,admin_username,admin_email,admin_phone,admin_password,admin_image,admin_introduce,admin_state,admin_loginTime,deleted FROM admin_admin WHERE admin_id=? AND deleted=0
2026-01-11 14:01:08.344 [http-nio-8080-exec-3] DEBUG c.z.e.m.m.a.AdminMapper.selectById - ==> Parameters: 1(Integer)
2026-01-11 14:01:08.381 [http-nio-8080-exec-3] DEBUG c.z.e.m.m.a.AdminMapper.selectById - <==      Total: 1
2026-01-11 14:01:08.382 [http-nio-8080-exec-3] DEBUG c.z.e.m.m.a.A.findAdminInfoById - ==>  Preparing: select * from admin_admin left join admin_admin_role on admin_admin.admin_id = admin_admin_role.adminId left join admin_role on admin_admin_role.roleId = admin_role.role_id left join admin_role_permission on admin_role.role_id = admin_role.role_id left join admin_permission on admin_role_permission.permissionId = admin_permission.permission_id where admin_admin.admin_id = ? and admin_admin.deleted = 0
2026-01-11 14:01:08.382 [http-nio-8080-exec-3] DEBUG c.z.e.m.m.a.A.findAdminInfoById - ==> Parameters: 1(Integer)
2026-01-11 14:01:08.419 [http-nio-8080-exec-3] DEBUG c.z.e.m.m.a.A.findAdminInfoById - <==      Total: 1
2026-01-11 14:01:08.463 [http-nio-8080-exec-3] DEBUG c.z.e.m.m.a.A.findAdminInfoById - ==>  Preparing: select * from admin_admin left join admin_admin_role on admin_admin.admin_id = admin_admin_role.adminId left join admin_role on admin_admin_role.roleId = admin_role.role_id left join admin_role_permission on admin_role.role_id = admin_role.role_id left join admin_permission on admin_role_permission.permissionId = admin_permission.permission_id where admin_admin.admin_id = ? and admin_admin.deleted = 0
2026-01-11 14:01:08.463 [http-nio-8080-exec-3] DEBUG c.z.e.m.m.a.A.findAdminInfoById - ==> Parameters: 1(Integer)
2026-01-11 14:01:08.499 [http-nio-8080-exec-3] DEBUG c.z.e.m.m.a.A.findAdminInfoById - <==      Total: 1
2026-01-11 14:01:09.482 [http-nio-8080-exec-5] DEBUG c.z.e.m.m.a.AdminMapper.selectById - ==>  Preparing: SELECT admin_id,admin_account,admin_username,admin_email,admin_phone,admin_password,admin_image,admin_introduce,admin_state,admin_loginTime,deleted FROM admin_admin WHERE admin_id=? AND deleted=0
2026-01-11 14:01:09.483 [http-nio-8080-exec-4] DEBUG c.z.e.m.m.a.AdminMapper.selectById - ==>  Preparing: SELECT admin_id,admin_account,admin_username,admin_email,admin_phone,admin_password,admin_image,admin_introduce,admin_state,admin_loginTime,deleted FROM admin_admin WHERE admin_id=? AND deleted=0
2026-01-11 14:01:09.483 [http-nio-8080-exec-5] DEBUG c.z.e.m.m.a.AdminMapper.selectById - ==> Parameters: 1(Integer)
2026-01-11 14:01:09.483 [http-nio-8080-exec-4] DEBUG c.z.e.m.m.a.AdminMapper.selectById - ==> Parameters: 1(Integer)
2026-01-11 14:01:09.519 [http-nio-8080-exec-4] DEBUG c.z.e.m.m.a.AdminMapper.selectById - <==      Total: 1
2026-01-11 14:01:09.519 [http-nio-8080-exec-5] DEBUG c.z.e.m.m.a.AdminMapper.selectById - <==      Total: 1
2026-01-11 14:01:09.519 [http-nio-8080-exec-5] DEBUG c.z.e.m.m.a.A.findAdminInfoById - ==>  Preparing: select * from admin_admin left join admin_admin_role on admin_admin.admin_id = admin_admin_role.adminId left join admin_role on admin_admin_role.roleId = admin_role.role_id left join admin_role_permission on admin_role.role_id = admin_role.role_id left join admin_permission on admin_role_permission.permissionId = admin_permission.permission_id where admin_admin.admin_id = ? and admin_admin.deleted = 0
2026-01-11 14:01:09.519 [http-nio-8080-exec-4] DEBUG c.z.e.m.m.a.A.findAdminInfoById - ==>  Preparing: select * from admin_admin left join admin_admin_role on admin_admin.admin_id = admin_admin_role.adminId left join admin_role on admin_admin_role.roleId = admin_role.role_id left join admin_role_permission on admin_role.role_id = admin_role.role_id left join admin_permission on admin_role_permission.permissionId = admin_permission.permission_id where admin_admin.admin_id = ? and admin_admin.deleted = 0
2026-01-11 14:01:09.520 [http-nio-8080-exec-4] DEBUG c.z.e.m.m.a.A.findAdminInfoById - ==> Parameters: 1(Integer)
2026-01-11 14:01:09.520 [http-nio-8080-exec-5] DEBUG c.z.e.m.m.a.A.findAdminInfoById - ==> Parameters: 1(Integer)
2026-01-11 14:01:09.556 [http-nio-8080-exec-4] DEBUG c.z.e.m.m.a.A.findAdminInfoById - <==      Total: 1
2026-01-11 14:01:09.556 [http-nio-8080-exec-5] DEBUG c.z.e.m.m.a.A.findAdminInfoById - <==      Total: 1
2026-01-11 14:01:09.596 [http-nio-8080-exec-5] INFO  c.z.e.s.i.a.AdmonitorAdminAdvertisementServiceImpl - 查询所有广告开始
2026-01-11 14:01:09.597 [http-nio-8080-exec-4] INFO  c.z.e.s.i.a.AdMonitorAdminAnnouncementServiceImpl - 管理员获取公告信息
2026-01-11 14:01:09.598 [http-nio-8080-exec-4] DEBUG c.z.e.m.m.a.A.selectById - ==>  Preparing: SELECT adminAnnouncement_id AS announcementId,adminAnnouncement_title AS announcementTitle,adminAnnouncement_content AS announcementContent,adminAnnouncement_updatedTime AS announcementUpdatedTime FROM admonitor_adminAnnouncement WHERE adminAnnouncement_id=?
2026-01-11 14:01:09.598 [http-nio-8080-exec-4] DEBUG c.z.e.m.m.a.A.selectById - ==> Parameters: 1(Integer)
2026-01-11 14:01:09.610 [http-nio-8080-exec-5] DEBUG c.z.e.m.m.a.A.selectList - ==>  Preparing: SELECT adminAdvertisement_id AS advertisementId,adminAdvertisement_name AS advertisementName,adminAdvertisement_url AS advertisementUrl,adminAdvertisement_link AS advertisementLink,adminAdvertisement_startedTime AS advertisementStartedTime,adminAdvertisement_endTime AS advertisementEndTime,deleted FROM admonitor_adminAdvertisement WHERE deleted=0 AND (deleted = ? AND adminAdvertisement_startedTime <= ? AND adminAdvertisement_endTime > ?)
2026-01-11 14:01:09.611 [http-nio-8080-exec-5] DEBUG c.z.e.m.m.a.A.selectList - ==> Parameters: 0(Integer), 2026-01-11 14:01:09.597(Timestamp), 2026-01-11 14:01:09.597(Timestamp)
2026-01-11 14:01:09.636 [http-nio-8080-exec-4] DEBUG c.z.e.m.m.a.A.selectById - <==      Total: 1
2026-01-11 14:01:09.646 [http-nio-8080-exec-5] DEBUG c.z.e.m.m.a.A.selectList - <==      Total: 1
2026-01-11 14:01:09.646 [http-nio-8080-exec-5] INFO  c.z.e.s.i.a.AdmonitorAdminAdvertisementServiceImpl - 查询所有广告成功
2026-01-11 14:01:09.673 [http-nio-8080-exec-4] INFO  c.z.e.s.i.a.AdMonitorAdminAnnouncementServiceImpl - 管理员获取公告信息成功
2026-01-11 14:01:13.024 [http-nio-8080-exec-6] DEBUG c.z.e.m.m.a.AdminMapper.selectById - ==>  Preparing: SELECT admin_id,admin_account,admin_username,admin_email,admin_phone,admin_password,admin_image,admin_introduce,admin_state,admin_loginTime,deleted FROM admin_admin WHERE admin_id=? AND deleted=0
2026-01-11 14:01:13.025 [http-nio-8080-exec-6] DEBUG c.z.e.m.m.a.AdminMapper.selectById - ==> Parameters: 1(Integer)
2026-01-11 14:01:13.074 [http-nio-8080-exec-6] DEBUG c.z.e.m.m.a.AdminMapper.selectById - <==      Total: 1
2026-01-11 14:01:13.074 [http-nio-8080-exec-6] DEBUG c.z.e.m.m.a.A.findAdminInfoById - ==>  Preparing: select * from admin_admin left join admin_admin_role on admin_admin.admin_id = admin_admin_role.adminId left join admin_role on admin_admin_role.roleId = admin_role.role_id left join admin_role_permission on admin_role.role_id = admin_role.role_id left join admin_permission on admin_role_permission.permissionId = admin_permission.permission_id where admin_admin.admin_id = ? and admin_admin.deleted = 0
2026-01-11 14:01:13.075 [http-nio-8080-exec-6] DEBUG c.z.e.m.m.a.A.findAdminInfoById - ==> Parameters: 1(Integer)
2026-01-11 14:01:13.177 [http-nio-8080-exec-6] DEBUG c.z.e.m.m.a.A.findAdminInfoById - <==      Total: 1
2026-01-11 14:01:13.286 [http-nio-8080-exec-6] DEBUG c.z.e.m.m.a.AdminMapper.selectList - ==>  Preparing: SELECT admin_id,admin_account,admin_username,admin_email,admin_phone,admin_password,admin_image,admin_introduce,admin_state,admin_loginTime,deleted FROM admin_admin WHERE deleted=0 AND (deleted = ?)
2026-01-11 14:01:13.287 [http-nio-8080-exec-6] DEBUG c.z.e.m.m.a.AdminMapper.selectList - ==> Parameters: 0(Integer)
2026-01-11 14:01:13.324 [http-nio-8080-exec-6] DEBUG c.z.e.m.m.a.AdminMapper.selectList - <==      Total: 4
2026-01-11 14:01:22.340 [http-nio-8080-exec-7] DEBUG c.z.e.m.m.a.AdminMapper.selectById - ==>  Preparing: SELECT admin_id,admin_account,admin_username,admin_email,admin_phone,admin_password,admin_image,admin_introduce,admin_state,admin_loginTime,deleted FROM admin_admin WHERE admin_id=? AND deleted=0
2026-01-11 14:01:22.340 [http-nio-8080-exec-7] DEBUG c.z.e.m.m.a.AdminMapper.selectById - ==> Parameters: 1(Integer)
2026-01-11 14:01:22.392 [http-nio-8080-exec-7] DEBUG c.z.e.m.m.a.AdminMapper.selectById - <==      Total: 1
2026-01-11 14:01:22.393 [http-nio-8080-exec-7] DEBUG c.z.e.m.m.a.A.findAdminInfoById - ==>  Preparing: select * from admin_admin left join admin_admin_role on admin_admin.admin_id = admin_admin_role.adminId left join admin_role on admin_admin_role.roleId = admin_role.role_id left join admin_role_permission on admin_role.role_id = admin_role.role_id left join admin_permission on admin_role_permission.permissionId = admin_permission.permission_id where admin_admin.admin_id = ? and admin_admin.deleted = 0
2026-01-11 14:01:22.393 [http-nio-8080-exec-7] DEBUG c.z.e.m.m.a.A.findAdminInfoById - ==> Parameters: 1(Integer)
2026-01-11 14:01:22.430 [http-nio-8080-exec-7] DEBUG c.z.e.m.m.a.A.findAdminInfoById - <==      Total: 1
2026-01-11 14:01:22.497 [http-nio-8080-exec-7] DEBUG c.z.e.m.m.a.AdminMapper.selectList - ==>  Preparing: SELECT admin_id,admin_account,admin_username,admin_email,admin_phone,admin_password,admin_image,admin_introduce,admin_state,admin_loginTime,deleted FROM admin_admin WHERE deleted=0 AND (deleted = ?)
2026-01-11 14:01:22.497 [http-nio-8080-exec-7] DEBUG c.z.e.m.m.a.AdminMapper.selectList - ==> Parameters: 0(Integer)
2026-01-11 14:01:22.597 [http-nio-8080-exec-7] DEBUG c.z.e.m.m.a.AdminMapper.selectList - <==      Total: 4
2026-01-11 14:23:12.739 [http-nio-8080-exec-8] DEBUG c.z.e.m.m.a.AdminMapper.selectById - ==>  Preparing: SELECT admin_id,admin_account,admin_username,admin_email,admin_phone,admin_password,admin_image,admin_introduce,admin_state,admin_loginTime,deleted FROM admin_admin WHERE admin_id=? AND deleted=0
2026-01-11 14:23:12.740 [http-nio-8080-exec-8] DEBUG c.z.e.m.m.a.AdminMapper.selectById - ==> Parameters: 1(Integer)
2026-01-11 14:23:12.777 [http-nio-8080-exec-8] DEBUG c.z.e.m.m.a.AdminMapper.selectById - <==      Total: 1
2026-01-11 14:23:12.778 [http-nio-8080-exec-8] DEBUG c.z.e.m.m.a.A.findAdminInfoById - ==>  Preparing: select * from admin_admin left join admin_admin_role on admin_admin.admin_id = admin_admin_role.adminId left join admin_role on admin_admin_role.roleId = admin_role.role_id left join admin_role_permission on admin_role.role_id = admin_role.role_id left join admin_permission on admin_role_permission.permissionId = admin_permission.permission_id where admin_admin.admin_id = ? and admin_admin.deleted = 0
2026-01-11 14:23:12.778 [http-nio-8080-exec-8] DEBUG c.z.e.m.m.a.A.findAdminInfoById - ==> Parameters: 1(Integer)
2026-01-11 14:23:12.815 [http-nio-8080-exec-8] DEBUG c.z.e.m.m.a.A.findAdminInfoById - <==      Total: 1
2026-01-11 14:23:12.867 [http-nio-8080-exec-8] DEBUG c.z.e.m.m.a.AdminMapper.selectList - ==>  Preparing: SELECT admin_id,admin_account,admin_username,admin_email,admin_phone,admin_password,admin_image,admin_introduce,admin_state,admin_loginTime,deleted FROM admin_admin WHERE deleted=0 AND (deleted = ?)
2026-01-11 14:23:12.868 [http-nio-8080-exec-8] DEBUG c.z.e.m.m.a.AdminMapper.selectList - ==> Parameters: 0(Integer)
2026-01-11 14:23:12.905 [http-nio-8080-exec-8] DEBUG c.z.e.m.m.a.AdminMapper.selectList - <==      Total: 4
2026-01-11 14:44:45.965 [HikariPool-1 housekeeper] WARN  com.zaxxer.hikari.pool.HikariPool - HikariPool-1 - Thread starvation or clock leap detected (housekeeper delta=22m259ms486µs300ns).
2026-01-11 14:44:45.965 [HikariPool-2 housekeeper] WARN  com.zaxxer.hikari.pool.HikariPool - HikariPool-2 - Thread starvation or clock leap detected (housekeeper delta=21m55s425ms315µs600ns).
2026-01-11 14:44:46.091 [Thread-1] WARN  c.a.n.c.executor.ThreadPoolManager - [ThreadPoolManager] Start destroying ThreadPool
2026-01-11 14:44:46.091 [Thread-15] WARN  c.a.n.c.http.HttpClientBeanHolder - [HttpClientBeanHolder] Start destroying common HttpClient
2026-01-11 14:44:46.091 [Thread-1] WARN  c.a.n.c.executor.ThreadPoolManager - [ThreadPoolManager] Destruction of the end
2026-01-11 14:44:46.092 [Thread-15] WARN  c.a.n.c.http.HttpClientBeanHolder - [HttpClientBeanHolder] Destruction of the end
2026-01-11 14:44:46.148 [SpringApplicationShutdownHook] INFO  com.zaxxer.hikari.HikariDataSource - HikariPool-1 - Shutdown initiated...
2026-01-11 14:44:46.214 [SpringApplicationShutdownHook] INFO  com.zaxxer.hikari.HikariDataSource - HikariPool-1 - Shutdown completed.
2026-01-11 14:44:46.215 [SpringApplicationShutdownHook] INFO  c.z.e.s.impl.user.UserSmsServiceImpl - 关闭阿里云短信客户端...
2026-01-11 14:44:46.220 [SpringApplicationShutdownHook] INFO  c.z.e.s.impl.user.UserSmsServiceImpl - 阿里云短信客户端已关闭
2026-01-11 14:44:46.221 [SpringApplicationShutdownHook] INFO  c.z.e.s.i.admin.AdminSmsServiceImpl - 关闭阿里云短信客户端...
2026-01-11 14:44:46.222 [SpringApplicationShutdownHook] INFO  c.z.e.s.i.admin.AdminSmsServiceImpl - 阿里云短信客户端已关闭
2026-01-11 14:44:46.226 [SpringApplicationShutdownHook] INFO  com.zaxxer.hikari.HikariDataSource - HikariPool-2 - Shutdown initiated...
2026-01-11 14:44:46.259 [parallel-7] WARN  i.m.c.transport.StdioClientTransport - Process terminated with code 1
2026-01-11 14:44:46.272 [ForkJoinPool.commonPool-worker-1] WARN  i.m.c.transport.StdioClientTransport - Process terminated with code 1
2026-01-11 14:44:46.306 [SpringApplicationShutdownHook] INFO  com.zaxxer.hikari.HikariDataSource - HikariPool-2 - Shutdown completed.
2026-01-11 14:44:52.656 [main] INFO  c.a.n.client.logging.NacosLogging - Nacos Logging Adapter Builder: com.alibaba.nacos.logger.adapter.logback12.LogbackNacosLoggingAdapterBuilder
2026-01-11 14:44:52.659 [main] INFO  c.a.n.client.logging.NacosLogging - Nacos Logging Adapter Builder: com.alibaba.nacos.logger.adapter.logback14.LogbackNacosLoggingAdapterBuilder
2026-01-11 14:44:52.660 [main] INFO  c.a.n.client.logging.NacosLogging - Nacos Logging Adapter: com.alibaba.nacos.logger.adapter.logback14.LogbackNacosLoggingAdapter match ch.qos.logback.classic.Logger success.
2026-01-11 14:44:52.666 [main] INFO  c.a.n.client.logging.NacosLogging - Nacos Logging Adapter Builder: com.alibaba.nacos.logger.adapter.log4j2.Log4j2NacosLoggingAdapterBuilder
2026-01-11 14:44:52.675 [background-preinit] INFO  o.h.validator.internal.util.Version - HV000001: Hibernate Validator 8.0.1.Final
2026-01-11 14:44:52.800 [main] INFO  c.z.e.EasyApplyResumeApplication - Starting EasyApplyResumeApplication using Java 21.0.9 with PID 31652 (D:\EasyApplyResume\EasyApplyResume\target\classes started by zhaoyunhan1 in D:\EasyApplyResume\EasyApplyResume)
2026-01-11 14:44:52.800 [main] DEBUG c.z.e.EasyApplyResumeApplication - Running with Spring Boot v3.3.5, Spring v6.1.14
2026-01-11 14:44:52.800 [main] INFO  c.z.e.EasyApplyResumeApplication - The following 1 profile is active: "dev"
2026-01-11 14:44:54.955 [main] INFO  o.s.d.r.c.RepositoryConfigurationDelegate - Multiple Spring Data modules found, entering strict repository configuration mode
2026-01-11 14:44:54.958 [main] INFO  o.s.d.r.c.RepositoryConfigurationDelegate - Bootstrapping Spring Data Redis repositories in DEFAULT mode.
2026-01-11 14:44:55.101 [main] INFO  o.s.d.r.c.RepositoryConfigurationDelegate - Finished Spring Data repository scanning in 132 ms. Found 0 Redis repository interfaces.
2026-01-11 14:44:55.237 [main] WARN  o.m.s.mapper.ClassPathMapperScanner - Cannot use both: sqlSessionTemplate and sqlSessionFactory together. sqlSessionFactory is ignored.
2026-01-11 14:44:55.239 [main] WARN  o.m.s.mapper.ClassPathMapperScanner - Cannot use both: sqlSessionTemplate and sqlSessionFactory together. sqlSessionFactory is ignored.
2026-01-11 14:44:55.241 [main] WARN  o.m.s.mapper.ClassPathMapperScanner - Cannot use both: sqlSessionTemplate and sqlSessionFactory together. sqlSessionFactory is ignored.
2026-01-11 14:44:55.242 [main] WARN  o.m.s.mapper.ClassPathMapperScanner - Cannot use both: sqlSessionTemplate and sqlSessionFactory together. sqlSessionFactory is ignored.
2026-01-11 14:44:55.243 [main] WARN  o.m.s.mapper.ClassPathMapperScanner - Cannot use both: sqlSessionTemplate and sqlSessionFactory together. sqlSessionFactory is ignored.
2026-01-11 14:44:55.244 [main] WARN  o.m.s.mapper.ClassPathMapperScanner - Cannot use both: sqlSessionTemplate and sqlSessionFactory together. sqlSessionFactory is ignored.
2026-01-11 14:44:55.246 [main] WARN  o.m.s.mapper.ClassPathMapperScanner - Cannot use both: sqlSessionTemplate and sqlSessionFactory together. sqlSessionFactory is ignored.
2026-01-11 14:44:55.247 [main] WARN  o.m.s.mapper.ClassPathMapperScanner - Cannot use both: sqlSessionTemplate and sqlSessionFactory together. sqlSessionFactory is ignored.
2026-01-11 14:44:55.249 [main] WARN  o.m.s.mapper.ClassPathMapperScanner - Cannot use both: sqlSessionTemplate and sqlSessionFactory together. sqlSessionFactory is ignored.
2026-01-11 14:44:55.250 [main] WARN  o.m.s.mapper.ClassPathMapperScanner - Cannot use both: sqlSessionTemplate and sqlSessionFactory together. sqlSessionFactory is ignored.
2026-01-11 14:44:55.251 [main] WARN  o.m.s.mapper.ClassPathMapperScanner - Cannot use both: sqlSessionTemplate and sqlSessionFactory together. sqlSessionFactory is ignored.
2026-01-11 14:44:55.253 [main] WARN  o.m.s.mapper.ClassPathMapperScanner - Cannot use both: sqlSessionTemplate and sqlSessionFactory together. sqlSessionFactory is ignored.
2026-01-11 14:44:55.254 [main] WARN  o.m.s.mapper.ClassPathMapperScanner - Cannot use both: sqlSessionTemplate and sqlSessionFactory together. sqlSessionFactory is ignored.
2026-01-11 14:44:55.255 [main] WARN  o.m.s.mapper.ClassPathMapperScanner - Cannot use both: sqlSessionTemplate and sqlSessionFactory together. sqlSessionFactory is ignored.
2026-01-11 14:44:55.257 [main] WARN  o.m.s.mapper.ClassPathMapperScanner - Cannot use both: sqlSessionTemplate and sqlSessionFactory together. sqlSessionFactory is ignored.
2026-01-11 14:44:55.258 [main] WARN  o.m.s.mapper.ClassPathMapperScanner - Cannot use both: sqlSessionTemplate and sqlSessionFactory together. sqlSessionFactory is ignored.
2026-01-11 14:44:55.259 [main] WARN  o.m.s.mapper.ClassPathMapperScanner - Cannot use both: sqlSessionTemplate and sqlSessionFactory together. sqlSessionFactory is ignored.
2026-01-11 14:44:55.261 [main] WARN  o.m.s.mapper.ClassPathMapperScanner - Cannot use both: sqlSessionTemplate and sqlSessionFactory together. sqlSessionFactory is ignored.
2026-01-11 14:44:55.264 [main] WARN  o.m.s.mapper.ClassPathMapperScanner - Cannot use both: sqlSessionTemplate and sqlSessionFactory together. sqlSessionFactory is ignored.
2026-01-11 14:44:55.265 [main] WARN  o.m.s.mapper.ClassPathMapperScanner - Cannot use both: sqlSessionTemplate and sqlSessionFactory together. sqlSessionFactory is ignored.
2026-01-11 14:44:55.267 [main] WARN  o.m.s.mapper.ClassPathMapperScanner - Cannot use both: sqlSessionTemplate and sqlSessionFactory together. sqlSessionFactory is ignored.
2026-01-11 14:44:55.268 [main] WARN  o.m.s.mapper.ClassPathMapperScanner - Cannot use both: sqlSessionTemplate and sqlSessionFactory together. sqlSessionFactory is ignored.
2026-01-11 14:44:55.270 [main] WARN  o.m.s.mapper.ClassPathMapperScanner - Cannot use both: sqlSessionTemplate and sqlSessionFactory together. sqlSessionFactory is ignored.
2026-01-11 14:44:55.271 [main] WARN  o.m.s.mapper.ClassPathMapperScanner - Cannot use both: sqlSessionTemplate and sqlSessionFactory together. sqlSessionFactory is ignored.
2026-01-11 14:44:55.273 [main] WARN  o.m.s.mapper.ClassPathMapperScanner - Cannot use both: sqlSessionTemplate and sqlSessionFactory together. sqlSessionFactory is ignored.
2026-01-11 14:44:55.274 [main] WARN  o.m.s.mapper.ClassPathMapperScanner - Cannot use both: sqlSessionTemplate and sqlSessionFactory together. sqlSessionFactory is ignored.
2026-01-11 14:44:55.276 [main] WARN  o.m.s.mapper.ClassPathMapperScanner - Cannot use both: sqlSessionTemplate and sqlSessionFactory together. sqlSessionFactory is ignored.
2026-01-11 14:44:55.278 [main] WARN  o.m.s.mapper.ClassPathMapperScanner - Cannot use both: sqlSessionTemplate and sqlSessionFactory together. sqlSessionFactory is ignored.
2026-01-11 14:44:55.279 [main] WARN  o.m.s.mapper.ClassPathMapperScanner - Cannot use both: sqlSessionTemplate and sqlSessionFactory together. sqlSessionFactory is ignored.
2026-01-11 14:44:55.280 [main] WARN  o.m.s.mapper.ClassPathMapperScanner - Cannot use both: sqlSessionTemplate and sqlSessionFactory together. sqlSessionFactory is ignored.
2026-01-11 14:44:55.281 [main] WARN  o.m.s.mapper.ClassPathMapperScanner - Cannot use both: sqlSessionTemplate and sqlSessionFactory together. sqlSessionFactory is ignored.
2026-01-11 14:44:55.283 [main] WARN  o.m.s.mapper.ClassPathMapperScanner - Cannot use both: sqlSessionTemplate and sqlSessionFactory together. sqlSessionFactory is ignored.
2026-01-11 14:44:55.285 [main] WARN  o.m.s.mapper.ClassPathMapperScanner - Cannot use both: sqlSessionTemplate and sqlSessionFactory together. sqlSessionFactory is ignored.
2026-01-11 14:44:55.287 [main] WARN  o.m.s.mapper.ClassPathMapperScanner - Cannot use both: sqlSessionTemplate and sqlSessionFactory together. sqlSessionFactory is ignored.
2026-01-11 14:44:55.288 [main] WARN  o.m.s.mapper.ClassPathMapperScanner - Cannot use both: sqlSessionTemplate and sqlSessionFactory together. sqlSessionFactory is ignored.
2026-01-11 14:44:55.290 [main] WARN  o.m.s.mapper.ClassPathMapperScanner - Cannot use both: sqlSessionTemplate and sqlSessionFactory together. sqlSessionFactory is ignored.
2026-01-11 14:44:55.291 [main] WARN  o.m.s.mapper.ClassPathMapperScanner - Cannot use both: sqlSessionTemplate and sqlSessionFactory together. sqlSessionFactory is ignored.
2026-01-11 14:44:55.293 [main] WARN  o.m.s.mapper.ClassPathMapperScanner - Cannot use both: sqlSessionTemplate and sqlSessionFactory together. sqlSessionFactory is ignored.
2026-01-11 14:44:55.295 [main] WARN  o.m.s.mapper.ClassPathMapperScanner - Cannot use both: sqlSessionTemplate and sqlSessionFactory together. sqlSessionFactory is ignored.
2026-01-11 14:44:55.335 [main] WARN  o.m.s.mapper.ClassPathMapperScanner - No MyBatis mapper was found in '[com.zyh.easyapplyresume.mapper.pgvector]' package. Please check your configuration.
2026-01-11 14:44:55.544 [main] WARN  o.s.c.s.PostProcessorRegistrationDelegate$BeanPostProcessorChecker - Bean 'com.alibaba.cloud.nacos.NacosConfigAutoConfiguration' of type [com.alibaba.cloud.nacos.NacosConfigAutoConfiguration] is not eligible for getting processed by all BeanPostProcessors (for example: not eligible for auto-proxying). The currently created BeanPostProcessor [nacosAnnotationProcessor] is declared through a non-static factory method on that class; consider declaring it as static instead.
2026-01-11 14:44:55.548 [main] WARN  o.s.c.s.PostProcessorRegistrationDelegate$BeanPostProcessorChecker - Bean 'nacosConfigProperties' of type [com.alibaba.cloud.nacos.NacosConfigProperties] is not eligible for getting processed by all BeanPostProcessors (for example: not eligible for auto-proxying). Is this bean getting eagerly injected/applied to a currently created BeanPostProcessor [nacosAnnotationProcessor]? Check the corresponding BeanPostProcessor declaration and its dependencies/advisors. If this bean does not have to be post-processed, declare it with ROLE_INFRASTRUCTURE.
2026-01-11 14:44:55.601 [main] INFO  c.a.n.p.a.s.c.ClientAuthPluginManager - [ClientAuthPluginManager] Load ClientAuthService com.alibaba.nacos.client.auth.impl.NacosClientAuthServiceImpl success.
2026-01-11 14:44:55.601 [main] INFO  c.a.n.p.a.s.c.ClientAuthPluginManager - [ClientAuthPluginManager] Load ClientAuthService com.alibaba.nacos.client.auth.ram.RamClientAuthServiceImpl success.
2026-01-11 14:44:55.606 [main] WARN  o.s.c.s.PostProcessorRegistrationDelegate$BeanPostProcessorChecker - Bean 'nacosConfigManager' of type [com.alibaba.cloud.nacos.NacosConfigManager] is not eligible for getting processed by all BeanPostProcessors (for example: not eligible for auto-proxying). Is this bean getting eagerly injected/applied to a currently created BeanPostProcessor [nacosAnnotationProcessor]? Check the corresponding BeanPostProcessor declaration and its dependencies/advisors. If this bean does not have to be post-processed, declare it with ROLE_INFRASTRUCTURE.
2026-01-11 14:44:55.957 [main] INFO  o.s.b.w.e.tomcat.TomcatWebServer - Tomcat initialized with port 8080 (http)
2026-01-11 14:44:55.966 [main] INFO  o.a.coyote.http11.Http11NioProtocol - Initializing ProtocolHandler ["http-nio-8080"]
2026-01-11 14:44:55.970 [main] INFO  o.a.catalina.core.StandardService - Starting service [Tomcat]
2026-01-11 14:44:55.970 [main] INFO  o.a.catalina.core.StandardEngine - Starting Servlet engine: [Apache Tomcat/10.1.31]
2026-01-11 14:44:56.093 [main] INFO  o.a.c.c.C.[.[localhost].[/api] - Initializing Spring embedded WebApplicationContext
2026-01-11 14:44:56.094 [main] INFO  o.s.b.w.s.c.ServletWebServerApplicationContext - Root WebApplicationContext: initialization completed in 3256 ms
2026-01-11 14:44:56.789 [main] WARN  c.b.m.core.metadata.TableInfoHelper - Can not find table primary key in Class: "com.zyh.easyapplyresume.model.pojo.user.UserCollections".
2026-01-11 14:44:56.789 [main] WARN  c.b.m.c.injector.DefaultSqlInjector - class com.zyh.easyapplyresume.model.pojo.user.UserCollections ,Not found @TableId annotation, Cannot use Mybatis-Plus 'xxById' Method.
2026-01-11 14:44:56.896 [main] DEBUG c.z.e.filter.UserJwtAuthFilter - Filter 'userJwtAuthFilter' configured for use
2026-01-11 14:44:56.899 [main] DEBUG c.z.e.filter.AdminJwtAuthFilter - Filter 'adminJwtAuthFilter' configured for use
2026-01-11 14:44:57.006 [main] INFO  c.z.e.s.i.admin.AdminSmsServiceImpl - 开始初始化阿里云短信客户端...
2026-01-11 14:44:57.212 [main] INFO  c.z.e.s.i.admin.AdminSmsServiceImpl - 阿里云短信客户端初始化完成
2026-01-11 14:44:58.047 [main] INFO  c.z.e.d.a.AdminSensitiveWordsAdvisor - 管理端敏感词初始化完成，共加载 137 个敏感词
2026-01-11 14:44:59.575 [main] INFO  c.z.s.ImageSearchMcpApplication - Starting ImageSearchMcpApplication v0.0.1-SNAPSHOT using Java 21.0.9 with PID 32368 (D:\EasyApplyResume\EasyApplyResume\Image-Search-Mcp\target\Image-Search-Mcp-0.0.1-SNAPSHOT.jar started by zhaoyunhan1 in D:\EasyApplyResume\EasyApplyResume)
2026-01-11 14:44:59.576 [main] INFO  c.z.s.ImageSearchMcpApplication - The following 1 profile is active: "stdio"
2026-01-11 14:45:00.823 [pool-1-thread-1] INFO  i.m.server.McpAsyncServer - Client initialize request - Protocol: 2024-11-05, Capabilities: ClientCapabilities[experimental=null, roots=null, sampling=null], Info: Implementation[name=spring-ai-mcp-client, version=1.0.0]
2026-01-11 14:45:00.890 [pool-4-thread-1] INFO  i.m.client.McpAsyncClient - Server response with Protocol: 2024-11-05, Capabilities: ServerCapabilities[experimental=null, logging=LoggingCapabilities[], prompts=null, resources=null, tools=ToolCapabilities[listChanged=true]], Info: Implementation[name=image-search-mcp-server, version=0.0.1] and Instructions null
2026-01-11 14:45:00.920 [main] INFO  c.z.s.ImageSearchMcpApplication - Started ImageSearchMcpApplication in 1.766 seconds (process running for 2.495)
2026-01-11 14:45:10.262 [pool-9-thread-1] INFO  i.m.c.transport.StdioClientTransport - STDERR Message received: Amap Maps MCP Server running on stdio
2026-01-11 14:45:10.270 [pool-7-thread-1] INFO  i.m.client.McpAsyncClient - Server response with Protocol: 2024-11-05, Capabilities: ServerCapabilities[experimental=null, logging=null, prompts=null, resources=null, tools=ToolCapabilities[listChanged=null]], Info: Implementation[name=mcp-server/amap-maps, version=0.1.0] and Instructions null
2026-01-11 14:45:10.526 [main] INFO  c.z.e.d.a.SensitiveWordsAdvisor - 用户端敏感词初始化完成，共加载 137 个敏感词
2026-01-11 14:45:10.780 [main] INFO  o.s.a.t.splitter.TextSplitter - Splitting up document into 2 chunks.
2026-01-11 14:45:10.783 [main] INFO  o.s.a.t.splitter.TextSplitter - Splitting up document into 2 chunks.
2026-01-11 14:45:10.785 [main] INFO  o.s.a.t.splitter.TextSplitter - Splitting up document into 2 chunks.
2026-01-11 14:45:15.578 [main] INFO  o.s.ai.vectorstore.SimpleVectorStore - Calling EmbeddingModel for document id = 7f125b8d-9d7c-4419-97d0-ef927e8f75d9
2026-01-11 14:45:15.856 [main] INFO  o.s.ai.vectorstore.SimpleVectorStore - Calling EmbeddingModel for document id = 2bed82d3-f0c9-4f30-87e4-0ff1810529e2
2026-01-11 14:45:16.164 [main] INFO  o.s.ai.vectorstore.SimpleVectorStore - Calling EmbeddingModel for document id = f20122c3-b040-40af-b78c-fd782068017c
2026-01-11 14:45:16.491 [main] INFO  c.z.e.s.impl.user.UserSmsServiceImpl - 开始初始化阿里云短信客户端...
2026-01-11 14:45:16.511 [main] INFO  c.z.e.s.impl.user.UserSmsServiceImpl - 阿里云短信客户端初始化完成
2026-01-11 14:45:16.640 [main] WARN  c.b.m.e.s.MybatisSqlSessionFactoryBean - Property 'mapperLocations' was specified but matching resources are not found.
2026-01-11 14:45:16.721 [main] INFO  o.s.a.v.pgvector.PgVectorStore - Using the vector table name: vector_store. Is empty: false
2026-01-11 14:45:16.723 [main] INFO  o.s.a.v.pgvector.PgVectorStore - Initializing PGVectorStore schema for table: vector_store in schema: public
2026-01-11 14:45:16.723 [main] INFO  o.s.a.v.pgvector.PgVectorStore - vectorTableValidationsEnabled false
2026-01-11 14:45:16.726 [main] INFO  com.zaxxer.hikari.HikariDataSource - HikariPool-1 - Starting...
2026-01-11 14:45:17.441 [main] INFO  com.zaxxer.hikari.pool.HikariPool - HikariPool-1 - Added connection org.postgresql.jdbc.PgConnection@7145548e
2026-01-11 14:45:17.443 [main] INFO  com.zaxxer.hikari.HikariDataSource - HikariPool-1 - Start completed.
2026-01-11 14:45:17.869 [main] WARN  o.s.b.a.s.s.UserDetailsServiceAutoConfiguration - 

Using generated security password: 3c69893a-1ac7-4fdb-a77a-9c035d372149

This generated password is for development use only. Your security configuration must be updated before running your application in production.

2026-01-11 14:45:17.875 [main] INFO  o.s.s.c.a.a.c.InitializeUserDetailsBeanManagerConfigurer$InitializeUserDetailsManagerConfigurer - Global AuthenticationManager configured with UserDetailsService bean with name inMemoryUserDetailsManager
2026-01-11 14:45:18.359 [main] INFO  o.s.b.a.e.web.EndpointLinksResolver - Exposing 16 endpoints beneath base path '/actuator'
2026-01-11 14:45:19.251 [main] INFO  o.a.coyote.http11.Http11NioProtocol - Starting ProtocolHandler ["http-nio-8080"]
2026-01-11 14:45:19.260 [main] INFO  o.s.b.w.e.tomcat.TomcatWebServer - Tomcat started on port 8080 (http) with context path '/api'
2026-01-11 14:45:20.622 [main] INFO  c.z.e.EasyApplyResumeApplication - Started EasyApplyResumeApplication in 28.487 seconds (process running for 29.964)
2026-01-11 14:45:23.352 [registrationTask1] WARN  d.c.b.a.c.r.ApplicationRegistrator - Failed to register application as Application(name=EasyApplyResume, managementUrl=http://backend-1:8080/actuator, healthUrl=http://backend-1:8080/actuator/health, serviceUrl=http://backend-1:8080) at spring-boot-admin ([http://EasyApplyResume-spring-boot-admin:9090/instances]): I/O error on POST request for "http://EasyApplyResume-spring-boot-admin:9090/instances": 不知道这样的主机。 (easyapplyresume-spring-boot-admin). Further attempts are logged on DEBUG level
2026-01-11 14:45:26.098 [http-nio-8080-exec-1] INFO  o.a.c.c.C.[.[localhost].[/api] - Initializing Spring DispatcherServlet 'dispatcherServlet'
2026-01-11 14:45:26.098 [http-nio-8080-exec-1] INFO  o.s.web.servlet.DispatcherServlet - Initializing Servlet 'dispatcherServlet'
2026-01-11 14:45:26.101 [http-nio-8080-exec-1] INFO  o.s.web.servlet.DispatcherServlet - Completed initialization in 3 ms
2026-01-11 14:45:26.323 [http-nio-8080-exec-2] INFO  com.zaxxer.hikari.HikariDataSource - HikariPool-2 - Starting...
2026-01-11 14:45:27.315 [http-nio-8080-exec-2] INFO  com.zaxxer.hikari.pool.HikariPool - HikariPool-2 - Added connection com.mysql.cj.jdbc.ConnectionImpl@bf26830
2026-01-11 14:45:27.315 [http-nio-8080-exec-2] INFO  com.zaxxer.hikari.HikariDataSource - HikariPool-2 - Start completed.
2026-01-11 14:45:27.319 [http-nio-8080-exec-2] DEBUG c.z.e.m.m.a.AdminMapper.selectById - ==>  Preparing: SELECT admin_id,admin_account,admin_username,admin_email,admin_phone,admin_password,admin_image,admin_introduce,admin_state,admin_loginTime,deleted FROM admin_admin WHERE admin_id=? AND deleted=0
2026-01-11 14:45:27.338 [http-nio-8080-exec-2] DEBUG c.z.e.m.m.a.AdminMapper.selectById - ==> Parameters: 1(Integer)
2026-01-11 14:45:27.405 [http-nio-8080-exec-2] DEBUG c.z.e.m.m.a.AdminMapper.selectById - <==      Total: 1
2026-01-11 14:45:27.408 [http-nio-8080-exec-4] DEBUG c.z.e.m.m.a.AdminMapper.selectById - ==>  Preparing: SELECT admin_id,admin_account,admin_username,admin_email,admin_phone,admin_password,admin_image,admin_introduce,admin_state,admin_loginTime,deleted FROM admin_admin WHERE admin_id=? AND deleted=0
2026-01-11 14:45:27.409 [http-nio-8080-exec-4] DEBUG c.z.e.m.m.a.AdminMapper.selectById - ==> Parameters: 1(Integer)
2026-01-11 14:45:27.521 [http-nio-8080-exec-4] DEBUG c.z.e.m.m.a.AdminMapper.selectById - <==      Total: 1
2026-01-11 14:45:27.522 [http-nio-8080-exec-1] DEBUG c.z.e.m.m.a.AdminMapper.selectById - ==>  Preparing: SELECT admin_id,admin_account,admin_username,admin_email,admin_phone,admin_password,admin_image,admin_introduce,admin_state,admin_loginTime,deleted FROM admin_admin WHERE admin_id=? AND deleted=0
2026-01-11 14:45:27.522 [http-nio-8080-exec-1] DEBUG c.z.e.m.m.a.AdminMapper.selectById - ==> Parameters: 1(Integer)
2026-01-11 14:45:27.622 [http-nio-8080-exec-1] DEBUG c.z.e.m.m.a.AdminMapper.selectById - <==      Total: 1
2026-01-11 14:45:27.623 [http-nio-8080-exec-2] DEBUG c.z.e.m.m.a.A.findAdminInfoById - ==>  Preparing: select * from admin_admin left join admin_admin_role on admin_admin.admin_id = admin_admin_role.adminId left join admin_role on admin_admin_role.roleId = admin_role.role_id left join admin_role_permission on admin_role.role_id = admin_role.role_id left join admin_permission on admin_role_permission.permissionId = admin_permission.permission_id where admin_admin.admin_id = ? and admin_admin.deleted = 0
2026-01-11 14:45:27.623 [http-nio-8080-exec-2] DEBUG c.z.e.m.m.a.A.findAdminInfoById - ==> Parameters: 1(Integer)
2026-01-11 14:45:27.723 [http-nio-8080-exec-2] DEBUG c.z.e.m.m.a.A.findAdminInfoById - <==      Total: 1
2026-01-11 14:45:27.723 [http-nio-8080-exec-4] DEBUG c.z.e.m.m.a.A.findAdminInfoById - ==>  Preparing: select * from admin_admin left join admin_admin_role on admin_admin.admin_id = admin_admin_role.adminId left join admin_role on admin_admin_role.roleId = admin_role.role_id left join admin_role_permission on admin_role.role_id = admin_role.role_id left join admin_permission on admin_role_permission.permissionId = admin_permission.permission_id where admin_admin.admin_id = ? and admin_admin.deleted = 0
2026-01-11 14:45:27.723 [http-nio-8080-exec-4] DEBUG c.z.e.m.m.a.A.findAdminInfoById - ==> Parameters: 1(Integer)
2026-01-11 14:45:27.759 [http-nio-8080-exec-4] DEBUG c.z.e.m.m.a.A.findAdminInfoById - <==      Total: 1
2026-01-11 14:45:27.760 [http-nio-8080-exec-1] DEBUG c.z.e.m.m.a.A.findAdminInfoById - ==>  Preparing: select * from admin_admin left join admin_admin_role on admin_admin.admin_id = admin_admin_role.adminId left join admin_role on admin_admin_role.roleId = admin_role.role_id left join admin_role_permission on admin_role.role_id = admin_role.role_id left join admin_permission on admin_role_permission.permissionId = admin_permission.permission_id where admin_admin.admin_id = ? and admin_admin.deleted = 0
2026-01-11 14:45:27.760 [http-nio-8080-exec-1] DEBUG c.z.e.m.m.a.A.findAdminInfoById - ==> Parameters: 1(Integer)
2026-01-11 14:45:27.797 [http-nio-8080-exec-1] DEBUG c.z.e.m.m.a.A.findAdminInfoById - <==      Total: 1
2026-01-11 14:45:27.799 [http-nio-8080-exec-3] DEBUG c.z.e.m.m.a.AdminMapper.selectById - ==>  Preparing: SELECT admin_id,admin_account,admin_username,admin_email,admin_phone,admin_password,admin_image,admin_introduce,admin_state,admin_loginTime,deleted FROM admin_admin WHERE admin_id=? AND deleted=0
2026-01-11 14:45:27.799 [http-nio-8080-exec-3] DEBUG c.z.e.m.m.a.AdminMapper.selectById - ==> Parameters: 1(Integer)
2026-01-11 14:45:27.820 [http-nio-8080-exec-4] INFO  c.z.e.s.i.a.AdmonitorAdminAdvertisementServiceImpl - 查询所有广告开始
2026-01-11 14:45:27.849 [http-nio-8080-exec-3] DEBUG c.z.e.m.m.a.AdminMapper.selectById - <==      Total: 1
2026-01-11 14:45:27.859 [http-nio-8080-exec-4] DEBUG c.z.e.m.m.a.A.selectList - ==>  Preparing: SELECT adminAdvertisement_id AS advertisementId,adminAdvertisement_name AS advertisementName,adminAdvertisement_url AS advertisementUrl,adminAdvertisement_link AS advertisementLink,adminAdvertisement_startedTime AS advertisementStartedTime,adminAdvertisement_endTime AS advertisementEndTime,deleted FROM admonitor_adminAdvertisement WHERE deleted=0 AND (deleted = ? AND adminAdvertisement_startedTime <= ? AND adminAdvertisement_endTime > ?)
2026-01-11 14:45:27.860 [http-nio-8080-exec-4] DEBUG c.z.e.m.m.a.A.selectList - ==> Parameters: 0(Integer), 2026-01-11 14:45:27.82(Timestamp), 2026-01-11 14:45:27.82(Timestamp)
2026-01-11 14:45:27.937 [http-nio-8080-exec-4] DEBUG c.z.e.m.m.a.A.selectList - <==      Total: 1
2026-01-11 14:45:27.937 [http-nio-8080-exec-4] INFO  c.z.e.s.i.a.AdmonitorAdminAdvertisementServiceImpl - 查询所有广告成功
2026-01-11 14:45:27.990 [http-nio-8080-exec-1] DEBUG c.z.e.m.m.a.A.selectList_mpCount - ==>  Preparing: SELECT COUNT(*) AS total FROM admin_admin WHERE deleted = 0 AND (deleted = ?)
2026-01-11 14:45:27.991 [http-nio-8080-exec-1] DEBUG c.z.e.m.m.a.A.selectList_mpCount - ==> Parameters: 0(Integer)
2026-01-11 14:45:28.048 [http-nio-8080-exec-1] DEBUG c.z.e.m.m.a.A.selectList_mpCount - <==      Total: 1
2026-01-11 14:45:28.053 [http-nio-8080-exec-1] DEBUG c.z.e.m.m.a.AdminMapper.selectList - ==>  Preparing: SELECT admin_id,admin_account,admin_username,admin_email,admin_phone,admin_password,admin_image,admin_introduce,admin_state,admin_loginTime,deleted FROM admin_admin WHERE deleted=0 AND (deleted = ?) LIMIT ?
2026-01-11 14:45:28.055 [http-nio-8080-exec-1] DEBUG c.z.e.m.m.a.AdminMapper.selectList - ==> Parameters: 0(Integer), 20(Long)
2026-01-11 14:45:28.126 [http-nio-8080-exec-3] DEBUG c.z.e.m.m.a.A.findAdminInfoById - ==>  Preparing: select * from admin_admin left join admin_admin_role on admin_admin.admin_id = admin_admin_role.adminId left join admin_role on admin_admin_role.roleId = admin_role.role_id left join admin_role_permission on admin_role.role_id = admin_role.role_id left join admin_permission on admin_role_permission.permissionId = admin_permission.permission_id where admin_admin.admin_id = ? and admin_admin.deleted = 0
2026-01-11 14:45:28.127 [http-nio-8080-exec-3] DEBUG c.z.e.m.m.a.A.findAdminInfoById - ==> Parameters: 1(Integer)
2026-01-11 14:45:28.131 [http-nio-8080-exec-1] DEBUG c.z.e.m.m.a.AdminMapper.selectList - <==      Total: 4
2026-01-11 14:45:32.475 [http-nio-8080-exec-3] DEBUG c.z.e.m.m.a.A.findAdminInfoById - <==      Total: 1
2026-01-11 14:45:34.859 [http-nio-8080-exec-3] DEBUG c.z.e.m.m.a.A.findAdminInfoById - ==>  Preparing: select * from admin_admin left join admin_admin_role on admin_admin.admin_id = admin_admin_role.adminId left join admin_role on admin_admin_role.roleId = admin_role.role_id left join admin_role_permission on admin_role.role_id = admin_role.role_id left join admin_permission on admin_role_permission.permissionId = admin_permission.permission_id where admin_admin.admin_id = ? and admin_admin.deleted = 0
2026-01-11 14:45:34.860 [http-nio-8080-exec-3] DEBUG c.z.e.m.m.a.A.findAdminInfoById - ==> Parameters: 1(Integer)
2026-01-11 14:45:34.960 [http-nio-8080-exec-3] DEBUG c.z.e.m.m.a.A.findAdminInfoById - <==      Total: 1
2026-01-11 14:45:48.855 [http-nio-8080-exec-5] DEBUG c.z.e.m.m.a.AdminMapper.selectById - ==>  Preparing: SELECT admin_id,admin_account,admin_username,admin_email,admin_phone,admin_password,admin_image,admin_introduce,admin_state,admin_loginTime,deleted FROM admin_admin WHERE admin_id=? AND deleted=0
2026-01-11 14:45:48.856 [http-nio-8080-exec-5] DEBUG c.z.e.m.m.a.AdminMapper.selectById - ==> Parameters: 1(Integer)
2026-01-11 14:45:48.893 [http-nio-8080-exec-5] DEBUG c.z.e.m.m.a.AdminMapper.selectById - <==      Total: 1
2026-01-11 14:45:48.893 [http-nio-8080-exec-5] DEBUG c.z.e.m.m.a.A.findAdminInfoById - ==>  Preparing: select * from admin_admin left join admin_admin_role on admin_admin.admin_id = admin_admin_role.adminId left join admin_role on admin_admin_role.roleId = admin_role.role_id left join admin_role_permission on admin_role.role_id = admin_role.role_id left join admin_permission on admin_role_permission.permissionId = admin_permission.permission_id where admin_admin.admin_id = ? and admin_admin.deleted = 0
2026-01-11 14:45:48.894 [http-nio-8080-exec-5] DEBUG c.z.e.m.m.a.A.findAdminInfoById - ==> Parameters: 1(Integer)
2026-01-11 14:45:48.930 [http-nio-8080-exec-5] DEBUG c.z.e.m.m.a.A.findAdminInfoById - <==      Total: 1
2026-01-11 14:45:48.979 [http-nio-8080-exec-5] DEBUG c.z.e.m.m.u.U.selectList_mpCount - ==>  Preparing: SELECT COUNT(*) AS total FROM user_userFeedback
2026-01-11 14:45:48.980 [http-nio-8080-exec-5] DEBUG c.z.e.m.m.u.U.selectList_mpCount - ==> Parameters: 
2026-01-11 14:45:49.015 [http-nio-8080-exec-5] DEBUG c.z.e.m.m.u.U.selectList_mpCount - <==      Total: 1
2026-01-11 14:45:49.016 [http-nio-8080-exec-5] DEBUG c.z.e.m.m.u.U.selectList - ==>  Preparing: SELECT userFeedback_id,userFeedback_title,userFeedback_content,userFeedback_time,userFeedback_recentTime,userFeedback_curStep,userFeedback_userId FROM user_userFeedback ORDER BY userFeedback_id DESC LIMIT ?
2026-01-11 14:45:49.016 [http-nio-8080-exec-5] DEBUG c.z.e.m.m.u.U.selectList - ==> Parameters: 10(Long)
2026-01-11 14:45:49.053 [http-nio-8080-exec-5] DEBUG c.z.e.m.m.u.U.selectList - <==      Total: 10
2026-01-11 14:45:49.056 [http-nio-8080-exec-5] DEBUG c.z.e.m.m.user.UserMapper.selectById - ==>  Preparing: SELECT user_id,user_account,user_username,user_email,user_phone,user_password,user_image,user_introduce,user_createdTime,user_loginTime,user_dreamPosition,user_dreamMinMonthSalary,user_dreamMaxMonthSalary,user_dreamWeekWorkDayNum,user_dreamGoodWelfare,user_recruitLocationFirst,user_recruitLocationSecond,user_recruitLocationDetail,user_universityCode FROM user_user WHERE user_id=?
2026-01-11 14:45:49.056 [http-nio-8080-exec-5] DEBUG c.z.e.m.m.user.UserMapper.selectById - ==> Parameters: 1(Integer)
2026-01-11 14:45:49.093 [http-nio-8080-exec-5] DEBUG c.z.e.m.m.user.UserMapper.selectById - <==      Total: 1
2026-01-11 14:45:51.257 [http-nio-8080-exec-6] DEBUG c.z.e.m.m.a.AdminMapper.selectById - ==>  Preparing: SELECT admin_id,admin_account,admin_username,admin_email,admin_phone,admin_password,admin_image,admin_introduce,admin_state,admin_loginTime,deleted FROM admin_admin WHERE admin_id=? AND deleted=0
2026-01-11 14:45:51.258 [http-nio-8080-exec-6] DEBUG c.z.e.m.m.a.AdminMapper.selectById - ==> Parameters: 1(Integer)
2026-01-11 14:45:51.294 [http-nio-8080-exec-6] DEBUG c.z.e.m.m.a.AdminMapper.selectById - <==      Total: 1
2026-01-11 14:45:51.295 [http-nio-8080-exec-6] DEBUG c.z.e.m.m.a.A.findAdminInfoById - ==>  Preparing: select * from admin_admin left join admin_admin_role on admin_admin.admin_id = admin_admin_role.adminId left join admin_role on admin_admin_role.roleId = admin_role.role_id left join admin_role_permission on admin_role.role_id = admin_role.role_id left join admin_permission on admin_role_permission.permissionId = admin_permission.permission_id where admin_admin.admin_id = ? and admin_admin.deleted = 0
2026-01-11 14:45:51.295 [http-nio-8080-exec-6] DEBUG c.z.e.m.m.a.A.findAdminInfoById - ==> Parameters: 1(Integer)
2026-01-11 14:45:51.331 [http-nio-8080-exec-6] DEBUG c.z.e.m.m.a.A.findAdminInfoById - <==      Total: 1
2026-01-11 14:45:51.378 [http-nio-8080-exec-6] DEBUG c.z.e.m.m.u.U.selectList_mpCount - ==>  Preparing: SELECT COUNT(*) AS total FROM user_userFeedback
2026-01-11 14:45:51.378 [http-nio-8080-exec-6] DEBUG c.z.e.m.m.u.U.selectList_mpCount - ==> Parameters: 
2026-01-11 14:45:51.413 [http-nio-8080-exec-6] DEBUG c.z.e.m.m.u.U.selectList_mpCount - <==      Total: 1
2026-01-11 14:45:51.414 [http-nio-8080-exec-6] DEBUG c.z.e.m.m.u.U.selectList - ==>  Preparing: SELECT userFeedback_id,userFeedback_title,userFeedback_content,userFeedback_time,userFeedback_recentTime,userFeedback_curStep,userFeedback_userId FROM user_userFeedback ORDER BY userFeedback_id DESC LIMIT ?,?
2026-01-11 14:45:51.415 [http-nio-8080-exec-6] DEBUG c.z.e.m.m.u.U.selectList - ==> Parameters: 10(Long), 10(Long)
2026-01-11 14:45:51.452 [http-nio-8080-exec-6] DEBUG c.z.e.m.m.u.U.selectList - <==      Total: 3
2026-01-11 14:45:51.453 [http-nio-8080-exec-6] DEBUG c.z.e.m.m.user.UserMapper.selectById - ==>  Preparing: SELECT user_id,user_account,user_username,user_email,user_phone,user_password,user_image,user_introduce,user_createdTime,user_loginTime,user_dreamPosition,user_dreamMinMonthSalary,user_dreamMaxMonthSalary,user_dreamWeekWorkDayNum,user_dreamGoodWelfare,user_recruitLocationFirst,user_recruitLocationSecond,user_recruitLocationDetail,user_universityCode FROM user_user WHERE user_id=?
2026-01-11 14:45:51.453 [http-nio-8080-exec-6] DEBUG c.z.e.m.m.user.UserMapper.selectById - ==> Parameters: 1(Integer)
2026-01-11 14:45:51.490 [http-nio-8080-exec-6] DEBUG c.z.e.m.m.user.UserMapper.selectById - <==      Total: 1
2026-01-11 14:45:53.789 [http-nio-8080-exec-7] DEBUG c.z.e.m.m.a.AdminMapper.selectById - ==>  Preparing: SELECT admin_id,admin_account,admin_username,admin_email,admin_phone,admin_password,admin_image,admin_introduce,admin_state,admin_loginTime,deleted FROM admin_admin WHERE admin_id=? AND deleted=0
2026-01-11 14:45:53.789 [http-nio-8080-exec-7] DEBUG c.z.e.m.m.a.AdminMapper.selectById - ==> Parameters: 1(Integer)
2026-01-11 14:45:53.837 [http-nio-8080-exec-7] DEBUG c.z.e.m.m.a.AdminMapper.selectById - <==      Total: 1
2026-01-11 14:45:53.837 [http-nio-8080-exec-7] DEBUG c.z.e.m.m.a.A.findAdminInfoById - ==>  Preparing: select * from admin_admin left join admin_admin_role on admin_admin.admin_id = admin_admin_role.adminId left join admin_role on admin_admin_role.roleId = admin_role.role_id left join admin_role_permission on admin_role.role_id = admin_role.role_id left join admin_permission on admin_role_permission.permissionId = admin_permission.permission_id where admin_admin.admin_id = ? and admin_admin.deleted = 0
2026-01-11 14:45:53.838 [http-nio-8080-exec-7] DEBUG c.z.e.m.m.a.A.findAdminInfoById - ==> Parameters: 1(Integer)
2026-01-11 14:45:53.874 [http-nio-8080-exec-7] DEBUG c.z.e.m.m.a.A.findAdminInfoById - <==      Total: 1
2026-01-11 14:45:53.945 [http-nio-8080-exec-7] DEBUG c.z.e.m.m.u.U.selectList_mpCount - ==>  Preparing: SELECT COUNT(*) AS total FROM user_userFeedback
2026-01-11 14:45:53.947 [http-nio-8080-exec-7] DEBUG c.z.e.m.m.u.U.selectList_mpCount - ==> Parameters: 
2026-01-11 14:45:53.982 [http-nio-8080-exec-7] DEBUG c.z.e.m.m.u.U.selectList_mpCount - <==      Total: 1
2026-01-11 14:45:54.102 [http-nio-8080-exec-8] DEBUG c.z.e.m.m.a.AdminMapper.selectById - ==>  Preparing: SELECT admin_id,admin_account,admin_username,admin_email,admin_phone,admin_password,admin_image,admin_introduce,admin_state,admin_loginTime,deleted FROM admin_admin WHERE admin_id=? AND deleted=0
2026-01-11 14:45:54.103 [http-nio-8080-exec-8] DEBUG c.z.e.m.m.a.AdminMapper.selectById - ==> Parameters: 1(Integer)
2026-01-11 14:45:54.149 [http-nio-8080-exec-8] DEBUG c.z.e.m.m.a.AdminMapper.selectById - <==      Total: 1
2026-01-11 14:45:54.151 [http-nio-8080-exec-8] DEBUG c.z.e.m.m.a.A.findAdminInfoById - ==>  Preparing: select * from admin_admin left join admin_admin_role on admin_admin.admin_id = admin_admin_role.adminId left join admin_role on admin_admin_role.roleId = admin_role.role_id left join admin_role_permission on admin_role.role_id = admin_role.role_id left join admin_permission on admin_role_permission.permissionId = admin_permission.permission_id where admin_admin.admin_id = ? and admin_admin.deleted = 0
2026-01-11 14:45:54.151 [http-nio-8080-exec-8] DEBUG c.z.e.m.m.a.A.findAdminInfoById - ==> Parameters: 1(Integer)
2026-01-11 14:45:54.246 [http-nio-8080-exec-8] DEBUG c.z.e.m.m.a.A.findAdminInfoById - <==      Total: 1
2026-01-11 14:45:54.357 [http-nio-8080-exec-8] DEBUG c.z.e.m.m.u.U.selectList_mpCount - ==>  Preparing: SELECT COUNT(*) AS total FROM user_userFeedback
2026-01-11 14:45:54.358 [http-nio-8080-exec-8] DEBUG c.z.e.m.m.u.U.selectList_mpCount - ==> Parameters: 
2026-01-11 14:45:54.396 [http-nio-8080-exec-8] DEBUG c.z.e.m.m.u.U.selectList_mpCount - <==      Total: 1
2026-01-11 14:45:54.396 [http-nio-8080-exec-8] DEBUG c.z.e.m.m.u.U.selectList - ==>  Preparing: SELECT userFeedback_id,userFeedback_title,userFeedback_content,userFeedback_time,userFeedback_recentTime,userFeedback_curStep,userFeedback_userId FROM user_userFeedback ORDER BY userFeedback_id DESC LIMIT ?
2026-01-11 14:45:54.397 [http-nio-8080-exec-8] DEBUG c.z.e.m.m.u.U.selectList - ==> Parameters: 20(Long)
2026-01-11 14:45:54.453 [http-nio-8080-exec-8] DEBUG c.z.e.m.m.u.U.selectList - <==      Total: 13
2026-01-11 14:45:54.454 [http-nio-8080-exec-8] DEBUG c.z.e.m.m.user.UserMapper.selectById - ==>  Preparing: SELECT user_id,user_account,user_username,user_email,user_phone,user_password,user_image,user_introduce,user_createdTime,user_loginTime,user_dreamPosition,user_dreamMinMonthSalary,user_dreamMaxMonthSalary,user_dreamWeekWorkDayNum,user_dreamGoodWelfare,user_recruitLocationFirst,user_recruitLocationSecond,user_recruitLocationDetail,user_universityCode FROM user_user WHERE user_id=?
2026-01-11 14:45:54.454 [http-nio-8080-exec-8] DEBUG c.z.e.m.m.user.UserMapper.selectById - ==> Parameters: 1(Integer)
2026-01-11 14:45:54.521 [http-nio-8080-exec-8] DEBUG c.z.e.m.m.user.UserMapper.selectById - <==      Total: 1
2026-01-11 14:45:57.671 [http-nio-8080-exec-9] DEBUG c.z.e.m.m.a.AdminMapper.selectById - ==>  Preparing: SELECT admin_id,admin_account,admin_username,admin_email,admin_phone,admin_password,admin_image,admin_introduce,admin_state,admin_loginTime,deleted FROM admin_admin WHERE admin_id=? AND deleted=0
2026-01-11 14:45:57.672 [http-nio-8080-exec-9] DEBUG c.z.e.m.m.a.AdminMapper.selectById - ==> Parameters: 1(Integer)
2026-01-11 14:45:57.719 [http-nio-8080-exec-9] DEBUG c.z.e.m.m.a.AdminMapper.selectById - <==      Total: 1
2026-01-11 14:45:57.719 [http-nio-8080-exec-9] DEBUG c.z.e.m.m.a.A.findAdminInfoById - ==>  Preparing: select * from admin_admin left join admin_admin_role on admin_admin.admin_id = admin_admin_role.adminId left join admin_role on admin_admin_role.roleId = admin_role.role_id left join admin_role_permission on admin_role.role_id = admin_role.role_id left join admin_permission on admin_role_permission.permissionId = admin_permission.permission_id where admin_admin.admin_id = ? and admin_admin.deleted = 0
2026-01-11 14:45:57.720 [http-nio-8080-exec-9] DEBUG c.z.e.m.m.a.A.findAdminInfoById - ==> Parameters: 1(Integer)
2026-01-11 14:45:57.796 [http-nio-8080-exec-9] DEBUG c.z.e.m.m.a.A.findAdminInfoById - <==      Total: 1
2026-01-11 14:45:57.849 [http-nio-8080-exec-9] DEBUG c.z.e.m.m.a.A.selectList_mpCount - ==>  Preparing: SELECT COUNT(*) AS total FROM admin_adminFeedback
2026-01-11 14:45:57.849 [http-nio-8080-exec-9] DEBUG c.z.e.m.m.a.A.selectList_mpCount - ==> Parameters: 
2026-01-11 14:45:57.932 [http-nio-8080-exec-9] DEBUG c.z.e.m.m.a.A.selectList_mpCount - <==      Total: 1
2026-01-11 14:45:57.932 [http-nio-8080-exec-9] DEBUG c.z.e.m.m.a.A.selectList - ==>  Preparing: SELECT adminFeedback_id,adminFeedback_title,adminFeedback_content,adminFeedback_time,adminFeedback_recentTime,adminFeedback_curStep,adminFeedback_adminId FROM admin_adminFeedback ORDER BY adminFeedback_id DESC LIMIT ?
2026-01-11 14:45:57.933 [http-nio-8080-exec-9] DEBUG c.z.e.m.m.a.A.selectList - ==> Parameters: 10(Long)
2026-01-11 14:45:58.029 [http-nio-8080-exec-9] DEBUG c.z.e.m.m.a.A.selectList - <==      Total: 8
2026-01-11 14:45:58.030 [http-nio-8080-exec-9] DEBUG c.z.e.m.m.a.AdminMapper.selectById - ==>  Preparing: SELECT admin_id,admin_account,admin_username,admin_email,admin_phone,admin_password,admin_image,admin_introduce,admin_state,admin_loginTime,deleted FROM admin_admin WHERE admin_id=? AND deleted=0
2026-01-11 14:45:58.030 [http-nio-8080-exec-9] DEBUG c.z.e.m.m.a.AdminMapper.selectById - ==> Parameters: 2(Integer)
2026-01-11 14:45:58.069 [http-nio-8080-exec-9] DEBUG c.z.e.m.m.a.AdminMapper.selectById - <==      Total: 1
2026-01-11 14:45:58.069 [http-nio-8080-exec-9] DEBUG c.z.e.m.m.a.AdminMapper.selectById - ==>  Preparing: SELECT admin_id,admin_account,admin_username,admin_email,admin_phone,admin_password,admin_image,admin_introduce,admin_state,admin_loginTime,deleted FROM admin_admin WHERE admin_id=? AND deleted=0
2026-01-11 14:45:58.070 [http-nio-8080-exec-9] DEBUG c.z.e.m.m.a.AdminMapper.selectById - ==> Parameters: 1(Integer)
2026-01-11 14:45:58.137 [http-nio-8080-exec-9] DEBUG c.z.e.m.m.a.AdminMapper.selectById - <==      Total: 1
2026-01-11 14:45:59.756 [http-nio-8080-exec-10] DEBUG c.z.e.m.m.a.AdminMapper.selectById - ==>  Preparing: SELECT admin_id,admin_account,admin_username,admin_email,admin_phone,admin_password,admin_image,admin_introduce,admin_state,admin_loginTime,deleted FROM admin_admin WHERE admin_id=? AND deleted=0
2026-01-11 14:45:59.756 [http-nio-8080-exec-10] DEBUG c.z.e.m.m.a.AdminMapper.selectById - ==> Parameters: 1(Integer)
2026-01-11 14:45:59.792 [http-nio-8080-exec-10] DEBUG c.z.e.m.m.a.AdminMapper.selectById - <==      Total: 1
2026-01-11 14:45:59.792 [http-nio-8080-exec-10] DEBUG c.z.e.m.m.a.A.findAdminInfoById - ==>  Preparing: select * from admin_admin left join admin_admin_role on admin_admin.admin_id = admin_admin_role.adminId left join admin_role on admin_admin_role.roleId = admin_role.role_id left join admin_role_permission on admin_role.role_id = admin_role.role_id left join admin_permission on admin_role_permission.permissionId = admin_permission.permission_id where admin_admin.admin_id = ? and admin_admin.deleted = 0
2026-01-11 14:45:59.793 [http-nio-8080-exec-10] DEBUG c.z.e.m.m.a.A.findAdminInfoById - ==> Parameters: 1(Integer)
2026-01-11 14:45:59.829 [http-nio-8080-exec-10] DEBUG c.z.e.m.m.a.A.findAdminInfoById - <==      Total: 1
2026-01-11 14:45:59.876 [http-nio-8080-exec-10] DEBUG c.z.e.m.m.u.U.selectList_mpCount - ==>  Preparing: SELECT COUNT(*) AS total FROM user_userFeedbackRecord
2026-01-11 14:45:59.877 [http-nio-8080-exec-10] DEBUG c.z.e.m.m.u.U.selectList_mpCount - ==> Parameters: 
2026-01-11 14:45:59.912 [http-nio-8080-exec-10] DEBUG c.z.e.m.m.u.U.selectList_mpCount - <==      Total: 1
2026-01-11 14:45:59.913 [http-nio-8080-exec-10] DEBUG c.z.e.m.m.u.U.selectList - ==>  Preparing: SELECT userFeedbackRecord_id,userFeedbackRecord_userId,userFeedbackRecord_title,userFeedbackRecord_content,userFeedbackRecord_time,userFeedbackRecord_currentStepSolveTime,userFeedbackRecord_oldStep,userFeedbackRecord_newStep,userFeedbackRecord_approvalPersonId FROM user_userFeedbackRecord LIMIT ?
2026-01-11 14:45:59.913 [http-nio-8080-exec-10] DEBUG c.z.e.m.m.u.U.selectList - ==> Parameters: 20(Long)
2026-01-11 14:45:59.950 [http-nio-8080-exec-10] DEBUG c.z.e.m.m.u.U.selectList - <==      Total: 5
2026-01-11 14:45:59.952 [http-nio-8080-exec-10] DEBUG c.z.e.m.m.user.UserMapper.selectById - ==>  Preparing: SELECT user_id,user_account,user_username,user_email,user_phone,user_password,user_image,user_introduce,user_createdTime,user_loginTime,user_dreamPosition,user_dreamMinMonthSalary,user_dreamMaxMonthSalary,user_dreamWeekWorkDayNum,user_dreamGoodWelfare,user_recruitLocationFirst,user_recruitLocationSecond,user_recruitLocationDetail,user_universityCode FROM user_user WHERE user_id=?
2026-01-11 14:45:59.952 [http-nio-8080-exec-10] DEBUG c.z.e.m.m.user.UserMapper.selectById - ==> Parameters: 1(Integer)
2026-01-11 14:45:59.988 [http-nio-8080-exec-10] DEBUG c.z.e.m.m.user.UserMapper.selectById - <==      Total: 1
2026-01-11 14:45:59.988 [http-nio-8080-exec-10] DEBUG c.z.e.m.m.a.AdminMapper.selectById - ==>  Preparing: SELECT admin_id,admin_account,admin_username,admin_email,admin_phone,admin_password,admin_image,admin_introduce,admin_state,admin_loginTime,deleted FROM admin_admin WHERE admin_id=? AND deleted=0
2026-01-11 14:45:59.988 [http-nio-8080-exec-10] DEBUG c.z.e.m.m.a.AdminMapper.selectById - ==> Parameters: 1(Integer)
2026-01-11 14:46:00.024 [http-nio-8080-exec-10] DEBUG c.z.e.m.m.a.AdminMapper.selectById - <==      Total: 1
2026-01-11 14:46:02.081 [http-nio-8080-exec-2] DEBUG c.z.e.m.m.a.AdminMapper.selectById - ==>  Preparing: SELECT admin_id,admin_account,admin_username,admin_email,admin_phone,admin_password,admin_image,admin_introduce,admin_state,admin_loginTime,deleted FROM admin_admin WHERE admin_id=? AND deleted=0
2026-01-11 14:46:02.083 [http-nio-8080-exec-2] DEBUG c.z.e.m.m.a.AdminMapper.selectById - ==> Parameters: 1(Integer)
2026-01-11 14:46:02.119 [http-nio-8080-exec-2] DEBUG c.z.e.m.m.a.AdminMapper.selectById - <==      Total: 1
2026-01-11 14:46:02.119 [http-nio-8080-exec-2] DEBUG c.z.e.m.m.a.A.findAdminInfoById - ==>  Preparing: select * from admin_admin left join admin_admin_role on admin_admin.admin_id = admin_admin_role.adminId left join admin_role on admin_admin_role.roleId = admin_role.role_id left join admin_role_permission on admin_role.role_id = admin_role.role_id left join admin_permission on admin_role_permission.permissionId = admin_permission.permission_id where admin_admin.admin_id = ? and admin_admin.deleted = 0
2026-01-11 14:46:02.120 [http-nio-8080-exec-2] DEBUG c.z.e.m.m.a.A.findAdminInfoById - ==> Parameters: 1(Integer)
2026-01-11 14:46:02.155 [http-nio-8080-exec-2] DEBUG c.z.e.m.m.a.A.findAdminInfoById - <==      Total: 1
2026-01-11 14:46:02.201 [http-nio-8080-exec-2] DEBUG c.z.e.m.m.a.A.selectList_mpCount - ==>  Preparing: SELECT COUNT(*) AS total FROM admin_adminFeedbackRecord
2026-01-11 14:46:02.203 [http-nio-8080-exec-2] DEBUG c.z.e.m.m.a.A.selectList_mpCount - ==> Parameters: 
2026-01-11 14:46:02.238 [http-nio-8080-exec-2] DEBUG c.z.e.m.m.a.A.selectList_mpCount - <==      Total: 1
2026-01-11 14:46:02.238 [http-nio-8080-exec-2] DEBUG c.z.e.m.m.a.A.selectList - ==>  Preparing: SELECT adminFeedbackRecord_id,adminFeedbackRecord_adminId,adminFeedbackRecord_title,adminFeedbackRecord_content,adminFeedbackRecord_time,adminFeedbackRecord_currentStepSolveTime,adminFeedbackRecord_oldStep,adminFeedbackRecord_newStep,adminFeedbackRecord_approvalPersonId FROM admin_adminFeedbackRecord ORDER BY adminFeedbackRecord_id DESC LIMIT ?
2026-01-11 14:46:02.238 [http-nio-8080-exec-2] DEBUG c.z.e.m.m.a.A.selectList - ==> Parameters: 20(Long)
2026-01-11 14:46:02.276 [http-nio-8080-exec-2] DEBUG c.z.e.m.m.a.A.selectList - <==      Total: 10
2026-01-11 14:46:02.277 [http-nio-8080-exec-2] DEBUG c.z.e.m.m.a.AdminMapper.selectById - ==>  Preparing: SELECT admin_id,admin_account,admin_username,admin_email,admin_phone,admin_password,admin_image,admin_introduce,admin_state,admin_loginTime,deleted FROM admin_admin WHERE admin_id=? AND deleted=0
2026-01-11 14:46:02.278 [http-nio-8080-exec-2] DEBUG c.z.e.m.m.a.AdminMapper.selectById - ==> Parameters: 2(Integer)
2026-01-11 14:46:02.314 [http-nio-8080-exec-2] DEBUG c.z.e.m.m.a.AdminMapper.selectById - <==      Total: 1
2026-01-11 14:46:02.315 [http-nio-8080-exec-2] DEBUG c.z.e.m.m.a.AdminMapper.selectById - ==>  Preparing: SELECT admin_id,admin_account,admin_username,admin_email,admin_phone,admin_password,admin_image,admin_introduce,admin_state,admin_loginTime,deleted FROM admin_admin WHERE admin_id=? AND deleted=0
2026-01-11 14:46:02.316 [http-nio-8080-exec-2] DEBUG c.z.e.m.m.a.AdminMapper.selectById - ==> Parameters: 1(Integer)
2026-01-11 14:46:02.351 [http-nio-8080-exec-2] DEBUG c.z.e.m.m.a.AdminMapper.selectById - <==      Total: 1
2026-01-11 14:46:03.747 [http-nio-8080-exec-4] DEBUG c.z.e.m.m.a.AdminMapper.selectById - ==>  Preparing: SELECT admin_id,admin_account,admin_username,admin_email,admin_phone,admin_password,admin_image,admin_introduce,admin_state,admin_loginTime,deleted FROM admin_admin WHERE admin_id=? AND deleted=0
2026-01-11 14:46:03.748 [http-nio-8080-exec-4] DEBUG c.z.e.m.m.a.AdminMapper.selectById - ==> Parameters: 1(Integer)
2026-01-11 14:46:03.784 [http-nio-8080-exec-4] DEBUG c.z.e.m.m.a.AdminMapper.selectById - <==      Total: 1
2026-01-11 14:46:03.784 [http-nio-8080-exec-4] DEBUG c.z.e.m.m.a.A.findAdminInfoById - ==>  Preparing: select * from admin_admin left join admin_admin_role on admin_admin.admin_id = admin_admin_role.adminId left join admin_role on admin_admin_role.roleId = admin_role.role_id left join admin_role_permission on admin_role.role_id = admin_role.role_id left join admin_permission on admin_role_permission.permissionId = admin_permission.permission_id where admin_admin.admin_id = ? and admin_admin.deleted = 0
2026-01-11 14:46:03.784 [http-nio-8080-exec-4] DEBUG c.z.e.m.m.a.A.findAdminInfoById - ==> Parameters: 1(Integer)
2026-01-11 14:46:03.820 [http-nio-8080-exec-4] DEBUG c.z.e.m.m.a.A.findAdminInfoById - <==      Total: 1
2026-01-11 14:46:03.863 [http-nio-8080-exec-4] DEBUG c.z.e.m.m.u.U.selectList_mpCount - ==>  Preparing: SELECT COUNT(*) AS total FROM user_userFeedback
2026-01-11 14:46:03.864 [http-nio-8080-exec-4] DEBUG c.z.e.m.m.u.U.selectList_mpCount - ==> Parameters: 
2026-01-11 14:46:03.900 [http-nio-8080-exec-4] DEBUG c.z.e.m.m.u.U.selectList_mpCount - <==      Total: 1
2026-01-11 14:46:03.901 [http-nio-8080-exec-4] DEBUG c.z.e.m.m.u.U.selectList - ==>  Preparing: SELECT userFeedback_id,userFeedback_title,userFeedback_content,userFeedback_time,userFeedback_recentTime,userFeedback_curStep,userFeedback_userId FROM user_userFeedback ORDER BY userFeedback_id DESC LIMIT ?
2026-01-11 14:46:03.901 [http-nio-8080-exec-4] DEBUG c.z.e.m.m.u.U.selectList - ==> Parameters: 10(Long)
2026-01-11 14:46:03.938 [http-nio-8080-exec-4] DEBUG c.z.e.m.m.u.U.selectList - <==      Total: 10
2026-01-11 14:46:03.938 [http-nio-8080-exec-4] DEBUG c.z.e.m.m.user.UserMapper.selectById - ==>  Preparing: SELECT user_id,user_account,user_username,user_email,user_phone,user_password,user_image,user_introduce,user_createdTime,user_loginTime,user_dreamPosition,user_dreamMinMonthSalary,user_dreamMaxMonthSalary,user_dreamWeekWorkDayNum,user_dreamGoodWelfare,user_recruitLocationFirst,user_recruitLocationSecond,user_recruitLocationDetail,user_universityCode FROM user_user WHERE user_id=?
2026-01-11 14:46:03.940 [http-nio-8080-exec-4] DEBUG c.z.e.m.m.user.UserMapper.selectById - ==> Parameters: 1(Integer)
2026-01-11 14:46:03.975 [http-nio-8080-exec-4] DEBUG c.z.e.m.m.user.UserMapper.selectById - <==      Total: 1
2026-01-11 14:46:15.157 [http-nio-8080-exec-1] DEBUG c.z.e.m.m.a.AdminMapper.selectById - ==>  Preparing: SELECT admin_id,admin_account,admin_username,admin_email,admin_phone,admin_password,admin_image,admin_introduce,admin_state,admin_loginTime,deleted FROM admin_admin WHERE admin_id=? AND deleted=0
2026-01-11 14:46:15.157 [http-nio-8080-exec-1] DEBUG c.z.e.m.m.a.AdminMapper.selectById - ==> Parameters: 1(Integer)
2026-01-11 14:46:15.235 [http-nio-8080-exec-1] DEBUG c.z.e.m.m.a.AdminMapper.selectById - <==      Total: 1
2026-01-11 14:46:15.235 [http-nio-8080-exec-1] DEBUG c.z.e.m.m.a.A.findAdminInfoById - ==>  Preparing: select * from admin_admin left join admin_admin_role on admin_admin.admin_id = admin_admin_role.adminId left join admin_role on admin_admin_role.roleId = admin_role.role_id left join admin_role_permission on admin_role.role_id = admin_role.role_id left join admin_permission on admin_role_permission.permissionId = admin_permission.permission_id where admin_admin.admin_id = ? and admin_admin.deleted = 0
2026-01-11 14:46:15.236 [http-nio-8080-exec-1] DEBUG c.z.e.m.m.a.A.findAdminInfoById - ==> Parameters: 1(Integer)
2026-01-11 14:46:15.273 [http-nio-8080-exec-1] DEBUG c.z.e.m.m.a.A.findAdminInfoById - <==      Total: 1
2026-01-11 14:46:15.347 [http-nio-8080-exec-1] DEBUG c.z.e.m.m.a.A.selectList_mpCount - ==>  Preparing: SELECT COUNT(*) AS total FROM admin_adminFeedback
2026-01-11 14:46:15.347 [http-nio-8080-exec-1] DEBUG c.z.e.m.m.a.A.selectList_mpCount - ==> Parameters: 
2026-01-11 14:46:15.441 [http-nio-8080-exec-1] DEBUG c.z.e.m.m.a.A.selectList_mpCount - <==      Total: 1
2026-01-11 14:46:15.443 [http-nio-8080-exec-1] DEBUG c.z.e.m.m.a.A.selectList - ==>  Preparing: SELECT adminFeedback_id,adminFeedback_title,adminFeedback_content,adminFeedback_time,adminFeedback_recentTime,adminFeedback_curStep,adminFeedback_adminId FROM admin_adminFeedback ORDER BY adminFeedback_id DESC LIMIT ?
2026-01-11 14:46:15.443 [http-nio-8080-exec-1] DEBUG c.z.e.m.m.a.A.selectList - ==> Parameters: 10(Long)
2026-01-11 14:46:15.496 [http-nio-8080-exec-1] DEBUG c.z.e.m.m.a.A.selectList - <==      Total: 8
2026-01-11 14:46:15.497 [http-nio-8080-exec-1] DEBUG c.z.e.m.m.a.AdminMapper.selectById - ==>  Preparing: SELECT admin_id,admin_account,admin_username,admin_email,admin_phone,admin_password,admin_image,admin_introduce,admin_state,admin_loginTime,deleted FROM admin_admin WHERE admin_id=? AND deleted=0
2026-01-11 14:46:15.497 [http-nio-8080-exec-1] DEBUG c.z.e.m.m.a.AdminMapper.selectById - ==> Parameters: 2(Integer)
2026-01-11 14:46:15.543 [http-nio-8080-exec-1] DEBUG c.z.e.m.m.a.AdminMapper.selectById - <==      Total: 1
2026-01-11 14:46:15.544 [http-nio-8080-exec-1] DEBUG c.z.e.m.m.a.AdminMapper.selectById - ==>  Preparing: SELECT admin_id,admin_account,admin_username,admin_email,admin_phone,admin_password,admin_image,admin_introduce,admin_state,admin_loginTime,deleted FROM admin_admin WHERE admin_id=? AND deleted=0
2026-01-11 14:46:15.544 [http-nio-8080-exec-1] DEBUG c.z.e.m.m.a.AdminMapper.selectById - ==> Parameters: 1(Integer)
2026-01-11 14:46:15.579 [http-nio-8080-exec-1] DEBUG c.z.e.m.m.a.AdminMapper.selectById - <==      Total: 1
2026-01-11 14:46:18.157 [http-nio-8080-exec-3] DEBUG c.z.e.m.m.a.AdminMapper.selectById - ==>  Preparing: SELECT admin_id,admin_account,admin_username,admin_email,admin_phone,admin_password,admin_image,admin_introduce,admin_state,admin_loginTime,deleted FROM admin_admin WHERE admin_id=? AND deleted=0
2026-01-11 14:46:18.159 [http-nio-8080-exec-3] DEBUG c.z.e.m.m.a.AdminMapper.selectById - ==> Parameters: 1(Integer)
2026-01-11 14:46:18.195 [http-nio-8080-exec-3] DEBUG c.z.e.m.m.a.AdminMapper.selectById - <==      Total: 1
2026-01-11 14:46:18.196 [http-nio-8080-exec-3] DEBUG c.z.e.m.m.a.A.findAdminInfoById - ==>  Preparing: select * from admin_admin left join admin_admin_role on admin_admin.admin_id = admin_admin_role.adminId left join admin_role on admin_admin_role.roleId = admin_role.role_id left join admin_role_permission on admin_role.role_id = admin_role.role_id left join admin_permission on admin_role_permission.permissionId = admin_permission.permission_id where admin_admin.admin_id = ? and admin_admin.deleted = 0
2026-01-11 14:46:18.196 [http-nio-8080-exec-3] DEBUG c.z.e.m.m.a.A.findAdminInfoById - ==> Parameters: 1(Integer)
2026-01-11 14:46:18.233 [http-nio-8080-exec-3] DEBUG c.z.e.m.m.a.A.findAdminInfoById - <==      Total: 1
2026-01-11 14:46:18.275 [http-nio-8080-exec-3] DEBUG c.z.e.m.m.a.A.selectList_mpCount - ==>  Preparing: SELECT COUNT(*) AS total FROM admin_adminFeedback
2026-01-11 14:46:18.275 [http-nio-8080-exec-3] DEBUG c.z.e.m.m.a.A.selectList_mpCount - ==> Parameters: 
2026-01-11 14:46:18.311 [http-nio-8080-exec-3] DEBUG c.z.e.m.m.a.A.selectList_mpCount - <==      Total: 1
2026-01-11 14:46:18.312 [http-nio-8080-exec-3] DEBUG c.z.e.m.m.a.A.selectList - ==>  Preparing: SELECT adminFeedback_id,adminFeedback_title,adminFeedback_content,adminFeedback_time,adminFeedback_recentTime,adminFeedback_curStep,adminFeedback_adminId FROM admin_adminFeedback ORDER BY adminFeedback_id DESC LIMIT ?
2026-01-11 14:46:18.312 [http-nio-8080-exec-3] DEBUG c.z.e.m.m.a.A.selectList - ==> Parameters: 20(Long)
2026-01-11 14:46:18.348 [http-nio-8080-exec-3] DEBUG c.z.e.m.m.a.A.selectList - <==      Total: 8
2026-01-11 14:46:18.349 [http-nio-8080-exec-3] DEBUG c.z.e.m.m.a.AdminMapper.selectById - ==>  Preparing: SELECT admin_id,admin_account,admin_username,admin_email,admin_phone,admin_password,admin_image,admin_introduce,admin_state,admin_loginTime,deleted FROM admin_admin WHERE admin_id=? AND deleted=0
2026-01-11 14:46:18.349 [http-nio-8080-exec-3] DEBUG c.z.e.m.m.a.AdminMapper.selectById - ==> Parameters: 2(Integer)
2026-01-11 14:46:18.399 [http-nio-8080-exec-3] DEBUG c.z.e.m.m.a.AdminMapper.selectById - <==      Total: 1
2026-01-11 14:46:18.400 [http-nio-8080-exec-3] DEBUG c.z.e.m.m.a.AdminMapper.selectById - ==>  Preparing: SELECT admin_id,admin_account,admin_username,admin_email,admin_phone,admin_password,admin_image,admin_introduce,admin_state,admin_loginTime,deleted FROM admin_admin WHERE admin_id=? AND deleted=0
2026-01-11 14:46:18.400 [http-nio-8080-exec-3] DEBUG c.z.e.m.m.a.AdminMapper.selectById - ==> Parameters: 1(Integer)
2026-01-11 14:46:18.438 [http-nio-8080-exec-3] DEBUG c.z.e.m.m.a.AdminMapper.selectById - <==      Total: 1
2026-01-11 14:46:21.215 [http-nio-8080-exec-5] DEBUG c.z.e.m.m.a.AdminMapper.selectById - ==>  Preparing: SELECT admin_id,admin_account,admin_username,admin_email,admin_phone,admin_password,admin_image,admin_introduce,admin_state,admin_loginTime,deleted FROM admin_admin WHERE admin_id=? AND deleted=0
2026-01-11 14:46:21.215 [http-nio-8080-exec-5] DEBUG c.z.e.m.m.a.AdminMapper.selectById - ==> Parameters: 1(Integer)
2026-01-11 14:46:21.251 [http-nio-8080-exec-5] DEBUG c.z.e.m.m.a.AdminMapper.selectById - <==      Total: 1
2026-01-11 14:46:21.252 [http-nio-8080-exec-5] DEBUG c.z.e.m.m.a.A.findAdminInfoById - ==>  Preparing: select * from admin_admin left join admin_admin_role on admin_admin.admin_id = admin_admin_role.adminId left join admin_role on admin_admin_role.roleId = admin_role.role_id left join admin_role_permission on admin_role.role_id = admin_role.role_id left join admin_permission on admin_role_permission.permissionId = admin_permission.permission_id where admin_admin.admin_id = ? and admin_admin.deleted = 0
2026-01-11 14:46:21.252 [http-nio-8080-exec-5] DEBUG c.z.e.m.m.a.A.findAdminInfoById - ==> Parameters: 1(Integer)
2026-01-11 14:46:21.289 [http-nio-8080-exec-5] DEBUG c.z.e.m.m.a.A.findAdminInfoById - <==      Total: 1
2026-01-11 14:46:21.332 [http-nio-8080-exec-5] DEBUG c.z.e.m.m.u.U.selectList_mpCount - ==>  Preparing: SELECT COUNT(*) AS total FROM user_userFeedback
2026-01-11 14:46:21.333 [http-nio-8080-exec-5] DEBUG c.z.e.m.m.u.U.selectList_mpCount - ==> Parameters: 
2026-01-11 14:46:21.368 [http-nio-8080-exec-5] DEBUG c.z.e.m.m.u.U.selectList_mpCount - <==      Total: 1
2026-01-11 14:46:21.369 [http-nio-8080-exec-5] DEBUG c.z.e.m.m.u.U.selectList - ==>  Preparing: SELECT userFeedback_id,userFeedback_title,userFeedback_content,userFeedback_time,userFeedback_recentTime,userFeedback_curStep,userFeedback_userId FROM user_userFeedback ORDER BY userFeedback_id DESC LIMIT ?
2026-01-11 14:46:21.369 [http-nio-8080-exec-5] DEBUG c.z.e.m.m.u.U.selectList - ==> Parameters: 10(Long)
2026-01-11 14:46:21.405 [http-nio-8080-exec-5] DEBUG c.z.e.m.m.u.U.selectList - <==      Total: 10
2026-01-11 14:46:21.405 [http-nio-8080-exec-5] DEBUG c.z.e.m.m.user.UserMapper.selectById - ==>  Preparing: SELECT user_id,user_account,user_username,user_email,user_phone,user_password,user_image,user_introduce,user_createdTime,user_loginTime,user_dreamPosition,user_dreamMinMonthSalary,user_dreamMaxMonthSalary,user_dreamWeekWorkDayNum,user_dreamGoodWelfare,user_recruitLocationFirst,user_recruitLocationSecond,user_recruitLocationDetail,user_universityCode FROM user_user WHERE user_id=?
2026-01-11 14:46:21.405 [http-nio-8080-exec-5] DEBUG c.z.e.m.m.user.UserMapper.selectById - ==> Parameters: 1(Integer)
2026-01-11 14:46:21.442 [http-nio-8080-exec-5] DEBUG c.z.e.m.m.user.UserMapper.selectById - <==      Total: 1
2026-01-11 14:47:25.011 [http-nio-8080-exec-6] DEBUG c.z.e.m.m.a.AdminMapper.selectById - ==>  Preparing: SELECT admin_id,admin_account,admin_username,admin_email,admin_phone,admin_password,admin_image,admin_introduce,admin_state,admin_loginTime,deleted FROM admin_admin WHERE admin_id=? AND deleted=0
2026-01-11 14:47:25.012 [http-nio-8080-exec-6] DEBUG c.z.e.m.m.a.AdminMapper.selectById - ==> Parameters: 1(Integer)
2026-01-11 14:47:25.049 [http-nio-8080-exec-6] DEBUG c.z.e.m.m.a.AdminMapper.selectById - <==      Total: 1
2026-01-11 14:47:25.049 [http-nio-8080-exec-6] DEBUG c.z.e.m.m.a.A.findAdminInfoById - ==>  Preparing: select * from admin_admin left join admin_admin_role on admin_admin.admin_id = admin_admin_role.adminId left join admin_role on admin_admin_role.roleId = admin_role.role_id left join admin_role_permission on admin_role.role_id = admin_role.role_id left join admin_permission on admin_role_permission.permissionId = admin_permission.permission_id where admin_admin.admin_id = ? and admin_admin.deleted = 0
2026-01-11 14:47:25.050 [http-nio-8080-exec-6] DEBUG c.z.e.m.m.a.A.findAdminInfoById - ==> Parameters: 1(Integer)
2026-01-11 14:47:25.178 [http-nio-8080-exec-6] DEBUG c.z.e.m.m.a.A.findAdminInfoById - <==      Total: 1
2026-01-11 14:47:25.288 [http-nio-8080-exec-6] DEBUG c.z.e.m.m.a.A.selectList_mpCount - ==>  Preparing: SELECT COUNT(*) AS total FROM admin_admin WHERE deleted = 0 AND (deleted = ?)
2026-01-11 14:47:25.288 [http-nio-8080-exec-6] DEBUG c.z.e.m.m.a.A.selectList_mpCount - ==> Parameters: 0(Integer)
2026-01-11 14:47:25.381 [http-nio-8080-exec-6] DEBUG c.z.e.m.m.a.A.selectList_mpCount - <==      Total: 1
2026-01-11 14:47:25.381 [http-nio-8080-exec-6] DEBUG c.z.e.m.m.a.AdminMapper.selectList - ==>  Preparing: SELECT admin_id,admin_account,admin_username,admin_email,admin_phone,admin_password,admin_image,admin_introduce,admin_state,admin_loginTime,deleted FROM admin_admin WHERE deleted=0 AND (deleted = ?) LIMIT ?
2026-01-11 14:47:25.381 [http-nio-8080-exec-6] DEBUG c.z.e.m.m.a.AdminMapper.selectList - ==> Parameters: 0(Integer), 20(Long)
2026-01-11 14:47:25.433 [http-nio-8080-exec-6] DEBUG c.z.e.m.m.a.AdminMapper.selectList - <==      Total: 4
2026-01-11 14:47:26.822 [http-nio-8080-exec-7] DEBUG c.z.e.m.m.a.AdminMapper.selectById - ==>  Preparing: SELECT admin_id,admin_account,admin_username,admin_email,admin_phone,admin_password,admin_image,admin_introduce,admin_state,admin_loginTime,deleted FROM admin_admin WHERE admin_id=? AND deleted=0
2026-01-11 14:47:26.823 [http-nio-8080-exec-7] DEBUG c.z.e.m.m.a.AdminMapper.selectById - ==> Parameters: 1(Integer)
2026-01-11 14:47:26.858 [http-nio-8080-exec-7] DEBUG c.z.e.m.m.a.AdminMapper.selectById - <==      Total: 1
2026-01-11 14:47:26.858 [http-nio-8080-exec-7] DEBUG c.z.e.m.m.a.A.findAdminInfoById - ==>  Preparing: select * from admin_admin left join admin_admin_role on admin_admin.admin_id = admin_admin_role.adminId left join admin_role on admin_admin_role.roleId = admin_role.role_id left join admin_role_permission on admin_role.role_id = admin_role.role_id left join admin_permission on admin_role_permission.permissionId = admin_permission.permission_id where admin_admin.admin_id = ? and admin_admin.deleted = 0
2026-01-11 14:47:26.858 [http-nio-8080-exec-7] DEBUG c.z.e.m.m.a.A.findAdminInfoById - ==> Parameters: 1(Integer)
2026-01-11 14:47:26.894 [http-nio-8080-exec-7] DEBUG c.z.e.m.m.a.A.findAdminInfoById - <==      Total: 1
2026-01-11 14:47:26.942 [http-nio-8080-exec-7] DEBUG c.z.e.m.m.a.R.selectList_mpCount - ==>  Preparing: SELECT COUNT(*) AS total FROM admin_role WHERE deleted = 0 AND (deleted = ?)
2026-01-11 14:47:26.942 [http-nio-8080-exec-7] DEBUG c.z.e.m.m.a.R.selectList_mpCount - ==> Parameters: 0(Integer)
2026-01-11 14:47:26.978 [http-nio-8080-exec-7] DEBUG c.z.e.m.m.a.R.selectList_mpCount - <==      Total: 1
2026-01-11 14:47:26.978 [http-nio-8080-exec-7] DEBUG c.z.e.m.m.a.RoleMapper.selectList - ==>  Preparing: SELECT role_id,role_name,role_introduce,deleted FROM admin_role WHERE deleted=0 AND (deleted = ?) LIMIT ?
2026-01-11 14:47:26.979 [http-nio-8080-exec-7] DEBUG c.z.e.m.m.a.RoleMapper.selectList - ==> Parameters: 0(Integer), 20(Long)
2026-01-11 14:47:27.016 [http-nio-8080-exec-7] DEBUG c.z.e.m.m.a.RoleMapper.selectList - <==      Total: 1
2026-01-11 14:47:27.126 [http-nio-8080-exec-8] DEBUG c.z.e.m.m.a.AdminMapper.selectById - ==>  Preparing: SELECT admin_id,admin_account,admin_username,admin_email,admin_phone,admin_password,admin_image,admin_introduce,admin_state,admin_loginTime,deleted FROM admin_admin WHERE admin_id=? AND deleted=0
2026-01-11 14:47:27.126 [http-nio-8080-exec-8] DEBUG c.z.e.m.m.a.AdminMapper.selectById - ==> Parameters: 1(Integer)
2026-01-11 14:47:27.162 [http-nio-8080-exec-8] DEBUG c.z.e.m.m.a.AdminMapper.selectById - <==      Total: 1
2026-01-11 14:47:27.162 [http-nio-8080-exec-8] DEBUG c.z.e.m.m.a.A.findAdminInfoById - ==>  Preparing: select * from admin_admin left join admin_admin_role on admin_admin.admin_id = admin_admin_role.adminId left join admin_role on admin_admin_role.roleId = admin_role.role_id left join admin_role_permission on admin_role.role_id = admin_role.role_id left join admin_permission on admin_role_permission.permissionId = admin_permission.permission_id where admin_admin.admin_id = ? and admin_admin.deleted = 0
2026-01-11 14:47:27.162 [http-nio-8080-exec-8] DEBUG c.z.e.m.m.a.A.findAdminInfoById - ==> Parameters: 1(Integer)
2026-01-11 14:47:27.197 [http-nio-8080-exec-8] DEBUG c.z.e.m.m.a.A.findAdminInfoById - <==      Total: 1
2026-01-11 14:47:27.237 [http-nio-8080-exec-8] DEBUG c.z.e.m.m.a.P.selectList - ==>  Preparing: SELECT permission_id,permission_name,permission_url,permission_introduce,deleted FROM admin_permission WHERE deleted=0
2026-01-11 14:47:27.239 [http-nio-8080-exec-8] DEBUG c.z.e.m.m.a.P.selectList - ==> Parameters: 
2026-01-11 14:47:27.273 [http-nio-8080-exec-8] DEBUG c.z.e.m.m.a.P.selectList - <==      Total: 1
2026-01-11 14:47:28.933 [http-nio-8080-exec-9] DEBUG c.z.e.m.m.a.AdminMapper.selectById - ==>  Preparing: SELECT admin_id,admin_account,admin_username,admin_email,admin_phone,admin_password,admin_image,admin_introduce,admin_state,admin_loginTime,deleted FROM admin_admin WHERE admin_id=? AND deleted=0
2026-01-11 14:47:28.933 [http-nio-8080-exec-9] DEBUG c.z.e.m.m.a.AdminMapper.selectById - ==> Parameters: 1(Integer)
2026-01-11 14:47:28.970 [http-nio-8080-exec-9] DEBUG c.z.e.m.m.a.AdminMapper.selectById - <==      Total: 1
2026-01-11 14:47:28.971 [http-nio-8080-exec-9] DEBUG c.z.e.m.m.a.A.findAdminInfoById - ==>  Preparing: select * from admin_admin left join admin_admin_role on admin_admin.admin_id = admin_admin_role.adminId left join admin_role on admin_admin_role.roleId = admin_role.role_id left join admin_role_permission on admin_role.role_id = admin_role.role_id left join admin_permission on admin_role_permission.permissionId = admin_permission.permission_id where admin_admin.admin_id = ? and admin_admin.deleted = 0
2026-01-11 14:47:28.971 [http-nio-8080-exec-9] DEBUG c.z.e.m.m.a.A.findAdminInfoById - ==> Parameters: 1(Integer)
2026-01-11 14:47:29.007 [http-nio-8080-exec-9] DEBUG c.z.e.m.m.a.A.findAdminInfoById - <==      Total: 1
2026-01-11 14:47:29.052 [http-nio-8080-exec-9] DEBUG c.z.e.m.m.a.P.selectList_mpCount - ==>  Preparing: SELECT COUNT(*) AS total FROM admin_permission WHERE deleted = 0 AND (deleted = ?)
2026-01-11 14:47:29.052 [http-nio-8080-exec-9] DEBUG c.z.e.m.m.a.P.selectList_mpCount - ==> Parameters: 0(Integer)
2026-01-11 14:47:29.088 [http-nio-8080-exec-9] DEBUG c.z.e.m.m.a.P.selectList_mpCount - <==      Total: 1
2026-01-11 14:47:29.088 [http-nio-8080-exec-9] DEBUG c.z.e.m.m.a.P.selectList - ==>  Preparing: SELECT permission_id,permission_name,permission_url,permission_introduce,deleted FROM admin_permission WHERE deleted=0 AND (deleted = ?) LIMIT ?
2026-01-11 14:47:29.089 [http-nio-8080-exec-9] DEBUG c.z.e.m.m.a.P.selectList - ==> Parameters: 0(Integer), 20(Long)
2026-01-11 14:47:29.124 [http-nio-8080-exec-9] DEBUG c.z.e.m.m.a.P.selectList - <==      Total: 1
2026-01-11 14:47:32.379 [http-nio-8080-exec-10] DEBUG c.z.e.m.m.a.AdminMapper.selectById - ==>  Preparing: SELECT admin_id,admin_account,admin_username,admin_email,admin_phone,admin_password,admin_image,admin_introduce,admin_state,admin_loginTime,deleted FROM admin_admin WHERE admin_id=? AND deleted=0
2026-01-11 14:47:32.379 [http-nio-8080-exec-2] DEBUG c.z.e.m.m.a.AdminMapper.selectById - ==>  Preparing: SELECT admin_id,admin_account,admin_username,admin_email,admin_phone,admin_password,admin_image,admin_introduce,admin_state,admin_loginTime,deleted FROM admin_admin WHERE admin_id=? AND deleted=0
2026-01-11 14:47:32.379 [http-nio-8080-exec-4] DEBUG c.z.e.m.m.a.AdminMapper.selectById - ==>  Preparing: SELECT admin_id,admin_account,admin_username,admin_email,admin_phone,admin_password,admin_image,admin_introduce,admin_state,admin_loginTime,deleted FROM admin_admin WHERE admin_id=? AND deleted=0
2026-01-11 14:47:32.379 [http-nio-8080-exec-10] DEBUG c.z.e.m.m.a.AdminMapper.selectById - ==> Parameters: 1(Integer)
2026-01-11 14:47:32.379 [http-nio-8080-exec-4] DEBUG c.z.e.m.m.a.AdminMapper.selectById - ==> Parameters: 1(Integer)
2026-01-11 14:47:32.379 [http-nio-8080-exec-2] DEBUG c.z.e.m.m.a.AdminMapper.selectById - ==> Parameters: 1(Integer)
2026-01-11 14:47:32.415 [http-nio-8080-exec-10] DEBUG c.z.e.m.m.a.AdminMapper.selectById - <==      Total: 1
2026-01-11 14:47:32.415 [http-nio-8080-exec-4] DEBUG c.z.e.m.m.a.AdminMapper.selectById - <==      Total: 1
2026-01-11 14:47:32.415 [http-nio-8080-exec-10] DEBUG c.z.e.m.m.a.A.findAdminInfoById - ==>  Preparing: select * from admin_admin left join admin_admin_role on admin_admin.admin_id = admin_admin_role.adminId left join admin_role on admin_admin_role.roleId = admin_role.role_id left join admin_role_permission on admin_role.role_id = admin_role.role_id left join admin_permission on admin_role_permission.permissionId = admin_permission.permission_id where admin_admin.admin_id = ? and admin_admin.deleted = 0
2026-01-11 14:47:32.415 [http-nio-8080-exec-4] DEBUG c.z.e.m.m.a.A.findAdminInfoById - ==>  Preparing: select * from admin_admin left join admin_admin_role on admin_admin.admin_id = admin_admin_role.adminId left join admin_role on admin_admin_role.roleId = admin_role.role_id left join admin_role_permission on admin_role.role_id = admin_role.role_id left join admin_permission on admin_role_permission.permissionId = admin_permission.permission_id where admin_admin.admin_id = ? and admin_admin.deleted = 0
2026-01-11 14:47:32.416 [http-nio-8080-exec-10] DEBUG c.z.e.m.m.a.A.findAdminInfoById - ==> Parameters: 1(Integer)
2026-01-11 14:47:32.416 [http-nio-8080-exec-4] DEBUG c.z.e.m.m.a.A.findAdminInfoById - ==> Parameters: 1(Integer)
2026-01-11 14:47:32.423 [http-nio-8080-exec-2] DEBUG c.z.e.m.m.a.AdminMapper.selectById - <==      Total: 1
2026-01-11 14:47:32.424 [http-nio-8080-exec-2] DEBUG c.z.e.m.m.a.A.findAdminInfoById - ==>  Preparing: select * from admin_admin left join admin_admin_role on admin_admin.admin_id = admin_admin_role.adminId left join admin_role on admin_admin_role.roleId = admin_role.role_id left join admin_role_permission on admin_role.role_id = admin_role.role_id left join admin_permission on admin_role_permission.permissionId = admin_permission.permission_id where admin_admin.admin_id = ? and admin_admin.deleted = 0
2026-01-11 14:47:32.424 [http-nio-8080-exec-2] DEBUG c.z.e.m.m.a.A.findAdminInfoById - ==> Parameters: 1(Integer)
2026-01-11 14:47:32.453 [http-nio-8080-exec-4] DEBUG c.z.e.m.m.a.A.findAdminInfoById - <==      Total: 1
2026-01-11 14:47:32.453 [http-nio-8080-exec-10] DEBUG c.z.e.m.m.a.A.findAdminInfoById - <==      Total: 1
2026-01-11 14:47:32.460 [http-nio-8080-exec-2] DEBUG c.z.e.m.m.a.A.findAdminInfoById - <==      Total: 1
2026-01-11 14:47:32.492 [http-nio-8080-exec-10] DEBUG c.z.e.m.m.a.I.selectList - ==>  Preparing: SELECT industryMap_industryCode,industryMap_industryName,industryMap_createdTime AS createdTime,industryMap_updatedTime AS updatedTime FROM general_industryMap
2026-01-11 14:47:32.493 [http-nio-8080-exec-10] DEBUG c.z.e.m.m.a.I.selectList - ==> Parameters: 
2026-01-11 14:47:32.497 [http-nio-8080-exec-2] DEBUG c.z.e.m.m.a.R.selectList - ==>  Preparing: SELECT recruitPosition_id AS recruitPositionId,recruitPosition_name,recruitPosition_createdTime AS createdTime,recruitPosition_updatedTime AS updatedTime,recruitPosition_industryCode,recruitPosition_minMonthSalary AS minMonthSalary,recruitPosition_maxMonthSalary AS maxMonthSalary,recruitPosition_weekWorkDayNum AS weekWorkDayNum,recruitPosition_goodWelfare AS goodWelfare FROM general_recruitPosition
2026-01-11 14:47:32.497 [http-nio-8080-exec-2] DEBUG c.z.e.m.m.a.R.selectList - ==> Parameters: 
2026-01-11 14:47:32.504 [http-nio-8080-exec-4] DEBUG c.z.e.m.m.a.E.selectList_mpCount - ==>  Preparing: SELECT COUNT(*) AS total FROM general_employmentInformation WHERE deleted = 0 AND (deleted = ?)
2026-01-11 14:47:32.504 [http-nio-8080-exec-4] DEBUG c.z.e.m.m.a.E.selectList_mpCount - ==> Parameters: 0(Integer)
2026-01-11 14:47:32.528 [http-nio-8080-exec-10] DEBUG c.z.e.m.m.a.I.selectList - <==      Total: 3
2026-01-11 14:47:32.534 [http-nio-8080-exec-2] DEBUG c.z.e.m.m.a.R.selectList - <==      Total: 2
2026-01-11 14:47:32.539 [http-nio-8080-exec-4] DEBUG c.z.e.m.m.a.E.selectList_mpCount - <==      Total: 1
2026-01-11 14:47:34.596 [http-nio-8080-exec-1] DEBUG c.z.e.m.m.a.AdminMapper.selectById - ==>  Preparing: SELECT admin_id,admin_account,admin_username,admin_email,admin_phone,admin_password,admin_image,admin_introduce,admin_state,admin_loginTime,deleted FROM admin_admin WHERE admin_id=? AND deleted=0
2026-01-11 14:47:34.596 [http-nio-8080-exec-3] DEBUG c.z.e.m.m.a.AdminMapper.selectById - ==>  Preparing: SELECT admin_id,admin_account,admin_username,admin_email,admin_phone,admin_password,admin_image,admin_introduce,admin_state,admin_loginTime,deleted FROM admin_admin WHERE admin_id=? AND deleted=0
2026-01-11 14:47:34.597 [http-nio-8080-exec-3] DEBUG c.z.e.m.m.a.AdminMapper.selectById - ==> Parameters: 1(Integer)
2026-01-11 14:47:34.597 [http-nio-8080-exec-1] DEBUG c.z.e.m.m.a.AdminMapper.selectById - ==> Parameters: 1(Integer)
2026-01-11 14:47:34.699 [http-nio-8080-exec-3] DEBUG c.z.e.m.m.a.AdminMapper.selectById - <==      Total: 1
2026-01-11 14:47:34.699 [http-nio-8080-exec-1] DEBUG c.z.e.m.m.a.AdminMapper.selectById - <==      Total: 1
2026-01-11 14:47:34.700 [http-nio-8080-exec-1] DEBUG c.z.e.m.m.a.A.findAdminInfoById - ==>  Preparing: select * from admin_admin left join admin_admin_role on admin_admin.admin_id = admin_admin_role.adminId left join admin_role on admin_admin_role.roleId = admin_role.role_id left join admin_role_permission on admin_role.role_id = admin_role.role_id left join admin_permission on admin_role_permission.permissionId = admin_permission.permission_id where admin_admin.admin_id = ? and admin_admin.deleted = 0
2026-01-11 14:47:34.700 [http-nio-8080-exec-3] DEBUG c.z.e.m.m.a.A.findAdminInfoById - ==>  Preparing: select * from admin_admin left join admin_admin_role on admin_admin.admin_id = admin_admin_role.adminId left join admin_role on admin_admin_role.roleId = admin_role.role_id left join admin_role_permission on admin_role.role_id = admin_role.role_id left join admin_permission on admin_role_permission.permissionId = admin_permission.permission_id where admin_admin.admin_id = ? and admin_admin.deleted = 0
2026-01-11 14:47:34.700 [http-nio-8080-exec-3] DEBUG c.z.e.m.m.a.A.findAdminInfoById - ==> Parameters: 1(Integer)
2026-01-11 14:47:34.700 [http-nio-8080-exec-1] DEBUG c.z.e.m.m.a.A.findAdminInfoById - ==> Parameters: 1(Integer)
2026-01-11 14:47:34.760 [http-nio-8080-exec-1] DEBUG c.z.e.m.m.a.A.findAdminInfoById - <==      Total: 1
2026-01-11 14:47:34.760 [http-nio-8080-exec-3] DEBUG c.z.e.m.m.a.A.findAdminInfoById - <==      Total: 1
2026-01-11 14:47:34.798 [http-nio-8080-exec-3] DEBUG c.z.e.m.m.a.I.selectList - ==>  Preparing: SELECT industryMap_industryCode,industryMap_industryName,industryMap_createdTime AS createdTime,industryMap_updatedTime AS updatedTime FROM general_industryMap
2026-01-11 14:47:34.800 [http-nio-8080-exec-3] DEBUG c.z.e.m.m.a.I.selectList - ==> Parameters: 
2026-01-11 14:47:34.823 [http-nio-8080-exec-1] DEBUG c.z.e.m.m.a.R.queryRecruitPositionPage_mpCount - ==>  Preparing: SELECT COUNT(*) AS total FROM general_recruitPosition rp
2026-01-11 14:47:34.824 [http-nio-8080-exec-1] DEBUG c.z.e.m.m.a.R.queryRecruitPositionPage_mpCount - ==> Parameters: 
2026-01-11 14:47:34.835 [http-nio-8080-exec-3] DEBUG c.z.e.m.m.a.I.selectList - <==      Total: 3
2026-01-11 14:47:34.904 [http-nio-8080-exec-1] DEBUG c.z.e.m.m.a.R.queryRecruitPositionPage_mpCount - <==      Total: 1
2026-01-11 14:47:34.904 [http-nio-8080-exec-1] DEBUG c.z.e.m.m.a.R.queryRecruitPositionPage - ==>  Preparing: SELECT rp.recruitPosition_id AS recruitPositionId, rp.recruitPosition_name AS recruitPositionName, rp.recruitPosition_industryCode AS recruitPositionIndustryCode, -- 连表字段：行业名称（从行业映射表查询） gim.industryMap_industryName AS recruitPositionIndustryName, rp.recruitPosition_minMonthSalary AS minMonthSalary, rp.recruitPosition_maxMonthSalary AS maxMonthSalary, rp.recruitPosition_weekWorkDayNum AS weekWorkDayNum, rp.recruitPosition_goodWelfare AS goodWelfare, rp.recruitPosition_createdTime AS createdTime, rp.recruitPosition_updatedTime AS updatedTime FROM general_recruitPosition rp -- 招聘岗位表别名rp -- 连表：通用行业映射表（别名gim），LEFT JOIN避免行业编码无效时丢失岗位数据 LEFT JOIN general_industryMap gim ON rp.recruitPosition_industryCode = gim.industryMap_industryCode ORDER BY rp.recruitPosition_updatedTime DESC LIMIT ?
2026-01-11 14:47:34.905 [http-nio-8080-exec-1] DEBUG c.z.e.m.m.a.R.queryRecruitPositionPage - ==> Parameters: 10(Long)
2026-01-11 14:47:35.007 [http-nio-8080-exec-1] DEBUG c.z.e.m.m.a.R.queryRecruitPositionPage - <==      Total: 2
2026-01-11 14:47:36.228 [http-nio-8080-exec-5] DEBUG c.z.e.m.m.a.AdminMapper.selectById - ==>  Preparing: SELECT admin_id,admin_account,admin_username,admin_email,admin_phone,admin_password,admin_image,admin_introduce,admin_state,admin_loginTime,deleted FROM admin_admin WHERE admin_id=? AND deleted=0
2026-01-11 14:47:36.230 [http-nio-8080-exec-5] DEBUG c.z.e.m.m.a.AdminMapper.selectById - ==> Parameters: 1(Integer)
2026-01-11 14:47:36.267 [http-nio-8080-exec-5] DEBUG c.z.e.m.m.a.AdminMapper.selectById - <==      Total: 1
2026-01-11 14:47:36.268 [http-nio-8080-exec-5] DEBUG c.z.e.m.m.a.A.findAdminInfoById - ==>  Preparing: select * from admin_admin left join admin_admin_role on admin_admin.admin_id = admin_admin_role.adminId left join admin_role on admin_admin_role.roleId = admin_role.role_id left join admin_role_permission on admin_role.role_id = admin_role.role_id left join admin_permission on admin_role_permission.permissionId = admin_permission.permission_id where admin_admin.admin_id = ? and admin_admin.deleted = 0
2026-01-11 14:47:36.268 [http-nio-8080-exec-5] DEBUG c.z.e.m.m.a.A.findAdminInfoById - ==> Parameters: 1(Integer)
2026-01-11 14:47:36.338 [http-nio-8080-exec-5] DEBUG c.z.e.m.m.a.A.findAdminInfoById - <==      Total: 1
2026-01-11 14:47:36.395 [http-nio-8080-exec-5] DEBUG c.z.e.m.m.a.E.selectList_mpCount - ==>  Preparing: SELECT COUNT(*) AS total FROM general_employmentInformation WHERE deleted = 0 AND (deleted = ?)
2026-01-11 14:47:36.396 [http-nio-8080-exec-5] DEBUG c.z.e.m.m.a.E.selectList_mpCount - ==> Parameters: 0(Integer)
2026-01-11 14:47:36.440 [http-nio-8080-exec-5] DEBUG c.z.e.m.m.a.E.selectList_mpCount - <==      Total: 1
2026-01-11 14:47:36.491 [http-nio-8080-exec-7] DEBUG c.z.e.m.m.a.AdminMapper.selectById - ==>  Preparing: SELECT admin_id,admin_account,admin_username,admin_email,admin_phone,admin_password,admin_image,admin_introduce,admin_state,admin_loginTime,deleted FROM admin_admin WHERE admin_id=? AND deleted=0
2026-01-11 14:47:36.491 [http-nio-8080-exec-6] DEBUG c.z.e.m.m.a.AdminMapper.selectById - ==>  Preparing: SELECT admin_id,admin_account,admin_username,admin_email,admin_phone,admin_password,admin_image,admin_introduce,admin_state,admin_loginTime,deleted FROM admin_admin WHERE admin_id=? AND deleted=0
2026-01-11 14:47:36.492 [http-nio-8080-exec-7] DEBUG c.z.e.m.m.a.AdminMapper.selectById - ==> Parameters: 1(Integer)
2026-01-11 14:47:36.492 [http-nio-8080-exec-6] DEBUG c.z.e.m.m.a.AdminMapper.selectById - ==> Parameters: 1(Integer)
2026-01-11 14:47:36.538 [http-nio-8080-exec-6] DEBUG c.z.e.m.m.a.AdminMapper.selectById - <==      Total: 1
2026-01-11 14:47:36.538 [http-nio-8080-exec-7] DEBUG c.z.e.m.m.a.AdminMapper.selectById - <==      Total: 1
2026-01-11 14:47:36.539 [http-nio-8080-exec-6] DEBUG c.z.e.m.m.a.A.findAdminInfoById - ==>  Preparing: select * from admin_admin left join admin_admin_role on admin_admin.admin_id = admin_admin_role.adminId left join admin_role on admin_admin_role.roleId = admin_role.role_id left join admin_role_permission on admin_role.role_id = admin_role.role_id left join admin_permission on admin_role_permission.permissionId = admin_permission.permission_id where admin_admin.admin_id = ? and admin_admin.deleted = 0
2026-01-11 14:47:36.539 [http-nio-8080-exec-7] DEBUG c.z.e.m.m.a.A.findAdminInfoById - ==>  Preparing: select * from admin_admin left join admin_admin_role on admin_admin.admin_id = admin_admin_role.adminId left join admin_role on admin_admin_role.roleId = admin_role.role_id left join admin_role_permission on admin_role.role_id = admin_role.role_id left join admin_permission on admin_role_permission.permissionId = admin_permission.permission_id where admin_admin.admin_id = ? and admin_admin.deleted = 0
2026-01-11 14:47:36.539 [http-nio-8080-exec-6] DEBUG c.z.e.m.m.a.A.findAdminInfoById - ==> Parameters: 1(Integer)
2026-01-11 14:47:36.539 [http-nio-8080-exec-7] DEBUG c.z.e.m.m.a.A.findAdminInfoById - ==> Parameters: 1(Integer)
2026-01-11 14:47:36.608 [http-nio-8080-exec-6] DEBUG c.z.e.m.m.a.A.findAdminInfoById - <==      Total: 1
2026-01-11 14:47:36.608 [http-nio-8080-exec-7] DEBUG c.z.e.m.m.a.A.findAdminInfoById - <==      Total: 1
2026-01-11 14:47:36.648 [http-nio-8080-exec-6] DEBUG c.z.e.m.m.a.I.selectList - ==>  Preparing: SELECT industryMap_industryCode,industryMap_industryName,industryMap_createdTime AS createdTime,industryMap_updatedTime AS updatedTime FROM general_industryMap
2026-01-11 14:47:36.648 [http-nio-8080-exec-6] DEBUG c.z.e.m.m.a.I.selectList - ==> Parameters: 
2026-01-11 14:47:36.649 [http-nio-8080-exec-7] DEBUG c.z.e.m.m.a.R.selectList - ==>  Preparing: SELECT recruitPosition_id AS recruitPositionId,recruitPosition_name,recruitPosition_createdTime AS createdTime,recruitPosition_updatedTime AS updatedTime,recruitPosition_industryCode,recruitPosition_minMonthSalary AS minMonthSalary,recruitPosition_maxMonthSalary AS maxMonthSalary,recruitPosition_weekWorkDayNum AS weekWorkDayNum,recruitPosition_goodWelfare AS goodWelfare FROM general_recruitPosition
2026-01-11 14:47:36.649 [http-nio-8080-exec-7] DEBUG c.z.e.m.m.a.R.selectList - ==> Parameters: 
2026-01-11 14:47:36.748 [http-nio-8080-exec-7] DEBUG c.z.e.m.m.a.R.selectList - <==      Total: 2
2026-01-11 14:47:36.748 [http-nio-8080-exec-6] DEBUG c.z.e.m.m.a.I.selectList - <==      Total: 3
2026-01-11 14:47:39.001 [http-nio-8080-exec-8] DEBUG c.z.e.m.m.a.AdminMapper.selectById - ==>  Preparing: SELECT admin_id,admin_account,admin_username,admin_email,admin_phone,admin_password,admin_image,admin_introduce,admin_state,admin_loginTime,deleted FROM admin_admin WHERE admin_id=? AND deleted=0
2026-01-11 14:47:39.001 [http-nio-8080-exec-9] DEBUG c.z.e.m.m.a.AdminMapper.selectById - ==>  Preparing: SELECT admin_id,admin_account,admin_username,admin_email,admin_phone,admin_password,admin_image,admin_introduce,admin_state,admin_loginTime,deleted FROM admin_admin WHERE admin_id=? AND deleted=0
2026-01-11 14:47:39.001 [http-nio-8080-exec-8] DEBUG c.z.e.m.m.a.AdminMapper.selectById - ==> Parameters: 1(Integer)
2026-01-11 14:47:39.001 [http-nio-8080-exec-9] DEBUG c.z.e.m.m.a.AdminMapper.selectById - ==> Parameters: 1(Integer)
2026-01-11 14:47:39.036 [http-nio-8080-exec-8] DEBUG c.z.e.m.m.a.AdminMapper.selectById - <==      Total: 1
2026-01-11 14:47:39.037 [http-nio-8080-exec-8] DEBUG c.z.e.m.m.a.A.findAdminInfoById - ==>  Preparing: select * from admin_admin left join admin_admin_role on admin_admin.admin_id = admin_admin_role.adminId left join admin_role on admin_admin_role.roleId = admin_role.role_id left join admin_role_permission on admin_role.role_id = admin_role.role_id left join admin_permission on admin_role_permission.permissionId = admin_permission.permission_id where admin_admin.admin_id = ? and admin_admin.deleted = 0
2026-01-11 14:47:39.037 [http-nio-8080-exec-8] DEBUG c.z.e.m.m.a.A.findAdminInfoById - ==> Parameters: 1(Integer)
2026-01-11 14:47:39.051 [http-nio-8080-exec-9] DEBUG c.z.e.m.m.a.AdminMapper.selectById - <==      Total: 1
2026-01-11 14:47:39.051 [http-nio-8080-exec-9] DEBUG c.z.e.m.m.a.A.findAdminInfoById - ==>  Preparing: select * from admin_admin left join admin_admin_role on admin_admin.admin_id = admin_admin_role.adminId left join admin_role on admin_admin_role.roleId = admin_role.role_id left join admin_role_permission on admin_role.role_id = admin_role.role_id left join admin_permission on admin_role_permission.permissionId = admin_permission.permission_id where admin_admin.admin_id = ? and admin_admin.deleted = 0
2026-01-11 14:47:39.052 [http-nio-8080-exec-9] DEBUG c.z.e.m.m.a.A.findAdminInfoById - ==> Parameters: 1(Integer)
2026-01-11 14:47:39.072 [http-nio-8080-exec-8] DEBUG c.z.e.m.m.a.A.findAdminInfoById - <==      Total: 1
2026-01-11 14:47:39.088 [http-nio-8080-exec-9] DEBUG c.z.e.m.m.a.A.findAdminInfoById - <==      Total: 1
2026-01-11 14:47:39.123 [http-nio-8080-exec-8] DEBUG c.z.e.m.m.a.R.queryRecruitPositionPage_mpCount - ==>  Preparing: SELECT COUNT(*) AS total FROM general_recruitPosition rp
2026-01-11 14:47:39.123 [http-nio-8080-exec-8] DEBUG c.z.e.m.m.a.R.queryRecruitPositionPage_mpCount - ==> Parameters: 
2026-01-11 14:47:39.125 [http-nio-8080-exec-9] DEBUG c.z.e.m.m.a.I.selectList - ==>  Preparing: SELECT industryMap_industryCode,industryMap_industryName,industryMap_createdTime AS createdTime,industryMap_updatedTime AS updatedTime FROM general_industryMap
2026-01-11 14:47:39.126 [http-nio-8080-exec-9] DEBUG c.z.e.m.m.a.I.selectList - ==> Parameters: 
2026-01-11 14:47:39.158 [http-nio-8080-exec-8] DEBUG c.z.e.m.m.a.R.queryRecruitPositionPage_mpCount - <==      Total: 1
2026-01-11 14:47:39.158 [http-nio-8080-exec-8] DEBUG c.z.e.m.m.a.R.queryRecruitPositionPage - ==>  Preparing: SELECT rp.recruitPosition_id AS recruitPositionId, rp.recruitPosition_name AS recruitPositionName, rp.recruitPosition_industryCode AS recruitPositionIndustryCode, -- 连表字段：行业名称（从行业映射表查询） gim.industryMap_industryName AS recruitPositionIndustryName, rp.recruitPosition_minMonthSalary AS minMonthSalary, rp.recruitPosition_maxMonthSalary AS maxMonthSalary, rp.recruitPosition_weekWorkDayNum AS weekWorkDayNum, rp.recruitPosition_goodWelfare AS goodWelfare, rp.recruitPosition_createdTime AS createdTime, rp.recruitPosition_updatedTime AS updatedTime FROM general_recruitPosition rp -- 招聘岗位表别名rp -- 连表：通用行业映射表（别名gim），LEFT JOIN避免行业编码无效时丢失岗位数据 LEFT JOIN general_industryMap gim ON rp.recruitPosition_industryCode = gim.industryMap_industryCode ORDER BY rp.recruitPosition_updatedTime DESC LIMIT ?
2026-01-11 14:47:39.158 [http-nio-8080-exec-8] DEBUG c.z.e.m.m.a.R.queryRecruitPositionPage - ==> Parameters: 10(Long)
2026-01-11 14:47:39.160 [http-nio-8080-exec-9] DEBUG c.z.e.m.m.a.I.selectList - <==      Total: 3
2026-01-11 14:47:39.194 [http-nio-8080-exec-8] DEBUG c.z.e.m.m.a.R.queryRecruitPositionPage - <==      Total: 2
2026-01-11 14:47:41.139 [http-nio-8080-exec-10] DEBUG c.z.e.m.m.a.AdminMapper.selectById - ==>  Preparing: SELECT admin_id,admin_account,admin_username,admin_email,admin_phone,admin_password,admin_image,admin_introduce,admin_state,admin_loginTime,deleted FROM admin_admin WHERE admin_id=? AND deleted=0
2026-01-11 14:47:41.139 [http-nio-8080-exec-10] DEBUG c.z.e.m.m.a.AdminMapper.selectById - ==> Parameters: 1(Integer)
2026-01-11 14:47:41.175 [http-nio-8080-exec-10] DEBUG c.z.e.m.m.a.AdminMapper.selectById - <==      Total: 1
2026-01-11 14:47:41.175 [http-nio-8080-exec-10] DEBUG c.z.e.m.m.a.A.findAdminInfoById - ==>  Preparing: select * from admin_admin left join admin_admin_role on admin_admin.admin_id = admin_admin_role.adminId left join admin_role on admin_admin_role.roleId = admin_role.role_id left join admin_role_permission on admin_role.role_id = admin_role.role_id left join admin_permission on admin_role_permission.permissionId = admin_permission.permission_id where admin_admin.admin_id = ? and admin_admin.deleted = 0
2026-01-11 14:47:41.176 [http-nio-8080-exec-10] DEBUG c.z.e.m.m.a.A.findAdminInfoById - ==> Parameters: 1(Integer)
2026-01-11 14:47:41.211 [http-nio-8080-exec-10] DEBUG c.z.e.m.m.a.A.findAdminInfoById - <==      Total: 1
2026-01-11 14:47:41.258 [http-nio-8080-exec-10] DEBUG c.z.e.m.m.a.E.selectList_mpCount - ==>  Preparing: SELECT COUNT(*) AS total FROM general_employmentInformation WHERE deleted = 0 AND (deleted = ?)
2026-01-11 14:47:41.258 [http-nio-8080-exec-10] DEBUG c.z.e.m.m.a.E.selectList_mpCount - ==> Parameters: 0(Integer)
2026-01-11 14:47:41.294 [http-nio-8080-exec-10] DEBUG c.z.e.m.m.a.E.selectList_mpCount - <==      Total: 1
2026-01-11 14:47:41.441 [http-nio-8080-exec-4] DEBUG c.z.e.m.m.a.AdminMapper.selectById - ==>  Preparing: SELECT admin_id,admin_account,admin_username,admin_email,admin_phone,admin_password,admin_image,admin_introduce,admin_state,admin_loginTime,deleted FROM admin_admin WHERE admin_id=? AND deleted=0
2026-01-11 14:47:41.442 [http-nio-8080-exec-2] DEBUG c.z.e.m.m.a.AdminMapper.selectById - ==>  Preparing: SELECT admin_id,admin_account,admin_username,admin_email,admin_phone,admin_password,admin_image,admin_introduce,admin_state,admin_loginTime,deleted FROM admin_admin WHERE admin_id=? AND deleted=0
2026-01-11 14:47:41.442 [http-nio-8080-exec-2] DEBUG c.z.e.m.m.a.AdminMapper.selectById - ==> Parameters: 1(Integer)
2026-01-11 14:47:41.442 [http-nio-8080-exec-4] DEBUG c.z.e.m.m.a.AdminMapper.selectById - ==> Parameters: 1(Integer)
2026-01-11 14:47:41.491 [http-nio-8080-exec-2] DEBUG c.z.e.m.m.a.AdminMapper.selectById - <==      Total: 1
2026-01-11 14:47:41.491 [http-nio-8080-exec-4] DEBUG c.z.e.m.m.a.AdminMapper.selectById - <==      Total: 1
2026-01-11 14:47:41.491 [http-nio-8080-exec-2] DEBUG c.z.e.m.m.a.A.findAdminInfoById - ==>  Preparing: select * from admin_admin left join admin_admin_role on admin_admin.admin_id = admin_admin_role.adminId left join admin_role on admin_admin_role.roleId = admin_role.role_id left join admin_role_permission on admin_role.role_id = admin_role.role_id left join admin_permission on admin_role_permission.permissionId = admin_permission.permission_id where admin_admin.admin_id = ? and admin_admin.deleted = 0
2026-01-11 14:47:41.491 [http-nio-8080-exec-4] DEBUG c.z.e.m.m.a.A.findAdminInfoById - ==>  Preparing: select * from admin_admin left join admin_admin_role on admin_admin.admin_id = admin_admin_role.adminId left join admin_role on admin_admin_role.roleId = admin_role.role_id left join admin_role_permission on admin_role.role_id = admin_role.role_id left join admin_permission on admin_role_permission.permissionId = admin_permission.permission_id where admin_admin.admin_id = ? and admin_admin.deleted = 0
2026-01-11 14:47:41.492 [http-nio-8080-exec-2] DEBUG c.z.e.m.m.a.A.findAdminInfoById - ==> Parameters: 1(Integer)
2026-01-11 14:47:41.492 [http-nio-8080-exec-4] DEBUG c.z.e.m.m.a.A.findAdminInfoById - ==> Parameters: 1(Integer)
2026-01-11 14:47:41.528 [http-nio-8080-exec-4] DEBUG c.z.e.m.m.a.A.findAdminInfoById - <==      Total: 1
2026-01-11 14:47:41.529 [http-nio-8080-exec-2] DEBUG c.z.e.m.m.a.A.findAdminInfoById - <==      Total: 1
2026-01-11 14:47:41.566 [http-nio-8080-exec-4] DEBUG c.z.e.m.m.a.I.selectList - ==>  Preparing: SELECT industryMap_industryCode,industryMap_industryName,industryMap_createdTime AS createdTime,industryMap_updatedTime AS updatedTime FROM general_industryMap
2026-01-11 14:47:41.567 [http-nio-8080-exec-4] DEBUG c.z.e.m.m.a.I.selectList - ==> Parameters: 
2026-01-11 14:47:41.568 [http-nio-8080-exec-2] DEBUG c.z.e.m.m.a.R.selectList - ==>  Preparing: SELECT recruitPosition_id AS recruitPositionId,recruitPosition_name,recruitPosition_createdTime AS createdTime,recruitPosition_updatedTime AS updatedTime,recruitPosition_industryCode,recruitPosition_minMonthSalary AS minMonthSalary,recruitPosition_maxMonthSalary AS maxMonthSalary,recruitPosition_weekWorkDayNum AS weekWorkDayNum,recruitPosition_goodWelfare AS goodWelfare FROM general_recruitPosition
2026-01-11 14:47:41.568 [http-nio-8080-exec-2] DEBUG c.z.e.m.m.a.R.selectList - ==> Parameters: 
2026-01-11 14:47:41.602 [http-nio-8080-exec-4] DEBUG c.z.e.m.m.a.I.selectList - <==      Total: 3
2026-01-11 14:47:41.604 [http-nio-8080-exec-2] DEBUG c.z.e.m.m.a.R.selectList - <==      Total: 2
2026-01-11 14:47:43.718 [http-nio-8080-exec-1] DEBUG c.z.e.m.m.a.AdminMapper.selectById - ==>  Preparing: SELECT admin_id,admin_account,admin_username,admin_email,admin_phone,admin_password,admin_image,admin_introduce,admin_state,admin_loginTime,deleted FROM admin_admin WHERE admin_id=? AND deleted=0
2026-01-11 14:47:43.720 [http-nio-8080-exec-5] DEBUG c.z.e.m.m.a.AdminMapper.selectById - ==>  Preparing: SELECT admin_id,admin_account,admin_username,admin_email,admin_phone,admin_password,admin_image,admin_introduce,admin_state,admin_loginTime,deleted FROM admin_admin WHERE admin_id=? AND deleted=0
2026-01-11 14:47:43.718 [http-nio-8080-exec-3] DEBUG c.z.e.m.m.a.AdminMapper.selectById - ==>  Preparing: SELECT admin_id,admin_account,admin_username,admin_email,admin_phone,admin_password,admin_image,admin_introduce,admin_state,admin_loginTime,deleted FROM admin_admin WHERE admin_id=? AND deleted=0
2026-01-11 14:47:43.720 [http-nio-8080-exec-1] DEBUG c.z.e.m.m.a.AdminMapper.selectById - ==> Parameters: 1(Integer)
2026-01-11 14:47:43.720 [http-nio-8080-exec-3] DEBUG c.z.e.m.m.a.AdminMapper.selectById - ==> Parameters: 1(Integer)
2026-01-11 14:47:43.720 [http-nio-8080-exec-5] DEBUG c.z.e.m.m.a.AdminMapper.selectById - ==> Parameters: 1(Integer)
2026-01-11 14:47:43.733 [http-nio-8080-exec-7] DEBUG c.z.e.m.m.a.AdminMapper.selectById - ==>  Preparing: SELECT admin_id,admin_account,admin_username,admin_email,admin_phone,admin_password,admin_image,admin_introduce,admin_state,admin_loginTime,deleted FROM admin_admin WHERE admin_id=? AND deleted=0
2026-01-11 14:47:43.734 [http-nio-8080-exec-7] DEBUG c.z.e.m.m.a.AdminMapper.selectById - ==> Parameters: 1(Integer)
2026-01-11 14:47:43.742 [http-nio-8080-exec-6] DEBUG c.z.e.m.m.a.AdminMapper.selectById - ==>  Preparing: SELECT admin_id,admin_account,admin_username,admin_email,admin_phone,admin_password,admin_image,admin_introduce,admin_state,admin_loginTime,deleted FROM admin_admin WHERE admin_id=? AND deleted=0
2026-01-11 14:47:43.742 [http-nio-8080-exec-6] DEBUG c.z.e.m.m.a.AdminMapper.selectById - ==> Parameters: 1(Integer)
2026-01-11 14:47:43.761 [http-nio-8080-exec-3] DEBUG c.z.e.m.m.a.AdminMapper.selectById - <==      Total: 1
2026-01-11 14:47:43.761 [http-nio-8080-exec-1] DEBUG c.z.e.m.m.a.AdminMapper.selectById - <==      Total: 1
2026-01-11 14:47:43.761 [http-nio-8080-exec-5] DEBUG c.z.e.m.m.a.AdminMapper.selectById - <==      Total: 1
2026-01-11 14:47:43.762 [http-nio-8080-exec-3] DEBUG c.z.e.m.m.a.A.findAdminInfoById - ==>  Preparing: select * from admin_admin left join admin_admin_role on admin_admin.admin_id = admin_admin_role.adminId left join admin_role on admin_admin_role.roleId = admin_role.role_id left join admin_role_permission on admin_role.role_id = admin_role.role_id left join admin_permission on admin_role_permission.permissionId = admin_permission.permission_id where admin_admin.admin_id = ? and admin_admin.deleted = 0
2026-01-11 14:47:43.762 [http-nio-8080-exec-3] DEBUG c.z.e.m.m.a.A.findAdminInfoById - ==> Parameters: 1(Integer)
2026-01-11 14:47:43.762 [http-nio-8080-exec-5] DEBUG c.z.e.m.m.a.A.findAdminInfoById - ==>  Preparing: select * from admin_admin left join admin_admin_role on admin_admin.admin_id = admin_admin_role.adminId left join admin_role on admin_admin_role.roleId = admin_role.role_id left join admin_role_permission on admin_role.role_id = admin_role.role_id left join admin_permission on admin_role_permission.permissionId = admin_permission.permission_id where admin_admin.admin_id = ? and admin_admin.deleted = 0
2026-01-11 14:47:43.762 [http-nio-8080-exec-1] DEBUG c.z.e.m.m.a.A.findAdminInfoById - ==>  Preparing: select * from admin_admin left join admin_admin_role on admin_admin.admin_id = admin_admin_role.adminId left join admin_role on admin_admin_role.roleId = admin_role.role_id left join admin_role_permission on admin_role.role_id = admin_role.role_id left join admin_permission on admin_role_permission.permissionId = admin_permission.permission_id where admin_admin.admin_id = ? and admin_admin.deleted = 0
2026-01-11 14:47:43.762 [http-nio-8080-exec-5] DEBUG c.z.e.m.m.a.A.findAdminInfoById - ==> Parameters: 1(Integer)
2026-01-11 14:47:43.762 [http-nio-8080-exec-1] DEBUG c.z.e.m.m.a.A.findAdminInfoById - ==> Parameters: 1(Integer)
2026-01-11 14:47:43.770 [http-nio-8080-exec-7] DEBUG c.z.e.m.m.a.AdminMapper.selectById - <==      Total: 1
2026-01-11 14:47:43.772 [http-nio-8080-exec-7] DEBUG c.z.e.m.m.a.A.findAdminInfoById - ==>  Preparing: select * from admin_admin left join admin_admin_role on admin_admin.admin_id = admin_admin_role.adminId left join admin_role on admin_admin_role.roleId = admin_role.role_id left join admin_role_permission on admin_role.role_id = admin_role.role_id left join admin_permission on admin_role_permission.permissionId = admin_permission.permission_id where admin_admin.admin_id = ? and admin_admin.deleted = 0
2026-01-11 14:47:43.772 [http-nio-8080-exec-7] DEBUG c.z.e.m.m.a.A.findAdminInfoById - ==> Parameters: 1(Integer)
2026-01-11 14:47:43.780 [http-nio-8080-exec-6] DEBUG c.z.e.m.m.a.AdminMapper.selectById - <==      Total: 1
2026-01-11 14:47:43.780 [http-nio-8080-exec-6] DEBUG c.z.e.m.m.a.A.findAdminInfoById - ==>  Preparing: select * from admin_admin left join admin_admin_role on admin_admin.admin_id = admin_admin_role.adminId left join admin_role on admin_admin_role.roleId = admin_role.role_id left join admin_role_permission on admin_role.role_id = admin_role.role_id left join admin_permission on admin_role_permission.permissionId = admin_permission.permission_id where admin_admin.admin_id = ? and admin_admin.deleted = 0
2026-01-11 14:47:43.780 [http-nio-8080-exec-6] DEBUG c.z.e.m.m.a.A.findAdminInfoById - ==> Parameters: 1(Integer)
2026-01-11 14:47:43.799 [http-nio-8080-exec-3] DEBUG c.z.e.m.m.a.A.findAdminInfoById - <==      Total: 1
2026-01-11 14:47:43.801 [http-nio-8080-exec-5] DEBUG c.z.e.m.m.a.A.findAdminInfoById - <==      Total: 1
2026-01-11 14:47:43.801 [http-nio-8080-exec-1] DEBUG c.z.e.m.m.a.A.findAdminInfoById - <==      Total: 1
2026-01-11 14:47:43.809 [http-nio-8080-exec-7] DEBUG c.z.e.m.m.a.A.findAdminInfoById - <==      Total: 1
2026-01-11 14:47:43.817 [http-nio-8080-exec-6] DEBUG c.z.e.m.m.a.A.findAdminInfoById - <==      Total: 1
2026-01-11 14:47:43.850 [http-nio-8080-exec-1] DEBUG c.z.e.m.m.a.R.selectList - ==>  Preparing: SELECT recruitPosition_id AS recruitPositionId,recruitPosition_name,recruitPosition_createdTime AS createdTime,recruitPosition_updatedTime AS updatedTime,recruitPosition_industryCode,recruitPosition_minMonthSalary AS minMonthSalary,recruitPosition_maxMonthSalary AS maxMonthSalary,recruitPosition_weekWorkDayNum AS weekWorkDayNum,recruitPosition_goodWelfare AS goodWelfare FROM general_recruitPosition
2026-01-11 14:47:43.850 [http-nio-8080-exec-1] DEBUG c.z.e.m.m.a.R.selectList - ==> Parameters: 
2026-01-11 14:47:43.852 [http-nio-8080-exec-3] DEBUG c.z.e.m.m.a.I.selectList - ==>  Preparing: SELECT industryMap_industryCode,industryMap_industryName,industryMap_createdTime AS createdTime,industryMap_updatedTime AS updatedTime FROM general_industryMap
2026-01-11 14:47:43.852 [http-nio-8080-exec-3] DEBUG c.z.e.m.m.a.I.selectList - ==> Parameters: 
2026-01-11 14:47:43.861 [http-nio-8080-exec-5] DEBUG c.z.e.m.m.a.E.selectList_mpCount - ==>  Preparing: SELECT COUNT(*) AS total FROM general_employmentInformation WHERE deleted = 0 AND (deleted = ?)
2026-01-11 14:47:43.861 [http-nio-8080-exec-5] DEBUG c.z.e.m.m.a.E.selectList_mpCount - ==> Parameters: 0(Integer)
2026-01-11 14:47:43.878 [http-nio-8080-exec-9] DEBUG c.z.e.m.m.a.AdminMapper.selectById - ==>  Preparing: SELECT admin_id,admin_account,admin_username,admin_email,admin_phone,admin_password,admin_image,admin_introduce,admin_state,admin_loginTime,deleted FROM admin_admin WHERE admin_id=? AND deleted=0
2026-01-11 14:47:43.878 [http-nio-8080-exec-9] DEBUG c.z.e.m.m.a.AdminMapper.selectById - ==> Parameters: 1(Integer)
2026-01-11 14:47:43.880 [http-nio-8080-exec-6] INFO  c.z.e.s.i.a.AdmonitorAdminAdvertisementServiceImpl - 查询所有广告开始
2026-01-11 14:47:43.880 [http-nio-8080-exec-6] DEBUG c.z.e.m.m.a.A.selectList - ==>  Preparing: SELECT adminAdvertisement_id AS advertisementId,adminAdvertisement_name AS advertisementName,adminAdvertisement_url AS advertisementUrl,adminAdvertisement_link AS advertisementLink,adminAdvertisement_startedTime AS advertisementStartedTime,adminAdvertisement_endTime AS advertisementEndTime,deleted FROM admonitor_adminAdvertisement WHERE deleted=0 AND (deleted = ? AND adminAdvertisement_startedTime <= ? AND adminAdvertisement_endTime > ?)
2026-01-11 14:47:43.881 [http-nio-8080-exec-6] DEBUG c.z.e.m.m.a.A.selectList - ==> Parameters: 0(Integer), 2026-01-11 14:47:43.88(Timestamp), 2026-01-11 14:47:43.88(Timestamp)
2026-01-11 14:47:43.886 [http-nio-8080-exec-1] DEBUG c.z.e.m.m.a.R.selectList - <==      Total: 2
2026-01-11 14:47:43.887 [http-nio-8080-exec-3] DEBUG c.z.e.m.m.a.I.selectList - <==      Total: 3
2026-01-11 14:47:43.896 [http-nio-8080-exec-5] DEBUG c.z.e.m.m.a.E.selectList_mpCount - <==      Total: 1
2026-01-11 14:47:43.939 [http-nio-8080-exec-6] DEBUG c.z.e.m.m.a.A.selectList - <==      Total: 1
2026-01-11 14:47:43.940 [http-nio-8080-exec-9] DEBUG c.z.e.m.m.a.AdminMapper.selectById - <==      Total: 1
2026-01-11 14:47:43.940 [http-nio-8080-exec-6] INFO  c.z.e.s.i.a.AdmonitorAdminAdvertisementServiceImpl - 查询所有广告成功
2026-01-11 14:47:43.940 [http-nio-8080-exec-9] DEBUG c.z.e.m.m.a.A.findAdminInfoById - ==>  Preparing: select * from admin_admin left join admin_admin_role on admin_admin.admin_id = admin_admin_role.adminId left join admin_role on admin_admin_role.roleId = admin_role.role_id left join admin_role_permission on admin_role.role_id = admin_role.role_id left join admin_permission on admin_role_permission.permissionId = admin_permission.permission_id where admin_admin.admin_id = ? and admin_admin.deleted = 0
2026-01-11 14:47:43.940 [http-nio-8080-exec-9] DEBUG c.z.e.m.m.a.A.findAdminInfoById - ==> Parameters: 1(Integer)
2026-01-11 14:47:44.019 [http-nio-8080-exec-9] DEBUG c.z.e.m.m.a.A.findAdminInfoById - <==      Total: 1
2026-01-11 14:47:44.088 [http-nio-8080-exec-9] DEBUG c.z.e.m.m.a.A.findAdminInfoById - ==>  Preparing: select * from admin_admin left join admin_admin_role on admin_admin.admin_id = admin_admin_role.adminId left join admin_role on admin_admin_role.roleId = admin_role.role_id left join admin_role_permission on admin_role.role_id = admin_role.role_id left join admin_permission on admin_role_permission.permissionId = admin_permission.permission_id where admin_admin.admin_id = ? and admin_admin.deleted = 0
2026-01-11 14:47:44.089 [http-nio-8080-exec-9] DEBUG c.z.e.m.m.a.A.findAdminInfoById - ==> Parameters: 1(Integer)
2026-01-11 14:47:44.136 [http-nio-8080-exec-9] DEBUG c.z.e.m.m.a.A.findAdminInfoById - <==      Total: 1
2026-01-11 14:47:44.734 [http-nio-8080-exec-8] DEBUG c.z.e.m.m.a.AdminMapper.selectById - ==>  Preparing: SELECT admin_id,admin_account,admin_username,admin_email,admin_phone,admin_password,admin_image,admin_introduce,admin_state,admin_loginTime,deleted FROM admin_admin WHERE admin_id=? AND deleted=0
2026-01-11 14:47:44.735 [http-nio-8080-exec-8] DEBUG c.z.e.m.m.a.AdminMapper.selectById - ==> Parameters: 1(Integer)
2026-01-11 14:47:44.735 [http-nio-8080-exec-7] DEBUG c.z.e.m.m.a.AdminMapper.selectById - ==>  Preparing: SELECT admin_id,admin_account,admin_username,admin_email,admin_phone,admin_password,admin_image,admin_introduce,admin_state,admin_loginTime,deleted FROM admin_admin WHERE admin_id=? AND deleted=0
2026-01-11 14:47:44.735 [http-nio-8080-exec-7] DEBUG c.z.e.m.m.a.AdminMapper.selectById - ==> Parameters: 1(Integer)
2026-01-11 14:47:44.771 [http-nio-8080-exec-2] DEBUG c.z.e.m.m.a.AdminMapper.selectById - ==>  Preparing: SELECT admin_id,admin_account,admin_username,admin_email,admin_phone,admin_password,admin_image,admin_introduce,admin_state,admin_loginTime,deleted FROM admin_admin WHERE admin_id=? AND deleted=0
2026-01-11 14:47:44.771 [http-nio-8080-exec-4] DEBUG c.z.e.m.m.a.AdminMapper.selectById - ==>  Preparing: SELECT admin_id,admin_account,admin_username,admin_email,admin_phone,admin_password,admin_image,admin_introduce,admin_state,admin_loginTime,deleted FROM admin_admin WHERE admin_id=? AND deleted=0
2026-01-11 14:47:44.771 [http-nio-8080-exec-10] DEBUG c.z.e.m.m.a.AdminMapper.selectById - ==>  Preparing: SELECT admin_id,admin_account,admin_username,admin_email,admin_phone,admin_password,admin_image,admin_introduce,admin_state,admin_loginTime,deleted FROM admin_admin WHERE admin_id=? AND deleted=0
2026-01-11 14:47:44.771 [http-nio-8080-exec-4] DEBUG c.z.e.m.m.a.AdminMapper.selectById - ==> Parameters: 1(Integer)
2026-01-11 14:47:44.771 [http-nio-8080-exec-10] DEBUG c.z.e.m.m.a.AdminMapper.selectById - ==> Parameters: 1(Integer)
2026-01-11 14:47:44.771 [http-nio-8080-exec-2] DEBUG c.z.e.m.m.a.AdminMapper.selectById - ==> Parameters: 1(Integer)
2026-01-11 14:47:44.771 [http-nio-8080-exec-7] DEBUG c.z.e.m.m.a.AdminMapper.selectById - <==      Total: 1
2026-01-11 14:47:44.771 [http-nio-8080-exec-8] DEBUG c.z.e.m.m.a.AdminMapper.selectById - <==      Total: 1
2026-01-11 14:47:44.772 [http-nio-8080-exec-8] DEBUG c.z.e.m.m.a.A.findAdminInfoById - ==>  Preparing: select * from admin_admin left join admin_admin_role on admin_admin.admin_id = admin_admin_role.adminId left join admin_role on admin_admin_role.roleId = admin_role.role_id left join admin_role_permission on admin_role.role_id = admin_role.role_id left join admin_permission on admin_role_permission.permissionId = admin_permission.permission_id where admin_admin.admin_id = ? and admin_admin.deleted = 0
2026-01-11 14:47:44.772 [http-nio-8080-exec-7] DEBUG c.z.e.m.m.a.A.findAdminInfoById - ==>  Preparing: select * from admin_admin left join admin_admin_role on admin_admin.admin_id = admin_admin_role.adminId left join admin_role on admin_admin_role.roleId = admin_role.role_id left join admin_role_permission on admin_role.role_id = admin_role.role_id left join admin_permission on admin_role_permission.permissionId = admin_permission.permission_id where admin_admin.admin_id = ? and admin_admin.deleted = 0
2026-01-11 14:47:44.772 [http-nio-8080-exec-8] DEBUG c.z.e.m.m.a.A.findAdminInfoById - ==> Parameters: 1(Integer)
2026-01-11 14:47:44.772 [http-nio-8080-exec-7] DEBUG c.z.e.m.m.a.A.findAdminInfoById - ==> Parameters: 1(Integer)
2026-01-11 14:47:44.842 [http-nio-8080-exec-10] DEBUG c.z.e.m.m.a.AdminMapper.selectById - <==      Total: 1
2026-01-11 14:47:44.842 [http-nio-8080-exec-4] DEBUG c.z.e.m.m.a.AdminMapper.selectById - <==      Total: 1
2026-01-11 14:47:44.842 [http-nio-8080-exec-2] DEBUG c.z.e.m.m.a.AdminMapper.selectById - <==      Total: 1
2026-01-11 14:47:44.843 [http-nio-8080-exec-8] DEBUG c.z.e.m.m.a.A.findAdminInfoById - <==      Total: 1
2026-01-11 14:47:44.843 [http-nio-8080-exec-7] DEBUG c.z.e.m.m.a.A.findAdminInfoById - <==      Total: 1
2026-01-11 14:47:44.843 [http-nio-8080-exec-4] DEBUG c.z.e.m.m.a.A.findAdminInfoById - ==>  Preparing: select * from admin_admin left join admin_admin_role on admin_admin.admin_id = admin_admin_role.adminId left join admin_role on admin_admin_role.roleId = admin_role.role_id left join admin_role_permission on admin_role.role_id = admin_role.role_id left join admin_permission on admin_role_permission.permissionId = admin_permission.permission_id where admin_admin.admin_id = ? and admin_admin.deleted = 0
2026-01-11 14:47:44.843 [http-nio-8080-exec-10] DEBUG c.z.e.m.m.a.A.findAdminInfoById - ==>  Preparing: select * from admin_admin left join admin_admin_role on admin_admin.admin_id = admin_admin_role.adminId left join admin_role on admin_admin_role.roleId = admin_role.role_id left join admin_role_permission on admin_role.role_id = admin_role.role_id left join admin_permission on admin_role_permission.permissionId = admin_permission.permission_id where admin_admin.admin_id = ? and admin_admin.deleted = 0
2026-01-11 14:47:44.843 [http-nio-8080-exec-2] DEBUG c.z.e.m.m.a.A.findAdminInfoById - ==>  Preparing: select * from admin_admin left join admin_admin_role on admin_admin.admin_id = admin_admin_role.adminId left join admin_role on admin_admin_role.roleId = admin_role.role_id left join admin_role_permission on admin_role.role_id = admin_role.role_id left join admin_permission on admin_role_permission.permissionId = admin_permission.permission_id where admin_admin.admin_id = ? and admin_admin.deleted = 0
2026-01-11 14:47:44.843 [http-nio-8080-exec-4] DEBUG c.z.e.m.m.a.A.findAdminInfoById - ==> Parameters: 1(Integer)
2026-01-11 14:47:44.843 [http-nio-8080-exec-10] DEBUG c.z.e.m.m.a.A.findAdminInfoById - ==> Parameters: 1(Integer)
2026-01-11 14:47:44.843 [http-nio-8080-exec-2] DEBUG c.z.e.m.m.a.A.findAdminInfoById - ==> Parameters: 1(Integer)
2026-01-11 14:47:44.940 [http-nio-8080-exec-4] DEBUG c.z.e.m.m.a.A.findAdminInfoById - <==      Total: 1
2026-01-11 14:47:44.940 [http-nio-8080-exec-10] DEBUG c.z.e.m.m.a.A.findAdminInfoById - <==      Total: 1
2026-01-11 14:47:44.940 [http-nio-8080-exec-2] DEBUG c.z.e.m.m.a.A.findAdminInfoById - <==      Total: 1
2026-01-11 14:47:44.946 [http-nio-8080-exec-7] INFO  c.z.e.s.i.a.AdmonitorAdminAdvertisementServiceImpl - 查询所有广告开始
2026-01-11 14:47:44.946 [http-nio-8080-exec-7] DEBUG c.z.e.m.m.a.A.selectList - ==>  Preparing: SELECT adminAdvertisement_id AS advertisementId,adminAdvertisement_name AS advertisementName,adminAdvertisement_url AS advertisementUrl,adminAdvertisement_link AS advertisementLink,adminAdvertisement_startedTime AS advertisementStartedTime,adminAdvertisement_endTime AS advertisementEndTime,deleted FROM admonitor_adminAdvertisement WHERE deleted=0 AND (deleted = ? AND adminAdvertisement_startedTime <= ? AND adminAdvertisement_endTime > ?)
2026-01-11 14:47:44.947 [http-nio-8080-exec-7] DEBUG c.z.e.m.m.a.A.selectList - ==> Parameters: 0(Integer), 2026-01-11 14:47:44.946(Timestamp), 2026-01-11 14:47:44.946(Timestamp)
2026-01-11 14:47:44.958 [http-nio-8080-exec-8] DEBUG c.z.e.m.m.a.E.selectList_mpCount - ==>  Preparing: SELECT COUNT(*) AS total FROM general_employmentInformation WHERE deleted = 0 AND (deleted = ?)
2026-01-11 14:47:44.958 [http-nio-8080-exec-8] DEBUG c.z.e.m.m.a.E.selectList_mpCount - ==> Parameters: 0(Integer)
2026-01-11 14:47:44.988 [http-nio-8080-exec-7] DEBUG c.z.e.m.m.a.A.selectList - <==      Total: 1
2026-01-11 14:47:44.988 [http-nio-8080-exec-5] DEBUG c.z.e.m.m.a.AdminMapper.selectById - ==>  Preparing: SELECT admin_id,admin_account,admin_username,admin_email,admin_phone,admin_password,admin_image,admin_introduce,admin_state,admin_loginTime,deleted FROM admin_admin WHERE admin_id=? AND deleted=0
2026-01-11 14:47:44.988 [http-nio-8080-exec-7] INFO  c.z.e.s.i.a.AdmonitorAdminAdvertisementServiceImpl - 查询所有广告成功
2026-01-11 14:47:44.989 [http-nio-8080-exec-5] DEBUG c.z.e.m.m.a.AdminMapper.selectById - ==> Parameters: 1(Integer)
2026-01-11 14:47:44.991 [http-nio-8080-exec-10] DEBUG c.z.e.m.m.a.I.selectList - ==>  Preparing: SELECT industryMap_industryCode,industryMap_industryName,industryMap_createdTime AS createdTime,industryMap_updatedTime AS updatedTime FROM general_industryMap
2026-01-11 14:47:44.991 [http-nio-8080-exec-10] DEBUG c.z.e.m.m.a.I.selectList - ==> Parameters: 
2026-01-11 14:47:44.992 [http-nio-8080-exec-4] DEBUG c.z.e.m.m.a.R.selectList - ==>  Preparing: SELECT recruitPosition_id AS recruitPositionId,recruitPosition_name,recruitPosition_createdTime AS createdTime,recruitPosition_updatedTime AS updatedTime,recruitPosition_industryCode,recruitPosition_minMonthSalary AS minMonthSalary,recruitPosition_maxMonthSalary AS maxMonthSalary,recruitPosition_weekWorkDayNum AS weekWorkDayNum,recruitPosition_goodWelfare AS goodWelfare FROM general_recruitPosition
2026-01-11 14:47:44.992 [http-nio-8080-exec-4] DEBUG c.z.e.m.m.a.R.selectList - ==> Parameters: 
2026-01-11 14:47:44.993 [http-nio-8080-exec-8] DEBUG c.z.e.m.m.a.E.selectList_mpCount - <==      Total: 1
2026-01-11 14:47:45.035 [http-nio-8080-exec-5] DEBUG c.z.e.m.m.a.AdminMapper.selectById - <==      Total: 1
2026-01-11 14:47:45.035 [http-nio-8080-exec-10] DEBUG c.z.e.m.m.a.I.selectList - <==      Total: 3
2026-01-11 14:47:45.035 [http-nio-8080-exec-4] DEBUG c.z.e.m.m.a.R.selectList - <==      Total: 2
2026-01-11 14:47:45.035 [http-nio-8080-exec-5] DEBUG c.z.e.m.m.a.A.findAdminInfoById - ==>  Preparing: select * from admin_admin left join admin_admin_role on admin_admin.admin_id = admin_admin_role.adminId left join admin_role on admin_admin_role.roleId = admin_role.role_id left join admin_role_permission on admin_role.role_id = admin_role.role_id left join admin_permission on admin_role_permission.permissionId = admin_permission.permission_id where admin_admin.admin_id = ? and admin_admin.deleted = 0
2026-01-11 14:47:45.035 [http-nio-8080-exec-5] DEBUG c.z.e.m.m.a.A.findAdminInfoById - ==> Parameters: 1(Integer)
2026-01-11 14:47:45.128 [http-nio-8080-exec-5] DEBUG c.z.e.m.m.a.A.findAdminInfoById - <==      Total: 1
2026-01-11 14:47:45.264 [http-nio-8080-exec-5] DEBUG c.z.e.m.m.a.A.findAdminInfoById - ==>  Preparing: select * from admin_admin left join admin_admin_role on admin_admin.admin_id = admin_admin_role.adminId left join admin_role on admin_admin_role.roleId = admin_role.role_id left join admin_role_permission on admin_role.role_id = admin_role.role_id left join admin_permission on admin_role_permission.permissionId = admin_permission.permission_id where admin_admin.admin_id = ? and admin_admin.deleted = 0
2026-01-11 14:47:45.264 [http-nio-8080-exec-5] DEBUG c.z.e.m.m.a.A.findAdminInfoById - ==> Parameters: 1(Integer)
2026-01-11 14:47:45.305 [http-nio-8080-exec-5] DEBUG c.z.e.m.m.a.A.findAdminInfoById - <==      Total: 1
2026-01-11 14:47:54.825 [http-nio-8080-exec-3] DEBUG c.z.e.m.m.a.AdminMapper.selectById - ==>  Preparing: SELECT admin_id,admin_account,admin_username,admin_email,admin_phone,admin_password,admin_image,admin_introduce,admin_state,admin_loginTime,deleted FROM admin_admin WHERE admin_id=? AND deleted=0
2026-01-11 14:47:54.825 [http-nio-8080-exec-1] DEBUG c.z.e.m.m.a.AdminMapper.selectById - ==>  Preparing: SELECT admin_id,admin_account,admin_username,admin_email,admin_phone,admin_password,admin_image,admin_introduce,admin_state,admin_loginTime,deleted FROM admin_admin WHERE admin_id=? AND deleted=0
2026-01-11 14:47:54.825 [http-nio-8080-exec-1] DEBUG c.z.e.m.m.a.AdminMapper.selectById - ==> Parameters: 1(Integer)
2026-01-11 14:47:54.825 [http-nio-8080-exec-3] DEBUG c.z.e.m.m.a.AdminMapper.selectById - ==> Parameters: 1(Integer)
2026-01-11 14:47:54.866 [http-nio-8080-exec-1] DEBUG c.z.e.m.m.a.AdminMapper.selectById - <==      Total: 1
2026-01-11 14:47:54.866 [http-nio-8080-exec-3] DEBUG c.z.e.m.m.a.AdminMapper.selectById - <==      Total: 1
2026-01-11 14:47:54.866 [http-nio-8080-exec-1] DEBUG c.z.e.m.m.a.A.findAdminInfoById - ==>  Preparing: select * from admin_admin left join admin_admin_role on admin_admin.admin_id = admin_admin_role.adminId left join admin_role on admin_admin_role.roleId = admin_role.role_id left join admin_role_permission on admin_role.role_id = admin_role.role_id left join admin_permission on admin_role_permission.permissionId = admin_permission.permission_id where admin_admin.admin_id = ? and admin_admin.deleted = 0
2026-01-11 14:47:54.866 [http-nio-8080-exec-3] DEBUG c.z.e.m.m.a.A.findAdminInfoById - ==>  Preparing: select * from admin_admin left join admin_admin_role on admin_admin.admin_id = admin_admin_role.adminId left join admin_role on admin_admin_role.roleId = admin_role.role_id left join admin_role_permission on admin_role.role_id = admin_role.role_id left join admin_permission on admin_role_permission.permissionId = admin_permission.permission_id where admin_admin.admin_id = ? and admin_admin.deleted = 0
2026-01-11 14:47:54.866 [http-nio-8080-exec-1] DEBUG c.z.e.m.m.a.A.findAdminInfoById - ==> Parameters: 1(Integer)
2026-01-11 14:47:54.866 [http-nio-8080-exec-3] DEBUG c.z.e.m.m.a.A.findAdminInfoById - ==> Parameters: 1(Integer)
2026-01-11 14:47:54.975 [http-nio-8080-exec-3] DEBUG c.z.e.m.m.a.A.findAdminInfoById - <==      Total: 1
2026-01-11 14:47:54.975 [http-nio-8080-exec-1] DEBUG c.z.e.m.m.a.A.findAdminInfoById - <==      Total: 1
2026-01-11 14:47:55.083 [http-nio-8080-exec-1] DEBUG c.z.e.m.m.a.I.selectList - ==>  Preparing: SELECT industryMap_industryCode,industryMap_industryName,industryMap_createdTime AS createdTime,industryMap_updatedTime AS updatedTime FROM general_industryMap
2026-01-11 14:47:55.084 [http-nio-8080-exec-1] DEBUG c.z.e.m.m.a.I.selectList - ==> Parameters: 
2026-01-11 14:47:55.092 [http-nio-8080-exec-3] DEBUG c.z.e.m.m.a.R.queryRecruitPositionPage_mpCount - ==>  Preparing: SELECT COUNT(*) AS total FROM general_recruitPosition rp
2026-01-11 14:47:55.093 [http-nio-8080-exec-3] DEBUG c.z.e.m.m.a.R.queryRecruitPositionPage_mpCount - ==> Parameters: 
2026-01-11 14:47:55.120 [http-nio-8080-exec-1] DEBUG c.z.e.m.m.a.I.selectList - <==      Total: 3
2026-01-11 14:47:55.128 [http-nio-8080-exec-3] DEBUG c.z.e.m.m.a.R.queryRecruitPositionPage_mpCount - <==      Total: 1
2026-01-11 14:47:55.128 [http-nio-8080-exec-3] DEBUG c.z.e.m.m.a.R.queryRecruitPositionPage - ==>  Preparing: SELECT rp.recruitPosition_id AS recruitPositionId, rp.recruitPosition_name AS recruitPositionName, rp.recruitPosition_industryCode AS recruitPositionIndustryCode, -- 连表字段：行业名称（从行业映射表查询） gim.industryMap_industryName AS recruitPositionIndustryName, rp.recruitPosition_minMonthSalary AS minMonthSalary, rp.recruitPosition_maxMonthSalary AS maxMonthSalary, rp.recruitPosition_weekWorkDayNum AS weekWorkDayNum, rp.recruitPosition_goodWelfare AS goodWelfare, rp.recruitPosition_createdTime AS createdTime, rp.recruitPosition_updatedTime AS updatedTime FROM general_recruitPosition rp -- 招聘岗位表别名rp -- 连表：通用行业映射表（别名gim），LEFT JOIN避免行业编码无效时丢失岗位数据 LEFT JOIN general_industryMap gim ON rp.recruitPosition_industryCode = gim.industryMap_industryCode ORDER BY rp.recruitPosition_updatedTime DESC LIMIT ?
2026-01-11 14:47:55.129 [http-nio-8080-exec-3] DEBUG c.z.e.m.m.a.R.queryRecruitPositionPage - ==> Parameters: 10(Long)
2026-01-11 14:47:55.165 [http-nio-8080-exec-3] DEBUG c.z.e.m.m.a.R.queryRecruitPositionPage - <==      Total: 2
2026-01-11 14:47:57.313 [http-nio-8080-exec-6] DEBUG c.z.e.m.m.a.AdminMapper.selectById - ==>  Preparing: SELECT admin_id,admin_account,admin_username,admin_email,admin_phone,admin_password,admin_image,admin_introduce,admin_state,admin_loginTime,deleted FROM admin_admin WHERE admin_id=? AND deleted=0
2026-01-11 14:47:57.313 [http-nio-8080-exec-6] DEBUG c.z.e.m.m.a.AdminMapper.selectById - ==> Parameters: 1(Integer)
2026-01-11 14:47:57.348 [http-nio-8080-exec-6] DEBUG c.z.e.m.m.a.AdminMapper.selectById - <==      Total: 1
2026-01-11 14:47:57.349 [http-nio-8080-exec-6] DEBUG c.z.e.m.m.a.A.findAdminInfoById - ==>  Preparing: select * from admin_admin left join admin_admin_role on admin_admin.admin_id = admin_admin_role.adminId left join admin_role on admin_admin_role.roleId = admin_role.role_id left join admin_role_permission on admin_role.role_id = admin_role.role_id left join admin_permission on admin_role_permission.permissionId = admin_permission.permission_id where admin_admin.admin_id = ? and admin_admin.deleted = 0
2026-01-11 14:47:57.350 [http-nio-8080-exec-6] DEBUG c.z.e.m.m.a.A.findAdminInfoById - ==> Parameters: 1(Integer)
2026-01-11 14:47:57.384 [http-nio-8080-exec-6] DEBUG c.z.e.m.m.a.A.findAdminInfoById - <==      Total: 1
2026-01-11 14:47:57.438 [http-nio-8080-exec-6] DEBUG c.z.e.m.m.a.E.selectList_mpCount - ==>  Preparing: SELECT COUNT(*) AS total FROM general_employmentInformation WHERE deleted = 0 AND (deleted = ?)
2026-01-11 14:47:57.438 [http-nio-8080-exec-6] DEBUG c.z.e.m.m.a.E.selectList_mpCount - ==> Parameters: 0(Integer)
2026-01-11 14:47:57.473 [http-nio-8080-exec-6] DEBUG c.z.e.m.m.a.E.selectList_mpCount - <==      Total: 1
2026-01-11 14:47:57.623 [http-nio-8080-exec-9] DEBUG c.z.e.m.m.a.AdminMapper.selectById - ==>  Preparing: SELECT admin_id,admin_account,admin_username,admin_email,admin_phone,admin_password,admin_image,admin_introduce,admin_state,admin_loginTime,deleted FROM admin_admin WHERE admin_id=? AND deleted=0
2026-01-11 14:47:57.623 [http-nio-8080-exec-2] DEBUG c.z.e.m.m.a.AdminMapper.selectById - ==>  Preparing: SELECT admin_id,admin_account,admin_username,admin_email,admin_phone,admin_password,admin_image,admin_introduce,admin_state,admin_loginTime,deleted FROM admin_admin WHERE admin_id=? AND deleted=0
2026-01-11 14:47:57.624 [http-nio-8080-exec-9] DEBUG c.z.e.m.m.a.AdminMapper.selectById - ==> Parameters: 1(Integer)
2026-01-11 14:47:57.624 [http-nio-8080-exec-2] DEBUG c.z.e.m.m.a.AdminMapper.selectById - ==> Parameters: 1(Integer)
2026-01-11 14:47:57.661 [http-nio-8080-exec-2] DEBUG c.z.e.m.m.a.AdminMapper.selectById - <==      Total: 1
2026-01-11 14:47:57.661 [http-nio-8080-exec-2] DEBUG c.z.e.m.m.a.A.findAdminInfoById - ==>  Preparing: select * from admin_admin left join admin_admin_role on admin_admin.admin_id = admin_admin_role.adminId left join admin_role on admin_admin_role.roleId = admin_role.role_id left join admin_role_permission on admin_role.role_id = admin_role.role_id left join admin_permission on admin_role_permission.permissionId = admin_permission.permission_id where admin_admin.admin_id = ? and admin_admin.deleted = 0
2026-01-11 14:47:57.661 [http-nio-8080-exec-2] DEBUG c.z.e.m.m.a.A.findAdminInfoById - ==> Parameters: 1(Integer)
2026-01-11 14:47:57.662 [http-nio-8080-exec-9] DEBUG c.z.e.m.m.a.AdminMapper.selectById - <==      Total: 1
2026-01-11 14:47:57.663 [http-nio-8080-exec-9] DEBUG c.z.e.m.m.a.A.findAdminInfoById - ==>  Preparing: select * from admin_admin left join admin_admin_role on admin_admin.admin_id = admin_admin_role.adminId left join admin_role on admin_admin_role.roleId = admin_role.role_id left join admin_role_permission on admin_role.role_id = admin_role.role_id left join admin_permission on admin_role_permission.permissionId = admin_permission.permission_id where admin_admin.admin_id = ? and admin_admin.deleted = 0
2026-01-11 14:47:57.663 [http-nio-8080-exec-9] DEBUG c.z.e.m.m.a.A.findAdminInfoById - ==> Parameters: 1(Integer)
2026-01-11 14:47:57.697 [http-nio-8080-exec-2] DEBUG c.z.e.m.m.a.A.findAdminInfoById - <==      Total: 1
2026-01-11 14:47:57.698 [http-nio-8080-exec-9] DEBUG c.z.e.m.m.a.A.findAdminInfoById - <==      Total: 1
2026-01-11 14:47:57.737 [http-nio-8080-exec-2] DEBUG c.z.e.m.m.a.R.selectList - ==>  Preparing: SELECT recruitPosition_id AS recruitPositionId,recruitPosition_name,recruitPosition_createdTime AS createdTime,recruitPosition_updatedTime AS updatedTime,recruitPosition_industryCode,recruitPosition_minMonthSalary AS minMonthSalary,recruitPosition_maxMonthSalary AS maxMonthSalary,recruitPosition_weekWorkDayNum AS weekWorkDayNum,recruitPosition_goodWelfare AS goodWelfare FROM general_recruitPosition
2026-01-11 14:47:57.737 [http-nio-8080-exec-2] DEBUG c.z.e.m.m.a.R.selectList - ==> Parameters: 
2026-01-11 14:47:57.738 [http-nio-8080-exec-9] DEBUG c.z.e.m.m.a.I.selectList - ==>  Preparing: SELECT industryMap_industryCode,industryMap_industryName,industryMap_createdTime AS createdTime,industryMap_updatedTime AS updatedTime FROM general_industryMap
2026-01-11 14:47:57.738 [http-nio-8080-exec-9] DEBUG c.z.e.m.m.a.I.selectList - ==> Parameters: 
2026-01-11 14:47:57.779 [http-nio-8080-exec-2] DEBUG c.z.e.m.m.a.R.selectList - <==      Total: 2
2026-01-11 14:47:57.779 [http-nio-8080-exec-9] DEBUG c.z.e.m.m.a.I.selectList - <==      Total: 3
2026-01-11 14:47:59.040 [http-nio-8080-exec-8] DEBUG c.z.e.m.m.a.AdminMapper.selectById - ==>  Preparing: SELECT admin_id,admin_account,admin_username,admin_email,admin_phone,admin_password,admin_image,admin_introduce,admin_state,admin_loginTime,deleted FROM admin_admin WHERE admin_id=? AND deleted=0
2026-01-11 14:47:59.040 [http-nio-8080-exec-8] DEBUG c.z.e.m.m.a.AdminMapper.selectById - ==> Parameters: 1(Integer)
2026-01-11 14:47:59.053 [http-nio-8080-exec-7] DEBUG c.z.e.m.m.a.AdminMapper.selectById - ==>  Preparing: SELECT admin_id,admin_account,admin_username,admin_email,admin_phone,admin_password,admin_image,admin_introduce,admin_state,admin_loginTime,deleted FROM admin_admin WHERE admin_id=? AND deleted=0
2026-01-11 14:47:59.053 [http-nio-8080-exec-7] DEBUG c.z.e.m.m.a.AdminMapper.selectById - ==> Parameters: 1(Integer)
2026-01-11 14:47:59.076 [http-nio-8080-exec-8] DEBUG c.z.e.m.m.a.AdminMapper.selectById - <==      Total: 1
2026-01-11 14:47:59.076 [http-nio-8080-exec-8] DEBUG c.z.e.m.m.a.A.findAdminInfoById - ==>  Preparing: select * from admin_admin left join admin_admin_role on admin_admin.admin_id = admin_admin_role.adminId left join admin_role on admin_admin_role.roleId = admin_role.role_id left join admin_role_permission on admin_role.role_id = admin_role.role_id left join admin_permission on admin_role_permission.permissionId = admin_permission.permission_id where admin_admin.admin_id = ? and admin_admin.deleted = 0
2026-01-11 14:47:59.077 [http-nio-8080-exec-8] DEBUG c.z.e.m.m.a.A.findAdminInfoById - ==> Parameters: 1(Integer)
2026-01-11 14:47:59.089 [http-nio-8080-exec-7] DEBUG c.z.e.m.m.a.AdminMapper.selectById - <==      Total: 1
2026-01-11 14:47:59.090 [http-nio-8080-exec-7] DEBUG c.z.e.m.m.a.A.findAdminInfoById - ==>  Preparing: select * from admin_admin left join admin_admin_role on admin_admin.admin_id = admin_admin_role.adminId left join admin_role on admin_admin_role.roleId = admin_role.role_id left join admin_role_permission on admin_role.role_id = admin_role.role_id left join admin_permission on admin_role_permission.permissionId = admin_permission.permission_id where admin_admin.admin_id = ? and admin_admin.deleted = 0
2026-01-11 14:47:59.090 [http-nio-8080-exec-7] DEBUG c.z.e.m.m.a.A.findAdminInfoById - ==> Parameters: 1(Integer)
2026-01-11 14:47:59.112 [http-nio-8080-exec-8] DEBUG c.z.e.m.m.a.A.findAdminInfoById - <==      Total: 1
2026-01-11 14:47:59.125 [http-nio-8080-exec-7] DEBUG c.z.e.m.m.a.A.findAdminInfoById - <==      Total: 1
2026-01-11 14:47:59.171 [http-nio-8080-exec-7] DEBUG c.z.e.m.m.a.I.selectList - ==>  Preparing: SELECT industryMap_industryCode,industryMap_industryName,industryMap_createdTime AS createdTime,industryMap_updatedTime AS updatedTime FROM general_industryMap
2026-01-11 14:47:59.171 [http-nio-8080-exec-7] DEBUG c.z.e.m.m.a.I.selectList - ==> Parameters: 
2026-01-11 14:47:59.177 [http-nio-8080-exec-8] DEBUG c.z.e.m.m.a.R.queryRecruitPositionPage_mpCount - ==>  Preparing: SELECT COUNT(*) AS total FROM general_recruitPosition rp
2026-01-11 14:47:59.177 [http-nio-8080-exec-8] DEBUG c.z.e.m.m.a.R.queryRecruitPositionPage_mpCount - ==> Parameters: 
2026-01-11 14:47:59.207 [http-nio-8080-exec-7] DEBUG c.z.e.m.m.a.I.selectList - <==      Total: 3
2026-01-11 14:47:59.213 [http-nio-8080-exec-8] DEBUG c.z.e.m.m.a.R.queryRecruitPositionPage_mpCount - <==      Total: 1
2026-01-11 14:47:59.213 [http-nio-8080-exec-8] DEBUG c.z.e.m.m.a.R.queryRecruitPositionPage - ==>  Preparing: SELECT rp.recruitPosition_id AS recruitPositionId, rp.recruitPosition_name AS recruitPositionName, rp.recruitPosition_industryCode AS recruitPositionIndustryCode, -- 连表字段：行业名称（从行业映射表查询） gim.industryMap_industryName AS recruitPositionIndustryName, rp.recruitPosition_minMonthSalary AS minMonthSalary, rp.recruitPosition_maxMonthSalary AS maxMonthSalary, rp.recruitPosition_weekWorkDayNum AS weekWorkDayNum, rp.recruitPosition_goodWelfare AS goodWelfare, rp.recruitPosition_createdTime AS createdTime, rp.recruitPosition_updatedTime AS updatedTime FROM general_recruitPosition rp -- 招聘岗位表别名rp -- 连表：通用行业映射表（别名gim），LEFT JOIN避免行业编码无效时丢失岗位数据 LEFT JOIN general_industryMap gim ON rp.recruitPosition_industryCode = gim.industryMap_industryCode ORDER BY rp.recruitPosition_updatedTime DESC LIMIT ?
2026-01-11 14:47:59.214 [http-nio-8080-exec-8] DEBUG c.z.e.m.m.a.R.queryRecruitPositionPage - ==> Parameters: 10(Long)
2026-01-11 14:47:59.251 [http-nio-8080-exec-8] DEBUG c.z.e.m.m.a.R.queryRecruitPositionPage - <==      Total: 2
2026-01-11 14:48:01.272 [http-nio-8080-exec-4] DEBUG c.z.e.m.m.a.AdminMapper.selectById - ==>  Preparing: SELECT admin_id,admin_account,admin_username,admin_email,admin_phone,admin_password,admin_image,admin_introduce,admin_state,admin_loginTime,deleted FROM admin_admin WHERE admin_id=? AND deleted=0
2026-01-11 14:48:01.273 [http-nio-8080-exec-4] DEBUG c.z.e.m.m.a.AdminMapper.selectById - ==> Parameters: 1(Integer)
2026-01-11 14:48:01.308 [http-nio-8080-exec-4] DEBUG c.z.e.m.m.a.AdminMapper.selectById - <==      Total: 1
2026-01-11 14:48:01.309 [http-nio-8080-exec-4] DEBUG c.z.e.m.m.a.A.findAdminInfoById - ==>  Preparing: select * from admin_admin left join admin_admin_role on admin_admin.admin_id = admin_admin_role.adminId left join admin_role on admin_admin_role.roleId = admin_role.role_id left join admin_role_permission on admin_role.role_id = admin_role.role_id left join admin_permission on admin_role_permission.permissionId = admin_permission.permission_id where admin_admin.admin_id = ? and admin_admin.deleted = 0
2026-01-11 14:48:01.309 [http-nio-8080-exec-4] DEBUG c.z.e.m.m.a.A.findAdminInfoById - ==> Parameters: 1(Integer)
2026-01-11 14:48:01.345 [http-nio-8080-exec-4] DEBUG c.z.e.m.m.a.A.findAdminInfoById - <==      Total: 1
2026-01-11 14:48:01.439 [http-nio-8080-exec-4] DEBUG c.z.e.m.m.a.E.selectList_mpCount - ==>  Preparing: SELECT COUNT(*) AS total FROM general_employmentInformation WHERE deleted = 0 AND (deleted = ?)
2026-01-11 14:48:01.440 [http-nio-8080-exec-4] DEBUG c.z.e.m.m.a.E.selectList_mpCount - ==> Parameters: 0(Integer)
2026-01-11 14:48:01.475 [http-nio-8080-exec-4] DEBUG c.z.e.m.m.a.E.selectList_mpCount - <==      Total: 1
2026-01-11 14:48:01.564 [http-nio-8080-exec-5] DEBUG c.z.e.m.m.a.AdminMapper.selectById - ==>  Preparing: SELECT admin_id,admin_account,admin_username,admin_email,admin_phone,admin_password,admin_image,admin_introduce,admin_state,admin_loginTime,deleted FROM admin_admin WHERE admin_id=? AND deleted=0
2026-01-11 14:48:01.564 [http-nio-8080-exec-5] DEBUG c.z.e.m.m.a.AdminMapper.selectById - ==> Parameters: 1(Integer)
2026-01-11 14:48:01.565 [http-nio-8080-exec-10] DEBUG c.z.e.m.m.a.AdminMapper.selectById - ==>  Preparing: SELECT admin_id,admin_account,admin_username,admin_email,admin_phone,admin_password,admin_image,admin_introduce,admin_state,admin_loginTime,deleted FROM admin_admin WHERE admin_id=? AND deleted=0
2026-01-11 14:48:01.565 [http-nio-8080-exec-10] DEBUG c.z.e.m.m.a.AdminMapper.selectById - ==> Parameters: 1(Integer)
2026-01-11 14:48:01.601 [http-nio-8080-exec-5] DEBUG c.z.e.m.m.a.AdminMapper.selectById - <==      Total: 1
2026-01-11 14:48:01.601 [http-nio-8080-exec-5] DEBUG c.z.e.m.m.a.A.findAdminInfoById - ==>  Preparing: select * from admin_admin left join admin_admin_role on admin_admin.admin_id = admin_admin_role.adminId left join admin_role on admin_admin_role.roleId = admin_role.role_id left join admin_role_permission on admin_role.role_id = admin_role.role_id left join admin_permission on admin_role_permission.permissionId = admin_permission.permission_id where admin_admin.admin_id = ? and admin_admin.deleted = 0
2026-01-11 14:48:01.602 [http-nio-8080-exec-10] DEBUG c.z.e.m.m.a.AdminMapper.selectById - <==      Total: 1
2026-01-11 14:48:01.602 [http-nio-8080-exec-5] DEBUG c.z.e.m.m.a.A.findAdminInfoById - ==> Parameters: 1(Integer)
2026-01-11 14:48:01.602 [http-nio-8080-exec-10] DEBUG c.z.e.m.m.a.A.findAdminInfoById - ==>  Preparing: select * from admin_admin left join admin_admin_role on admin_admin.admin_id = admin_admin_role.adminId left join admin_role on admin_admin_role.roleId = admin_role.role_id left join admin_role_permission on admin_role.role_id = admin_role.role_id left join admin_permission on admin_role_permission.permissionId = admin_permission.permission_id where admin_admin.admin_id = ? and admin_admin.deleted = 0
2026-01-11 14:48:01.602 [http-nio-8080-exec-10] DEBUG c.z.e.m.m.a.A.findAdminInfoById - ==> Parameters: 1(Integer)
2026-01-11 14:48:01.640 [http-nio-8080-exec-10] DEBUG c.z.e.m.m.a.A.findAdminInfoById - <==      Total: 1
2026-01-11 14:48:01.640 [http-nio-8080-exec-5] DEBUG c.z.e.m.m.a.A.findAdminInfoById - <==      Total: 1
2026-01-11 14:48:01.706 [http-nio-8080-exec-5] DEBUG c.z.e.m.m.a.R.selectList - ==>  Preparing: SELECT recruitPosition_id AS recruitPositionId,recruitPosition_name,recruitPosition_createdTime AS createdTime,recruitPosition_updatedTime AS updatedTime,recruitPosition_industryCode,recruitPosition_minMonthSalary AS minMonthSalary,recruitPosition_maxMonthSalary AS maxMonthSalary,recruitPosition_weekWorkDayNum AS weekWorkDayNum,recruitPosition_goodWelfare AS goodWelfare FROM general_recruitPosition
2026-01-11 14:48:01.707 [http-nio-8080-exec-5] DEBUG c.z.e.m.m.a.R.selectList - ==> Parameters: 
2026-01-11 14:48:01.710 [http-nio-8080-exec-10] DEBUG c.z.e.m.m.a.I.selectList - ==>  Preparing: SELECT industryMap_industryCode,industryMap_industryName,industryMap_createdTime AS createdTime,industryMap_updatedTime AS updatedTime FROM general_industryMap
2026-01-11 14:48:01.710 [http-nio-8080-exec-10] DEBUG c.z.e.m.m.a.I.selectList - ==> Parameters: 
2026-01-11 14:48:01.742 [http-nio-8080-exec-5] DEBUG c.z.e.m.m.a.R.selectList - <==      Total: 2
2026-01-11 14:48:01.745 [http-nio-8080-exec-10] DEBUG c.z.e.m.m.a.I.selectList - <==      Total: 3
2026-01-11 14:48:04.055 [http-nio-8080-exec-1] DEBUG c.z.e.m.m.a.AdminMapper.selectById - ==>  Preparing: SELECT admin_id,admin_account,admin_username,admin_email,admin_phone,admin_password,admin_image,admin_introduce,admin_state,admin_loginTime,deleted FROM admin_admin WHERE admin_id=? AND deleted=0
2026-01-11 14:48:04.055 [http-nio-8080-exec-1] DEBUG c.z.e.m.m.a.AdminMapper.selectById - ==> Parameters: 1(Integer)
2026-01-11 14:48:04.091 [http-nio-8080-exec-1] DEBUG c.z.e.m.m.a.AdminMapper.selectById - <==      Total: 1
2026-01-11 14:48:04.091 [http-nio-8080-exec-1] DEBUG c.z.e.m.m.a.A.findAdminInfoById - ==>  Preparing: select * from admin_admin left join admin_admin_role on admin_admin.admin_id = admin_admin_role.adminId left join admin_role on admin_admin_role.roleId = admin_role.role_id left join admin_role_permission on admin_role.role_id = admin_role.role_id left join admin_permission on admin_role_permission.permissionId = admin_permission.permission_id where admin_admin.admin_id = ? and admin_admin.deleted = 0
2026-01-11 14:48:04.092 [http-nio-8080-exec-1] DEBUG c.z.e.m.m.a.A.findAdminInfoById - ==> Parameters: 1(Integer)
2026-01-11 14:48:04.128 [http-nio-8080-exec-1] DEBUG c.z.e.m.m.a.A.findAdminInfoById - <==      Total: 1
2026-01-11 14:48:04.183 [http-nio-8080-exec-1] DEBUG c.z.e.m.m.a.E.selectList_mpCount - ==>  Preparing: SELECT COUNT(*) AS total FROM general_employmentInformation WHERE deleted = 0 AND (deleted = ?)
2026-01-11 14:48:04.184 [http-nio-8080-exec-1] DEBUG c.z.e.m.m.a.E.selectList_mpCount - ==> Parameters: 0(Integer)
2026-01-11 14:48:04.220 [http-nio-8080-exec-1] DEBUG c.z.e.m.m.a.E.selectList_mpCount - <==      Total: 1
2026-01-11 14:52:09.772 [http-nio-8080-exec-3] DEBUG c.z.e.m.m.a.AdminMapper.selectById - ==>  Preparing: SELECT admin_id,admin_account,admin_username,admin_email,admin_phone,admin_password,admin_image,admin_introduce,admin_state,admin_loginTime,deleted FROM admin_admin WHERE admin_id=? AND deleted=0
2026-01-11 14:52:09.772 [http-nio-8080-exec-3] DEBUG c.z.e.m.m.a.AdminMapper.selectById - ==> Parameters: 1(Integer)
2026-01-11 14:52:09.808 [http-nio-8080-exec-3] DEBUG c.z.e.m.m.a.AdminMapper.selectById - <==      Total: 1
2026-01-11 14:52:09.808 [http-nio-8080-exec-3] DEBUG c.z.e.m.m.a.A.findAdminInfoById - ==>  Preparing: select * from admin_admin left join admin_admin_role on admin_admin.admin_id = admin_admin_role.adminId left join admin_role on admin_admin_role.roleId = admin_role.role_id left join admin_role_permission on admin_role.role_id = admin_role.role_id left join admin_permission on admin_role_permission.permissionId = admin_permission.permission_id where admin_admin.admin_id = ? and admin_admin.deleted = 0
2026-01-11 14:52:09.809 [http-nio-8080-exec-3] DEBUG c.z.e.m.m.a.A.findAdminInfoById - ==> Parameters: 1(Integer)
2026-01-11 14:52:09.845 [http-nio-8080-exec-3] DEBUG c.z.e.m.m.a.A.findAdminInfoById - <==      Total: 1
2026-01-11 14:52:09.890 [http-nio-8080-exec-3] DEBUG c.z.e.m.m.a.E.selectList_mpCount - ==>  Preparing: SELECT COUNT(*) AS total FROM general_employmentInformation WHERE deleted = 0 AND (deleted = ?)
2026-01-11 14:52:09.891 [http-nio-8080-exec-3] DEBUG c.z.e.m.m.a.E.selectList_mpCount - ==> Parameters: 0(Integer)
2026-01-11 14:52:09.926 [http-nio-8080-exec-3] DEBUG c.z.e.m.m.a.E.selectList_mpCount - <==      Total: 1
2026-01-11 14:52:18.878 [http-nio-8080-exec-6] DEBUG c.z.e.m.m.a.AdminMapper.selectById - ==>  Preparing: SELECT admin_id,admin_account,admin_username,admin_email,admin_phone,admin_password,admin_image,admin_introduce,admin_state,admin_loginTime,deleted FROM admin_admin WHERE admin_id=? AND deleted=0
2026-01-11 14:52:18.878 [http-nio-8080-exec-6] DEBUG c.z.e.m.m.a.AdminMapper.selectById - ==> Parameters: 1(Integer)
2026-01-11 14:52:18.949 [http-nio-8080-exec-6] DEBUG c.z.e.m.m.a.AdminMapper.selectById - <==      Total: 1
2026-01-11 14:52:18.949 [http-nio-8080-exec-6] DEBUG c.z.e.m.m.a.A.findAdminInfoById - ==>  Preparing: select * from admin_admin left join admin_admin_role on admin_admin.admin_id = admin_admin_role.adminId left join admin_role on admin_admin_role.roleId = admin_role.role_id left join admin_role_permission on admin_role.role_id = admin_role.role_id left join admin_permission on admin_role_permission.permissionId = admin_permission.permission_id where admin_admin.admin_id = ? and admin_admin.deleted = 0
2026-01-11 14:52:18.949 [http-nio-8080-exec-6] DEBUG c.z.e.m.m.a.A.findAdminInfoById - ==> Parameters: 1(Integer)
2026-01-11 14:52:18.985 [http-nio-8080-exec-6] DEBUG c.z.e.m.m.a.A.findAdminInfoById - <==      Total: 1
2026-01-11 14:52:19.034 [http-nio-8080-exec-6] DEBUG c.z.e.m.m.a.E.selectList_mpCount - ==>  Preparing: SELECT COUNT(*) AS total FROM general_employmentInformation WHERE deleted = 0 AND (deleted = ?)
2026-01-11 14:52:19.034 [http-nio-8080-exec-6] DEBUG c.z.e.m.m.a.E.selectList_mpCount - ==> Parameters: 0(Integer)
2026-01-11 14:52:19.069 [http-nio-8080-exec-6] DEBUG c.z.e.m.m.a.E.selectList_mpCount - <==      Total: 1
2026-01-11 14:52:20.312 [http-nio-8080-exec-2] DEBUG c.z.e.m.m.a.AdminMapper.selectById - ==>  Preparing: SELECT admin_id,admin_account,admin_username,admin_email,admin_phone,admin_password,admin_image,admin_introduce,admin_state,admin_loginTime,deleted FROM admin_admin WHERE admin_id=? AND deleted=0
2026-01-11 14:52:20.312 [http-nio-8080-exec-2] DEBUG c.z.e.m.m.a.AdminMapper.selectById - ==> Parameters: 1(Integer)
2026-01-11 14:52:20.348 [http-nio-8080-exec-2] DEBUG c.z.e.m.m.a.AdminMapper.selectById - <==      Total: 1
2026-01-11 14:52:20.348 [http-nio-8080-exec-2] DEBUG c.z.e.m.m.a.A.findAdminInfoById - ==>  Preparing: select * from admin_admin left join admin_admin_role on admin_admin.admin_id = admin_admin_role.adminId left join admin_role on admin_admin_role.roleId = admin_role.role_id left join admin_role_permission on admin_role.role_id = admin_role.role_id left join admin_permission on admin_role_permission.permissionId = admin_permission.permission_id where admin_admin.admin_id = ? and admin_admin.deleted = 0
2026-01-11 14:52:20.349 [http-nio-8080-exec-2] DEBUG c.z.e.m.m.a.A.findAdminInfoById - ==> Parameters: 1(Integer)
2026-01-11 14:52:20.384 [http-nio-8080-exec-2] DEBUG c.z.e.m.m.a.A.findAdminInfoById - <==      Total: 1
2026-01-11 14:52:20.430 [http-nio-8080-exec-2] DEBUG c.z.e.m.m.a.E.selectList_mpCount - ==>  Preparing: SELECT COUNT(*) AS total FROM general_employmentInformation WHERE deleted = 0 AND (deleted = ?)
2026-01-11 14:52:20.430 [http-nio-8080-exec-2] DEBUG c.z.e.m.m.a.E.selectList_mpCount - ==> Parameters: 0(Integer)
2026-01-11 14:52:20.465 [http-nio-8080-exec-2] DEBUG c.z.e.m.m.a.E.selectList_mpCount - <==      Total: 1
2026-01-11 14:52:55.498 [http-nio-8080-exec-7] WARN  c.z.e.filter.AdminJwtAuthFilter - Token 不匹配或已失效，adminId: 1
2026-01-11 14:52:55.498 [http-nio-8080-exec-8] WARN  c.z.e.filter.AdminJwtAuthFilter - Token 不匹配或已失效，adminId: 1
2026-01-11 14:52:55.498 [http-nio-8080-exec-5] WARN  c.z.e.filter.AdminJwtAuthFilter - Token 不匹配或已失效，adminId: 1
2026-01-11 14:52:55.498 [http-nio-8080-exec-4] WARN  c.z.e.filter.AdminJwtAuthFilter - Token 不匹配或已失效，adminId: 1
2026-01-11 14:52:55.498 [http-nio-8080-exec-9] WARN  c.z.e.filter.AdminJwtAuthFilter - Token 不匹配或已失效，adminId: 1
2026-01-11 14:53:03.872 [http-nio-8080-exec-10] DEBUG c.z.e.m.m.a.A.findByAccountOrPhoneOrEmail - ==>  Preparing: select * from admin_admin where admin_account = ? or admin_phone = ? or admin_email = ?
2026-01-11 14:53:03.873 [http-nio-8080-exec-10] DEBUG c.z.e.m.m.a.A.findByAccountOrPhoneOrEmail - ==> Parameters: 18242991090(String), 18242991090(String), 18242991090(String)
2026-01-11 14:53:03.910 [http-nio-8080-exec-10] DEBUG c.z.e.m.m.a.A.findByAccountOrPhoneOrEmail - <==      Total: 1
2026-01-11 14:53:03.982 [http-nio-8080-exec-10] DEBUG c.z.e.m.m.a.AdminMapper.updateById - ==>  Preparing: UPDATE admin_admin SET admin_account=?, admin_username=?, admin_email=?, admin_phone=?, admin_password=?, admin_image=?, admin_introduce=?, admin_state=?, admin_loginTime=? WHERE admin_id=? AND deleted=0
2026-01-11 14:53:03.983 [http-nio-8080-exec-10] DEBUG c.z.e.m.m.a.AdminMapper.updateById - ==> Parameters: 1812463057(String), 超级管理员(String), 1812463057@qq.com(String), 18242991090(String), $2a$10$Wz8s6hYf0UGOCCZ6Ff5QW.QgfqIQSJijiFXIqqplg3eGqw3HNxSeu(String), https://ts1.tc.mm.bing.net/th/id/R-C.928ef8908b5eb3666b2a27a1f6cfbe17?rik=h2FXLv1HNaxbTg&riu=http%3a%2f%2fp0.so.qhmsg.com%2ft018b5eb3666b2a27a1.jpg&ehk=QnGPPvZKq3cPW6%2bdkG%2b3zIRvAGXRsgYVTirfbvOBTaU%3d&risl=&pid=ImgRaw&r=0(String), 至高无上的超级管理员(String), 1(Integer), 2026-01-11 14:53:03.978(Timestamp), 1(Integer)
2026-01-11 14:53:04.054 [http-nio-8080-exec-10] DEBUG c.z.e.m.m.a.AdminMapper.updateById - <==    Updates: 1
2026-01-11 14:53:04.530 [http-nio-8080-exec-1] DEBUG c.z.e.m.m.a.AdminMapper.selectById - ==>  Preparing: SELECT admin_id,admin_account,admin_username,admin_email,admin_phone,admin_password,admin_image,admin_introduce,admin_state,admin_loginTime,deleted FROM admin_admin WHERE admin_id=? AND deleted=0
2026-01-11 14:53:04.530 [http-nio-8080-exec-1] DEBUG c.z.e.m.m.a.AdminMapper.selectById - ==> Parameters: 1(Integer)
2026-01-11 14:53:04.567 [http-nio-8080-exec-1] DEBUG c.z.e.m.m.a.AdminMapper.selectById - <==      Total: 1
2026-01-11 14:53:04.568 [http-nio-8080-exec-1] DEBUG c.z.e.m.m.a.A.findAdminInfoById - ==>  Preparing: select * from admin_admin left join admin_admin_role on admin_admin.admin_id = admin_admin_role.adminId left join admin_role on admin_admin_role.roleId = admin_role.role_id left join admin_role_permission on admin_role.role_id = admin_role.role_id left join admin_permission on admin_role_permission.permissionId = admin_permission.permission_id where admin_admin.admin_id = ? and admin_admin.deleted = 0
2026-01-11 14:53:04.568 [http-nio-8080-exec-1] DEBUG c.z.e.m.m.a.A.findAdminInfoById - ==> Parameters: 1(Integer)
2026-01-11 14:53:04.604 [http-nio-8080-exec-1] DEBUG c.z.e.m.m.a.A.findAdminInfoById - <==      Total: 1
2026-01-11 14:53:04.829 [http-nio-8080-exec-3] DEBUG c.z.e.m.m.a.AdminMapper.selectById - ==>  Preparing: SELECT admin_id,admin_account,admin_username,admin_email,admin_phone,admin_password,admin_image,admin_introduce,admin_state,admin_loginTime,deleted FROM admin_admin WHERE admin_id=? AND deleted=0
2026-01-11 14:53:04.829 [http-nio-8080-exec-3] DEBUG c.z.e.m.m.a.AdminMapper.selectById - ==> Parameters: 1(Integer)
2026-01-11 14:53:04.864 [http-nio-8080-exec-3] DEBUG c.z.e.m.m.a.AdminMapper.selectById - <==      Total: 1
2026-01-11 14:53:04.865 [http-nio-8080-exec-3] DEBUG c.z.e.m.m.a.A.findAdminInfoById - ==>  Preparing: select * from admin_admin left join admin_admin_role on admin_admin.admin_id = admin_admin_role.adminId left join admin_role on admin_admin_role.roleId = admin_role.role_id left join admin_role_permission on admin_role.role_id = admin_role.role_id left join admin_permission on admin_role_permission.permissionId = admin_permission.permission_id where admin_admin.admin_id = ? and admin_admin.deleted = 0
2026-01-11 14:53:04.865 [http-nio-8080-exec-3] DEBUG c.z.e.m.m.a.A.findAdminInfoById - ==> Parameters: 1(Integer)
2026-01-11 14:53:04.901 [http-nio-8080-exec-3] DEBUG c.z.e.m.m.a.A.findAdminInfoById - <==      Total: 1
2026-01-11 14:53:04.940 [http-nio-8080-exec-3] DEBUG c.z.e.m.m.a.A.findAdminInfoById - ==>  Preparing: select * from admin_admin left join admin_admin_role on admin_admin.admin_id = admin_admin_role.adminId left join admin_role on admin_admin_role.roleId = admin_role.role_id left join admin_role_permission on admin_role.role_id = admin_role.role_id left join admin_permission on admin_role_permission.permissionId = admin_permission.permission_id where admin_admin.admin_id = ? and admin_admin.deleted = 0
2026-01-11 14:53:04.940 [http-nio-8080-exec-3] DEBUG c.z.e.m.m.a.A.findAdminInfoById - ==> Parameters: 1(Integer)
2026-01-11 14:53:04.976 [http-nio-8080-exec-3] DEBUG c.z.e.m.m.a.A.findAdminInfoById - <==      Total: 1
2026-01-11 14:53:05.202 [http-nio-8080-exec-6] DEBUG c.z.e.m.m.a.AdminMapper.selectById - ==>  Preparing: SELECT admin_id,admin_account,admin_username,admin_email,admin_phone,admin_password,admin_image,admin_introduce,admin_state,admin_loginTime,deleted FROM admin_admin WHERE admin_id=? AND deleted=0
2026-01-11 14:53:05.202 [http-nio-8080-exec-6] DEBUG c.z.e.m.m.a.AdminMapper.selectById - ==> Parameters: 1(Integer)
2026-01-11 14:53:05.237 [http-nio-8080-exec-6] DEBUG c.z.e.m.m.a.AdminMapper.selectById - <==      Total: 1
2026-01-11 14:53:05.239 [http-nio-8080-exec-6] DEBUG c.z.e.m.m.a.A.findAdminInfoById - ==>  Preparing: select * from admin_admin left join admin_admin_role on admin_admin.admin_id = admin_admin_role.adminId left join admin_role on admin_admin_role.roleId = admin_role.role_id left join admin_role_permission on admin_role.role_id = admin_role.role_id left join admin_permission on admin_role_permission.permissionId = admin_permission.permission_id where admin_admin.admin_id = ? and admin_admin.deleted = 0
2026-01-11 14:53:05.239 [http-nio-8080-exec-6] DEBUG c.z.e.m.m.a.A.findAdminInfoById - ==> Parameters: 1(Integer)
2026-01-11 14:53:05.276 [http-nio-8080-exec-6] DEBUG c.z.e.m.m.a.A.findAdminInfoById - <==      Total: 1
2026-01-11 14:53:05.317 [http-nio-8080-exec-6] INFO  c.z.e.s.i.a.AdMonitorAdminAnnouncementServiceImpl - 管理员获取公告信息
2026-01-11 14:53:05.318 [http-nio-8080-exec-6] DEBUG c.z.e.m.m.a.A.selectById - ==>  Preparing: SELECT adminAnnouncement_id AS announcementId,adminAnnouncement_title AS announcementTitle,adminAnnouncement_content AS announcementContent,adminAnnouncement_updatedTime AS announcementUpdatedTime FROM admonitor_adminAnnouncement WHERE adminAnnouncement_id=?
2026-01-11 14:53:05.318 [http-nio-8080-exec-6] DEBUG c.z.e.m.m.a.A.selectById - ==> Parameters: 1(Integer)
2026-01-11 14:53:05.366 [http-nio-8080-exec-6] DEBUG c.z.e.m.m.a.A.selectById - <==      Total: 1
2026-01-11 14:53:05.367 [http-nio-8080-exec-6] INFO  c.z.e.s.i.a.AdMonitorAdminAnnouncementServiceImpl - 管理员获取公告信息成功
2026-01-11 14:53:05.462 [http-nio-8080-exec-2] DEBUG c.z.e.m.m.a.AdminMapper.selectById - ==>  Preparing: SELECT admin_id,admin_account,admin_username,admin_email,admin_phone,admin_password,admin_image,admin_introduce,admin_state,admin_loginTime,deleted FROM admin_admin WHERE admin_id=? AND deleted=0
2026-01-11 14:53:05.462 [http-nio-8080-exec-2] DEBUG c.z.e.m.m.a.AdminMapper.selectById - ==> Parameters: 1(Integer)
2026-01-11 14:53:05.499 [http-nio-8080-exec-2] DEBUG c.z.e.m.m.a.AdminMapper.selectById - <==      Total: 1
2026-01-11 14:53:05.499 [http-nio-8080-exec-2] DEBUG c.z.e.m.m.a.A.findAdminInfoById - ==>  Preparing: select * from admin_admin left join admin_admin_role on admin_admin.admin_id = admin_admin_role.adminId left join admin_role on admin_admin_role.roleId = admin_role.role_id left join admin_role_permission on admin_role.role_id = admin_role.role_id left join admin_permission on admin_role_permission.permissionId = admin_permission.permission_id where admin_admin.admin_id = ? and admin_admin.deleted = 0
2026-01-11 14:53:05.499 [http-nio-8080-exec-2] DEBUG c.z.e.m.m.a.A.findAdminInfoById - ==> Parameters: 1(Integer)
2026-01-11 14:53:05.548 [http-nio-8080-exec-2] DEBUG c.z.e.m.m.a.A.findAdminInfoById - <==      Total: 1
2026-01-11 14:53:05.601 [http-nio-8080-exec-2] INFO  c.z.e.s.i.a.AdmonitorAdminAdvertisementServiceImpl - 查询所有广告开始
2026-01-11 14:53:05.601 [http-nio-8080-exec-2] DEBUG c.z.e.m.m.a.A.selectList - ==>  Preparing: SELECT adminAdvertisement_id AS advertisementId,adminAdvertisement_name AS advertisementName,adminAdvertisement_url AS advertisementUrl,adminAdvertisement_link AS advertisementLink,adminAdvertisement_startedTime AS advertisementStartedTime,adminAdvertisement_endTime AS advertisementEndTime,deleted FROM admonitor_adminAdvertisement WHERE deleted=0 AND (deleted = ? AND adminAdvertisement_startedTime <= ? AND adminAdvertisement_endTime > ?)
2026-01-11 14:53:05.603 [http-nio-8080-exec-2] DEBUG c.z.e.m.m.a.A.selectList - ==> Parameters: 0(Integer), 2026-01-11 14:53:05.601(Timestamp), 2026-01-11 14:53:05.601(Timestamp)
2026-01-11 14:53:05.752 [http-nio-8080-exec-2] DEBUG c.z.e.m.m.a.A.selectList - <==      Total: 1
2026-01-11 14:53:05.752 [http-nio-8080-exec-2] INFO  c.z.e.s.i.a.AdmonitorAdminAdvertisementServiceImpl - 查询所有广告成功
2026-01-11 14:53:10.089 [http-nio-8080-exec-7] DEBUG c.z.e.m.m.a.AdminMapper.selectById - ==>  Preparing: SELECT admin_id,admin_account,admin_username,admin_email,admin_phone,admin_password,admin_image,admin_introduce,admin_state,admin_loginTime,deleted FROM admin_admin WHERE admin_id=? AND deleted=0
2026-01-11 14:53:10.090 [http-nio-8080-exec-7] DEBUG c.z.e.m.m.a.AdminMapper.selectById - ==> Parameters: 1(Integer)
2026-01-11 14:53:10.126 [http-nio-8080-exec-7] DEBUG c.z.e.m.m.a.AdminMapper.selectById - <==      Total: 1
2026-01-11 14:53:10.128 [http-nio-8080-exec-7] DEBUG c.z.e.m.m.a.A.findAdminInfoById - ==>  Preparing: select * from admin_admin left join admin_admin_role on admin_admin.admin_id = admin_admin_role.adminId left join admin_role on admin_admin_role.roleId = admin_role.role_id left join admin_role_permission on admin_role.role_id = admin_role.role_id left join admin_permission on admin_role_permission.permissionId = admin_permission.permission_id where admin_admin.admin_id = ? and admin_admin.deleted = 0
2026-01-11 14:53:10.128 [http-nio-8080-exec-7] DEBUG c.z.e.m.m.a.A.findAdminInfoById - ==> Parameters: 1(Integer)
2026-01-11 14:53:10.163 [http-nio-8080-exec-7] DEBUG c.z.e.m.m.a.A.findAdminInfoById - <==      Total: 1
2026-01-11 14:53:10.207 [http-nio-8080-exec-7] DEBUG c.z.e.m.m.a.E.selectList_mpCount - ==>  Preparing: SELECT COUNT(*) AS total FROM general_employmentInformation WHERE deleted = 0 AND (deleted = ?)
2026-01-11 14:53:10.207 [http-nio-8080-exec-7] DEBUG c.z.e.m.m.a.E.selectList_mpCount - ==> Parameters: 0(Integer)
2026-01-11 14:53:10.242 [http-nio-8080-exec-7] DEBUG c.z.e.m.m.a.E.selectList_mpCount - <==      Total: 1
2026-01-11 14:53:10.367 [http-nio-8080-exec-9] DEBUG c.z.e.m.m.a.AdminMapper.selectById - ==>  Preparing: SELECT admin_id,admin_account,admin_username,admin_email,admin_phone,admin_password,admin_image,admin_introduce,admin_state,admin_loginTime,deleted FROM admin_admin WHERE admin_id=? AND deleted=0
2026-01-11 14:53:10.368 [http-nio-8080-exec-9] DEBUG c.z.e.m.m.a.AdminMapper.selectById - ==> Parameters: 1(Integer)
2026-01-11 14:53:10.401 [http-nio-8080-exec-4] DEBUG c.z.e.m.m.a.AdminMapper.selectById - ==>  Preparing: SELECT admin_id,admin_account,admin_username,admin_email,admin_phone,admin_password,admin_image,admin_introduce,admin_state,admin_loginTime,deleted FROM admin_admin WHERE admin_id=? AND deleted=0
2026-01-11 14:53:10.402 [http-nio-8080-exec-4] DEBUG c.z.e.m.m.a.AdminMapper.selectById - ==> Parameters: 1(Integer)
2026-01-11 14:53:10.402 [http-nio-8080-exec-9] DEBUG c.z.e.m.m.a.AdminMapper.selectById - <==      Total: 1
2026-01-11 14:53:10.402 [http-nio-8080-exec-9] DEBUG c.z.e.m.m.a.A.findAdminInfoById - ==>  Preparing: select * from admin_admin left join admin_admin_role on admin_admin.admin_id = admin_admin_role.adminId left join admin_role on admin_admin_role.roleId = admin_role.role_id left join admin_role_permission on admin_role.role_id = admin_role.role_id left join admin_permission on admin_role_permission.permissionId = admin_permission.permission_id where admin_admin.admin_id = ? and admin_admin.deleted = 0
2026-01-11 14:53:10.402 [http-nio-8080-exec-9] DEBUG c.z.e.m.m.a.A.findAdminInfoById - ==> Parameters: 1(Integer)
2026-01-11 14:53:10.437 [http-nio-8080-exec-4] DEBUG c.z.e.m.m.a.AdminMapper.selectById - <==      Total: 1
2026-01-11 14:53:10.437 [http-nio-8080-exec-9] DEBUG c.z.e.m.m.a.A.findAdminInfoById - <==      Total: 1
2026-01-11 14:53:10.437 [http-nio-8080-exec-4] DEBUG c.z.e.m.m.a.A.findAdminInfoById - ==>  Preparing: select * from admin_admin left join admin_admin_role on admin_admin.admin_id = admin_admin_role.adminId left join admin_role on admin_admin_role.roleId = admin_role.role_id left join admin_role_permission on admin_role.role_id = admin_role.role_id left join admin_permission on admin_role_permission.permissionId = admin_permission.permission_id where admin_admin.admin_id = ? and admin_admin.deleted = 0
2026-01-11 14:53:10.438 [http-nio-8080-exec-4] DEBUG c.z.e.m.m.a.A.findAdminInfoById - ==> Parameters: 1(Integer)
2026-01-11 14:53:10.474 [http-nio-8080-exec-4] DEBUG c.z.e.m.m.a.A.findAdminInfoById - <==      Total: 1
2026-01-11 14:53:10.476 [http-nio-8080-exec-9] DEBUG c.z.e.m.m.a.R.selectList - ==>  Preparing: SELECT recruitPosition_id AS recruitPositionId,recruitPosition_name,recruitPosition_createdTime AS createdTime,recruitPosition_updatedTime AS updatedTime,recruitPosition_industryCode,recruitPosition_minMonthSalary AS minMonthSalary,recruitPosition_maxMonthSalary AS maxMonthSalary,recruitPosition_weekWorkDayNum AS weekWorkDayNum,recruitPosition_goodWelfare AS goodWelfare FROM general_recruitPosition
2026-01-11 14:53:10.476 [http-nio-8080-exec-9] DEBUG c.z.e.m.m.a.R.selectList - ==> Parameters: 
2026-01-11 14:53:10.510 [http-nio-8080-exec-9] DEBUG c.z.e.m.m.a.R.selectList - <==      Total: 2
2026-01-11 14:53:10.511 [http-nio-8080-exec-4] DEBUG c.z.e.m.m.a.I.selectList - ==>  Preparing: SELECT industryMap_industryCode,industryMap_industryName,industryMap_createdTime AS createdTime,industryMap_updatedTime AS updatedTime FROM general_industryMap
2026-01-11 14:53:10.511 [http-nio-8080-exec-4] DEBUG c.z.e.m.m.a.I.selectList - ==> Parameters: 
2026-01-11 14:53:10.546 [http-nio-8080-exec-4] DEBUG c.z.e.m.m.a.I.selectList - <==      Total: 3
2026-01-11 14:54:41.424 [http-nio-8080-exec-8] DEBUG c.z.e.m.m.a.AdminMapper.selectById - ==>  Preparing: SELECT admin_id,admin_account,admin_username,admin_email,admin_phone,admin_password,admin_image,admin_introduce,admin_state,admin_loginTime,deleted FROM admin_admin WHERE admin_id=? AND deleted=0
2026-01-11 14:54:41.425 [http-nio-8080-exec-8] DEBUG c.z.e.m.m.a.AdminMapper.selectById - ==> Parameters: 1(Integer)
2026-01-11 14:54:41.461 [http-nio-8080-exec-8] DEBUG c.z.e.m.m.a.AdminMapper.selectById - <==      Total: 1
2026-01-11 14:54:41.461 [http-nio-8080-exec-8] DEBUG c.z.e.m.m.a.A.findAdminInfoById - ==>  Preparing: select * from admin_admin left join admin_admin_role on admin_admin.admin_id = admin_admin_role.adminId left join admin_role on admin_admin_role.roleId = admin_role.role_id left join admin_role_permission on admin_role.role_id = admin_role.role_id left join admin_permission on admin_role_permission.permissionId = admin_permission.permission_id where admin_admin.admin_id = ? and admin_admin.deleted = 0
2026-01-11 14:54:41.461 [http-nio-8080-exec-8] DEBUG c.z.e.m.m.a.A.findAdminInfoById - ==> Parameters: 1(Integer)
2026-01-11 14:54:41.497 [http-nio-8080-exec-8] DEBUG c.z.e.m.m.a.A.findAdminInfoById - <==      Total: 1
2026-01-11 14:54:41.542 [http-nio-8080-exec-8] DEBUG c.z.e.m.m.a.E.selectList_mpCount - ==>  Preparing: SELECT COUNT(*) AS total FROM general_employmentInformation WHERE deleted = 0 AND (deleted = ?)
2026-01-11 14:54:41.542 [http-nio-8080-exec-8] DEBUG c.z.e.m.m.a.E.selectList_mpCount - ==> Parameters: 0(Integer)
2026-01-11 14:54:41.577 [http-nio-8080-exec-8] DEBUG c.z.e.m.m.a.E.selectList_mpCount - <==      Total: 1
2026-01-11 14:56:10.127 [HikariPool-1 housekeeper] WARN  com.zaxxer.hikari.pool.HikariPool - HikariPool-1 - Thread starvation or clock leap detected (housekeeper delta=1m52s522ms433µs300ns).
2026-01-11 14:56:10.128 [HikariPool-2 housekeeper] WARN  com.zaxxer.hikari.pool.HikariPool - HikariPool-2 - Thread starvation or clock leap detected (housekeeper delta=1m42s651ms597µs200ns).
2026-01-11 14:57:57.457 [HikariPool-2 housekeeper] WARN  com.zaxxer.hikari.pool.HikariPool - HikariPool-2 - Thread starvation or clock leap detected (housekeeper delta=1m47s331ms339µs800ns).
2026-01-11 14:57:57.457 [HikariPool-1 housekeeper] WARN  com.zaxxer.hikari.pool.HikariPool - HikariPool-1 - Thread starvation or clock leap detected (housekeeper delta=1m47s331ms339µs700ns).
2026-01-11 15:01:18.883 [http-nio-8080-exec-5] DEBUG c.z.e.m.m.a.AdminMapper.selectById - ==>  Preparing: SELECT admin_id,admin_account,admin_username,admin_email,admin_phone,admin_password,admin_image,admin_introduce,admin_state,admin_loginTime,deleted FROM admin_admin WHERE admin_id=? AND deleted=0
2026-01-11 15:01:18.883 [http-nio-8080-exec-5] DEBUG c.z.e.m.m.a.AdminMapper.selectById - ==> Parameters: 1(Integer)
2026-01-11 15:01:18.999 [http-nio-8080-exec-5] DEBUG c.z.e.m.m.a.AdminMapper.selectById - <==      Total: 1
2026-01-11 15:01:19.000 [http-nio-8080-exec-5] DEBUG c.z.e.m.m.a.A.findAdminInfoById - ==>  Preparing: select * from admin_admin left join admin_admin_role on admin_admin.admin_id = admin_admin_role.adminId left join admin_role on admin_admin_role.roleId = admin_role.role_id left join admin_role_permission on admin_role.role_id = admin_role.role_id left join admin_permission on admin_role_permission.permissionId = admin_permission.permission_id where admin_admin.admin_id = ? and admin_admin.deleted = 0
2026-01-11 15:01:19.000 [http-nio-8080-exec-5] DEBUG c.z.e.m.m.a.A.findAdminInfoById - ==> Parameters: 1(Integer)
2026-01-11 15:01:19.076 [http-nio-8080-exec-5] DEBUG c.z.e.m.m.a.A.findAdminInfoById - <==      Total: 1
2026-01-11 15:01:19.191 [http-nio-8080-exec-5] DEBUG c.z.e.m.m.u.U.selectList_mpCount - ==>  Preparing: SELECT COUNT(*) AS total FROM user_userFeedback
2026-01-11 15:01:19.191 [http-nio-8080-exec-5] DEBUG c.z.e.m.m.u.U.selectList_mpCount - ==> Parameters: 
2026-01-11 15:01:19.231 [http-nio-8080-exec-5] DEBUG c.z.e.m.m.u.U.selectList_mpCount - <==      Total: 1
2026-01-11 15:01:19.232 [http-nio-8080-exec-5] DEBUG c.z.e.m.m.u.U.selectList - ==>  Preparing: SELECT userFeedback_id,userFeedback_title,userFeedback_content,userFeedback_time,userFeedback_recentTime,userFeedback_curStep,userFeedback_userId FROM user_userFeedback ORDER BY userFeedback_id DESC LIMIT ?
2026-01-11 15:01:19.232 [http-nio-8080-exec-5] DEBUG c.z.e.m.m.u.U.selectList - ==> Parameters: 10(Long)
2026-01-11 15:01:19.294 [http-nio-8080-exec-5] DEBUG c.z.e.m.m.u.U.selectList - <==      Total: 10
2026-01-11 15:01:19.295 [http-nio-8080-exec-5] DEBUG c.z.e.m.m.user.UserMapper.selectById - ==>  Preparing: SELECT user_id,user_account,user_username,user_email,user_phone,user_password,user_image,user_introduce,user_createdTime,user_loginTime,user_dreamPosition,user_dreamMinMonthSalary,user_dreamMaxMonthSalary,user_dreamWeekWorkDayNum,user_dreamGoodWelfare,user_recruitLocationFirst,user_recruitLocationSecond,user_recruitLocationDetail,user_universityCode FROM user_user WHERE user_id=?
2026-01-11 15:01:19.295 [http-nio-8080-exec-5] DEBUG c.z.e.m.m.user.UserMapper.selectById - ==> Parameters: 1(Integer)
2026-01-11 15:01:19.332 [http-nio-8080-exec-5] DEBUG c.z.e.m.m.user.UserMapper.selectById - <==      Total: 1
2026-01-11 15:01:20.259 [http-nio-8080-exec-10] DEBUG c.z.e.m.m.a.AdminMapper.selectById - ==>  Preparing: SELECT admin_id,admin_account,admin_username,admin_email,admin_phone,admin_password,admin_image,admin_introduce,admin_state,admin_loginTime,deleted FROM admin_admin WHERE admin_id=? AND deleted=0
2026-01-11 15:01:20.260 [http-nio-8080-exec-10] DEBUG c.z.e.m.m.a.AdminMapper.selectById - ==> Parameters: 1(Integer)
2026-01-11 15:01:20.295 [http-nio-8080-exec-10] DEBUG c.z.e.m.m.a.AdminMapper.selectById - <==      Total: 1
2026-01-11 15:01:20.296 [http-nio-8080-exec-10] DEBUG c.z.e.m.m.a.A.findAdminInfoById - ==>  Preparing: select * from admin_admin left join admin_admin_role on admin_admin.admin_id = admin_admin_role.adminId left join admin_role on admin_admin_role.roleId = admin_role.role_id left join admin_role_permission on admin_role.role_id = admin_role.role_id left join admin_permission on admin_role_permission.permissionId = admin_permission.permission_id where admin_admin.admin_id = ? and admin_admin.deleted = 0
2026-01-11 15:01:20.297 [http-nio-8080-exec-10] DEBUG c.z.e.m.m.a.A.findAdminInfoById - ==> Parameters: 1(Integer)
2026-01-11 15:01:20.332 [http-nio-8080-exec-10] DEBUG c.z.e.m.m.a.A.findAdminInfoById - <==      Total: 1
2026-01-11 15:01:20.375 [http-nio-8080-exec-10] DEBUG c.z.e.m.m.a.A.selectList_mpCount - ==>  Preparing: SELECT COUNT(*) AS total FROM admin_adminFeedback
2026-01-11 15:01:20.375 [http-nio-8080-exec-10] DEBUG c.z.e.m.m.a.A.selectList_mpCount - ==> Parameters: 
2026-01-11 15:01:20.411 [http-nio-8080-exec-10] DEBUG c.z.e.m.m.a.A.selectList_mpCount - <==      Total: 1
2026-01-11 15:01:20.411 [http-nio-8080-exec-10] DEBUG c.z.e.m.m.a.A.selectList - ==>  Preparing: SELECT adminFeedback_id,adminFeedback_title,adminFeedback_content,adminFeedback_time,adminFeedback_recentTime,adminFeedback_curStep,adminFeedback_adminId FROM admin_adminFeedback ORDER BY adminFeedback_id DESC LIMIT ?
2026-01-11 15:01:20.412 [http-nio-8080-exec-10] DEBUG c.z.e.m.m.a.A.selectList - ==> Parameters: 10(Long)
2026-01-11 15:01:20.448 [http-nio-8080-exec-10] DEBUG c.z.e.m.m.a.A.selectList - <==      Total: 8
2026-01-11 15:01:20.448 [http-nio-8080-exec-10] DEBUG c.z.e.m.m.a.AdminMapper.selectById - ==>  Preparing: SELECT admin_id,admin_account,admin_username,admin_email,admin_phone,admin_password,admin_image,admin_introduce,admin_state,admin_loginTime,deleted FROM admin_admin WHERE admin_id=? AND deleted=0
2026-01-11 15:01:20.448 [http-nio-8080-exec-10] DEBUG c.z.e.m.m.a.AdminMapper.selectById - ==> Parameters: 2(Integer)
2026-01-11 15:01:20.484 [http-nio-8080-exec-10] DEBUG c.z.e.m.m.a.AdminMapper.selectById - <==      Total: 1
2026-01-11 15:01:20.485 [http-nio-8080-exec-10] DEBUG c.z.e.m.m.a.AdminMapper.selectById - ==>  Preparing: SELECT admin_id,admin_account,admin_username,admin_email,admin_phone,admin_password,admin_image,admin_introduce,admin_state,admin_loginTime,deleted FROM admin_admin WHERE admin_id=? AND deleted=0
2026-01-11 15:01:20.485 [http-nio-8080-exec-10] DEBUG c.z.e.m.m.a.AdminMapper.selectById - ==> Parameters: 1(Integer)
2026-01-11 15:01:20.521 [http-nio-8080-exec-10] DEBUG c.z.e.m.m.a.AdminMapper.selectById - <==      Total: 1
2026-01-11 15:01:22.289 [http-nio-8080-exec-1] DEBUG c.z.e.m.m.a.AdminMapper.selectById - ==>  Preparing: SELECT admin_id,admin_account,admin_username,admin_email,admin_phone,admin_password,admin_image,admin_introduce,admin_state,admin_loginTime,deleted FROM admin_admin WHERE admin_id=? AND deleted=0
2026-01-11 15:01:22.290 [http-nio-8080-exec-1] DEBUG c.z.e.m.m.a.AdminMapper.selectById - ==> Parameters: 1(Integer)
2026-01-11 15:01:22.326 [http-nio-8080-exec-1] DEBUG c.z.e.m.m.a.AdminMapper.selectById - <==      Total: 1
2026-01-11 15:01:22.327 [http-nio-8080-exec-1] DEBUG c.z.e.m.m.a.A.findAdminInfoById - ==>  Preparing: select * from admin_admin left join admin_admin_role on admin_admin.admin_id = admin_admin_role.adminId left join admin_role on admin_admin_role.roleId = admin_role.role_id left join admin_role_permission on admin_role.role_id = admin_role.role_id left join admin_permission on admin_role_permission.permissionId = admin_permission.permission_id where admin_admin.admin_id = ? and admin_admin.deleted = 0
2026-01-11 15:01:22.327 [http-nio-8080-exec-1] DEBUG c.z.e.m.m.a.A.findAdminInfoById - ==> Parameters: 1(Integer)
2026-01-11 15:01:22.363 [http-nio-8080-exec-1] DEBUG c.z.e.m.m.a.A.findAdminInfoById - <==      Total: 1
2026-01-11 15:01:22.408 [http-nio-8080-exec-1] DEBUG c.z.e.m.m.u.U.selectList_mpCount - ==>  Preparing: SELECT COUNT(*) AS total FROM user_userFeedbackRecord
2026-01-11 15:01:22.408 [http-nio-8080-exec-1] DEBUG c.z.e.m.m.u.U.selectList_mpCount - ==> Parameters: 
2026-01-11 15:01:22.443 [http-nio-8080-exec-1] DEBUG c.z.e.m.m.u.U.selectList_mpCount - <==      Total: 1
2026-01-11 15:01:22.444 [http-nio-8080-exec-1] DEBUG c.z.e.m.m.u.U.selectList - ==>  Preparing: SELECT userFeedbackRecord_id,userFeedbackRecord_userId,userFeedbackRecord_title,userFeedbackRecord_content,userFeedbackRecord_time,userFeedbackRecord_currentStepSolveTime,userFeedbackRecord_oldStep,userFeedbackRecord_newStep,userFeedbackRecord_approvalPersonId FROM user_userFeedbackRecord LIMIT ?
2026-01-11 15:01:22.444 [http-nio-8080-exec-1] DEBUG c.z.e.m.m.u.U.selectList - ==> Parameters: 20(Long)
2026-01-11 15:01:22.479 [http-nio-8080-exec-1] DEBUG c.z.e.m.m.u.U.selectList - <==      Total: 5
2026-01-11 15:01:22.480 [http-nio-8080-exec-1] DEBUG c.z.e.m.m.user.UserMapper.selectById - ==>  Preparing: SELECT user_id,user_account,user_username,user_email,user_phone,user_password,user_image,user_introduce,user_createdTime,user_loginTime,user_dreamPosition,user_dreamMinMonthSalary,user_dreamMaxMonthSalary,user_dreamWeekWorkDayNum,user_dreamGoodWelfare,user_recruitLocationFirst,user_recruitLocationSecond,user_recruitLocationDetail,user_universityCode FROM user_user WHERE user_id=?
2026-01-11 15:01:22.480 [http-nio-8080-exec-1] DEBUG c.z.e.m.m.user.UserMapper.selectById - ==> Parameters: 1(Integer)
2026-01-11 15:01:22.515 [http-nio-8080-exec-1] DEBUG c.z.e.m.m.user.UserMapper.selectById - <==      Total: 1
2026-01-11 15:01:22.515 [http-nio-8080-exec-1] DEBUG c.z.e.m.m.a.AdminMapper.selectById - ==>  Preparing: SELECT admin_id,admin_account,admin_username,admin_email,admin_phone,admin_password,admin_image,admin_introduce,admin_state,admin_loginTime,deleted FROM admin_admin WHERE admin_id=? AND deleted=0
2026-01-11 15:01:22.515 [http-nio-8080-exec-1] DEBUG c.z.e.m.m.a.AdminMapper.selectById - ==> Parameters: 1(Integer)
2026-01-11 15:01:22.552 [http-nio-8080-exec-1] DEBUG c.z.e.m.m.a.AdminMapper.selectById - <==      Total: 1
2026-01-11 15:01:22.771 [http-nio-8080-exec-3] DEBUG c.z.e.m.m.a.AdminMapper.selectById - ==>  Preparing: SELECT admin_id,admin_account,admin_username,admin_email,admin_phone,admin_password,admin_image,admin_introduce,admin_state,admin_loginTime,deleted FROM admin_admin WHERE admin_id=? AND deleted=0
2026-01-11 15:01:22.772 [http-nio-8080-exec-3] DEBUG c.z.e.m.m.a.AdminMapper.selectById - ==> Parameters: 1(Integer)
2026-01-11 15:01:22.807 [http-nio-8080-exec-3] DEBUG c.z.e.m.m.a.AdminMapper.selectById - <==      Total: 1
2026-01-11 15:01:22.808 [http-nio-8080-exec-3] DEBUG c.z.e.m.m.a.A.findAdminInfoById - ==>  Preparing: select * from admin_admin left join admin_admin_role on admin_admin.admin_id = admin_admin_role.adminId left join admin_role on admin_admin_role.roleId = admin_role.role_id left join admin_role_permission on admin_role.role_id = admin_role.role_id left join admin_permission on admin_role_permission.permissionId = admin_permission.permission_id where admin_admin.admin_id = ? and admin_admin.deleted = 0
2026-01-11 15:01:22.809 [http-nio-8080-exec-3] DEBUG c.z.e.m.m.a.A.findAdminInfoById - ==> Parameters: 1(Integer)
2026-01-11 15:01:22.843 [http-nio-8080-exec-3] DEBUG c.z.e.m.m.a.A.findAdminInfoById - <==      Total: 1
2026-01-11 15:01:22.888 [http-nio-8080-exec-3] DEBUG c.z.e.m.m.a.A.selectList_mpCount - ==>  Preparing: SELECT COUNT(*) AS total FROM admin_adminFeedbackRecord
2026-01-11 15:01:22.888 [http-nio-8080-exec-3] DEBUG c.z.e.m.m.a.A.selectList_mpCount - ==> Parameters: 
2026-01-11 15:01:22.923 [http-nio-8080-exec-3] DEBUG c.z.e.m.m.a.A.selectList_mpCount - <==      Total: 1
2026-01-11 15:01:22.923 [http-nio-8080-exec-3] DEBUG c.z.e.m.m.a.A.selectList - ==>  Preparing: SELECT adminFeedbackRecord_id,adminFeedbackRecord_adminId,adminFeedbackRecord_title,adminFeedbackRecord_content,adminFeedbackRecord_time,adminFeedbackRecord_currentStepSolveTime,adminFeedbackRecord_oldStep,adminFeedbackRecord_newStep,adminFeedbackRecord_approvalPersonId FROM admin_adminFeedbackRecord ORDER BY adminFeedbackRecord_id DESC LIMIT ?
2026-01-11 15:01:22.923 [http-nio-8080-exec-3] DEBUG c.z.e.m.m.a.A.selectList - ==> Parameters: 20(Long)
2026-01-11 15:01:22.960 [http-nio-8080-exec-3] DEBUG c.z.e.m.m.a.A.selectList - <==      Total: 10
2026-01-11 15:01:22.961 [http-nio-8080-exec-3] DEBUG c.z.e.m.m.a.AdminMapper.selectById - ==>  Preparing: SELECT admin_id,admin_account,admin_username,admin_email,admin_phone,admin_password,admin_image,admin_introduce,admin_state,admin_loginTime,deleted FROM admin_admin WHERE admin_id=? AND deleted=0
2026-01-11 15:01:22.961 [http-nio-8080-exec-3] DEBUG c.z.e.m.m.a.AdminMapper.selectById - ==> Parameters: 2(Integer)
2026-01-11 15:01:22.997 [http-nio-8080-exec-3] DEBUG c.z.e.m.m.a.AdminMapper.selectById - <==      Total: 1
2026-01-11 15:01:22.997 [http-nio-8080-exec-3] DEBUG c.z.e.m.m.a.AdminMapper.selectById - ==>  Preparing: SELECT admin_id,admin_account,admin_username,admin_email,admin_phone,admin_password,admin_image,admin_introduce,admin_state,admin_loginTime,deleted FROM admin_admin WHERE admin_id=? AND deleted=0
2026-01-11 15:01:22.998 [http-nio-8080-exec-3] DEBUG c.z.e.m.m.a.AdminMapper.selectById - ==> Parameters: 1(Integer)
2026-01-11 15:01:23.032 [http-nio-8080-exec-3] DEBUG c.z.e.m.m.a.AdminMapper.selectById - <==      Total: 1
2026-01-11 15:01:26.835 [http-nio-8080-exec-6] DEBUG c.z.e.m.m.a.AdminMapper.selectById - ==>  Preparing: SELECT admin_id,admin_account,admin_username,admin_email,admin_phone,admin_password,admin_image,admin_introduce,admin_state,admin_loginTime,deleted FROM admin_admin WHERE admin_id=? AND deleted=0
2026-01-11 15:01:26.835 [http-nio-8080-exec-6] DEBUG c.z.e.m.m.a.AdminMapper.selectById - ==> Parameters: 1(Integer)
2026-01-11 15:01:26.871 [http-nio-8080-exec-6] DEBUG c.z.e.m.m.a.AdminMapper.selectById - <==      Total: 1
2026-01-11 15:01:26.871 [http-nio-8080-exec-6] DEBUG c.z.e.m.m.a.A.findAdminInfoById - ==>  Preparing: select * from admin_admin left join admin_admin_role on admin_admin.admin_id = admin_admin_role.adminId left join admin_role on admin_admin_role.roleId = admin_role.role_id left join admin_role_permission on admin_role.role_id = admin_role.role_id left join admin_permission on admin_role_permission.permissionId = admin_permission.permission_id where admin_admin.admin_id = ? and admin_admin.deleted = 0
2026-01-11 15:01:26.872 [http-nio-8080-exec-6] DEBUG c.z.e.m.m.a.A.findAdminInfoById - ==> Parameters: 1(Integer)
2026-01-11 15:01:26.985 [http-nio-8080-exec-6] DEBUG c.z.e.m.m.a.A.findAdminInfoById - <==      Total: 1
2026-01-11 15:01:27.086 [http-nio-8080-exec-6] INFO  c.z.e.s.i.a.AdminFeedbackRecordServiceImpl - 管理员反馈记录ID：5
2026-01-11 15:01:27.087 [http-nio-8080-exec-6] DEBUG c.z.e.m.m.a.A.selectById - ==>  Preparing: SELECT adminFeedbackRecord_id,adminFeedbackRecord_adminId,adminFeedbackRecord_title,adminFeedbackRecord_content,adminFeedbackRecord_time,adminFeedbackRecord_currentStepSolveTime,adminFeedbackRecord_oldStep,adminFeedbackRecord_newStep,adminFeedbackRecord_approvalPersonId FROM admin_adminFeedbackRecord WHERE adminFeedbackRecord_id=?
2026-01-11 15:01:27.087 [http-nio-8080-exec-6] DEBUG c.z.e.m.m.a.A.selectById - ==> Parameters: 5(Integer)
2026-01-11 15:01:27.123 [http-nio-8080-exec-6] DEBUG c.z.e.m.m.a.A.selectById - <==      Total: 1
2026-01-11 15:01:27.125 [http-nio-8080-exec-6] DEBUG c.z.e.m.m.a.AdminMapper.selectById - ==>  Preparing: SELECT admin_id,admin_account,admin_username,admin_email,admin_phone,admin_password,admin_image,admin_introduce,admin_state,admin_loginTime,deleted FROM admin_admin WHERE admin_id=? AND deleted=0
2026-01-11 15:01:27.125 [http-nio-8080-exec-6] DEBUG c.z.e.m.m.a.AdminMapper.selectById - ==> Parameters: 1(Integer)
2026-01-11 15:01:27.190 [http-nio-8080-exec-6] DEBUG c.z.e.m.m.a.AdminMapper.selectById - <==      Total: 1
2026-01-11 15:01:27.191 [http-nio-8080-exec-6] INFO  c.z.e.s.i.a.AdminFeedbackRecordServiceImpl - 管理员反馈记录信息：AdminFeedbackRecordInfoVO(adminFeedbackRecordId=5, adminFeedbackRecordAdminId=1, adminFeedbackRecordName=超级管理员, adminFeedbackRecordTitle=后端问题1111, adminFeedbackRecordContent=后端问题1111, adminFeedbackRecordTime=Mon Dec 15 20:15:50 CST 2025, adminFeedbackRecordCurrentStepSolveTime=Mon Dec 15 20:16:11 CST 2025, adminFeedbackRecordOldStep=待接受, adminFeedbackRecordNewStep=待回复, adminFeedbackRecordApprovalPersonId=1, adminFeedbackRecordApprovalPersonName=超级管理员)
2026-01-11 15:01:32.574 [http-nio-8080-exec-2] DEBUG c.z.e.m.m.a.AdminMapper.selectById - ==>  Preparing: SELECT admin_id,admin_account,admin_username,admin_email,admin_phone,admin_password,admin_image,admin_introduce,admin_state,admin_loginTime,deleted FROM admin_admin WHERE admin_id=? AND deleted=0
2026-01-11 15:01:32.574 [http-nio-8080-exec-2] DEBUG c.z.e.m.m.a.AdminMapper.selectById - ==> Parameters: 1(Integer)
2026-01-11 15:01:32.610 [http-nio-8080-exec-2] DEBUG c.z.e.m.m.a.AdminMapper.selectById - <==      Total: 1
2026-01-11 15:01:32.610 [http-nio-8080-exec-2] DEBUG c.z.e.m.m.a.A.findAdminInfoById - ==>  Preparing: select * from admin_admin left join admin_admin_role on admin_admin.admin_id = admin_admin_role.adminId left join admin_role on admin_admin_role.roleId = admin_role.role_id left join admin_role_permission on admin_role.role_id = admin_role.role_id left join admin_permission on admin_role_permission.permissionId = admin_permission.permission_id where admin_admin.admin_id = ? and admin_admin.deleted = 0
2026-01-11 15:01:32.611 [http-nio-8080-exec-2] DEBUG c.z.e.m.m.a.A.findAdminInfoById - ==> Parameters: 1(Integer)
2026-01-11 15:01:32.647 [http-nio-8080-exec-2] DEBUG c.z.e.m.m.a.A.findAdminInfoById - <==      Total: 1
2026-01-11 15:01:32.690 [http-nio-8080-exec-2] DEBUG c.z.e.m.m.u.U.selectList_mpCount - ==>  Preparing: SELECT COUNT(*) AS total FROM user_userFeedback
2026-01-11 15:01:32.690 [http-nio-8080-exec-2] DEBUG c.z.e.m.m.u.U.selectList_mpCount - ==> Parameters: 
2026-01-11 15:01:32.724 [http-nio-8080-exec-2] DEBUG c.z.e.m.m.u.U.selectList_mpCount - <==      Total: 1
2026-01-11 15:01:32.726 [http-nio-8080-exec-2] DEBUG c.z.e.m.m.u.U.selectList - ==>  Preparing: SELECT userFeedback_id,userFeedback_title,userFeedback_content,userFeedback_time,userFeedback_recentTime,userFeedback_curStep,userFeedback_userId FROM user_userFeedback ORDER BY userFeedback_id DESC LIMIT ?
2026-01-11 15:01:32.726 [http-nio-8080-exec-2] DEBUG c.z.e.m.m.u.U.selectList - ==> Parameters: 10(Long)
2026-01-11 15:01:32.763 [http-nio-8080-exec-2] DEBUG c.z.e.m.m.u.U.selectList - <==      Total: 10
2026-01-11 15:01:32.763 [http-nio-8080-exec-2] DEBUG c.z.e.m.m.user.UserMapper.selectById - ==>  Preparing: SELECT user_id,user_account,user_username,user_email,user_phone,user_password,user_image,user_introduce,user_createdTime,user_loginTime,user_dreamPosition,user_dreamMinMonthSalary,user_dreamMaxMonthSalary,user_dreamWeekWorkDayNum,user_dreamGoodWelfare,user_recruitLocationFirst,user_recruitLocationSecond,user_recruitLocationDetail,user_universityCode FROM user_user WHERE user_id=?
2026-01-11 15:01:32.763 [http-nio-8080-exec-2] DEBUG c.z.e.m.m.user.UserMapper.selectById - ==> Parameters: 1(Integer)
2026-01-11 15:01:32.799 [http-nio-8080-exec-2] DEBUG c.z.e.m.m.user.UserMapper.selectById - <==      Total: 1
2026-01-11 15:01:35.523 [http-nio-8080-exec-7] DEBUG c.z.e.m.m.a.AdminMapper.selectById - ==>  Preparing: SELECT admin_id,admin_account,admin_username,admin_email,admin_phone,admin_password,admin_image,admin_introduce,admin_state,admin_loginTime,deleted FROM admin_admin WHERE admin_id=? AND deleted=0
2026-01-11 15:01:35.523 [http-nio-8080-exec-9] DEBUG c.z.e.m.m.a.AdminMapper.selectById - ==>  Preparing: SELECT admin_id,admin_account,admin_username,admin_email,admin_phone,admin_password,admin_image,admin_introduce,admin_state,admin_loginTime,deleted FROM admin_admin WHERE admin_id=? AND deleted=0
2026-01-11 15:01:35.524 [http-nio-8080-exec-9] DEBUG c.z.e.m.m.a.AdminMapper.selectById - ==> Parameters: 1(Integer)
2026-01-11 15:01:35.524 [http-nio-8080-exec-7] DEBUG c.z.e.m.m.a.AdminMapper.selectById - ==> Parameters: 1(Integer)
2026-01-11 15:01:35.603 [http-nio-8080-exec-7] DEBUG c.z.e.m.m.a.AdminMapper.selectById - <==      Total: 1
2026-01-11 15:01:35.603 [http-nio-8080-exec-9] DEBUG c.z.e.m.m.a.AdminMapper.selectById - <==      Total: 1
2026-01-11 15:01:35.604 [http-nio-8080-exec-9] DEBUG c.z.e.m.m.a.A.findAdminInfoById - ==>  Preparing: select * from admin_admin left join admin_admin_role on admin_admin.admin_id = admin_admin_role.adminId left join admin_role on admin_admin_role.roleId = admin_role.role_id left join admin_role_permission on admin_role.role_id = admin_role.role_id left join admin_permission on admin_role_permission.permissionId = admin_permission.permission_id where admin_admin.admin_id = ? and admin_admin.deleted = 0
2026-01-11 15:01:35.604 [http-nio-8080-exec-7] DEBUG c.z.e.m.m.a.A.findAdminInfoById - ==>  Preparing: select * from admin_admin left join admin_admin_role on admin_admin.admin_id = admin_admin_role.adminId left join admin_role on admin_admin_role.roleId = admin_role.role_id left join admin_role_permission on admin_role.role_id = admin_role.role_id left join admin_permission on admin_role_permission.permissionId = admin_permission.permission_id where admin_admin.admin_id = ? and admin_admin.deleted = 0
2026-01-11 15:01:35.604 [http-nio-8080-exec-9] DEBUG c.z.e.m.m.a.A.findAdminInfoById - ==> Parameters: 1(Integer)
2026-01-11 15:01:35.604 [http-nio-8080-exec-7] DEBUG c.z.e.m.m.a.A.findAdminInfoById - ==> Parameters: 1(Integer)
2026-01-11 15:01:35.691 [http-nio-8080-exec-9] DEBUG c.z.e.m.m.a.A.findAdminInfoById - <==      Total: 1
2026-01-11 15:01:35.691 [http-nio-8080-exec-7] DEBUG c.z.e.m.m.a.A.findAdminInfoById - <==      Total: 1
2026-01-11 15:01:35.734 [http-nio-8080-exec-9] DEBUG c.z.e.m.m.a.I.selectList - ==>  Preparing: SELECT industryMap_industryCode,industryMap_industryName,industryMap_createdTime AS createdTime,industryMap_updatedTime AS updatedTime FROM general_industryMap
2026-01-11 15:01:35.734 [http-nio-8080-exec-9] DEBUG c.z.e.m.m.a.I.selectList - ==> Parameters: 
2026-01-11 15:01:35.740 [http-nio-8080-exec-7] DEBUG c.z.e.m.m.a.R.queryRecruitPositionPage_mpCount - ==>  Preparing: SELECT COUNT(*) AS total FROM general_recruitPosition rp
2026-01-11 15:01:35.740 [http-nio-8080-exec-7] DEBUG c.z.e.m.m.a.R.queryRecruitPositionPage_mpCount - ==> Parameters: 
2026-01-11 15:01:35.778 [http-nio-8080-exec-7] DEBUG c.z.e.m.m.a.R.queryRecruitPositionPage_mpCount - <==      Total: 1
2026-01-11 15:01:35.778 [http-nio-8080-exec-9] DEBUG c.z.e.m.m.a.I.selectList - <==      Total: 3
2026-01-11 15:01:35.778 [http-nio-8080-exec-7] DEBUG c.z.e.m.m.a.R.queryRecruitPositionPage - ==>  Preparing: SELECT rp.recruitPosition_id AS recruitPositionId, rp.recruitPosition_name AS recruitPositionName, rp.recruitPosition_industryCode AS recruitPositionIndustryCode, -- 连表字段：行业名称（从行业映射表查询） gim.industryMap_industryName AS recruitPositionIndustryName, rp.recruitPosition_minMonthSalary AS minMonthSalary, rp.recruitPosition_maxMonthSalary AS maxMonthSalary, rp.recruitPosition_weekWorkDayNum AS weekWorkDayNum, rp.recruitPosition_goodWelfare AS goodWelfare, rp.recruitPosition_createdTime AS createdTime, rp.recruitPosition_updatedTime AS updatedTime FROM general_recruitPosition rp -- 招聘岗位表别名rp -- 连表：通用行业映射表（别名gim），LEFT JOIN避免行业编码无效时丢失岗位数据 LEFT JOIN general_industryMap gim ON rp.recruitPosition_industryCode = gim.industryMap_industryCode ORDER BY rp.recruitPosition_updatedTime DESC LIMIT ?
2026-01-11 15:01:35.779 [http-nio-8080-exec-7] DEBUG c.z.e.m.m.a.R.queryRecruitPositionPage - ==> Parameters: 10(Long)
2026-01-11 15:01:35.895 [http-nio-8080-exec-7] DEBUG c.z.e.m.m.a.R.queryRecruitPositionPage - <==      Total: 2
2026-01-11 15:01:38.185 [http-nio-8080-exec-4] DEBUG c.z.e.m.m.a.AdminMapper.selectById - ==>  Preparing: SELECT admin_id,admin_account,admin_username,admin_email,admin_phone,admin_password,admin_image,admin_introduce,admin_state,admin_loginTime,deleted FROM admin_admin WHERE admin_id=? AND deleted=0
2026-01-11 15:01:38.185 [http-nio-8080-exec-4] DEBUG c.z.e.m.m.a.AdminMapper.selectById - ==> Parameters: 1(Integer)
2026-01-11 15:01:38.250 [http-nio-8080-exec-4] DEBUG c.z.e.m.m.a.AdminMapper.selectById - <==      Total: 1
2026-01-11 15:01:38.250 [http-nio-8080-exec-4] DEBUG c.z.e.m.m.a.A.findAdminInfoById - ==>  Preparing: select * from admin_admin left join admin_admin_role on admin_admin.admin_id = admin_admin_role.adminId left join admin_role on admin_admin_role.roleId = admin_role.role_id left join admin_role_permission on admin_role.role_id = admin_role.role_id left join admin_permission on admin_role_permission.permissionId = admin_permission.permission_id where admin_admin.admin_id = ? and admin_admin.deleted = 0
2026-01-11 15:01:38.251 [http-nio-8080-exec-4] DEBUG c.z.e.m.m.a.A.findAdminInfoById - ==> Parameters: 1(Integer)
2026-01-11 15:01:38.296 [http-nio-8080-exec-4] DEBUG c.z.e.m.m.a.A.findAdminInfoById - <==      Total: 1
2026-01-11 15:01:38.359 [http-nio-8080-exec-4] DEBUG c.z.e.m.m.a.A.selectList_mpCount - ==>  Preparing: SELECT COUNT(*) AS total FROM admin_admin WHERE deleted = 0 AND (deleted = ?)
2026-01-11 15:01:38.359 [http-nio-8080-exec-4] DEBUG c.z.e.m.m.a.A.selectList_mpCount - ==> Parameters: 0(Integer)
2026-01-11 15:01:38.454 [http-nio-8080-exec-4] DEBUG c.z.e.m.m.a.A.selectList_mpCount - <==      Total: 1
2026-01-11 15:01:38.455 [http-nio-8080-exec-4] DEBUG c.z.e.m.m.a.AdminMapper.selectList - ==>  Preparing: SELECT admin_id,admin_account,admin_username,admin_email,admin_phone,admin_password,admin_image,admin_introduce,admin_state,admin_loginTime,deleted FROM admin_admin WHERE deleted=0 AND (deleted = ?) LIMIT ?
2026-01-11 15:01:38.455 [http-nio-8080-exec-4] DEBUG c.z.e.m.m.a.AdminMapper.selectList - ==> Parameters: 0(Integer), 20(Long)
2026-01-11 15:01:38.557 [http-nio-8080-exec-4] DEBUG c.z.e.m.m.a.AdminMapper.selectList - <==      Total: 4
2026-01-11 15:01:39.593 [http-nio-8080-exec-8] DEBUG c.z.e.m.m.a.AdminMapper.selectById - ==>  Preparing: SELECT admin_id,admin_account,admin_username,admin_email,admin_phone,admin_password,admin_image,admin_introduce,admin_state,admin_loginTime,deleted FROM admin_admin WHERE admin_id=? AND deleted=0
2026-01-11 15:01:39.593 [http-nio-8080-exec-5] DEBUG c.z.e.m.m.a.AdminMapper.selectById - ==>  Preparing: SELECT admin_id,admin_account,admin_username,admin_email,admin_phone,admin_password,admin_image,admin_introduce,admin_state,admin_loginTime,deleted FROM admin_admin WHERE admin_id=? AND deleted=0
2026-01-11 15:01:39.593 [http-nio-8080-exec-5] DEBUG c.z.e.m.m.a.AdminMapper.selectById - ==> Parameters: 1(Integer)
2026-01-11 15:01:39.593 [http-nio-8080-exec-8] DEBUG c.z.e.m.m.a.AdminMapper.selectById - ==> Parameters: 1(Integer)
2026-01-11 15:01:39.635 [http-nio-8080-exec-8] DEBUG c.z.e.m.m.a.AdminMapper.selectById - <==      Total: 1
2026-01-11 15:01:39.635 [http-nio-8080-exec-5] DEBUG c.z.e.m.m.a.AdminMapper.selectById - <==      Total: 1
2026-01-11 15:01:39.636 [http-nio-8080-exec-5] DEBUG c.z.e.m.m.a.A.findAdminInfoById - ==>  Preparing: select * from admin_admin left join admin_admin_role on admin_admin.admin_id = admin_admin_role.adminId left join admin_role on admin_admin_role.roleId = admin_role.role_id left join admin_role_permission on admin_role.role_id = admin_role.role_id left join admin_permission on admin_role_permission.permissionId = admin_permission.permission_id where admin_admin.admin_id = ? and admin_admin.deleted = 0
2026-01-11 15:01:39.636 [http-nio-8080-exec-8] DEBUG c.z.e.m.m.a.A.findAdminInfoById - ==>  Preparing: select * from admin_admin left join admin_admin_role on admin_admin.admin_id = admin_admin_role.adminId left join admin_role on admin_admin_role.roleId = admin_role.role_id left join admin_role_permission on admin_role.role_id = admin_role.role_id left join admin_permission on admin_role_permission.permissionId = admin_permission.permission_id where admin_admin.admin_id = ? and admin_admin.deleted = 0
2026-01-11 15:01:39.636 [http-nio-8080-exec-5] DEBUG c.z.e.m.m.a.A.findAdminInfoById - ==> Parameters: 1(Integer)
2026-01-11 15:01:39.636 [http-nio-8080-exec-8] DEBUG c.z.e.m.m.a.A.findAdminInfoById - ==> Parameters: 1(Integer)
2026-01-11 15:01:39.671 [http-nio-8080-exec-8] DEBUG c.z.e.m.m.a.A.findAdminInfoById - <==      Total: 1
2026-01-11 15:01:39.671 [http-nio-8080-exec-5] DEBUG c.z.e.m.m.a.A.findAdminInfoById - <==      Total: 1
2026-01-11 15:01:39.712 [http-nio-8080-exec-5] DEBUG c.z.e.m.m.a.P.selectList - ==>  Preparing: SELECT permission_id,permission_name,permission_url,permission_introduce,deleted FROM admin_permission WHERE deleted=0
2026-01-11 15:01:39.713 [http-nio-8080-exec-5] DEBUG c.z.e.m.m.a.P.selectList - ==> Parameters: 
2026-01-11 15:01:39.716 [http-nio-8080-exec-8] DEBUG c.z.e.m.m.a.R.selectList_mpCount - ==>  Preparing: SELECT COUNT(*) AS total FROM admin_role WHERE deleted = 0 AND (deleted = ?)
2026-01-11 15:01:39.716 [http-nio-8080-exec-8] DEBUG c.z.e.m.m.a.R.selectList_mpCount - ==> Parameters: 0(Integer)
2026-01-11 15:01:39.748 [http-nio-8080-exec-5] DEBUG c.z.e.m.m.a.P.selectList - <==      Total: 1
2026-01-11 15:01:39.750 [http-nio-8080-exec-8] DEBUG c.z.e.m.m.a.R.selectList_mpCount - <==      Total: 1
2026-01-11 15:01:39.750 [http-nio-8080-exec-8] DEBUG c.z.e.m.m.a.RoleMapper.selectList - ==>  Preparing: SELECT role_id,role_name,role_introduce,deleted FROM admin_role WHERE deleted=0 AND (deleted = ?) LIMIT ?
2026-01-11 15:01:39.750 [http-nio-8080-exec-8] DEBUG c.z.e.m.m.a.RoleMapper.selectList - ==> Parameters: 0(Integer), 20(Long)
2026-01-11 15:01:39.785 [http-nio-8080-exec-8] DEBUG c.z.e.m.m.a.RoleMapper.selectList - <==      Total: 1
2026-01-11 15:01:41.645 [http-nio-8080-exec-10] DEBUG c.z.e.m.m.a.AdminMapper.selectById - ==>  Preparing: SELECT admin_id,admin_account,admin_username,admin_email,admin_phone,admin_password,admin_image,admin_introduce,admin_state,admin_loginTime,deleted FROM admin_admin WHERE admin_id=? AND deleted=0
2026-01-11 15:01:41.645 [http-nio-8080-exec-10] DEBUG c.z.e.m.m.a.AdminMapper.selectById - ==> Parameters: 1(Integer)
2026-01-11 15:01:41.680 [http-nio-8080-exec-10] DEBUG c.z.e.m.m.a.AdminMapper.selectById - <==      Total: 1
2026-01-11 15:01:41.681 [http-nio-8080-exec-10] DEBUG c.z.e.m.m.a.A.findAdminInfoById - ==>  Preparing: select * from admin_admin left join admin_admin_role on admin_admin.admin_id = admin_admin_role.adminId left join admin_role on admin_admin_role.roleId = admin_role.role_id left join admin_role_permission on admin_role.role_id = admin_role.role_id left join admin_permission on admin_role_permission.permissionId = admin_permission.permission_id where admin_admin.admin_id = ? and admin_admin.deleted = 0
2026-01-11 15:01:41.681 [http-nio-8080-exec-10] DEBUG c.z.e.m.m.a.A.findAdminInfoById - ==> Parameters: 1(Integer)
2026-01-11 15:01:41.717 [http-nio-8080-exec-10] DEBUG c.z.e.m.m.a.A.findAdminInfoById - <==      Total: 1
2026-01-11 15:01:41.762 [http-nio-8080-exec-10] DEBUG c.z.e.m.m.a.A.selectList_mpCount - ==>  Preparing: SELECT COUNT(*) AS total FROM admin_admin WHERE deleted = 0 AND (deleted = ?)
2026-01-11 15:01:41.762 [http-nio-8080-exec-10] DEBUG c.z.e.m.m.a.A.selectList_mpCount - ==> Parameters: 0(Integer)
2026-01-11 15:01:41.798 [http-nio-8080-exec-10] DEBUG c.z.e.m.m.a.A.selectList_mpCount - <==      Total: 1
2026-01-11 15:01:41.799 [http-nio-8080-exec-10] DEBUG c.z.e.m.m.a.AdminMapper.selectList - ==>  Preparing: SELECT admin_id,admin_account,admin_username,admin_email,admin_phone,admin_password,admin_image,admin_introduce,admin_state,admin_loginTime,deleted FROM admin_admin WHERE deleted=0 AND (deleted = ?) LIMIT ?
2026-01-11 15:01:41.799 [http-nio-8080-exec-10] DEBUG c.z.e.m.m.a.AdminMapper.selectList - ==> Parameters: 0(Integer), 20(Long)
2026-01-11 15:01:41.834 [http-nio-8080-exec-10] DEBUG c.z.e.m.m.a.AdminMapper.selectList - <==      Total: 4
2026-01-11 15:01:44.027 [http-nio-8080-exec-1] DEBUG c.z.e.m.m.a.AdminMapper.selectById - ==>  Preparing: SELECT admin_id,admin_account,admin_username,admin_email,admin_phone,admin_password,admin_image,admin_introduce,admin_state,admin_loginTime,deleted FROM admin_admin WHERE admin_id=? AND deleted=0
2026-01-11 15:01:44.027 [http-nio-8080-exec-1] DEBUG c.z.e.m.m.a.AdminMapper.selectById - ==> Parameters: 1(Integer)
2026-01-11 15:01:44.086 [http-nio-8080-exec-1] DEBUG c.z.e.m.m.a.AdminMapper.selectById - <==      Total: 1
2026-01-11 15:01:44.086 [http-nio-8080-exec-1] DEBUG c.z.e.m.m.a.A.findAdminInfoById - ==>  Preparing: select * from admin_admin left join admin_admin_role on admin_admin.admin_id = admin_admin_role.adminId left join admin_role on admin_admin_role.roleId = admin_role.role_id left join admin_role_permission on admin_role.role_id = admin_role.role_id left join admin_permission on admin_role_permission.permissionId = admin_permission.permission_id where admin_admin.admin_id = ? and admin_admin.deleted = 0
2026-01-11 15:01:44.086 [http-nio-8080-exec-1] DEBUG c.z.e.m.m.a.A.findAdminInfoById - ==> Parameters: 1(Integer)
2026-01-11 15:01:44.189 [http-nio-8080-exec-1] DEBUG c.z.e.m.m.a.A.findAdminInfoById - <==      Total: 1
2026-01-11 15:01:44.249 [http-nio-8080-exec-1] DEBUG c.z.e.m.m.a.A.findAdminInfoById - ==>  Preparing: select * from admin_admin left join admin_admin_role on admin_admin.admin_id = admin_admin_role.adminId left join admin_role on admin_admin_role.roleId = admin_role.role_id left join admin_role_permission on admin_role.role_id = admin_role.role_id left join admin_permission on admin_role_permission.permissionId = admin_permission.permission_id where admin_admin.admin_id = ? and admin_admin.deleted = 0
2026-01-11 15:01:44.249 [http-nio-8080-exec-1] DEBUG c.z.e.m.m.a.A.findAdminInfoById - ==> Parameters: 1(Integer)
2026-01-11 15:01:44.285 [http-nio-8080-exec-1] DEBUG c.z.e.m.m.a.A.findAdminInfoById - <==      Total: 1
2026-01-11 15:01:49.446 [http-nio-8080-exec-3] DEBUG c.z.e.m.m.a.AdminMapper.selectById - ==>  Preparing: SELECT admin_id,admin_account,admin_username,admin_email,admin_phone,admin_password,admin_image,admin_introduce,admin_state,admin_loginTime,deleted FROM admin_admin WHERE admin_id=? AND deleted=0
2026-01-11 15:01:49.446 [http-nio-8080-exec-3] DEBUG c.z.e.m.m.a.AdminMapper.selectById - ==> Parameters: 1(Integer)
2026-01-11 15:01:49.480 [http-nio-8080-exec-3] DEBUG c.z.e.m.m.a.AdminMapper.selectById - <==      Total: 1
2026-01-11 15:01:49.481 [http-nio-8080-exec-3] DEBUG c.z.e.m.m.a.A.findAdminInfoById - ==>  Preparing: select * from admin_admin left join admin_admin_role on admin_admin.admin_id = admin_admin_role.adminId left join admin_role on admin_admin_role.roleId = admin_role.role_id left join admin_role_permission on admin_role.role_id = admin_role.role_id left join admin_permission on admin_role_permission.permissionId = admin_permission.permission_id where admin_admin.admin_id = ? and admin_admin.deleted = 0
2026-01-11 15:01:49.481 [http-nio-8080-exec-3] DEBUG c.z.e.m.m.a.A.findAdminInfoById - ==> Parameters: 1(Integer)
2026-01-11 15:01:49.517 [http-nio-8080-exec-3] DEBUG c.z.e.m.m.a.A.findAdminInfoById - <==      Total: 1
2026-01-11 15:01:49.554 [http-nio-8080-exec-3] DEBUG c.z.e.m.m.a.A.findAdminInfoById - ==>  Preparing: select * from admin_admin left join admin_admin_role on admin_admin.admin_id = admin_admin_role.adminId left join admin_role on admin_admin_role.roleId = admin_role.role_id left join admin_role_permission on admin_role.role_id = admin_role.role_id left join admin_permission on admin_role_permission.permissionId = admin_permission.permission_id where admin_admin.admin_id = ? and admin_admin.deleted = 0
2026-01-11 15:01:49.554 [http-nio-8080-exec-3] DEBUG c.z.e.m.m.a.A.findAdminInfoById - ==> Parameters: 1(Integer)
2026-01-11 15:01:49.590 [http-nio-8080-exec-3] DEBUG c.z.e.m.m.a.A.findAdminInfoById - <==      Total: 1
2026-01-11 15:01:56.023 [http-nio-8080-exec-6] DEBUG c.z.e.m.m.a.AdminMapper.selectById - ==>  Preparing: SELECT admin_id,admin_account,admin_username,admin_email,admin_phone,admin_password,admin_image,admin_introduce,admin_state,admin_loginTime,deleted FROM admin_admin WHERE admin_id=? AND deleted=0
2026-01-11 15:01:56.023 [http-nio-8080-exec-6] DEBUG c.z.e.m.m.a.AdminMapper.selectById - ==> Parameters: 1(Integer)
2026-01-11 15:01:56.066 [http-nio-8080-exec-6] DEBUG c.z.e.m.m.a.AdminMapper.selectById - <==      Total: 1
2026-01-11 15:01:56.066 [http-nio-8080-exec-6] DEBUG c.z.e.m.m.a.A.findAdminInfoById - ==>  Preparing: select * from admin_admin left join admin_admin_role on admin_admin.admin_id = admin_admin_role.adminId left join admin_role on admin_admin_role.roleId = admin_role.role_id left join admin_role_permission on admin_role.role_id = admin_role.role_id left join admin_permission on admin_role_permission.permissionId = admin_permission.permission_id where admin_admin.admin_id = ? and admin_admin.deleted = 0
2026-01-11 15:01:56.068 [http-nio-8080-exec-6] DEBUG c.z.e.m.m.a.A.findAdminInfoById - ==> Parameters: 1(Integer)
2026-01-11 15:01:56.148 [http-nio-8080-exec-6] DEBUG c.z.e.m.m.a.A.findAdminInfoById - <==      Total: 1
2026-01-11 15:03:47.614 [http-nio-8080-exec-2] DEBUG c.z.e.m.m.a.AdminMapper.selectById - ==>  Preparing: SELECT admin_id,admin_account,admin_username,admin_email,admin_phone,admin_password,admin_image,admin_introduce,admin_state,admin_loginTime,deleted FROM admin_admin WHERE admin_id=? AND deleted=0
2026-01-11 15:03:47.614 [http-nio-8080-exec-9] DEBUG c.z.e.m.m.a.AdminMapper.selectById - ==>  Preparing: SELECT admin_id,admin_account,admin_username,admin_email,admin_phone,admin_password,admin_image,admin_introduce,admin_state,admin_loginTime,deleted FROM admin_admin WHERE admin_id=? AND deleted=0
2026-01-11 15:03:47.614 [http-nio-8080-exec-7] DEBUG c.z.e.m.m.a.AdminMapper.selectById - ==>  Preparing: SELECT admin_id,admin_account,admin_username,admin_email,admin_phone,admin_password,admin_image,admin_introduce,admin_state,admin_loginTime,deleted FROM admin_admin WHERE admin_id=? AND deleted=0
2026-01-11 15:03:47.615 [http-nio-8080-exec-7] DEBUG c.z.e.m.m.a.AdminMapper.selectById - ==> Parameters: 1(Integer)
2026-01-11 15:03:47.615 [http-nio-8080-exec-2] DEBUG c.z.e.m.m.a.AdminMapper.selectById - ==> Parameters: 1(Integer)
2026-01-11 15:03:47.615 [http-nio-8080-exec-9] DEBUG c.z.e.m.m.a.AdminMapper.selectById - ==> Parameters: 1(Integer)
2026-01-11 15:03:47.680 [http-nio-8080-exec-7] DEBUG c.z.e.m.m.a.AdminMapper.selectById - <==      Total: 1
2026-01-11 15:03:47.680 [http-nio-8080-exec-2] DEBUG c.z.e.m.m.a.AdminMapper.selectById - <==      Total: 1
2026-01-11 15:03:47.680 [http-nio-8080-exec-9] DEBUG c.z.e.m.m.a.AdminMapper.selectById - <==      Total: 1
2026-01-11 15:03:47.680 [http-nio-8080-exec-7] DEBUG c.z.e.m.m.a.A.findAdminInfoById - ==>  Preparing: select * from admin_admin left join admin_admin_role on admin_admin.admin_id = admin_admin_role.adminId left join admin_role on admin_admin_role.roleId = admin_role.role_id left join admin_role_permission on admin_role.role_id = admin_role.role_id left join admin_permission on admin_role_permission.permissionId = admin_permission.permission_id where admin_admin.admin_id = ? and admin_admin.deleted = 0
2026-01-11 15:03:47.680 [http-nio-8080-exec-9] DEBUG c.z.e.m.m.a.A.findAdminInfoById - ==>  Preparing: select * from admin_admin left join admin_admin_role on admin_admin.admin_id = admin_admin_role.adminId left join admin_role on admin_admin_role.roleId = admin_role.role_id left join admin_role_permission on admin_role.role_id = admin_role.role_id left join admin_permission on admin_role_permission.permissionId = admin_permission.permission_id where admin_admin.admin_id = ? and admin_admin.deleted = 0
2026-01-11 15:03:47.680 [http-nio-8080-exec-2] DEBUG c.z.e.m.m.a.A.findAdminInfoById - ==>  Preparing: select * from admin_admin left join admin_admin_role on admin_admin.admin_id = admin_admin_role.adminId left join admin_role on admin_admin_role.roleId = admin_role.role_id left join admin_role_permission on admin_role.role_id = admin_role.role_id left join admin_permission on admin_role_permission.permissionId = admin_permission.permission_id where admin_admin.admin_id = ? and admin_admin.deleted = 0
2026-01-11 15:03:47.681 [http-nio-8080-exec-7] DEBUG c.z.e.m.m.a.A.findAdminInfoById - ==> Parameters: 1(Integer)
2026-01-11 15:03:47.681 [http-nio-8080-exec-9] DEBUG c.z.e.m.m.a.A.findAdminInfoById - ==> Parameters: 1(Integer)
2026-01-11 15:03:47.681 [http-nio-8080-exec-2] DEBUG c.z.e.m.m.a.A.findAdminInfoById - ==> Parameters: 1(Integer)
2026-01-11 15:03:47.782 [http-nio-8080-exec-2] DEBUG c.z.e.m.m.a.A.findAdminInfoById - <==      Total: 1
2026-01-11 15:03:47.782 [http-nio-8080-exec-9] DEBUG c.z.e.m.m.a.A.findAdminInfoById - <==      Total: 1
2026-01-11 15:03:47.782 [http-nio-8080-exec-7] DEBUG c.z.e.m.m.a.A.findAdminInfoById - <==      Total: 1
2026-01-11 15:03:47.822 [http-nio-8080-exec-7] DEBUG c.z.e.m.m.a.R.selectList - ==>  Preparing: SELECT recruitPosition_id AS recruitPositionId,recruitPosition_name,recruitPosition_createdTime AS createdTime,recruitPosition_updatedTime AS updatedTime,recruitPosition_industryCode,recruitPosition_minMonthSalary AS minMonthSalary,recruitPosition_maxMonthSalary AS maxMonthSalary,recruitPosition_weekWorkDayNum AS weekWorkDayNum,recruitPosition_goodWelfare AS goodWelfare FROM general_recruitPosition
2026-01-11 15:03:47.823 [http-nio-8080-exec-7] DEBUG c.z.e.m.m.a.R.selectList - ==> Parameters: 
2026-01-11 15:03:47.823 [http-nio-8080-exec-9] DEBUG c.z.e.m.m.a.I.selectList - ==>  Preparing: SELECT industryMap_industryCode,industryMap_industryName,industryMap_createdTime AS createdTime,industryMap_updatedTime AS updatedTime FROM general_industryMap
2026-01-11 15:03:47.823 [http-nio-8080-exec-9] DEBUG c.z.e.m.m.a.I.selectList - ==> Parameters: 
2026-01-11 15:03:47.835 [http-nio-8080-exec-2] DEBUG c.z.e.m.m.a.E.selectList_mpCount - ==>  Preparing: SELECT COUNT(*) AS total FROM general_employmentInformation WHERE deleted = 0 AND (deleted = ?)
2026-01-11 15:03:47.835 [http-nio-8080-exec-2] DEBUG c.z.e.m.m.a.E.selectList_mpCount - ==> Parameters: 0(Integer)
2026-01-11 15:03:47.884 [http-nio-8080-exec-2] DEBUG c.z.e.m.m.a.E.selectList_mpCount - <==      Total: 1
2026-01-11 15:03:47.884 [http-nio-8080-exec-9] DEBUG c.z.e.m.m.a.I.selectList - <==      Total: 3
2026-01-11 15:03:47.884 [http-nio-8080-exec-7] DEBUG c.z.e.m.m.a.R.selectList - <==      Total: 2
2026-01-11 15:04:24.944 [HikariPool-2 housekeeper] WARN  com.zaxxer.hikari.pool.HikariPool - HikariPool-2 - Thread starvation or clock leap detected (housekeeper delta=51s170ms539µs).
2026-01-11 15:04:24.944 [HikariPool-1 housekeeper] WARN  com.zaxxer.hikari.pool.HikariPool - HikariPool-1 - Thread starvation or clock leap detected (housekeeper delta=51s170ms848µs900ns).
2026-01-11 15:05:31.077 [http-nio-8080-exec-4] DEBUG c.z.e.m.m.a.AdminMapper.selectById - ==>  Preparing: SELECT admin_id,admin_account,admin_username,admin_email,admin_phone,admin_password,admin_image,admin_introduce,admin_state,admin_loginTime,deleted FROM admin_admin WHERE admin_id=? AND deleted=0
2026-01-11 15:05:31.078 [http-nio-8080-exec-4] DEBUG c.z.e.m.m.a.AdminMapper.selectById - ==> Parameters: 1(Integer)
2026-01-11 15:05:31.133 [http-nio-8080-exec-4] DEBUG c.z.e.m.m.a.AdminMapper.selectById - <==      Total: 1
2026-01-11 15:05:31.134 [http-nio-8080-exec-4] DEBUG c.z.e.m.m.a.A.findAdminInfoById - ==>  Preparing: select * from admin_admin left join admin_admin_role on admin_admin.admin_id = admin_admin_role.adminId left join admin_role on admin_admin_role.roleId = admin_role.role_id left join admin_role_permission on admin_role.role_id = admin_role.role_id left join admin_permission on admin_role_permission.permissionId = admin_permission.permission_id where admin_admin.admin_id = ? and admin_admin.deleted = 0
2026-01-11 15:05:31.134 [http-nio-8080-exec-4] DEBUG c.z.e.m.m.a.A.findAdminInfoById - ==> Parameters: 1(Integer)
2026-01-11 15:05:31.203 [http-nio-8080-exec-4] DEBUG c.z.e.m.m.a.A.findAdminInfoById - <==      Total: 1
2026-01-11 15:05:31.260 [http-nio-8080-exec-4] DEBUG c.z.e.m.m.a.E.selectList_mpCount - ==>  Preparing: SELECT COUNT(*) AS total FROM general_employmentInformation WHERE deleted = 0 AND (deleted = ?)
2026-01-11 15:05:31.260 [http-nio-8080-exec-4] DEBUG c.z.e.m.m.a.E.selectList_mpCount - ==> Parameters: 0(Integer)
2026-01-11 15:05:31.311 [http-nio-8080-exec-4] DEBUG c.z.e.m.m.a.E.selectList_mpCount - <==      Total: 1
2026-01-11 15:11:22.982 [http-nio-8080-exec-5] DEBUG c.z.e.m.m.a.AdminMapper.selectById - ==>  Preparing: SELECT admin_id,admin_account,admin_username,admin_email,admin_phone,admin_password,admin_image,admin_introduce,admin_state,admin_loginTime,deleted FROM admin_admin WHERE admin_id=? AND deleted=0
2026-01-11 15:11:22.982 [http-nio-8080-exec-5] DEBUG c.z.e.m.m.a.AdminMapper.selectById - ==> Parameters: 1(Integer)
2026-01-11 15:11:23.020 [http-nio-8080-exec-5] DEBUG c.z.e.m.m.a.AdminMapper.selectById - <==      Total: 1
2026-01-11 15:11:23.020 [http-nio-8080-exec-5] DEBUG c.z.e.m.m.a.A.findAdminInfoById - ==>  Preparing: select * from admin_admin left join admin_admin_role on admin_admin.admin_id = admin_admin_role.adminId left join admin_role on admin_admin_role.roleId = admin_role.role_id left join admin_role_permission on admin_role.role_id = admin_role.role_id left join admin_permission on admin_role_permission.permissionId = admin_permission.permission_id where admin_admin.admin_id = ? and admin_admin.deleted = 0
2026-01-11 15:11:23.020 [http-nio-8080-exec-5] DEBUG c.z.e.m.m.a.A.findAdminInfoById - ==> Parameters: 1(Integer)
2026-01-11 15:11:23.056 [http-nio-8080-exec-5] DEBUG c.z.e.m.m.a.A.findAdminInfoById - <==      Total: 1
2026-01-11 15:11:23.104 [http-nio-8080-exec-5] DEBUG c.z.e.m.m.a.E.selectList_mpCount - ==>  Preparing: SELECT COUNT(*) AS total FROM general_employmentInformation WHERE deleted = 0 AND (deleted = ?)
2026-01-11 15:11:23.105 [http-nio-8080-exec-5] DEBUG c.z.e.m.m.a.E.selectList_mpCount - ==> Parameters: 0(Integer)
2026-01-11 15:11:23.141 [http-nio-8080-exec-5] DEBUG c.z.e.m.m.a.E.selectList_mpCount - <==      Total: 1
2026-01-11 15:11:47.843 [HikariPool-2 housekeeper] WARN  com.zaxxer.hikari.pool.HikariPool - HikariPool-2 - Thread starvation or clock leap detected (housekeeper delta=52s828ms214µs400ns).
2026-01-11 15:11:47.843 [HikariPool-1 housekeeper] WARN  com.zaxxer.hikari.pool.HikariPool - HikariPool-1 - Thread starvation or clock leap detected (housekeeper delta=52s828ms292µs700ns).
2026-01-11 15:11:48.613 [http-nio-8080-exec-8] DEBUG c.z.e.m.m.a.AdminMapper.selectById - ==>  Preparing: SELECT admin_id,admin_account,admin_username,admin_email,admin_phone,admin_password,admin_image,admin_introduce,admin_state,admin_loginTime,deleted FROM admin_admin WHERE admin_id=? AND deleted=0
2026-01-11 15:11:48.613 [http-nio-8080-exec-8] DEBUG c.z.e.m.m.a.AdminMapper.selectById - ==> Parameters: 1(Integer)
2026-01-11 15:11:48.649 [http-nio-8080-exec-8] DEBUG c.z.e.m.m.a.AdminMapper.selectById - <==      Total: 1
2026-01-11 15:11:48.649 [http-nio-8080-exec-8] DEBUG c.z.e.m.m.a.A.findAdminInfoById - ==>  Preparing: select * from admin_admin left join admin_admin_role on admin_admin.admin_id = admin_admin_role.adminId left join admin_role on admin_admin_role.roleId = admin_role.role_id left join admin_role_permission on admin_role.role_id = admin_role.role_id left join admin_permission on admin_role_permission.permissionId = admin_permission.permission_id where admin_admin.admin_id = ? and admin_admin.deleted = 0
2026-01-11 15:11:48.649 [http-nio-8080-exec-8] DEBUG c.z.e.m.m.a.A.findAdminInfoById - ==> Parameters: 1(Integer)
2026-01-11 15:11:48.684 [http-nio-8080-exec-8] DEBUG c.z.e.m.m.a.A.findAdminInfoById - <==      Total: 1
2026-01-11 15:11:48.729 [http-nio-8080-exec-8] DEBUG c.z.e.m.m.u.U.selectList_mpCount - ==>  Preparing: SELECT COUNT(*) AS total FROM user_userFeedback
2026-01-11 15:11:48.729 [http-nio-8080-exec-8] DEBUG c.z.e.m.m.u.U.selectList_mpCount - ==> Parameters: 
2026-01-11 15:11:48.764 [http-nio-8080-exec-8] DEBUG c.z.e.m.m.u.U.selectList_mpCount - <==      Total: 1
2026-01-11 15:11:48.764 [http-nio-8080-exec-8] DEBUG c.z.e.m.m.u.U.selectList - ==>  Preparing: SELECT userFeedback_id,userFeedback_title,userFeedback_content,userFeedback_time,userFeedback_recentTime,userFeedback_curStep,userFeedback_userId FROM user_userFeedback ORDER BY userFeedback_id DESC LIMIT ?
2026-01-11 15:11:48.764 [http-nio-8080-exec-8] DEBUG c.z.e.m.m.u.U.selectList - ==> Parameters: 10(Long)
2026-01-11 15:11:48.802 [http-nio-8080-exec-8] DEBUG c.z.e.m.m.u.U.selectList - <==      Total: 10
2026-01-11 15:11:48.802 [http-nio-8080-exec-8] DEBUG c.z.e.m.m.user.UserMapper.selectById - ==>  Preparing: SELECT user_id,user_account,user_username,user_email,user_phone,user_password,user_image,user_introduce,user_createdTime,user_loginTime,user_dreamPosition,user_dreamMinMonthSalary,user_dreamMaxMonthSalary,user_dreamWeekWorkDayNum,user_dreamGoodWelfare,user_recruitLocationFirst,user_recruitLocationSecond,user_recruitLocationDetail,user_universityCode FROM user_user WHERE user_id=?
2026-01-11 15:11:48.804 [http-nio-8080-exec-8] DEBUG c.z.e.m.m.user.UserMapper.selectById - ==> Parameters: 1(Integer)
2026-01-11 15:11:48.838 [http-nio-8080-exec-8] DEBUG c.z.e.m.m.user.UserMapper.selectById - <==      Total: 1
2026-01-11 15:11:54.224 [http-nio-8080-exec-10] DEBUG c.z.e.m.m.a.AdminMapper.selectById - ==>  Preparing: SELECT admin_id,admin_account,admin_username,admin_email,admin_phone,admin_password,admin_image,admin_introduce,admin_state,admin_loginTime,deleted FROM admin_admin WHERE admin_id=? AND deleted=0
2026-01-11 15:11:54.224 [http-nio-8080-exec-10] DEBUG c.z.e.m.m.a.AdminMapper.selectById - ==> Parameters: 1(Integer)
2026-01-11 15:11:54.269 [http-nio-8080-exec-10] DEBUG c.z.e.m.m.a.AdminMapper.selectById - <==      Total: 1
2026-01-11 15:11:54.270 [http-nio-8080-exec-10] DEBUG c.z.e.m.m.a.A.findAdminInfoById - ==>  Preparing: select * from admin_admin left join admin_admin_role on admin_admin.admin_id = admin_admin_role.adminId left join admin_role on admin_admin_role.roleId = admin_role.role_id left join admin_role_permission on admin_role.role_id = admin_role.role_id left join admin_permission on admin_role_permission.permissionId = admin_permission.permission_id where admin_admin.admin_id = ? and admin_admin.deleted = 0
2026-01-11 15:11:54.271 [http-nio-8080-exec-10] DEBUG c.z.e.m.m.a.A.findAdminInfoById - ==> Parameters: 1(Integer)
2026-01-11 15:11:54.372 [http-nio-8080-exec-10] DEBUG c.z.e.m.m.a.A.findAdminInfoById - <==      Total: 1
2026-01-11 15:11:54.429 [http-nio-8080-exec-10] DEBUG c.z.e.m.m.a.A.findAdminInfoById - ==>  Preparing: select * from admin_admin left join admin_admin_role on admin_admin.admin_id = admin_admin_role.adminId left join admin_role on admin_admin_role.roleId = admin_role.role_id left join admin_role_permission on admin_role.role_id = admin_role.role_id left join admin_permission on admin_role_permission.permissionId = admin_permission.permission_id where admin_admin.admin_id = ? and admin_admin.deleted = 0
2026-01-11 15:11:54.430 [http-nio-8080-exec-10] DEBUG c.z.e.m.m.a.A.findAdminInfoById - ==> Parameters: 1(Integer)
2026-01-11 15:11:54.474 [http-nio-8080-exec-10] DEBUG c.z.e.m.m.a.A.findAdminInfoById - <==      Total: 1
2026-01-11 15:13:26.982 [Thread-1] WARN  c.a.n.c.executor.ThreadPoolManager - [ThreadPoolManager] Start destroying ThreadPool
2026-01-11 15:13:26.982 [Thread-15] WARN  c.a.n.c.http.HttpClientBeanHolder - [HttpClientBeanHolder] Start destroying common HttpClient
2026-01-11 15:13:26.983 [Thread-1] WARN  c.a.n.c.executor.ThreadPoolManager - [ThreadPoolManager] Destruction of the end
2026-01-11 15:13:26.983 [Thread-15] WARN  c.a.n.c.http.HttpClientBeanHolder - [HttpClientBeanHolder] Destruction of the end
2026-01-11 15:13:27.028 [SpringApplicationShutdownHook] INFO  com.zaxxer.hikari.HikariDataSource - HikariPool-1 - Shutdown initiated...
2026-01-11 15:13:27.032 [SpringApplicationShutdownHook] INFO  com.zaxxer.hikari.HikariDataSource - HikariPool-1 - Shutdown completed.
2026-01-11 15:13:27.033 [SpringApplicationShutdownHook] INFO  c.z.e.s.impl.user.UserSmsServiceImpl - 关闭阿里云短信客户端...
2026-01-11 15:13:27.036 [SpringApplicationShutdownHook] INFO  c.z.e.s.impl.user.UserSmsServiceImpl - 阿里云短信客户端已关闭
2026-01-11 15:13:27.036 [SpringApplicationShutdownHook] INFO  c.z.e.s.i.admin.AdminSmsServiceImpl - 关闭阿里云短信客户端...
2026-01-11 15:13:27.037 [SpringApplicationShutdownHook] INFO  c.z.e.s.i.admin.AdminSmsServiceImpl - 阿里云短信客户端已关闭
2026-01-11 15:13:27.042 [SpringApplicationShutdownHook] INFO  com.zaxxer.hikari.HikariDataSource - HikariPool-2 - Shutdown initiated...
2026-01-11 15:13:27.046 [SpringApplicationShutdownHook] INFO  com.zaxxer.hikari.HikariDataSource - HikariPool-2 - Shutdown completed.
2026-01-11 15:13:34.098 [main] INFO  c.a.n.client.logging.NacosLogging - Nacos Logging Adapter Builder: com.alibaba.nacos.logger.adapter.logback12.LogbackNacosLoggingAdapterBuilder
2026-01-11 15:13:34.100 [main] INFO  c.a.n.client.logging.NacosLogging - Nacos Logging Adapter Builder: com.alibaba.nacos.logger.adapter.logback14.LogbackNacosLoggingAdapterBuilder
2026-01-11 15:13:34.101 [main] INFO  c.a.n.client.logging.NacosLogging - Nacos Logging Adapter: com.alibaba.nacos.logger.adapter.logback14.LogbackNacosLoggingAdapter match ch.qos.logback.classic.Logger success.
2026-01-11 15:13:34.109 [main] INFO  c.a.n.client.logging.NacosLogging - Nacos Logging Adapter Builder: com.alibaba.nacos.logger.adapter.log4j2.Log4j2NacosLoggingAdapterBuilder
2026-01-11 15:13:34.119 [background-preinit] INFO  o.h.validator.internal.util.Version - HV000001: Hibernate Validator 8.0.1.Final
2026-01-11 15:13:34.244 [main] INFO  c.z.e.EasyApplyResumeApplication - Starting EasyApplyResumeApplication using Java 21.0.9 with PID 31704 (D:\EasyApplyResume\EasyApplyResume\target\classes started by zhaoyunhan1 in D:\EasyApplyResume\EasyApplyResume)
2026-01-11 15:13:34.244 [main] DEBUG c.z.e.EasyApplyResumeApplication - Running with Spring Boot v3.3.5, Spring v6.1.14
2026-01-11 15:13:34.244 [main] INFO  c.z.e.EasyApplyResumeApplication - The following 1 profile is active: "dev"
2026-01-11 15:13:36.458 [main] INFO  o.s.d.r.c.RepositoryConfigurationDelegate - Multiple Spring Data modules found, entering strict repository configuration mode
2026-01-11 15:13:36.461 [main] INFO  o.s.d.r.c.RepositoryConfigurationDelegate - Bootstrapping Spring Data Redis repositories in DEFAULT mode.
2026-01-11 15:13:36.606 [main] INFO  o.s.d.r.c.RepositoryConfigurationDelegate - Finished Spring Data repository scanning in 135 ms. Found 0 Redis repository interfaces.
2026-01-11 15:13:36.730 [main] WARN  o.m.s.mapper.ClassPathMapperScanner - Cannot use both: sqlSessionTemplate and sqlSessionFactory together. sqlSessionFactory is ignored.
2026-01-11 15:13:36.732 [main] WARN  o.m.s.mapper.ClassPathMapperScanner - Cannot use both: sqlSessionTemplate and sqlSessionFactory together. sqlSessionFactory is ignored.
2026-01-11 15:13:36.734 [main] WARN  o.m.s.mapper.ClassPathMapperScanner - Cannot use both: sqlSessionTemplate and sqlSessionFactory together. sqlSessionFactory is ignored.
2026-01-11 15:13:36.736 [main] WARN  o.m.s.mapper.ClassPathMapperScanner - Cannot use both: sqlSessionTemplate and sqlSessionFactory together. sqlSessionFactory is ignored.
2026-01-11 15:13:36.737 [main] WARN  o.m.s.mapper.ClassPathMapperScanner - Cannot use both: sqlSessionTemplate and sqlSessionFactory together. sqlSessionFactory is ignored.
2026-01-11 15:13:36.738 [main] WARN  o.m.s.mapper.ClassPathMapperScanner - Cannot use both: sqlSessionTemplate and sqlSessionFactory together. sqlSessionFactory is ignored.
2026-01-11 15:13:36.740 [main] WARN  o.m.s.mapper.ClassPathMapperScanner - Cannot use both: sqlSessionTemplate and sqlSessionFactory together. sqlSessionFactory is ignored.
2026-01-11 15:13:36.741 [main] WARN  o.m.s.mapper.ClassPathMapperScanner - Cannot use both: sqlSessionTemplate and sqlSessionFactory together. sqlSessionFactory is ignored.
2026-01-11 15:13:36.742 [main] WARN  o.m.s.mapper.ClassPathMapperScanner - Cannot use both: sqlSessionTemplate and sqlSessionFactory together. sqlSessionFactory is ignored.
2026-01-11 15:13:36.743 [main] WARN  o.m.s.mapper.ClassPathMapperScanner - Cannot use both: sqlSessionTemplate and sqlSessionFactory together. sqlSessionFactory is ignored.
2026-01-11 15:13:36.745 [main] WARN  o.m.s.mapper.ClassPathMapperScanner - Cannot use both: sqlSessionTemplate and sqlSessionFactory together. sqlSessionFactory is ignored.
2026-01-11 15:13:36.746 [main] WARN  o.m.s.mapper.ClassPathMapperScanner - Cannot use both: sqlSessionTemplate and sqlSessionFactory together. sqlSessionFactory is ignored.
2026-01-11 15:13:36.748 [main] WARN  o.m.s.mapper.ClassPathMapperScanner - Cannot use both: sqlSessionTemplate and sqlSessionFactory together. sqlSessionFactory is ignored.
2026-01-11 15:13:36.749 [main] WARN  o.m.s.mapper.ClassPathMapperScanner - Cannot use both: sqlSessionTemplate and sqlSessionFactory together. sqlSessionFactory is ignored.
2026-01-11 15:13:36.750 [main] WARN  o.m.s.mapper.ClassPathMapperScanner - Cannot use both: sqlSessionTemplate and sqlSessionFactory together. sqlSessionFactory is ignored.
2026-01-11 15:13:36.752 [main] WARN  o.m.s.mapper.ClassPathMapperScanner - Cannot use both: sqlSessionTemplate and sqlSessionFactory together. sqlSessionFactory is ignored.
2026-01-11 15:13:36.753 [main] WARN  o.m.s.mapper.ClassPathMapperScanner - Cannot use both: sqlSessionTemplate and sqlSessionFactory together. sqlSessionFactory is ignored.
2026-01-11 15:13:36.754 [main] WARN  o.m.s.mapper.ClassPathMapperScanner - Cannot use both: sqlSessionTemplate and sqlSessionFactory together. sqlSessionFactory is ignored.
2026-01-11 15:13:36.755 [main] WARN  o.m.s.mapper.ClassPathMapperScanner - Cannot use both: sqlSessionTemplate and sqlSessionFactory together. sqlSessionFactory is ignored.
2026-01-11 15:13:36.756 [main] WARN  o.m.s.mapper.ClassPathMapperScanner - Cannot use both: sqlSessionTemplate and sqlSessionFactory together. sqlSessionFactory is ignored.
2026-01-11 15:13:36.758 [main] WARN  o.m.s.mapper.ClassPathMapperScanner - Cannot use both: sqlSessionTemplate and sqlSessionFactory together. sqlSessionFactory is ignored.
2026-01-11 15:13:36.759 [main] WARN  o.m.s.mapper.ClassPathMapperScanner - Cannot use both: sqlSessionTemplate and sqlSessionFactory together. sqlSessionFactory is ignored.
2026-01-11 15:13:36.760 [main] WARN  o.m.s.mapper.ClassPathMapperScanner - Cannot use both: sqlSessionTemplate and sqlSessionFactory together. sqlSessionFactory is ignored.
2026-01-11 15:13:36.762 [main] WARN  o.m.s.mapper.ClassPathMapperScanner - Cannot use both: sqlSessionTemplate and sqlSessionFactory together. sqlSessionFactory is ignored.
2026-01-11 15:13:36.764 [main] WARN  o.m.s.mapper.ClassPathMapperScanner - Cannot use both: sqlSessionTemplate and sqlSessionFactory together. sqlSessionFactory is ignored.
2026-01-11 15:13:36.765 [main] WARN  o.m.s.mapper.ClassPathMapperScanner - Cannot use both: sqlSessionTemplate and sqlSessionFactory together. sqlSessionFactory is ignored.
2026-01-11 15:13:36.766 [main] WARN  o.m.s.mapper.ClassPathMapperScanner - Cannot use both: sqlSessionTemplate and sqlSessionFactory together. sqlSessionFactory is ignored.
2026-01-11 15:13:36.768 [main] WARN  o.m.s.mapper.ClassPathMapperScanner - Cannot use both: sqlSessionTemplate and sqlSessionFactory together. sqlSessionFactory is ignored.
2026-01-11 15:13:36.769 [main] WARN  o.m.s.mapper.ClassPathMapperScanner - Cannot use both: sqlSessionTemplate and sqlSessionFactory together. sqlSessionFactory is ignored.
2026-01-11 15:13:36.771 [main] WARN  o.m.s.mapper.ClassPathMapperScanner - Cannot use both: sqlSessionTemplate and sqlSessionFactory together. sqlSessionFactory is ignored.
2026-01-11 15:13:36.772 [main] WARN  o.m.s.mapper.ClassPathMapperScanner - Cannot use both: sqlSessionTemplate and sqlSessionFactory together. sqlSessionFactory is ignored.
2026-01-11 15:13:36.774 [main] WARN  o.m.s.mapper.ClassPathMapperScanner - Cannot use both: sqlSessionTemplate and sqlSessionFactory together. sqlSessionFactory is ignored.
2026-01-11 15:13:36.775 [main] WARN  o.m.s.mapper.ClassPathMapperScanner - Cannot use both: sqlSessionTemplate and sqlSessionFactory together. sqlSessionFactory is ignored.
2026-01-11 15:13:36.776 [main] WARN  o.m.s.mapper.ClassPathMapperScanner - Cannot use both: sqlSessionTemplate and sqlSessionFactory together. sqlSessionFactory is ignored.
2026-01-11 15:13:36.777 [main] WARN  o.m.s.mapper.ClassPathMapperScanner - Cannot use both: sqlSessionTemplate and sqlSessionFactory together. sqlSessionFactory is ignored.
2026-01-11 15:13:36.779 [main] WARN  o.m.s.mapper.ClassPathMapperScanner - Cannot use both: sqlSessionTemplate and sqlSessionFactory together. sqlSessionFactory is ignored.
2026-01-11 15:13:36.780 [main] WARN  o.m.s.mapper.ClassPathMapperScanner - Cannot use both: sqlSessionTemplate and sqlSessionFactory together. sqlSessionFactory is ignored.
2026-01-11 15:13:36.781 [main] WARN  o.m.s.mapper.ClassPathMapperScanner - Cannot use both: sqlSessionTemplate and sqlSessionFactory together. sqlSessionFactory is ignored.
2026-01-11 15:13:36.782 [main] WARN  o.m.s.mapper.ClassPathMapperScanner - Cannot use both: sqlSessionTemplate and sqlSessionFactory together. sqlSessionFactory is ignored.
2026-01-11 15:13:36.816 [main] WARN  o.m.s.mapper.ClassPathMapperScanner - No MyBatis mapper was found in '[com.zyh.easyapplyresume.mapper.pgvector]' package. Please check your configuration.
2026-01-11 15:13:37.045 [main] WARN  o.s.c.s.PostProcessorRegistrationDelegate$BeanPostProcessorChecker - Bean 'com.alibaba.cloud.nacos.NacosConfigAutoConfiguration' of type [com.alibaba.cloud.nacos.NacosConfigAutoConfiguration] is not eligible for getting processed by all BeanPostProcessors (for example: not eligible for auto-proxying). The currently created BeanPostProcessor [nacosAnnotationProcessor] is declared through a non-static factory method on that class; consider declaring it as static instead.
2026-01-11 15:13:37.050 [main] WARN  o.s.c.s.PostProcessorRegistrationDelegate$BeanPostProcessorChecker - Bean 'nacosConfigProperties' of type [com.alibaba.cloud.nacos.NacosConfigProperties] is not eligible for getting processed by all BeanPostProcessors (for example: not eligible for auto-proxying). Is this bean getting eagerly injected/applied to a currently created BeanPostProcessor [nacosAnnotationProcessor]? Check the corresponding BeanPostProcessor declaration and its dependencies/advisors. If this bean does not have to be post-processed, declare it with ROLE_INFRASTRUCTURE.
2026-01-11 15:13:37.119 [main] INFO  c.a.n.p.a.s.c.ClientAuthPluginManager - [ClientAuthPluginManager] Load ClientAuthService com.alibaba.nacos.client.auth.impl.NacosClientAuthServiceImpl success.
2026-01-11 15:13:37.119 [main] INFO  c.a.n.p.a.s.c.ClientAuthPluginManager - [ClientAuthPluginManager] Load ClientAuthService com.alibaba.nacos.client.auth.ram.RamClientAuthServiceImpl success.
2026-01-11 15:13:37.122 [main] WARN  o.s.c.s.PostProcessorRegistrationDelegate$BeanPostProcessorChecker - Bean 'nacosConfigManager' of type [com.alibaba.cloud.nacos.NacosConfigManager] is not eligible for getting processed by all BeanPostProcessors (for example: not eligible for auto-proxying). Is this bean getting eagerly injected/applied to a currently created BeanPostProcessor [nacosAnnotationProcessor]? Check the corresponding BeanPostProcessor declaration and its dependencies/advisors. If this bean does not have to be post-processed, declare it with ROLE_INFRASTRUCTURE.
2026-01-11 15:13:37.488 [main] INFO  o.s.b.w.e.tomcat.TomcatWebServer - Tomcat initialized with port 8080 (http)
2026-01-11 15:13:37.496 [main] INFO  o.a.coyote.http11.Http11NioProtocol - Initializing ProtocolHandler ["http-nio-8080"]
2026-01-11 15:13:37.500 [main] INFO  o.a.catalina.core.StandardService - Starting service [Tomcat]
2026-01-11 15:13:37.500 [main] INFO  o.a.catalina.core.StandardEngine - Starting Servlet engine: [Apache Tomcat/10.1.31]
2026-01-11 15:13:37.609 [main] INFO  o.a.c.c.C.[.[localhost].[/api] - Initializing Spring embedded WebApplicationContext
2026-01-11 15:13:37.610 [main] INFO  o.s.b.w.s.c.ServletWebServerApplicationContext - Root WebApplicationContext: initialization completed in 3332 ms
2026-01-11 15:13:38.333 [main] WARN  c.b.m.core.metadata.TableInfoHelper - Can not find table primary key in Class: "com.zyh.easyapplyresume.model.pojo.user.UserCollections".
2026-01-11 15:13:38.334 [main] WARN  c.b.m.c.injector.DefaultSqlInjector - class com.zyh.easyapplyresume.model.pojo.user.UserCollections ,Not found @TableId annotation, Cannot use Mybatis-Plus 'xxById' Method.
2026-01-11 15:13:38.444 [main] DEBUG c.z.e.filter.UserJwtAuthFilter - Filter 'userJwtAuthFilter' configured for use
2026-01-11 15:13:38.446 [main] DEBUG c.z.e.filter.AdminJwtAuthFilter - Filter 'adminJwtAuthFilter' configured for use
2026-01-11 15:13:38.563 [main] INFO  c.z.e.s.i.admin.AdminSmsServiceImpl - 开始初始化阿里云短信客户端...
2026-01-11 15:13:38.776 [main] INFO  c.z.e.s.i.admin.AdminSmsServiceImpl - 阿里云短信客户端初始化完成
2026-01-11 15:13:39.612 [main] INFO  c.z.e.d.a.AdminSensitiveWordsAdvisor - 管理端敏感词初始化完成，共加载 137 个敏感词
2026-01-11 15:13:41.288 [main] INFO  c.z.s.ImageSearchMcpApplication - Starting ImageSearchMcpApplication v0.0.1-SNAPSHOT using Java 21.0.9 with PID 30400 (D:\EasyApplyResume\EasyApplyResume\Image-Search-Mcp\target\Image-Search-Mcp-0.0.1-SNAPSHOT.jar started by zhaoyunhan1 in D:\EasyApplyResume\EasyApplyResume)
2026-01-11 15:13:41.290 [main] INFO  c.z.s.ImageSearchMcpApplication - The following 1 profile is active: "stdio"
2026-01-11 15:13:42.291 [pool-1-thread-1] INFO  i.m.server.McpAsyncServer - Client initialize request - Protocol: 2024-11-05, Capabilities: ClientCapabilities[experimental=null, roots=null, sampling=null], Info: Implementation[name=spring-ai-mcp-client, version=1.0.0]
2026-01-11 15:13:42.365 [pool-4-thread-1] INFO  i.m.client.McpAsyncClient - Server response with Protocol: 2024-11-05, Capabilities: ServerCapabilities[experimental=null, logging=LoggingCapabilities[], prompts=null, resources=null, tools=ToolCapabilities[listChanged=true]], Info: Implementation[name=image-search-mcp-server, version=0.0.1] and Instructions null
2026-01-11 15:13:42.400 [main] INFO  c.z.s.ImageSearchMcpApplication - Started ImageSearchMcpApplication in 1.482 seconds (process running for 2.176)
2026-01-11 15:13:49.221 [pool-9-thread-1] INFO  i.m.c.transport.StdioClientTransport - STDERR Message received: Amap Maps MCP Server running on stdio
2026-01-11 15:13:49.228 [pool-7-thread-1] INFO  i.m.client.McpAsyncClient - Server response with Protocol: 2024-11-05, Capabilities: ServerCapabilities[experimental=null, logging=null, prompts=null, resources=null, tools=ToolCapabilities[listChanged=null]], Info: Implementation[name=mcp-server/amap-maps, version=0.1.0] and Instructions null
2026-01-11 15:13:49.501 [main] INFO  c.z.e.d.a.SensitiveWordsAdvisor - 用户端敏感词初始化完成，共加载 137 个敏感词
2026-01-11 15:13:49.793 [main] INFO  o.s.a.t.splitter.TextSplitter - Splitting up document into 2 chunks.
2026-01-11 15:13:49.796 [main] INFO  o.s.a.t.splitter.TextSplitter - Splitting up document into 2 chunks.
2026-01-11 15:13:49.798 [main] INFO  o.s.a.t.splitter.TextSplitter - Splitting up document into 2 chunks.
2026-01-11 15:13:53.844 [main] INFO  o.s.ai.vectorstore.SimpleVectorStore - Calling EmbeddingModel for document id = fdaadbe5-39c9-4f15-adb5-932f806ad40d
2026-01-11 15:13:54.028 [main] INFO  o.s.ai.vectorstore.SimpleVectorStore - Calling EmbeddingModel for document id = 9671c5ea-2bcb-4cf3-8246-90b43269f984
2026-01-11 15:13:54.289 [main] INFO  o.s.ai.vectorstore.SimpleVectorStore - Calling EmbeddingModel for document id = ee88e8b4-b2f6-4229-a6aa-8dabf039a0b1
2026-01-11 15:13:54.604 [main] INFO  c.z.e.s.impl.user.UserSmsServiceImpl - 开始初始化阿里云短信客户端...
2026-01-11 15:13:54.622 [main] INFO  c.z.e.s.impl.user.UserSmsServiceImpl - 阿里云短信客户端初始化完成
2026-01-11 15:13:54.763 [main] WARN  c.b.m.e.s.MybatisSqlSessionFactoryBean - Property 'mapperLocations' was specified but matching resources are not found.
2026-01-11 15:13:54.843 [main] INFO  o.s.a.v.pgvector.PgVectorStore - Using the vector table name: vector_store. Is empty: false
2026-01-11 15:13:54.844 [main] INFO  o.s.a.v.pgvector.PgVectorStore - Initializing PGVectorStore schema for table: vector_store in schema: public
2026-01-11 15:13:54.844 [main] INFO  o.s.a.v.pgvector.PgVectorStore - vectorTableValidationsEnabled false
2026-01-11 15:13:54.847 [main] INFO  com.zaxxer.hikari.HikariDataSource - HikariPool-1 - Starting...
2026-01-11 15:13:55.195 [main] INFO  com.zaxxer.hikari.pool.HikariPool - HikariPool-1 - Added connection org.postgresql.jdbc.PgConnection@61a364a1
2026-01-11 15:13:55.196 [main] INFO  com.zaxxer.hikari.HikariDataSource - HikariPool-1 - Start completed.
2026-01-11 15:13:55.595 [main] WARN  o.s.b.a.s.s.UserDetailsServiceAutoConfiguration - 

Using generated security password: 6ca8eab8-5288-485d-894f-f657b0b34908

This generated password is for development use only. Your security configuration must be updated before running your application in production.

2026-01-11 15:13:55.602 [main] INFO  o.s.s.c.a.a.c.InitializeUserDetailsBeanManagerConfigurer$InitializeUserDetailsManagerConfigurer - Global AuthenticationManager configured with UserDetailsService bean with name inMemoryUserDetailsManager
2026-01-11 15:13:55.965 [main] INFO  o.s.b.a.e.web.EndpointLinksResolver - Exposing 16 endpoints beneath base path '/actuator'
2026-01-11 15:13:56.900 [main] INFO  o.a.coyote.http11.Http11NioProtocol - Starting ProtocolHandler ["http-nio-8080"]
2026-01-11 15:13:56.917 [main] INFO  o.s.b.w.e.tomcat.TomcatWebServer - Tomcat started on port 8080 (http) with context path '/api'
2026-01-11 15:13:59.166 [main] INFO  c.z.e.EasyApplyResumeApplication - Started EasyApplyResumeApplication in 25.568 seconds (process running for 27.111)
2026-01-11 15:14:01.621 [registrationTask1] WARN  d.c.b.a.c.r.ApplicationRegistrator - Failed to register application as Application(name=EasyApplyResume, managementUrl=http://backend-1:8080/actuator, healthUrl=http://backend-1:8080/actuator/health, serviceUrl=http://backend-1:8080) at spring-boot-admin ([http://EasyApplyResume-spring-boot-admin:9090/instances]): I/O error on POST request for "http://EasyApplyResume-spring-boot-admin:9090/instances": 不知道这样的主机。 (easyapplyresume-spring-boot-admin). Further attempts are logged on DEBUG level
2026-01-11 15:14:05.249 [http-nio-8080-exec-3] INFO  o.a.c.c.C.[.[localhost].[/api] - Initializing Spring DispatcherServlet 'dispatcherServlet'
2026-01-11 15:14:05.249 [http-nio-8080-exec-3] INFO  o.s.web.servlet.DispatcherServlet - Initializing Servlet 'dispatcherServlet'
2026-01-11 15:14:05.251 [http-nio-8080-exec-3] INFO  o.s.web.servlet.DispatcherServlet - Completed initialization in 2 ms
2026-01-11 15:14:05.572 [http-nio-8080-exec-3] INFO  com.zaxxer.hikari.HikariDataSource - HikariPool-2 - Starting...
2026-01-11 15:14:06.366 [http-nio-8080-exec-3] INFO  com.zaxxer.hikari.pool.HikariPool - HikariPool-2 - Added connection com.mysql.cj.jdbc.ConnectionImpl@2d6c6b82
2026-01-11 15:14:06.367 [http-nio-8080-exec-3] INFO  com.zaxxer.hikari.HikariDataSource - HikariPool-2 - Start completed.
2026-01-11 15:14:06.370 [http-nio-8080-exec-3] DEBUG c.z.e.m.m.a.AdminMapper.selectById - ==>  Preparing: SELECT admin_id,admin_account,admin_username,admin_email,admin_phone,admin_password,admin_image,admin_introduce,admin_state,admin_loginTime,deleted FROM admin_admin WHERE admin_id=? AND deleted=0
2026-01-11 15:14:06.393 [http-nio-8080-exec-3] DEBUG c.z.e.m.m.a.AdminMapper.selectById - ==> Parameters: 1(Integer)
2026-01-11 15:14:06.460 [http-nio-8080-exec-3] DEBUG c.z.e.m.m.a.AdminMapper.selectById - <==      Total: 1
2026-01-11 15:14:06.464 [http-nio-8080-exec-2] DEBUG c.z.e.m.m.a.AdminMapper.selectById - ==>  Preparing: SELECT admin_id,admin_account,admin_username,admin_email,admin_phone,admin_password,admin_image,admin_introduce,admin_state,admin_loginTime,deleted FROM admin_admin WHERE admin_id=? AND deleted=0
2026-01-11 15:14:06.464 [http-nio-8080-exec-2] DEBUG c.z.e.m.m.a.AdminMapper.selectById - ==> Parameters: 1(Integer)
2026-01-11 15:14:06.519 [http-nio-8080-exec-2] DEBUG c.z.e.m.m.a.AdminMapper.selectById - <==      Total: 1
2026-01-11 15:14:06.519 [http-nio-8080-exec-1] DEBUG c.z.e.m.m.a.AdminMapper.selectById - ==>  Preparing: SELECT admin_id,admin_account,admin_username,admin_email,admin_phone,admin_password,admin_image,admin_introduce,admin_state,admin_loginTime,deleted FROM admin_admin WHERE admin_id=? AND deleted=0
2026-01-11 15:14:06.520 [http-nio-8080-exec-1] DEBUG c.z.e.m.m.a.AdminMapper.selectById - ==> Parameters: 1(Integer)
2026-01-11 15:14:06.572 [http-nio-8080-exec-1] DEBUG c.z.e.m.m.a.AdminMapper.selectById - <==      Total: 1
2026-01-11 15:14:06.572 [http-nio-8080-exec-3] DEBUG c.z.e.m.m.a.A.findAdminInfoById - ==>  Preparing: select * from admin_admin left join admin_admin_role on admin_admin.admin_id = admin_admin_role.adminId left join admin_role on admin_admin_role.roleId = admin_role.role_id left join admin_role_permission on admin_role.role_id = admin_role.role_id left join admin_permission on admin_role_permission.permissionId = admin_permission.permission_id where admin_admin.admin_id = ? and admin_admin.deleted = 0
2026-01-11 15:14:06.573 [http-nio-8080-exec-3] DEBUG c.z.e.m.m.a.A.findAdminInfoById - ==> Parameters: 1(Integer)
2026-01-11 15:14:06.609 [http-nio-8080-exec-3] DEBUG c.z.e.m.m.a.A.findAdminInfoById - <==      Total: 1
2026-01-11 15:14:06.609 [http-nio-8080-exec-2] DEBUG c.z.e.m.m.a.A.findAdminInfoById - ==>  Preparing: select * from admin_admin left join admin_admin_role on admin_admin.admin_id = admin_admin_role.adminId left join admin_role on admin_admin_role.roleId = admin_role.role_id left join admin_role_permission on admin_role.role_id = admin_role.role_id left join admin_permission on admin_role_permission.permissionId = admin_permission.permission_id where admin_admin.admin_id = ? and admin_admin.deleted = 0
2026-01-11 15:14:06.610 [http-nio-8080-exec-2] DEBUG c.z.e.m.m.a.A.findAdminInfoById - ==> Parameters: 1(Integer)
2026-01-11 15:14:06.683 [http-nio-8080-exec-2] DEBUG c.z.e.m.m.a.A.findAdminInfoById - <==      Total: 1
2026-01-11 15:14:06.684 [http-nio-8080-exec-1] DEBUG c.z.e.m.m.a.A.findAdminInfoById - ==>  Preparing: select * from admin_admin left join admin_admin_role on admin_admin.admin_id = admin_admin_role.adminId left join admin_role on admin_admin_role.roleId = admin_role.role_id left join admin_role_permission on admin_role.role_id = admin_role.role_id left join admin_permission on admin_role_permission.permissionId = admin_permission.permission_id where admin_admin.admin_id = ? and admin_admin.deleted = 0
2026-01-11 15:14:06.684 [http-nio-8080-exec-1] DEBUG c.z.e.m.m.a.A.findAdminInfoById - ==> Parameters: 1(Integer)
2026-01-11 15:14:06.720 [http-nio-8080-exec-1] DEBUG c.z.e.m.m.a.A.findAdminInfoById - <==      Total: 1
2026-01-11 15:14:06.779 [http-nio-8080-exec-3] DEBUG c.z.e.m.m.a.I.selectList - ==>  Preparing: SELECT industryMap_industryCode,industryMap_industryName,industryMap_createdTime AS createdTime,industryMap_updatedTime AS updatedTime FROM general_industryMap
2026-01-11 15:14:06.779 [http-nio-8080-exec-2] DEBUG c.z.e.m.m.a.R.selectList - ==>  Preparing: SELECT recruitPosition_id AS recruitPositionId,recruitPosition_name,recruitPosition_createdTime AS createdTime,recruitPosition_updatedTime AS updatedTime,recruitPosition_industryCode,recruitPosition_minMonthSalary AS minMonthSalary,recruitPosition_maxMonthSalary AS maxMonthSalary,recruitPosition_weekWorkDayNum AS weekWorkDayNum,recruitPosition_goodWelfare AS goodWelfare FROM general_recruitPosition
2026-01-11 15:14:06.779 [http-nio-8080-exec-3] DEBUG c.z.e.m.m.a.I.selectList - ==> Parameters: 
2026-01-11 15:14:06.779 [http-nio-8080-exec-2] DEBUG c.z.e.m.m.a.R.selectList - ==> Parameters: 
2026-01-11 15:14:06.821 [http-nio-8080-exec-2] DEBUG c.z.e.m.m.a.R.selectList - <==      Total: 2
2026-01-11 15:14:06.821 [http-nio-8080-exec-3] DEBUG c.z.e.m.m.a.I.selectList - <==      Total: 3
2026-01-11 15:14:07.173 [http-nio-8080-exec-1] DEBUG c.z.e.m.m.a.E.selectList_mpCount - ==>  Preparing: SELECT COUNT(*) AS total FROM general_employmentInformation WHERE deleted = 0 AND (deleted = ?)
2026-01-11 15:14:07.175 [http-nio-8080-exec-1] DEBUG c.z.e.m.m.a.E.selectList_mpCount - ==> Parameters: 0(Integer)
2026-01-11 15:14:07.305 [http-nio-8080-exec-1] DEBUG c.z.e.m.m.a.E.selectList_mpCount - <==      Total: 1
2026-01-11 15:14:07.308 [http-nio-8080-exec-1] DEBUG c.z.e.m.m.a.E.selectList - ==>  Preparing: SELECT employmentInformation_id,employmentInformation_code,employmentInformation_companyName,employmentInformation_industryCategories,employmentInformation_companyType,employmentInformation_batch,employmentInformation_recruitPosition,employmentInformation_recruitObject,employmentInformation_recruitLocationFirst,employmentInformation_recruitLocationSecond,employmentInformation_recruitLocationDetail,employmentInformation_startTime,employmentInformation_stopTime,employmentInformation_updatedTime,employmentInformation_onlineApplicationStatus,employmentInformation_officialAnnouncement,employmentInformation_submissionWay,employmentInformation_employeeReferralCode,deleted FROM general_employmentInformation WHERE deleted=0 AND (deleted = ?) LIMIT ?
2026-01-11 15:14:07.311 [http-nio-8080-exec-1] DEBUG c.z.e.m.m.a.E.selectList - ==> Parameters: 0(Integer), 10(Long)
2026-01-11 15:14:07.397 [http-nio-8080-exec-1] DEBUG c.z.e.m.m.a.E.selectList - <==      Total: 1
2026-01-11 15:14:07.399 [http-nio-8080-exec-1] DEBUG c.z.e.m.m.a.E.selectList - ==>  Preparing: SELECT employmentInformation_id,employmentInformation_code,employmentInformation_companyName,employmentInformation_industryCategories,employmentInformation_companyType,employmentInformation_batch,employmentInformation_recruitPosition,employmentInformation_recruitObject,employmentInformation_recruitLocationFirst,employmentInformation_recruitLocationSecond,employmentInformation_recruitLocationDetail,employmentInformation_startTime,employmentInformation_stopTime,employmentInformation_updatedTime,employmentInformation_onlineApplicationStatus,employmentInformation_officialAnnouncement,employmentInformation_submissionWay,employmentInformation_employeeReferralCode,deleted FROM general_employmentInformation WHERE deleted=0 AND (employmentInformation_code = ? AND deleted = ?)
2026-01-11 15:14:07.400 [http-nio-8080-exec-1] DEBUG c.z.e.m.m.a.E.selectList - ==> Parameters: 1(Integer), 0(Integer)
2026-01-11 15:14:07.490 [http-nio-8080-exec-1] DEBUG c.z.e.m.m.a.E.selectList - <==      Total: 1
2026-01-11 15:14:07.528 [http-nio-8080-exec-1] DEBUG c.z.e.m.m.a.I.selectById - ==>  Preparing: SELECT industryMap_industryCode,industryMap_industryName,industryMap_createdTime AS createdTime,industryMap_updatedTime AS updatedTime FROM general_industryMap WHERE industryMap_industryCode=?
2026-01-11 15:14:07.528 [http-nio-8080-exec-1] DEBUG c.z.e.m.m.a.I.selectById - ==> Parameters: 3(Integer)
2026-01-11 15:14:07.596 [http-nio-8080-exec-1] DEBUG c.z.e.m.m.a.I.selectById - <==      Total: 1
2026-01-11 15:14:07.596 [http-nio-8080-exec-1] DEBUG c.z.e.m.m.a.R.selectById - ==>  Preparing: SELECT recruitPosition_id AS recruitPositionId,recruitPosition_name,recruitPosition_createdTime AS createdTime,recruitPosition_updatedTime AS updatedTime,recruitPosition_industryCode,recruitPosition_minMonthSalary AS minMonthSalary,recruitPosition_maxMonthSalary AS maxMonthSalary,recruitPosition_weekWorkDayNum AS weekWorkDayNum,recruitPosition_goodWelfare AS goodWelfare FROM general_recruitPosition WHERE recruitPosition_id =?
2026-01-11 15:14:07.597 [http-nio-8080-exec-1] DEBUG c.z.e.m.m.a.R.selectById - ==> Parameters: 2(Integer)
2026-01-11 15:14:07.675 [http-nio-8080-exec-1] DEBUG c.z.e.m.m.a.R.selectById - <==      Total: 1
2026-01-11 15:14:20.722 [http-nio-8080-exec-4] DEBUG c.z.e.m.m.a.AdminMapper.selectById - ==>  Preparing: SELECT admin_id,admin_account,admin_username,admin_email,admin_phone,admin_password,admin_image,admin_introduce,admin_state,admin_loginTime,deleted FROM admin_admin WHERE admin_id=? AND deleted=0
2026-01-11 15:14:20.723 [http-nio-8080-exec-4] DEBUG c.z.e.m.m.a.AdminMapper.selectById - ==> Parameters: 1(Integer)
2026-01-11 15:14:20.760 [http-nio-8080-exec-4] DEBUG c.z.e.m.m.a.AdminMapper.selectById - <==      Total: 1
2026-01-11 15:14:20.760 [http-nio-8080-exec-4] DEBUG c.z.e.m.m.a.A.findAdminInfoById - ==>  Preparing: select * from admin_admin left join admin_admin_role on admin_admin.admin_id = admin_admin_role.adminId left join admin_role on admin_admin_role.roleId = admin_role.role_id left join admin_role_permission on admin_role.role_id = admin_role.role_id left join admin_permission on admin_role_permission.permissionId = admin_permission.permission_id where admin_admin.admin_id = ? and admin_admin.deleted = 0
2026-01-11 15:14:20.760 [http-nio-8080-exec-4] DEBUG c.z.e.m.m.a.A.findAdminInfoById - ==> Parameters: 1(Integer)
2026-01-11 15:14:20.796 [http-nio-8080-exec-4] DEBUG c.z.e.m.m.a.A.findAdminInfoById - <==      Total: 1
2026-01-11 15:14:20.843 [http-nio-8080-exec-4] DEBUG c.z.e.m.m.a.E.selectList_mpCount - ==>  Preparing: SELECT COUNT(*) AS total FROM general_employmentInformation WHERE deleted = 0 AND (deleted = ?)
2026-01-11 15:14:20.844 [http-nio-8080-exec-4] DEBUG c.z.e.m.m.a.E.selectList_mpCount - ==> Parameters: 0(Integer)
2026-01-11 15:14:20.879 [http-nio-8080-exec-4] DEBUG c.z.e.m.m.a.E.selectList_mpCount - <==      Total: 1
2026-01-11 15:14:20.879 [http-nio-8080-exec-4] DEBUG c.z.e.m.m.a.E.selectList - ==>  Preparing: SELECT employmentInformation_id,employmentInformation_code,employmentInformation_companyName,employmentInformation_industryCategories,employmentInformation_companyType,employmentInformation_batch,employmentInformation_recruitPosition,employmentInformation_recruitObject,employmentInformation_recruitLocationFirst,employmentInformation_recruitLocationSecond,employmentInformation_recruitLocationDetail,employmentInformation_startTime,employmentInformation_stopTime,employmentInformation_updatedTime,employmentInformation_onlineApplicationStatus,employmentInformation_officialAnnouncement,employmentInformation_submissionWay,employmentInformation_employeeReferralCode,deleted FROM general_employmentInformation WHERE deleted=0 AND (deleted = ?) LIMIT ?
2026-01-11 15:14:20.879 [http-nio-8080-exec-4] DEBUG c.z.e.m.m.a.E.selectList - ==> Parameters: 0(Integer), 10(Long)
2026-01-11 15:14:20.924 [http-nio-8080-exec-4] DEBUG c.z.e.m.m.a.E.selectList - <==      Total: 1
2026-01-11 15:14:20.926 [http-nio-8080-exec-4] DEBUG c.z.e.m.m.a.E.selectList - ==>  Preparing: SELECT employmentInformation_id,employmentInformation_code,employmentInformation_companyName,employmentInformation_industryCategories,employmentInformation_companyType,employmentInformation_batch,employmentInformation_recruitPosition,employmentInformation_recruitObject,employmentInformation_recruitLocationFirst,employmentInformation_recruitLocationSecond,employmentInformation_recruitLocationDetail,employmentInformation_startTime,employmentInformation_stopTime,employmentInformation_updatedTime,employmentInformation_onlineApplicationStatus,employmentInformation_officialAnnouncement,employmentInformation_submissionWay,employmentInformation_employeeReferralCode,deleted FROM general_employmentInformation WHERE deleted=0 AND (employmentInformation_code = ? AND deleted = ?)
2026-01-11 15:14:20.926 [http-nio-8080-exec-4] DEBUG c.z.e.m.m.a.E.selectList - ==> Parameters: 1(Integer), 0(Integer)
2026-01-11 15:14:20.970 [http-nio-8080-exec-4] DEBUG c.z.e.m.m.a.E.selectList - <==      Total: 1
2026-01-11 15:14:20.971 [http-nio-8080-exec-4] DEBUG c.z.e.m.m.a.I.selectById - ==>  Preparing: SELECT industryMap_industryCode,industryMap_industryName,industryMap_createdTime AS createdTime,industryMap_updatedTime AS updatedTime FROM general_industryMap WHERE industryMap_industryCode=?
2026-01-11 15:14:20.972 [http-nio-8080-exec-4] DEBUG c.z.e.m.m.a.I.selectById - ==> Parameters: 3(Integer)
2026-01-11 15:14:21.008 [http-nio-8080-exec-4] DEBUG c.z.e.m.m.a.I.selectById - <==      Total: 1
2026-01-11 15:14:21.008 [http-nio-8080-exec-4] DEBUG c.z.e.m.m.a.R.selectById - ==>  Preparing: SELECT recruitPosition_id AS recruitPositionId,recruitPosition_name,recruitPosition_createdTime AS createdTime,recruitPosition_updatedTime AS updatedTime,recruitPosition_industryCode,recruitPosition_minMonthSalary AS minMonthSalary,recruitPosition_maxMonthSalary AS maxMonthSalary,recruitPosition_weekWorkDayNum AS weekWorkDayNum,recruitPosition_goodWelfare AS goodWelfare FROM general_recruitPosition WHERE recruitPosition_id =?
2026-01-11 15:14:21.009 [http-nio-8080-exec-4] DEBUG c.z.e.m.m.a.R.selectById - ==> Parameters: 2(Integer)
2026-01-11 15:14:21.045 [http-nio-8080-exec-4] DEBUG c.z.e.m.m.a.R.selectById - <==      Total: 1
2026-01-11 16:08:26.270 [HikariPool-1 housekeeper] WARN  com.zaxxer.hikari.pool.HikariPool - HikariPool-1 - Thread starvation or clock leap detected (housekeeper delta=54m946ms739µs800ns).
2026-01-11 16:08:37.451 [HikariPool-2 housekeeper] WARN  com.zaxxer.hikari.pool.HikariPool - HikariPool-2 - Thread starvation or clock leap detected (housekeeper delta=54m947ms931µs200ns).
2026-01-11 16:08:48.881 [http-nio-8080-exec-5] ERROR c.z.e.filter.AdminJwtAuthFilter - 管理端 Token 验证失败: Redis command timed out
2026-01-11 16:08:48.881 [http-nio-8080-exec-6] ERROR c.z.e.filter.AdminJwtAuthFilter - 管理端 Token 验证失败: Redis command timed out
2026-01-11 16:08:48.881 [http-nio-8080-exec-10] ERROR c.z.e.filter.AdminJwtAuthFilter - 管理端 Token 验证失败: Redis command timed out
2026-01-11 16:08:48.881 [http-nio-8080-exec-8] ERROR c.z.e.filter.AdminJwtAuthFilter - 管理端 Token 验证失败: Redis command timed out
2026-01-11 16:08:48.881 [http-nio-8080-exec-7] ERROR c.z.e.filter.AdminJwtAuthFilter - 管理端 Token 验证失败: Redis command timed out
2026-01-11 16:09:05.167 [lettuce-eventExecutorLoop-1-2] INFO  i.l.core.protocol.ConnectionWatchdog - Reconnecting, last destination was /117.50.184.138:37211
2026-01-11 16:09:05.282 [lettuce-nioEventLoop-6-2] INFO  i.l.c.protocol.ReconnectionHandler - Reconnected to 117.50.184.138/<unresolved>:37211
2026-01-11 16:09:12.199 [http-nio-8080-exec-9] DEBUG c.z.e.m.m.a.A.findByAccountOrPhoneOrEmail - ==>  Preparing: select * from admin_admin where admin_account = ? or admin_phone = ? or admin_email = ?
2026-01-11 16:09:12.201 [http-nio-8080-exec-9] DEBUG c.z.e.m.m.a.A.findByAccountOrPhoneOrEmail - ==> Parameters: 18242991090(String), 18242991090(String), 18242991090(String)
2026-01-11 16:09:12.314 [http-nio-8080-exec-9] DEBUG c.z.e.m.m.a.A.findByAccountOrPhoneOrEmail - <==      Total: 1
2026-01-11 16:09:12.448 [http-nio-8080-exec-9] DEBUG c.z.e.m.m.a.AdminMapper.updateById - ==>  Preparing: UPDATE admin_admin SET admin_account=?, admin_username=?, admin_email=?, admin_phone=?, admin_password=?, admin_image=?, admin_introduce=?, admin_state=?, admin_loginTime=? WHERE admin_id=? AND deleted=0
2026-01-11 16:09:12.450 [http-nio-8080-exec-9] DEBUG c.z.e.m.m.a.AdminMapper.updateById - ==> Parameters: 1812463057(String), 超级管理员(String), 1812463057@qq.com(String), 18242991090(String), $2a$10$Wz8s6hYf0UGOCCZ6Ff5QW.QgfqIQSJijiFXIqqplg3eGqw3HNxSeu(String), https://ts1.tc.mm.bing.net/th/id/R-C.928ef8908b5eb3666b2a27a1f6cfbe17?rik=h2FXLv1HNaxbTg&riu=http%3a%2f%2fp0.so.qhmsg.com%2ft018b5eb3666b2a27a1.jpg&ehk=QnGPPvZKq3cPW6%2bdkG%2b3zIRvAGXRsgYVTirfbvOBTaU%3d&risl=&pid=ImgRaw&r=0(String), 至高无上的超级管理员(String), 1(Integer), 2026-01-11 16:09:12.441(Timestamp), 1(Integer)
2026-01-11 16:09:12.606 [http-nio-8080-exec-9] DEBUG c.z.e.m.m.a.AdminMapper.updateById - <==    Updates: 1
2026-01-11 16:09:13.221 [http-nio-8080-exec-2] DEBUG c.z.e.m.m.a.AdminMapper.selectById - ==>  Preparing: SELECT admin_id,admin_account,admin_username,admin_email,admin_phone,admin_password,admin_image,admin_introduce,admin_state,admin_loginTime,deleted FROM admin_admin WHERE admin_id=? AND deleted=0
2026-01-11 16:09:13.222 [http-nio-8080-exec-2] DEBUG c.z.e.m.m.a.AdminMapper.selectById - ==> Parameters: 1(Integer)
2026-01-11 16:09:13.280 [http-nio-8080-exec-2] DEBUG c.z.e.m.m.a.AdminMapper.selectById - <==      Total: 1
2026-01-11 16:09:13.281 [http-nio-8080-exec-2] DEBUG c.z.e.m.m.a.A.findAdminInfoById - ==>  Preparing: select * from admin_admin left join admin_admin_role on admin_admin.admin_id = admin_admin_role.adminId left join admin_role on admin_admin_role.roleId = admin_role.role_id left join admin_role_permission on admin_role.role_id = admin_role.role_id left join admin_permission on admin_role_permission.permissionId = admin_permission.permission_id where admin_admin.admin_id = ? and admin_admin.deleted = 0
2026-01-11 16:09:13.282 [http-nio-8080-exec-2] DEBUG c.z.e.m.m.a.A.findAdminInfoById - ==> Parameters: 1(Integer)
2026-01-11 16:09:13.427 [http-nio-8080-exec-2] DEBUG c.z.e.m.m.a.A.findAdminInfoById - <==      Total: 1
2026-01-11 16:09:13.483 [http-nio-8080-exec-3] DEBUG c.z.e.m.m.a.AdminMapper.selectById - ==>  Preparing: SELECT admin_id,admin_account,admin_username,admin_email,admin_phone,admin_password,admin_image,admin_introduce,admin_state,admin_loginTime,deleted FROM admin_admin WHERE admin_id=? AND deleted=0
2026-01-11 16:09:13.483 [http-nio-8080-exec-3] DEBUG c.z.e.m.m.a.AdminMapper.selectById - ==> Parameters: 1(Integer)
2026-01-11 16:09:13.519 [http-nio-8080-exec-3] DEBUG c.z.e.m.m.a.AdminMapper.selectById - <==      Total: 1
2026-01-11 16:09:13.519 [http-nio-8080-exec-3] DEBUG c.z.e.m.m.a.A.findAdminInfoById - ==>  Preparing: select * from admin_admin left join admin_admin_role on admin_admin.admin_id = admin_admin_role.adminId left join admin_role on admin_admin_role.roleId = admin_role.role_id left join admin_role_permission on admin_role.role_id = admin_role.role_id left join admin_permission on admin_role_permission.permissionId = admin_permission.permission_id where admin_admin.admin_id = ? and admin_admin.deleted = 0
2026-01-11 16:09:13.521 [http-nio-8080-exec-3] DEBUG c.z.e.m.m.a.A.findAdminInfoById - ==> Parameters: 1(Integer)
2026-01-11 16:09:13.558 [http-nio-8080-exec-3] DEBUG c.z.e.m.m.a.A.findAdminInfoById - <==      Total: 1
2026-01-11 16:09:13.598 [http-nio-8080-exec-3] DEBUG c.z.e.m.m.a.A.findAdminInfoById - ==>  Preparing: select * from admin_admin left join admin_admin_role on admin_admin.admin_id = admin_admin_role.adminId left join admin_role on admin_admin_role.roleId = admin_role.role_id left join admin_role_permission on admin_role.role_id = admin_role.role_id left join admin_permission on admin_role_permission.permissionId = admin_permission.permission_id where admin_admin.admin_id = ? and admin_admin.deleted = 0
2026-01-11 16:09:13.599 [http-nio-8080-exec-3] DEBUG c.z.e.m.m.a.A.findAdminInfoById - ==> Parameters: 1(Integer)
2026-01-11 16:09:13.636 [http-nio-8080-exec-3] DEBUG c.z.e.m.m.a.A.findAdminInfoById - <==      Total: 1
2026-01-11 16:09:14.175 [http-nio-8080-exec-1] DEBUG c.z.e.m.m.a.AdminMapper.selectById - ==>  Preparing: SELECT admin_id,admin_account,admin_username,admin_email,admin_phone,admin_password,admin_image,admin_introduce,admin_state,admin_loginTime,deleted FROM admin_admin WHERE admin_id=? AND deleted=0
2026-01-11 16:09:14.175 [http-nio-8080-exec-1] DEBUG c.z.e.m.m.a.AdminMapper.selectById - ==> Parameters: 1(Integer)
2026-01-11 16:09:14.213 [http-nio-8080-exec-1] DEBUG c.z.e.m.m.a.AdminMapper.selectById - <==      Total: 1
2026-01-11 16:09:14.214 [http-nio-8080-exec-1] DEBUG c.z.e.m.m.a.A.findAdminInfoById - ==>  Preparing: select * from admin_admin left join admin_admin_role on admin_admin.admin_id = admin_admin_role.adminId left join admin_role on admin_admin_role.roleId = admin_role.role_id left join admin_role_permission on admin_role.role_id = admin_role.role_id left join admin_permission on admin_role_permission.permissionId = admin_permission.permission_id where admin_admin.admin_id = ? and admin_admin.deleted = 0
2026-01-11 16:09:14.215 [http-nio-8080-exec-1] DEBUG c.z.e.m.m.a.A.findAdminInfoById - ==> Parameters: 1(Integer)
2026-01-11 16:09:14.251 [http-nio-8080-exec-1] DEBUG c.z.e.m.m.a.A.findAdminInfoById - <==      Total: 1
2026-01-11 16:09:14.291 [http-nio-8080-exec-1] INFO  c.z.e.s.i.a.AdMonitorAdminAnnouncementServiceImpl - 管理员获取公告信息
2026-01-11 16:09:14.291 [http-nio-8080-exec-1] DEBUG c.z.e.m.m.a.A.selectById - ==>  Preparing: SELECT adminAnnouncement_id AS announcementId,adminAnnouncement_title AS announcementTitle,adminAnnouncement_content AS announcementContent,adminAnnouncement_updatedTime AS announcementUpdatedTime FROM admonitor_adminAnnouncement WHERE adminAnnouncement_id=?
2026-01-11 16:09:14.292 [http-nio-8080-exec-1] DEBUG c.z.e.m.m.a.A.selectById - ==> Parameters: 1(Integer)
2026-01-11 16:09:14.332 [http-nio-8080-exec-1] DEBUG c.z.e.m.m.a.A.selectById - <==      Total: 1
2026-01-11 16:09:14.333 [http-nio-8080-exec-1] INFO  c.z.e.s.i.a.AdMonitorAdminAnnouncementServiceImpl - 管理员获取公告信息成功
2026-01-11 16:09:14.357 [http-nio-8080-exec-4] DEBUG c.z.e.m.m.a.AdminMapper.selectById - ==>  Preparing: SELECT admin_id,admin_account,admin_username,admin_email,admin_phone,admin_password,admin_image,admin_introduce,admin_state,admin_loginTime,deleted FROM admin_admin WHERE admin_id=? AND deleted=0
2026-01-11 16:09:14.358 [http-nio-8080-exec-4] DEBUG c.z.e.m.m.a.AdminMapper.selectById - ==> Parameters: 1(Integer)
2026-01-11 16:09:14.393 [http-nio-8080-exec-4] DEBUG c.z.e.m.m.a.AdminMapper.selectById - <==      Total: 1
2026-01-11 16:09:14.393 [http-nio-8080-exec-4] DEBUG c.z.e.m.m.a.A.findAdminInfoById - ==>  Preparing: select * from admin_admin left join admin_admin_role on admin_admin.admin_id = admin_admin_role.adminId left join admin_role on admin_admin_role.roleId = admin_role.role_id left join admin_role_permission on admin_role.role_id = admin_role.role_id left join admin_permission on admin_role_permission.permissionId = admin_permission.permission_id where admin_admin.admin_id = ? and admin_admin.deleted = 0
2026-01-11 16:09:14.394 [http-nio-8080-exec-4] DEBUG c.z.e.m.m.a.A.findAdminInfoById - ==> Parameters: 1(Integer)
2026-01-11 16:09:14.431 [http-nio-8080-exec-4] DEBUG c.z.e.m.m.a.A.findAdminInfoById - <==      Total: 1
2026-01-11 16:09:14.470 [http-nio-8080-exec-4] INFO  c.z.e.s.i.a.AdmonitorAdminAdvertisementServiceImpl - 查询所有广告开始
2026-01-11 16:09:14.472 [http-nio-8080-exec-4] DEBUG c.z.e.m.m.a.A.selectList - ==>  Preparing: SELECT adminAdvertisement_id AS advertisementId,adminAdvertisement_name AS advertisementName,adminAdvertisement_url AS advertisementUrl,adminAdvertisement_link AS advertisementLink,adminAdvertisement_startedTime AS advertisementStartedTime,adminAdvertisement_endTime AS advertisementEndTime,deleted FROM admonitor_adminAdvertisement WHERE deleted=0 AND (deleted = ? AND adminAdvertisement_startedTime <= ? AND adminAdvertisement_endTime > ?)
2026-01-11 16:09:14.478 [http-nio-8080-exec-4] DEBUG c.z.e.m.m.a.A.selectList - ==> Parameters: 0(Integer), 2026-01-11 16:09:14.471(Timestamp), 2026-01-11 16:09:14.471(Timestamp)
2026-01-11 16:09:14.514 [http-nio-8080-exec-4] DEBUG c.z.e.m.m.a.A.selectList - <==      Total: 1
2026-01-11 16:09:14.514 [http-nio-8080-exec-4] INFO  c.z.e.s.i.a.AdmonitorAdminAdvertisementServiceImpl - 查询所有广告成功
2026-01-11 16:09:17.582 [http-nio-8080-exec-5] DEBUG c.z.e.m.m.a.AdminMapper.selectById - ==>  Preparing: SELECT admin_id,admin_account,admin_username,admin_email,admin_phone,admin_password,admin_image,admin_introduce,admin_state,admin_loginTime,deleted FROM admin_admin WHERE admin_id=? AND deleted=0
2026-01-11 16:09:17.583 [http-nio-8080-exec-5] DEBUG c.z.e.m.m.a.AdminMapper.selectById - ==> Parameters: 1(Integer)
2026-01-11 16:09:17.619 [http-nio-8080-exec-5] DEBUG c.z.e.m.m.a.AdminMapper.selectById - <==      Total: 1
2026-01-11 16:09:17.620 [http-nio-8080-exec-5] DEBUG c.z.e.m.m.a.A.findAdminInfoById - ==>  Preparing: select * from admin_admin left join admin_admin_role on admin_admin.admin_id = admin_admin_role.adminId left join admin_role on admin_admin_role.roleId = admin_role.role_id left join admin_role_permission on admin_role.role_id = admin_role.role_id left join admin_permission on admin_role_permission.permissionId = admin_permission.permission_id where admin_admin.admin_id = ? and admin_admin.deleted = 0
2026-01-11 16:09:17.620 [http-nio-8080-exec-5] DEBUG c.z.e.m.m.a.A.findAdminInfoById - ==> Parameters: 1(Integer)
2026-01-11 16:09:17.659 [http-nio-8080-exec-5] DEBUG c.z.e.m.m.a.A.findAdminInfoById - <==      Total: 1
2026-01-11 16:09:17.711 [http-nio-8080-exec-5] DEBUG c.z.e.m.m.a.J.selectList_mpCount - ==>  Preparing: SELECT COUNT(*) AS total FROM general_jobAdviceArticle WHERE deleted = 0 AND (deleted = ?)
2026-01-11 16:09:17.711 [http-nio-8080-exec-5] DEBUG c.z.e.m.m.a.J.selectList_mpCount - ==> Parameters: 0(Integer)
2026-01-11 16:09:17.748 [http-nio-8080-exec-5] DEBUG c.z.e.m.m.a.J.selectList_mpCount - <==      Total: 1
2026-01-11 16:09:17.748 [http-nio-8080-exec-5] DEBUG c.z.e.m.m.a.J.selectList - ==>  Preparing: SELECT jobAdviceArticle_id,jobAdviceArticle_title,jobAdviceArticle_content,jobAdviceArticle_category,jobAdviceArticle_tags,jobAdviceArticle_authorName,jobAdviceArticle_publishedStatus,jobAdviceArticle_publishedTime,jobAdviceArticle_updatedTime,deleted FROM general_jobAdviceArticle WHERE deleted=0 AND (deleted = ?) LIMIT ?
2026-01-11 16:09:17.748 [http-nio-8080-exec-5] DEBUG c.z.e.m.m.a.J.selectList - ==> Parameters: 0(Integer), 10(Long)
2026-01-11 16:09:17.785 [http-nio-8080-exec-5] DEBUG c.z.e.m.m.a.J.selectList - <==      Total: 1
2026-01-11 16:09:20.604 [http-nio-8080-exec-10] DEBUG c.z.e.m.m.a.AdminMapper.selectById - ==>  Preparing: SELECT admin_id,admin_account,admin_username,admin_email,admin_phone,admin_password,admin_image,admin_introduce,admin_state,admin_loginTime,deleted FROM admin_admin WHERE admin_id=? AND deleted=0
2026-01-11 16:09:20.605 [http-nio-8080-exec-10] DEBUG c.z.e.m.m.a.AdminMapper.selectById - ==> Parameters: 1(Integer)
2026-01-11 16:09:20.650 [http-nio-8080-exec-10] DEBUG c.z.e.m.m.a.AdminMapper.selectById - <==      Total: 1
2026-01-11 16:09:20.651 [http-nio-8080-exec-10] DEBUG c.z.e.m.m.a.A.findAdminInfoById - ==>  Preparing: select * from admin_admin left join admin_admin_role on admin_admin.admin_id = admin_admin_role.adminId left join admin_role on admin_admin_role.roleId = admin_role.role_id left join admin_role_permission on admin_role.role_id = admin_role.role_id left join admin_permission on admin_role_permission.permissionId = admin_permission.permission_id where admin_admin.admin_id = ? and admin_admin.deleted = 0
2026-01-11 16:09:20.651 [http-nio-8080-exec-10] DEBUG c.z.e.m.m.a.A.findAdminInfoById - ==> Parameters: 1(Integer)
2026-01-11 16:09:20.701 [http-nio-8080-exec-10] DEBUG c.z.e.m.m.a.A.findAdminInfoById - <==      Total: 1
2026-01-11 16:09:20.771 [http-nio-8080-exec-10] DEBUG c.z.e.m.m.a.A.selectList_mpCount - ==>  Preparing: SELECT COUNT(*) AS total FROM admin_admin WHERE deleted = 0 AND (deleted = ?)
2026-01-11 16:09:20.773 [http-nio-8080-exec-10] DEBUG c.z.e.m.m.a.A.selectList_mpCount - ==> Parameters: 0(Integer)
2026-01-11 16:09:20.809 [http-nio-8080-exec-10] DEBUG c.z.e.m.m.a.A.selectList_mpCount - <==      Total: 1
2026-01-11 16:09:20.809 [http-nio-8080-exec-10] DEBUG c.z.e.m.m.a.AdminMapper.selectList - ==>  Preparing: SELECT admin_id,admin_account,admin_username,admin_email,admin_phone,admin_password,admin_image,admin_introduce,admin_state,admin_loginTime,deleted FROM admin_admin WHERE deleted=0 AND (deleted = ?) LIMIT ?
2026-01-11 16:09:20.810 [http-nio-8080-exec-10] DEBUG c.z.e.m.m.a.AdminMapper.selectList - ==> Parameters: 0(Integer), 20(Long)
2026-01-11 16:09:20.850 [http-nio-8080-exec-10] DEBUG c.z.e.m.m.a.AdminMapper.selectList - <==      Total: 4
2026-01-11 16:09:22.783 [http-nio-8080-exec-8] DEBUG c.z.e.m.m.a.AdminMapper.selectById - ==>  Preparing: SELECT admin_id,admin_account,admin_username,admin_email,admin_phone,admin_password,admin_image,admin_introduce,admin_state,admin_loginTime,deleted FROM admin_admin WHERE admin_id=? AND deleted=0
2026-01-11 16:09:22.784 [http-nio-8080-exec-8] DEBUG c.z.e.m.m.a.AdminMapper.selectById - ==> Parameters: 1(Integer)
2026-01-11 16:09:22.811 [http-nio-8080-exec-6] DEBUG c.z.e.m.m.a.AdminMapper.selectById - ==>  Preparing: SELECT admin_id,admin_account,admin_username,admin_email,admin_phone,admin_password,admin_image,admin_introduce,admin_state,admin_loginTime,deleted FROM admin_admin WHERE admin_id=? AND deleted=0
2026-01-11 16:09:22.812 [http-nio-8080-exec-6] DEBUG c.z.e.m.m.a.AdminMapper.selectById - ==> Parameters: 1(Integer)
2026-01-11 16:09:22.820 [http-nio-8080-exec-8] DEBUG c.z.e.m.m.a.AdminMapper.selectById - <==      Total: 1
2026-01-11 16:09:22.821 [http-nio-8080-exec-8] DEBUG c.z.e.m.m.a.A.findAdminInfoById - ==>  Preparing: select * from admin_admin left join admin_admin_role on admin_admin.admin_id = admin_admin_role.adminId left join admin_role on admin_admin_role.roleId = admin_role.role_id left join admin_role_permission on admin_role.role_id = admin_role.role_id left join admin_permission on admin_role_permission.permissionId = admin_permission.permission_id where admin_admin.admin_id = ? and admin_admin.deleted = 0
2026-01-11 16:09:22.821 [http-nio-8080-exec-8] DEBUG c.z.e.m.m.a.A.findAdminInfoById - ==> Parameters: 1(Integer)
2026-01-11 16:09:22.857 [http-nio-8080-exec-6] DEBUG c.z.e.m.m.a.AdminMapper.selectById - <==      Total: 1
2026-01-11 16:09:22.858 [http-nio-8080-exec-8] DEBUG c.z.e.m.m.a.A.findAdminInfoById - <==      Total: 1
2026-01-11 16:09:22.858 [http-nio-8080-exec-6] DEBUG c.z.e.m.m.a.A.findAdminInfoById - ==>  Preparing: select * from admin_admin left join admin_admin_role on admin_admin.admin_id = admin_admin_role.adminId left join admin_role on admin_admin_role.roleId = admin_role.role_id left join admin_role_permission on admin_role.role_id = admin_role.role_id left join admin_permission on admin_role_permission.permissionId = admin_permission.permission_id where admin_admin.admin_id = ? and admin_admin.deleted = 0
2026-01-11 16:09:22.859 [http-nio-8080-exec-6] DEBUG c.z.e.m.m.a.A.findAdminInfoById - ==> Parameters: 1(Integer)
2026-01-11 16:09:22.904 [http-nio-8080-exec-6] DEBUG c.z.e.m.m.a.A.findAdminInfoById - <==      Total: 1
2026-01-11 16:09:22.906 [http-nio-8080-exec-8] DEBUG c.z.e.m.m.a.P.selectList - ==>  Preparing: SELECT permission_id,permission_name,permission_url,permission_introduce,deleted FROM admin_permission WHERE deleted=0
2026-01-11 16:09:22.908 [http-nio-8080-exec-8] DEBUG c.z.e.m.m.a.P.selectList - ==> Parameters: 
2026-01-11 16:09:22.943 [http-nio-8080-exec-8] DEBUG c.z.e.m.m.a.P.selectList - <==      Total: 1
2026-01-11 16:09:22.953 [http-nio-8080-exec-6] DEBUG c.z.e.m.m.a.R.selectList_mpCount - ==>  Preparing: SELECT COUNT(*) AS total FROM admin_role WHERE deleted = 0 AND (deleted = ?)
2026-01-11 16:09:22.953 [http-nio-8080-exec-6] DEBUG c.z.e.m.m.a.R.selectList_mpCount - ==> Parameters: 0(Integer)
2026-01-11 16:09:23.056 [http-nio-8080-exec-6] DEBUG c.z.e.m.m.a.R.selectList_mpCount - <==      Total: 1
2026-01-11 16:09:23.057 [http-nio-8080-exec-6] DEBUG c.z.e.m.m.a.RoleMapper.selectList - ==>  Preparing: SELECT role_id,role_name,role_introduce,deleted FROM admin_role WHERE deleted=0 AND (deleted = ?) LIMIT ?
2026-01-11 16:09:23.057 [http-nio-8080-exec-6] DEBUG c.z.e.m.m.a.RoleMapper.selectList - ==> Parameters: 0(Integer), 20(Long)
2026-01-11 16:09:23.159 [http-nio-8080-exec-6] DEBUG c.z.e.m.m.a.RoleMapper.selectList - <==      Total: 1
2026-01-11 16:09:24.506 [http-nio-8080-exec-7] DEBUG c.z.e.m.m.a.AdminMapper.selectById - ==>  Preparing: SELECT admin_id,admin_account,admin_username,admin_email,admin_phone,admin_password,admin_image,admin_introduce,admin_state,admin_loginTime,deleted FROM admin_admin WHERE admin_id=? AND deleted=0
2026-01-11 16:09:24.506 [http-nio-8080-exec-7] DEBUG c.z.e.m.m.a.AdminMapper.selectById - ==> Parameters: 1(Integer)
2026-01-11 16:09:24.553 [http-nio-8080-exec-7] DEBUG c.z.e.m.m.a.AdminMapper.selectById - <==      Total: 1
2026-01-11 16:09:24.554 [http-nio-8080-exec-7] DEBUG c.z.e.m.m.a.A.findAdminInfoById - ==>  Preparing: select * from admin_admin left join admin_admin_role on admin_admin.admin_id = admin_admin_role.adminId left join admin_role on admin_admin_role.roleId = admin_role.role_id left join admin_role_permission on admin_role.role_id = admin_role.role_id left join admin_permission on admin_role_permission.permissionId = admin_permission.permission_id where admin_admin.admin_id = ? and admin_admin.deleted = 0
2026-01-11 16:09:24.554 [http-nio-8080-exec-7] DEBUG c.z.e.m.m.a.A.findAdminInfoById - ==> Parameters: 1(Integer)
2026-01-11 16:09:24.647 [http-nio-8080-exec-7] DEBUG c.z.e.m.m.a.A.findAdminInfoById - <==      Total: 1
2026-01-11 16:09:24.702 [http-nio-8080-exec-7] DEBUG c.z.e.m.m.a.P.selectList_mpCount - ==>  Preparing: SELECT COUNT(*) AS total FROM admin_permission WHERE deleted = 0 AND (deleted = ?)
2026-01-11 16:09:24.702 [http-nio-8080-exec-7] DEBUG c.z.e.m.m.a.P.selectList_mpCount - ==> Parameters: 0(Integer)
2026-01-11 16:09:24.738 [http-nio-8080-exec-7] DEBUG c.z.e.m.m.a.P.selectList_mpCount - <==      Total: 1
2026-01-11 16:09:24.740 [http-nio-8080-exec-7] DEBUG c.z.e.m.m.a.P.selectList - ==>  Preparing: SELECT permission_id,permission_name,permission_url,permission_introduce,deleted FROM admin_permission WHERE deleted=0 AND (deleted = ?) LIMIT ?
2026-01-11 16:09:24.740 [http-nio-8080-exec-7] DEBUG c.z.e.m.m.a.P.selectList - ==> Parameters: 0(Integer), 20(Long)
2026-01-11 16:09:24.797 [http-nio-8080-exec-7] DEBUG c.z.e.m.m.a.P.selectList - <==      Total: 1
2026-01-11 16:09:27.717 [http-nio-8080-exec-9] DEBUG c.z.e.m.m.a.AdminMapper.selectById - ==>  Preparing: SELECT admin_id,admin_account,admin_username,admin_email,admin_phone,admin_password,admin_image,admin_introduce,admin_state,admin_loginTime,deleted FROM admin_admin WHERE admin_id=? AND deleted=0
2026-01-11 16:09:27.717 [http-nio-8080-exec-9] DEBUG c.z.e.m.m.a.AdminMapper.selectById - ==> Parameters: 1(Integer)
2026-01-11 16:09:27.754 [http-nio-8080-exec-9] DEBUG c.z.e.m.m.a.AdminMapper.selectById - <==      Total: 1
2026-01-11 16:09:27.755 [http-nio-8080-exec-9] DEBUG c.z.e.m.m.a.A.findAdminInfoById - ==>  Preparing: select * from admin_admin left join admin_admin_role on admin_admin.admin_id = admin_admin_role.adminId left join admin_role on admin_admin_role.roleId = admin_role.role_id left join admin_role_permission on admin_role.role_id = admin_role.role_id left join admin_permission on admin_role_permission.permissionId = admin_permission.permission_id where admin_admin.admin_id = ? and admin_admin.deleted = 0
2026-01-11 16:09:27.755 [http-nio-8080-exec-9] DEBUG c.z.e.m.m.a.A.findAdminInfoById - ==> Parameters: 1(Integer)
2026-01-11 16:09:27.792 [http-nio-8080-exec-9] DEBUG c.z.e.m.m.a.A.findAdminInfoById - <==      Total: 1
2026-01-11 16:09:27.834 [http-nio-8080-exec-9] DEBUG c.z.e.m.m.a.I.selectList - ==>  Preparing: SELECT industryMap_industryCode,industryMap_industryName,industryMap_createdTime AS createdTime,industryMap_updatedTime AS updatedTime FROM general_industryMap
2026-01-11 16:09:27.834 [http-nio-8080-exec-9] DEBUG c.z.e.m.m.a.I.selectList - ==> Parameters: 
2026-01-11 16:09:27.870 [http-nio-8080-exec-9] DEBUG c.z.e.m.m.a.I.selectList - <==      Total: 3
2026-01-11 16:09:28.305 [http-nio-8080-exec-2] DEBUG c.z.e.m.m.a.AdminMapper.selectById - ==>  Preparing: SELECT admin_id,admin_account,admin_username,admin_email,admin_phone,admin_password,admin_image,admin_introduce,admin_state,admin_loginTime,deleted FROM admin_admin WHERE admin_id=? AND deleted=0
2026-01-11 16:09:28.305 [http-nio-8080-exec-2] DEBUG c.z.e.m.m.a.AdminMapper.selectById - ==> Parameters: 1(Integer)
2026-01-11 16:09:28.341 [http-nio-8080-exec-2] DEBUG c.z.e.m.m.a.AdminMapper.selectById - <==      Total: 1
2026-01-11 16:09:28.342 [http-nio-8080-exec-2] DEBUG c.z.e.m.m.a.A.findAdminInfoById - ==>  Preparing: select * from admin_admin left join admin_admin_role on admin_admin.admin_id = admin_admin_role.adminId left join admin_role on admin_admin_role.roleId = admin_role.role_id left join admin_role_permission on admin_role.role_id = admin_role.role_id left join admin_permission on admin_role_permission.permissionId = admin_permission.permission_id where admin_admin.admin_id = ? and admin_admin.deleted = 0
2026-01-11 16:09:28.342 [http-nio-8080-exec-2] DEBUG c.z.e.m.m.a.A.findAdminInfoById - ==> Parameters: 1(Integer)
2026-01-11 16:09:28.378 [http-nio-8080-exec-2] DEBUG c.z.e.m.m.a.A.findAdminInfoById - <==      Total: 1
2026-01-11 16:09:28.429 [http-nio-8080-exec-2] DEBUG c.z.e.m.m.a.R.selectList_mpCount - ==>  Preparing: SELECT COUNT(*) AS total FROM general_resumeTemplate WHERE deleted = 0 AND (deleted = ?)
2026-01-11 16:09:28.430 [http-nio-8080-exec-2] DEBUG c.z.e.m.m.a.R.selectList_mpCount - ==> Parameters: 0(Integer)
2026-01-11 16:09:28.467 [http-nio-8080-exec-2] DEBUG c.z.e.m.m.a.R.selectList_mpCount - <==      Total: 1
2026-01-11 16:09:28.468 [http-nio-8080-exec-2] DEBUG c.z.e.m.m.a.R.selectList - ==>  Preparing: SELECT resumeTemplate_id,resumeTemplate_name,resumeTemplate_reactCode,resumeTemplate_industry,resumeTemplate_isActive,resumeTemplate_createdTime,resumeTemplate_updatedTime,deleted FROM general_resumeTemplate WHERE deleted=0 AND (deleted = ?) LIMIT ?
2026-01-11 16:09:28.468 [http-nio-8080-exec-2] DEBUG c.z.e.m.m.a.R.selectList - ==> Parameters: 0(Integer), 10(Long)
2026-01-11 16:09:28.505 [http-nio-8080-exec-2] DEBUG c.z.e.m.m.a.R.selectList - <==      Total: 1
2026-01-11 16:09:28.508 [http-nio-8080-exec-2] DEBUG c.z.e.m.m.a.I.selectById - ==>  Preparing: SELECT industryMap_industryCode,industryMap_industryName,industryMap_createdTime AS createdTime,industryMap_updatedTime AS updatedTime FROM general_industryMap WHERE industryMap_industryCode=?
2026-01-11 16:09:28.508 [http-nio-8080-exec-2] DEBUG c.z.e.m.m.a.I.selectById - ==> Parameters: 3(Integer)
2026-01-11 16:09:28.545 [http-nio-8080-exec-2] DEBUG c.z.e.m.m.a.I.selectById - <==      Total: 1
2026-01-11 16:09:28.906 [http-nio-8080-exec-3] DEBUG c.z.e.m.m.a.AdminMapper.selectById - ==>  Preparing: SELECT admin_id,admin_account,admin_username,admin_email,admin_phone,admin_password,admin_image,admin_introduce,admin_state,admin_loginTime,deleted FROM admin_admin WHERE admin_id=? AND deleted=0
2026-01-11 16:09:28.906 [http-nio-8080-exec-3] DEBUG c.z.e.m.m.a.AdminMapper.selectById - ==> Parameters: 1(Integer)
2026-01-11 16:09:28.943 [http-nio-8080-exec-3] DEBUG c.z.e.m.m.a.AdminMapper.selectById - <==      Total: 1
2026-01-11 16:09:28.943 [http-nio-8080-exec-3] DEBUG c.z.e.m.m.a.A.findAdminInfoById - ==>  Preparing: select * from admin_admin left join admin_admin_role on admin_admin.admin_id = admin_admin_role.adminId left join admin_role on admin_admin_role.roleId = admin_role.role_id left join admin_role_permission on admin_role.role_id = admin_role.role_id left join admin_permission on admin_role_permission.permissionId = admin_permission.permission_id where admin_admin.admin_id = ? and admin_admin.deleted = 0
2026-01-11 16:09:28.944 [http-nio-8080-exec-3] DEBUG c.z.e.m.m.a.A.findAdminInfoById - ==> Parameters: 1(Integer)
2026-01-11 16:09:28.981 [http-nio-8080-exec-3] DEBUG c.z.e.m.m.a.A.findAdminInfoById - <==      Total: 1
2026-01-11 16:09:29.028 [http-nio-8080-exec-3] DEBUG c.z.e.m.m.u.U.selectList_mpCount - ==>  Preparing: SELECT COUNT(*) AS total FROM user_userDeleteResumeBySystem
2026-01-11 16:09:29.028 [http-nio-8080-exec-3] DEBUG c.z.e.m.m.u.U.selectList_mpCount - ==> Parameters: 
2026-01-11 16:09:29.066 [http-nio-8080-exec-3] DEBUG c.z.e.m.m.u.U.selectList_mpCount - <==      Total: 1
2026-01-11 16:09:29.066 [http-nio-8080-exec-3] DEBUG c.z.e.m.m.u.U.selectList - ==>  Preparing: SELECT userDeleteResumeBySystem_id,userDeleteResumeBySystem_resumeName,userDeleteResumeBySystem_industry,userDeleteResumeBySystem_resumeReactCode,userDeleteResumeBySystem_createdTime,userDeleteResumeBySystem_updatedTime,userDeleteResumeBySystem_sortedNum,userDeleteResumeBySystem_userId,userDeleteResumeBySystem_recycleTime FROM user_userDeleteResumeBySystem LIMIT ?
2026-01-11 16:09:29.067 [http-nio-8080-exec-3] DEBUG c.z.e.m.m.u.U.selectList - ==> Parameters: 10(Long)
2026-01-11 16:09:29.106 [http-nio-8080-exec-3] DEBUG c.z.e.m.m.u.U.selectList - <==      Total: 2
2026-01-11 16:09:29.108 [http-nio-8080-exec-3] DEBUG c.z.e.m.m.a.I.selectById - ==>  Preparing: SELECT industryMap_industryCode,industryMap_industryName,industryMap_createdTime AS createdTime,industryMap_updatedTime AS updatedTime FROM general_industryMap WHERE industryMap_industryCode=?
2026-01-11 16:09:29.108 [http-nio-8080-exec-3] DEBUG c.z.e.m.m.a.I.selectById - ==> Parameters: 3(Integer)
2026-01-11 16:09:29.144 [http-nio-8080-exec-3] DEBUG c.z.e.m.m.a.I.selectById - <==      Total: 1
2026-01-11 16:09:42.213 [http-nio-8080-exec-1] DEBUG c.z.e.m.m.a.AdminMapper.selectById - ==>  Preparing: SELECT admin_id,admin_account,admin_username,admin_email,admin_phone,admin_password,admin_image,admin_introduce,admin_state,admin_loginTime,deleted FROM admin_admin WHERE admin_id=? AND deleted=0
2026-01-11 16:09:42.213 [http-nio-8080-exec-1] DEBUG c.z.e.m.m.a.AdminMapper.selectById - ==> Parameters: 1(Integer)
2026-01-11 16:09:42.250 [http-nio-8080-exec-1] DEBUG c.z.e.m.m.a.AdminMapper.selectById - <==      Total: 1
2026-01-11 16:09:42.251 [http-nio-8080-exec-1] DEBUG c.z.e.m.m.a.A.findAdminInfoById - ==>  Preparing: select * from admin_admin left join admin_admin_role on admin_admin.admin_id = admin_admin_role.adminId left join admin_role on admin_admin_role.roleId = admin_role.role_id left join admin_role_permission on admin_role.role_id = admin_role.role_id left join admin_permission on admin_role_permission.permissionId = admin_permission.permission_id where admin_admin.admin_id = ? and admin_admin.deleted = 0
2026-01-11 16:09:42.251 [http-nio-8080-exec-1] DEBUG c.z.e.m.m.a.A.findAdminInfoById - ==> Parameters: 1(Integer)
2026-01-11 16:09:42.288 [http-nio-8080-exec-1] DEBUG c.z.e.m.m.a.A.findAdminInfoById - <==      Total: 1
2026-01-11 16:09:42.329 [http-nio-8080-exec-1] INFO  c.z.e.s.i.u.UserDeleteResumeBySystemServiceImpl - 根据系统删除简历ID查询系统删除简历信息开始
2026-01-11 16:09:42.331 [http-nio-8080-exec-1] DEBUG c.z.e.m.m.u.U.selectList - ==>  Preparing: SELECT userDeleteResumeBySystem_id,userDeleteResumeBySystem_resumeName,userDeleteResumeBySystem_industry,userDeleteResumeBySystem_resumeReactCode,userDeleteResumeBySystem_createdTime,userDeleteResumeBySystem_updatedTime,userDeleteResumeBySystem_sortedNum,userDeleteResumeBySystem_userId,userDeleteResumeBySystem_recycleTime FROM user_userDeleteResumeBySystem WHERE (userDeleteResumeBySystem_id = ?)
2026-01-11 16:09:42.332 [http-nio-8080-exec-1] DEBUG c.z.e.m.m.u.U.selectList - ==> Parameters: 9(Integer)
2026-01-11 16:09:42.369 [http-nio-8080-exec-1] DEBUG c.z.e.m.m.u.U.selectList - <==      Total: 1
2026-01-11 16:09:42.371 [http-nio-8080-exec-1] DEBUG c.z.e.m.m.a.I.selectById - ==>  Preparing: SELECT industryMap_industryCode,industryMap_industryName,industryMap_createdTime AS createdTime,industryMap_updatedTime AS updatedTime FROM general_industryMap WHERE industryMap_industryCode=?
2026-01-11 16:09:42.371 [http-nio-8080-exec-1] DEBUG c.z.e.m.m.a.I.selectById - ==> Parameters: 3(Integer)
2026-01-11 16:09:42.407 [http-nio-8080-exec-1] DEBUG c.z.e.m.m.a.I.selectById - <==      Total: 1
2026-01-11 16:09:42.407 [http-nio-8080-exec-1] INFO  c.z.e.s.i.u.UserDeleteResumeBySystemServiceImpl - 根据系统删除简历ID查询系统删除简历信息成功
2026-01-11 16:09:47.623 [http-nio-8080-exec-4] DEBUG c.z.e.m.m.a.AdminMapper.selectById - ==>  Preparing: SELECT admin_id,admin_account,admin_username,admin_email,admin_phone,admin_password,admin_image,admin_introduce,admin_state,admin_loginTime,deleted FROM admin_admin WHERE admin_id=? AND deleted=0
2026-01-11 16:09:47.623 [http-nio-8080-exec-4] DEBUG c.z.e.m.m.a.AdminMapper.selectById - ==> Parameters: 1(Integer)
2026-01-11 16:09:47.659 [http-nio-8080-exec-4] DEBUG c.z.e.m.m.a.AdminMapper.selectById - <==      Total: 1
2026-01-11 16:09:47.661 [http-nio-8080-exec-4] DEBUG c.z.e.m.m.a.A.findAdminInfoById - ==>  Preparing: select * from admin_admin left join admin_admin_role on admin_admin.admin_id = admin_admin_role.adminId left join admin_role on admin_admin_role.roleId = admin_role.role_id left join admin_role_permission on admin_role.role_id = admin_role.role_id left join admin_permission on admin_role_permission.permissionId = admin_permission.permission_id where admin_admin.admin_id = ? and admin_admin.deleted = 0
2026-01-11 16:09:47.661 [http-nio-8080-exec-4] DEBUG c.z.e.m.m.a.A.findAdminInfoById - ==> Parameters: 1(Integer)
2026-01-11 16:09:47.696 [http-nio-8080-exec-4] DEBUG c.z.e.m.m.a.A.findAdminInfoById - <==      Total: 1
2026-01-11 16:09:47.736 [http-nio-8080-exec-4] DEBUG c.z.e.m.m.a.I.selectList - ==>  Preparing: SELECT industryMap_industryCode,industryMap_industryName,industryMap_createdTime AS createdTime,industryMap_updatedTime AS updatedTime FROM general_industryMap
2026-01-11 16:09:47.736 [http-nio-8080-exec-4] DEBUG c.z.e.m.m.a.I.selectList - ==> Parameters: 
2026-01-11 16:09:47.772 [http-nio-8080-exec-4] DEBUG c.z.e.m.m.a.I.selectList - <==      Total: 3
2026-01-11 16:09:47.928 [http-nio-8080-exec-5] DEBUG c.z.e.m.m.a.AdminMapper.selectById - ==>  Preparing: SELECT admin_id,admin_account,admin_username,admin_email,admin_phone,admin_password,admin_image,admin_introduce,admin_state,admin_loginTime,deleted FROM admin_admin WHERE admin_id=? AND deleted=0
2026-01-11 16:09:47.928 [http-nio-8080-exec-5] DEBUG c.z.e.m.m.a.AdminMapper.selectById - ==> Parameters: 1(Integer)
2026-01-11 16:09:47.965 [http-nio-8080-exec-5] DEBUG c.z.e.m.m.a.AdminMapper.selectById - <==      Total: 1
2026-01-11 16:09:47.965 [http-nio-8080-exec-5] DEBUG c.z.e.m.m.a.A.findAdminInfoById - ==>  Preparing: select * from admin_admin left join admin_admin_role on admin_admin.admin_id = admin_admin_role.adminId left join admin_role on admin_admin_role.roleId = admin_role.role_id left join admin_role_permission on admin_role.role_id = admin_role.role_id left join admin_permission on admin_role_permission.permissionId = admin_permission.permission_id where admin_admin.admin_id = ? and admin_admin.deleted = 0
2026-01-11 16:09:47.966 [http-nio-8080-exec-5] DEBUG c.z.e.m.m.a.A.findAdminInfoById - ==> Parameters: 1(Integer)
2026-01-11 16:09:48.003 [http-nio-8080-exec-5] DEBUG c.z.e.m.m.a.A.findAdminInfoById - <==      Total: 1
2026-01-11 16:09:48.050 [http-nio-8080-exec-5] DEBUG c.z.e.m.m.a.R.selectList_mpCount - ==>  Preparing: SELECT COUNT(*) AS total FROM general_resumeTemplate WHERE deleted = 0 AND (deleted = ?)
2026-01-11 16:09:48.051 [http-nio-8080-exec-5] DEBUG c.z.e.m.m.a.R.selectList_mpCount - ==> Parameters: 0(Integer)
2026-01-11 16:09:48.086 [http-nio-8080-exec-5] DEBUG c.z.e.m.m.a.R.selectList_mpCount - <==      Total: 1
2026-01-11 16:09:48.087 [http-nio-8080-exec-5] DEBUG c.z.e.m.m.a.R.selectList - ==>  Preparing: SELECT resumeTemplate_id,resumeTemplate_name,resumeTemplate_reactCode,resumeTemplate_industry,resumeTemplate_isActive,resumeTemplate_createdTime,resumeTemplate_updatedTime,deleted FROM general_resumeTemplate WHERE deleted=0 AND (deleted = ?) LIMIT ?
2026-01-11 16:09:48.087 [http-nio-8080-exec-5] DEBUG c.z.e.m.m.a.R.selectList - ==> Parameters: 0(Integer), 10(Long)
2026-01-11 16:09:48.124 [http-nio-8080-exec-5] DEBUG c.z.e.m.m.a.R.selectList - <==      Total: 1
2026-01-11 16:09:48.124 [http-nio-8080-exec-5] DEBUG c.z.e.m.m.a.I.selectById - ==>  Preparing: SELECT industryMap_industryCode,industryMap_industryName,industryMap_createdTime AS createdTime,industryMap_updatedTime AS updatedTime FROM general_industryMap WHERE industryMap_industryCode=?
2026-01-11 16:09:48.124 [http-nio-8080-exec-5] DEBUG c.z.e.m.m.a.I.selectById - ==> Parameters: 3(Integer)
2026-01-11 16:09:48.160 [http-nio-8080-exec-5] DEBUG c.z.e.m.m.a.I.selectById - <==      Total: 1
2026-01-11 16:10:35.975 [http-nio-8080-exec-8] DEBUG c.z.e.m.m.a.AdminMapper.selectById - ==>  Preparing: SELECT admin_id,admin_account,admin_username,admin_email,admin_phone,admin_password,admin_image,admin_introduce,admin_state,admin_loginTime,deleted FROM admin_admin WHERE admin_id=? AND deleted=0
2026-01-11 16:10:35.975 [http-nio-8080-exec-6] DEBUG c.z.e.m.m.a.AdminMapper.selectById - ==>  Preparing: SELECT admin_id,admin_account,admin_username,admin_email,admin_phone,admin_password,admin_image,admin_introduce,admin_state,admin_loginTime,deleted FROM admin_admin WHERE admin_id=? AND deleted=0
2026-01-11 16:10:35.975 [http-nio-8080-exec-10] DEBUG c.z.e.m.m.a.AdminMapper.selectById - ==>  Preparing: SELECT admin_id,admin_account,admin_username,admin_email,admin_phone,admin_password,admin_image,admin_introduce,admin_state,admin_loginTime,deleted FROM admin_admin WHERE admin_id=? AND deleted=0
2026-01-11 16:10:35.976 [http-nio-8080-exec-10] DEBUG c.z.e.m.m.a.AdminMapper.selectById - ==> Parameters: 1(Integer)
2026-01-11 16:10:35.976 [http-nio-8080-exec-6] DEBUG c.z.e.m.m.a.AdminMapper.selectById - ==> Parameters: 1(Integer)
2026-01-11 16:10:35.976 [http-nio-8080-exec-8] DEBUG c.z.e.m.m.a.AdminMapper.selectById - ==> Parameters: 1(Integer)
2026-01-11 16:10:36.012 [http-nio-8080-exec-10] DEBUG c.z.e.m.m.a.AdminMapper.selectById - <==      Total: 1
2026-01-11 16:10:36.013 [http-nio-8080-exec-10] DEBUG c.z.e.m.m.a.A.findAdminInfoById - ==>  Preparing: select * from admin_admin left join admin_admin_role on admin_admin.admin_id = admin_admin_role.adminId left join admin_role on admin_admin_role.roleId = admin_role.role_id left join admin_role_permission on admin_role.role_id = admin_role.role_id left join admin_permission on admin_role_permission.permissionId = admin_permission.permission_id where admin_admin.admin_id = ? and admin_admin.deleted = 0
2026-01-11 16:10:36.013 [http-nio-8080-exec-10] DEBUG c.z.e.m.m.a.A.findAdminInfoById - ==> Parameters: 1(Integer)
2026-01-11 16:10:36.014 [http-nio-8080-exec-8] DEBUG c.z.e.m.m.a.AdminMapper.selectById - <==      Total: 1
2026-01-11 16:10:36.014 [http-nio-8080-exec-8] DEBUG c.z.e.m.m.a.A.findAdminInfoById - ==>  Preparing: select * from admin_admin left join admin_admin_role on admin_admin.admin_id = admin_admin_role.adminId left join admin_role on admin_admin_role.roleId = admin_role.role_id left join admin_role_permission on admin_role.role_id = admin_role.role_id left join admin_permission on admin_role_permission.permissionId = admin_permission.permission_id where admin_admin.admin_id = ? and admin_admin.deleted = 0
2026-01-11 16:10:36.014 [http-nio-8080-exec-8] DEBUG c.z.e.m.m.a.A.findAdminInfoById - ==> Parameters: 1(Integer)
2026-01-11 16:10:36.023 [http-nio-8080-exec-6] DEBUG c.z.e.m.m.a.AdminMapper.selectById - <==      Total: 1
2026-01-11 16:10:36.024 [http-nio-8080-exec-6] DEBUG c.z.e.m.m.a.A.findAdminInfoById - ==>  Preparing: select * from admin_admin left join admin_admin_role on admin_admin.admin_id = admin_admin_role.adminId left join admin_role on admin_admin_role.roleId = admin_role.role_id left join admin_role_permission on admin_role.role_id = admin_role.role_id left join admin_permission on admin_role_permission.permissionId = admin_permission.permission_id where admin_admin.admin_id = ? and admin_admin.deleted = 0
2026-01-11 16:10:36.024 [http-nio-8080-exec-6] DEBUG c.z.e.m.m.a.A.findAdminInfoById - ==> Parameters: 1(Integer)
2026-01-11 16:10:36.049 [http-nio-8080-exec-10] DEBUG c.z.e.m.m.a.A.findAdminInfoById - <==      Total: 1
2026-01-11 16:10:36.050 [http-nio-8080-exec-8] DEBUG c.z.e.m.m.a.A.findAdminInfoById - <==      Total: 1
2026-01-11 16:10:36.061 [http-nio-8080-exec-6] DEBUG c.z.e.m.m.a.A.findAdminInfoById - <==      Total: 1
2026-01-11 16:10:36.088 [http-nio-8080-exec-10] DEBUG c.z.e.m.m.a.I.selectList - ==>  Preparing: SELECT industryMap_industryCode,industryMap_industryName,industryMap_createdTime AS createdTime,industryMap_updatedTime AS updatedTime FROM general_industryMap
2026-01-11 16:10:36.089 [http-nio-8080-exec-10] DEBUG c.z.e.m.m.a.I.selectList - ==> Parameters: 
2026-01-11 16:10:36.089 [http-nio-8080-exec-8] DEBUG c.z.e.m.m.a.R.selectList - ==>  Preparing: SELECT recruitPosition_id AS recruitPositionId,recruitPosition_name,recruitPosition_createdTime AS createdTime,recruitPosition_updatedTime AS updatedTime,recruitPosition_industryCode,recruitPosition_minMonthSalary AS minMonthSalary,recruitPosition_maxMonthSalary AS maxMonthSalary,recruitPosition_weekWorkDayNum AS weekWorkDayNum,recruitPosition_goodWelfare AS goodWelfare FROM general_recruitPosition
2026-01-11 16:10:36.090 [http-nio-8080-exec-8] DEBUG c.z.e.m.m.a.R.selectList - ==> Parameters: 
2026-01-11 16:10:36.113 [http-nio-8080-exec-6] DEBUG c.z.e.m.m.a.E.selectList_mpCount - ==>  Preparing: SELECT COUNT(*) AS total FROM general_employmentInformation WHERE deleted = 0 AND (deleted = ?)
2026-01-11 16:10:36.114 [http-nio-8080-exec-6] DEBUG c.z.e.m.m.a.E.selectList_mpCount - ==> Parameters: 0(Integer)
2026-01-11 16:10:36.125 [http-nio-8080-exec-10] DEBUG c.z.e.m.m.a.I.selectList - <==      Total: 3
2026-01-11 16:10:36.125 [http-nio-8080-exec-8] DEBUG c.z.e.m.m.a.R.selectList - <==      Total: 2
2026-01-11 16:10:36.149 [http-nio-8080-exec-6] DEBUG c.z.e.m.m.a.E.selectList_mpCount - <==      Total: 1
2026-01-11 16:10:36.150 [http-nio-8080-exec-6] DEBUG c.z.e.m.m.a.E.selectList - ==>  Preparing: SELECT employmentInformation_id,employmentInformation_code,employmentInformation_companyName,employmentInformation_industryCategories,employmentInformation_companyType,employmentInformation_batch,employmentInformation_recruitPosition,employmentInformation_recruitObject,employmentInformation_recruitLocationFirst,employmentInformation_recruitLocationSecond,employmentInformation_recruitLocationDetail,employmentInformation_startTime,employmentInformation_stopTime,employmentInformation_updatedTime,employmentInformation_onlineApplicationStatus,employmentInformation_officialAnnouncement,employmentInformation_submissionWay,employmentInformation_employeeReferralCode,deleted FROM general_employmentInformation WHERE deleted=0 AND (deleted = ?) LIMIT ?
2026-01-11 16:10:36.150 [http-nio-8080-exec-6] DEBUG c.z.e.m.m.a.E.selectList - ==> Parameters: 0(Integer), 10(Long)
2026-01-11 16:10:36.188 [http-nio-8080-exec-6] DEBUG c.z.e.m.m.a.E.selectList - <==      Total: 1
2026-01-11 16:10:36.190 [http-nio-8080-exec-6] DEBUG c.z.e.m.m.a.E.selectList - ==>  Preparing: SELECT employmentInformation_id,employmentInformation_code,employmentInformation_companyName,employmentInformation_industryCategories,employmentInformation_companyType,employmentInformation_batch,employmentInformation_recruitPosition,employmentInformation_recruitObject,employmentInformation_recruitLocationFirst,employmentInformation_recruitLocationSecond,employmentInformation_recruitLocationDetail,employmentInformation_startTime,employmentInformation_stopTime,employmentInformation_updatedTime,employmentInformation_onlineApplicationStatus,employmentInformation_officialAnnouncement,employmentInformation_submissionWay,employmentInformation_employeeReferralCode,deleted FROM general_employmentInformation WHERE deleted=0 AND (employmentInformation_code = ? AND deleted = ?)
2026-01-11 16:10:36.191 [http-nio-8080-exec-6] DEBUG c.z.e.m.m.a.E.selectList - ==> Parameters: 1(Integer), 0(Integer)
2026-01-11 16:10:36.238 [http-nio-8080-exec-6] DEBUG c.z.e.m.m.a.E.selectList - <==      Total: 1
2026-01-11 16:10:36.239 [http-nio-8080-exec-6] DEBUG c.z.e.m.m.a.I.selectById - ==>  Preparing: SELECT industryMap_industryCode,industryMap_industryName,industryMap_createdTime AS createdTime,industryMap_updatedTime AS updatedTime FROM general_industryMap WHERE industryMap_industryCode=?
2026-01-11 16:10:36.239 [http-nio-8080-exec-6] DEBUG c.z.e.m.m.a.I.selectById - ==> Parameters: 3(Integer)
2026-01-11 16:10:36.275 [http-nio-8080-exec-6] DEBUG c.z.e.m.m.a.I.selectById - <==      Total: 1
2026-01-11 16:10:36.275 [http-nio-8080-exec-6] DEBUG c.z.e.m.m.a.R.selectById - ==>  Preparing: SELECT recruitPosition_id AS recruitPositionId,recruitPosition_name,recruitPosition_createdTime AS createdTime,recruitPosition_updatedTime AS updatedTime,recruitPosition_industryCode,recruitPosition_minMonthSalary AS minMonthSalary,recruitPosition_maxMonthSalary AS maxMonthSalary,recruitPosition_weekWorkDayNum AS weekWorkDayNum,recruitPosition_goodWelfare AS goodWelfare FROM general_recruitPosition WHERE recruitPosition_id =?
2026-01-11 16:10:36.275 [http-nio-8080-exec-6] DEBUG c.z.e.m.m.a.R.selectById - ==> Parameters: 2(Integer)
2026-01-11 16:10:36.312 [http-nio-8080-exec-6] DEBUG c.z.e.m.m.a.R.selectById - <==      Total: 1
2026-01-11 16:10:37.577 [http-nio-8080-exec-7] DEBUG c.z.e.m.m.a.AdminMapper.selectById - ==>  Preparing: SELECT admin_id,admin_account,admin_username,admin_email,admin_phone,admin_password,admin_image,admin_introduce,admin_state,admin_loginTime,deleted FROM admin_admin WHERE admin_id=? AND deleted=0
2026-01-11 16:10:37.578 [http-nio-8080-exec-7] DEBUG c.z.e.m.m.a.AdminMapper.selectById - ==> Parameters: 1(Integer)
2026-01-11 16:10:37.615 [http-nio-8080-exec-7] DEBUG c.z.e.m.m.a.AdminMapper.selectById - <==      Total: 1
2026-01-11 16:10:37.615 [http-nio-8080-exec-7] DEBUG c.z.e.m.m.a.A.findAdminInfoById - ==>  Preparing: select * from admin_admin left join admin_admin_role on admin_admin.admin_id = admin_admin_role.adminId left join admin_role on admin_admin_role.roleId = admin_role.role_id left join admin_role_permission on admin_role.role_id = admin_role.role_id left join admin_permission on admin_role_permission.permissionId = admin_permission.permission_id where admin_admin.admin_id = ? and admin_admin.deleted = 0
2026-01-11 16:10:37.616 [http-nio-8080-exec-7] DEBUG c.z.e.m.m.a.A.findAdminInfoById - ==> Parameters: 1(Integer)
2026-01-11 16:10:37.652 [http-nio-8080-exec-7] DEBUG c.z.e.m.m.a.A.findAdminInfoById - <==      Total: 1
2026-01-11 16:10:37.725 [http-nio-8080-exec-7] DEBUG c.z.e.m.m.a.R.queryRecruitPositionPage_mpCount - ==>  Preparing: SELECT COUNT(*) AS total FROM general_recruitPosition rp
2026-01-11 16:10:37.726 [http-nio-8080-exec-7] DEBUG c.z.e.m.m.a.R.queryRecruitPositionPage_mpCount - ==> Parameters: 
2026-01-11 16:10:37.761 [http-nio-8080-exec-7] DEBUG c.z.e.m.m.a.R.queryRecruitPositionPage_mpCount - <==      Total: 1
2026-01-11 16:10:37.762 [http-nio-8080-exec-7] DEBUG c.z.e.m.m.a.R.queryRecruitPositionPage - ==>  Preparing: SELECT rp.recruitPosition_id AS recruitPositionId, rp.recruitPosition_name AS recruitPositionName, rp.recruitPosition_industryCode AS recruitPositionIndustryCode, -- 连表字段：行业名称（从行业映射表查询） gim.industryMap_industryName AS recruitPositionIndustryName, rp.recruitPosition_minMonthSalary AS minMonthSalary, rp.recruitPosition_maxMonthSalary AS maxMonthSalary, rp.recruitPosition_weekWorkDayNum AS weekWorkDayNum, rp.recruitPosition_goodWelfare AS goodWelfare, rp.recruitPosition_createdTime AS createdTime, rp.recruitPosition_updatedTime AS updatedTime FROM general_recruitPosition rp -- 招聘岗位表别名rp -- 连表：通用行业映射表（别名gim），LEFT JOIN避免行业编码无效时丢失岗位数据 LEFT JOIN general_industryMap gim ON rp.recruitPosition_industryCode = gim.industryMap_industryCode ORDER BY rp.recruitPosition_updatedTime DESC LIMIT ?
2026-01-11 16:10:37.763 [http-nio-8080-exec-7] DEBUG c.z.e.m.m.a.R.queryRecruitPositionPage - ==> Parameters: 10(Long)
2026-01-11 16:10:37.800 [http-nio-8080-exec-7] DEBUG c.z.e.m.m.a.R.queryRecruitPositionPage - <==      Total: 2
2026-01-11 16:10:37.886 [http-nio-8080-exec-9] DEBUG c.z.e.m.m.a.AdminMapper.selectById - ==>  Preparing: SELECT admin_id,admin_account,admin_username,admin_email,admin_phone,admin_password,admin_image,admin_introduce,admin_state,admin_loginTime,deleted FROM admin_admin WHERE admin_id=? AND deleted=0
2026-01-11 16:10:37.887 [http-nio-8080-exec-9] DEBUG c.z.e.m.m.a.AdminMapper.selectById - ==> Parameters: 1(Integer)
2026-01-11 16:10:37.923 [http-nio-8080-exec-9] DEBUG c.z.e.m.m.a.AdminMapper.selectById - <==      Total: 1
2026-01-11 16:10:37.923 [http-nio-8080-exec-9] DEBUG c.z.e.m.m.a.A.findAdminInfoById - ==>  Preparing: select * from admin_admin left join admin_admin_role on admin_admin.admin_id = admin_admin_role.adminId left join admin_role on admin_admin_role.roleId = admin_role.role_id left join admin_role_permission on admin_role.role_id = admin_role.role_id left join admin_permission on admin_role_permission.permissionId = admin_permission.permission_id where admin_admin.admin_id = ? and admin_admin.deleted = 0
2026-01-11 16:10:37.924 [http-nio-8080-exec-9] DEBUG c.z.e.m.m.a.A.findAdminInfoById - ==> Parameters: 1(Integer)
2026-01-11 16:10:37.961 [http-nio-8080-exec-9] DEBUG c.z.e.m.m.a.A.findAdminInfoById - <==      Total: 1
2026-01-11 16:10:38.000 [http-nio-8080-exec-9] DEBUG c.z.e.m.m.a.I.selectList - ==>  Preparing: SELECT industryMap_industryCode,industryMap_industryName,industryMap_createdTime AS createdTime,industryMap_updatedTime AS updatedTime FROM general_industryMap
2026-01-11 16:10:38.001 [http-nio-8080-exec-9] DEBUG c.z.e.m.m.a.I.selectList - ==> Parameters: 
2026-01-11 16:10:38.035 [http-nio-8080-exec-9] DEBUG c.z.e.m.m.a.I.selectList - <==      Total: 3
2026-01-11 16:10:44.412 [http-nio-8080-exec-2] DEBUG c.z.e.m.m.a.AdminMapper.selectById - ==>  Preparing: SELECT admin_id,admin_account,admin_username,admin_email,admin_phone,admin_password,admin_image,admin_introduce,admin_state,admin_loginTime,deleted FROM admin_admin WHERE admin_id=? AND deleted=0
2026-01-11 16:10:44.412 [http-nio-8080-exec-2] DEBUG c.z.e.m.m.a.AdminMapper.selectById - ==> Parameters: 1(Integer)
2026-01-11 16:10:44.465 [http-nio-8080-exec-2] DEBUG c.z.e.m.m.a.AdminMapper.selectById - <==      Total: 1
2026-01-11 16:10:44.466 [http-nio-8080-exec-2] DEBUG c.z.e.m.m.a.A.findAdminInfoById - ==>  Preparing: select * from admin_admin left join admin_admin_role on admin_admin.admin_id = admin_admin_role.adminId left join admin_role on admin_admin_role.roleId = admin_role.role_id left join admin_role_permission on admin_role.role_id = admin_role.role_id left join admin_permission on admin_role_permission.permissionId = admin_permission.permission_id where admin_admin.admin_id = ? and admin_admin.deleted = 0
2026-01-11 16:10:44.466 [http-nio-8080-exec-2] DEBUG c.z.e.m.m.a.A.findAdminInfoById - ==> Parameters: 1(Integer)
2026-01-11 16:10:44.515 [http-nio-8080-exec-2] DEBUG c.z.e.m.m.a.A.findAdminInfoById - <==      Total: 1
2026-01-11 16:10:44.576 [http-nio-8080-exec-2] DEBUG c.z.e.m.m.a.J.selectList_mpCount - ==>  Preparing: SELECT COUNT(*) AS total FROM general_jobAdviceArticle WHERE deleted = 0 AND (deleted = ?)
2026-01-11 16:10:44.577 [http-nio-8080-exec-2] DEBUG c.z.e.m.m.a.J.selectList_mpCount - ==> Parameters: 0(Integer)
2026-01-11 16:10:44.617 [http-nio-8080-exec-2] DEBUG c.z.e.m.m.a.J.selectList_mpCount - <==      Total: 1
2026-01-11 16:10:44.617 [http-nio-8080-exec-2] DEBUG c.z.e.m.m.a.J.selectList - ==>  Preparing: SELECT jobAdviceArticle_id,jobAdviceArticle_title,jobAdviceArticle_content,jobAdviceArticle_category,jobAdviceArticle_tags,jobAdviceArticle_authorName,jobAdviceArticle_publishedStatus,jobAdviceArticle_publishedTime,jobAdviceArticle_updatedTime,deleted FROM general_jobAdviceArticle WHERE deleted=0 AND (deleted = ?) LIMIT ?
2026-01-11 16:10:44.618 [http-nio-8080-exec-2] DEBUG c.z.e.m.m.a.J.selectList - ==> Parameters: 0(Integer), 10(Long)
2026-01-11 16:10:44.668 [http-nio-8080-exec-2] DEBUG c.z.e.m.m.a.J.selectList - <==      Total: 1
2026-01-11 16:10:58.716 [http-nio-8080-exec-3] DEBUG c.z.e.m.m.a.AdminMapper.selectById - ==>  Preparing: SELECT admin_id,admin_account,admin_username,admin_email,admin_phone,admin_password,admin_image,admin_introduce,admin_state,admin_loginTime,deleted FROM admin_admin WHERE admin_id=? AND deleted=0
2026-01-11 16:10:58.716 [http-nio-8080-exec-3] DEBUG c.z.e.m.m.a.AdminMapper.selectById - ==> Parameters: 1(Integer)
2026-01-11 16:10:58.752 [http-nio-8080-exec-3] DEBUG c.z.e.m.m.a.AdminMapper.selectById - <==      Total: 1
2026-01-11 16:10:58.752 [http-nio-8080-exec-3] DEBUG c.z.e.m.m.a.A.findAdminInfoById - ==>  Preparing: select * from admin_admin left join admin_admin_role on admin_admin.admin_id = admin_admin_role.adminId left join admin_role on admin_admin_role.roleId = admin_role.role_id left join admin_role_permission on admin_role.role_id = admin_role.role_id left join admin_permission on admin_role_permission.permissionId = admin_permission.permission_id where admin_admin.admin_id = ? and admin_admin.deleted = 0
2026-01-11 16:10:58.754 [http-nio-8080-exec-3] DEBUG c.z.e.m.m.a.A.findAdminInfoById - ==> Parameters: 1(Integer)
2026-01-11 16:10:58.790 [http-nio-8080-exec-3] DEBUG c.z.e.m.m.a.A.findAdminInfoById - <==      Total: 1
2026-01-11 16:10:58.840 [http-nio-8080-exec-3] DEBUG c.z.e.m.m.a.R.queryRecruitPositionPage_mpCount - ==>  Preparing: SELECT COUNT(*) AS total FROM general_recruitPosition rp
2026-01-11 16:10:58.841 [http-nio-8080-exec-3] DEBUG c.z.e.m.m.a.R.queryRecruitPositionPage_mpCount - ==> Parameters: 
2026-01-11 16:10:58.878 [http-nio-8080-exec-3] DEBUG c.z.e.m.m.a.R.queryRecruitPositionPage_mpCount - <==      Total: 1
2026-01-11 16:10:58.878 [http-nio-8080-exec-3] DEBUG c.z.e.m.m.a.R.queryRecruitPositionPage - ==>  Preparing: SELECT rp.recruitPosition_id AS recruitPositionId, rp.recruitPosition_name AS recruitPositionName, rp.recruitPosition_industryCode AS recruitPositionIndustryCode, -- 连表字段：行业名称（从行业映射表查询） gim.industryMap_industryName AS recruitPositionIndustryName, rp.recruitPosition_minMonthSalary AS minMonthSalary, rp.recruitPosition_maxMonthSalary AS maxMonthSalary, rp.recruitPosition_weekWorkDayNum AS weekWorkDayNum, rp.recruitPosition_goodWelfare AS goodWelfare, rp.recruitPosition_createdTime AS createdTime, rp.recruitPosition_updatedTime AS updatedTime FROM general_recruitPosition rp -- 招聘岗位表别名rp -- 连表：通用行业映射表（别名gim），LEFT JOIN避免行业编码无效时丢失岗位数据 LEFT JOIN general_industryMap gim ON rp.recruitPosition_industryCode = gim.industryMap_industryCode ORDER BY rp.recruitPosition_updatedTime DESC LIMIT ?
2026-01-11 16:10:58.879 [http-nio-8080-exec-3] DEBUG c.z.e.m.m.a.R.queryRecruitPositionPage - ==> Parameters: 10(Long)
2026-01-11 16:10:58.916 [http-nio-8080-exec-3] DEBUG c.z.e.m.m.a.R.queryRecruitPositionPage - <==      Total: 2
2026-01-11 16:10:58.992 [http-nio-8080-exec-1] DEBUG c.z.e.m.m.a.AdminMapper.selectById - ==>  Preparing: SELECT admin_id,admin_account,admin_username,admin_email,admin_phone,admin_password,admin_image,admin_introduce,admin_state,admin_loginTime,deleted FROM admin_admin WHERE admin_id=? AND deleted=0
2026-01-11 16:10:58.993 [http-nio-8080-exec-1] DEBUG c.z.e.m.m.a.AdminMapper.selectById - ==> Parameters: 1(Integer)
2026-01-11 16:10:59.029 [http-nio-8080-exec-1] DEBUG c.z.e.m.m.a.AdminMapper.selectById - <==      Total: 1
2026-01-11 16:10:59.029 [http-nio-8080-exec-1] DEBUG c.z.e.m.m.a.A.findAdminInfoById - ==>  Preparing: select * from admin_admin left join admin_admin_role on admin_admin.admin_id = admin_admin_role.adminId left join admin_role on admin_admin_role.roleId = admin_role.role_id left join admin_role_permission on admin_role.role_id = admin_role.role_id left join admin_permission on admin_role_permission.permissionId = admin_permission.permission_id where admin_admin.admin_id = ? and admin_admin.deleted = 0
2026-01-11 16:10:59.029 [http-nio-8080-exec-1] DEBUG c.z.e.m.m.a.A.findAdminInfoById - ==> Parameters: 1(Integer)
2026-01-11 16:10:59.066 [http-nio-8080-exec-1] DEBUG c.z.e.m.m.a.A.findAdminInfoById - <==      Total: 1
2026-01-11 16:10:59.106 [http-nio-8080-exec-1] DEBUG c.z.e.m.m.a.I.selectList - ==>  Preparing: SELECT industryMap_industryCode,industryMap_industryName,industryMap_createdTime AS createdTime,industryMap_updatedTime AS updatedTime FROM general_industryMap
2026-01-11 16:10:59.106 [http-nio-8080-exec-1] DEBUG c.z.e.m.m.a.I.selectList - ==> Parameters: 
2026-01-11 16:10:59.142 [http-nio-8080-exec-1] DEBUG c.z.e.m.m.a.I.selectList - <==      Total: 3
2026-01-11 16:11:12.087 [http-nio-8080-exec-4] DEBUG c.z.e.m.m.a.AdminMapper.selectById - ==>  Preparing: SELECT admin_id,admin_account,admin_username,admin_email,admin_phone,admin_password,admin_image,admin_introduce,admin_state,admin_loginTime,deleted FROM admin_admin WHERE admin_id=? AND deleted=0
2026-01-11 16:11:12.088 [http-nio-8080-exec-4] DEBUG c.z.e.m.m.a.AdminMapper.selectById - ==> Parameters: 1(Integer)
2026-01-11 16:11:12.125 [http-nio-8080-exec-4] DEBUG c.z.e.m.m.a.AdminMapper.selectById - <==      Total: 1
2026-01-11 16:11:12.126 [http-nio-8080-exec-4] DEBUG c.z.e.m.m.a.A.findAdminInfoById - ==>  Preparing: select * from admin_admin left join admin_admin_role on admin_admin.admin_id = admin_admin_role.adminId left join admin_role on admin_admin_role.roleId = admin_role.role_id left join admin_role_permission on admin_role.role_id = admin_role.role_id left join admin_permission on admin_role_permission.permissionId = admin_permission.permission_id where admin_admin.admin_id = ? and admin_admin.deleted = 0
2026-01-11 16:11:12.126 [http-nio-8080-exec-4] DEBUG c.z.e.m.m.a.A.findAdminInfoById - ==> Parameters: 1(Integer)
2026-01-11 16:11:12.162 [http-nio-8080-exec-4] DEBUG c.z.e.m.m.a.A.findAdminInfoById - <==      Total: 1
2026-01-11 16:11:12.202 [http-nio-8080-exec-4] DEBUG c.z.e.m.m.a.I.selectList - ==>  Preparing: SELECT industryMap_industryCode,industryMap_industryName,industryMap_createdTime AS createdTime,industryMap_updatedTime AS updatedTime FROM general_industryMap
2026-01-11 16:11:12.202 [http-nio-8080-exec-4] DEBUG c.z.e.m.m.a.I.selectList - ==> Parameters: 
2026-01-11 16:11:12.238 [http-nio-8080-exec-4] DEBUG c.z.e.m.m.a.I.selectList - <==      Total: 3
2026-01-11 16:11:12.396 [http-nio-8080-exec-5] DEBUG c.z.e.m.m.a.AdminMapper.selectById - ==>  Preparing: SELECT admin_id,admin_account,admin_username,admin_email,admin_phone,admin_password,admin_image,admin_introduce,admin_state,admin_loginTime,deleted FROM admin_admin WHERE admin_id=? AND deleted=0
2026-01-11 16:11:12.396 [http-nio-8080-exec-5] DEBUG c.z.e.m.m.a.AdminMapper.selectById - ==> Parameters: 1(Integer)
2026-01-11 16:11:12.432 [http-nio-8080-exec-5] DEBUG c.z.e.m.m.a.AdminMapper.selectById - <==      Total: 1
2026-01-11 16:11:12.433 [http-nio-8080-exec-5] DEBUG c.z.e.m.m.a.A.findAdminInfoById - ==>  Preparing: select * from admin_admin left join admin_admin_role on admin_admin.admin_id = admin_admin_role.adminId left join admin_role on admin_admin_role.roleId = admin_role.role_id left join admin_role_permission on admin_role.role_id = admin_role.role_id left join admin_permission on admin_role_permission.permissionId = admin_permission.permission_id where admin_admin.admin_id = ? and admin_admin.deleted = 0
2026-01-11 16:11:12.433 [http-nio-8080-exec-5] DEBUG c.z.e.m.m.a.A.findAdminInfoById - ==> Parameters: 1(Integer)
2026-01-11 16:11:12.470 [http-nio-8080-exec-5] DEBUG c.z.e.m.m.a.A.findAdminInfoById - <==      Total: 1
2026-01-11 16:11:12.520 [http-nio-8080-exec-5] DEBUG c.z.e.m.m.a.R.selectList_mpCount - ==>  Preparing: SELECT COUNT(*) AS total FROM general_resumeTemplate WHERE deleted = 0 AND (deleted = ?)
2026-01-11 16:11:12.520 [http-nio-8080-exec-5] DEBUG c.z.e.m.m.a.R.selectList_mpCount - ==> Parameters: 0(Integer)
2026-01-11 16:11:12.555 [http-nio-8080-exec-5] DEBUG c.z.e.m.m.a.R.selectList_mpCount - <==      Total: 1
2026-01-11 16:11:12.557 [http-nio-8080-exec-5] DEBUG c.z.e.m.m.a.R.selectList - ==>  Preparing: SELECT resumeTemplate_id,resumeTemplate_name,resumeTemplate_reactCode,resumeTemplate_industry,resumeTemplate_isActive,resumeTemplate_createdTime,resumeTemplate_updatedTime,deleted FROM general_resumeTemplate WHERE deleted=0 AND (deleted = ?) LIMIT ?
2026-01-11 16:11:12.557 [http-nio-8080-exec-5] DEBUG c.z.e.m.m.a.R.selectList - ==> Parameters: 0(Integer), 10(Long)
2026-01-11 16:11:12.594 [http-nio-8080-exec-5] DEBUG c.z.e.m.m.a.R.selectList - <==      Total: 1
2026-01-11 16:11:12.594 [http-nio-8080-exec-5] DEBUG c.z.e.m.m.a.I.selectById - ==>  Preparing: SELECT industryMap_industryCode,industryMap_industryName,industryMap_createdTime AS createdTime,industryMap_updatedTime AS updatedTime FROM general_industryMap WHERE industryMap_industryCode=?
2026-01-11 16:11:12.594 [http-nio-8080-exec-5] DEBUG c.z.e.m.m.a.I.selectById - ==> Parameters: 3(Integer)
2026-01-11 16:11:12.631 [http-nio-8080-exec-5] DEBUG c.z.e.m.m.a.I.selectById - <==      Total: 1
2026-01-11 16:11:14.255 [http-nio-8080-exec-10] DEBUG c.z.e.m.m.a.AdminMapper.selectById - ==>  Preparing: SELECT admin_id,admin_account,admin_username,admin_email,admin_phone,admin_password,admin_image,admin_introduce,admin_state,admin_loginTime,deleted FROM admin_admin WHERE admin_id=? AND deleted=0
2026-01-11 16:11:14.255 [http-nio-8080-exec-10] DEBUG c.z.e.m.m.a.AdminMapper.selectById - ==> Parameters: 1(Integer)
2026-01-11 16:11:14.292 [http-nio-8080-exec-10] DEBUG c.z.e.m.m.a.AdminMapper.selectById - <==      Total: 1
2026-01-11 16:11:14.293 [http-nio-8080-exec-10] DEBUG c.z.e.m.m.a.A.findAdminInfoById - ==>  Preparing: select * from admin_admin left join admin_admin_role on admin_admin.admin_id = admin_admin_role.adminId left join admin_role on admin_admin_role.roleId = admin_role.role_id left join admin_role_permission on admin_role.role_id = admin_role.role_id left join admin_permission on admin_role_permission.permissionId = admin_permission.permission_id where admin_admin.admin_id = ? and admin_admin.deleted = 0
2026-01-11 16:11:14.293 [http-nio-8080-exec-10] DEBUG c.z.e.m.m.a.A.findAdminInfoById - ==> Parameters: 1(Integer)
2026-01-11 16:11:14.328 [http-nio-8080-exec-10] DEBUG c.z.e.m.m.a.A.findAdminInfoById - <==      Total: 1
2026-01-11 16:11:14.373 [http-nio-8080-exec-10] DEBUG c.z.e.m.m.u.U.selectList_mpCount - ==>  Preparing: SELECT COUNT(*) AS total FROM user_userDeleteResumeBySystem
2026-01-11 16:11:14.373 [http-nio-8080-exec-10] DEBUG c.z.e.m.m.u.U.selectList_mpCount - ==> Parameters: 
2026-01-11 16:11:14.409 [http-nio-8080-exec-10] DEBUG c.z.e.m.m.u.U.selectList_mpCount - <==      Total: 1
2026-01-11 16:11:14.410 [http-nio-8080-exec-10] DEBUG c.z.e.m.m.u.U.selectList - ==>  Preparing: SELECT userDeleteResumeBySystem_id,userDeleteResumeBySystem_resumeName,userDeleteResumeBySystem_industry,userDeleteResumeBySystem_resumeReactCode,userDeleteResumeBySystem_createdTime,userDeleteResumeBySystem_updatedTime,userDeleteResumeBySystem_sortedNum,userDeleteResumeBySystem_userId,userDeleteResumeBySystem_recycleTime FROM user_userDeleteResumeBySystem LIMIT ?
2026-01-11 16:11:14.410 [http-nio-8080-exec-10] DEBUG c.z.e.m.m.u.U.selectList - ==> Parameters: 10(Long)
2026-01-11 16:11:14.462 [http-nio-8080-exec-10] DEBUG c.z.e.m.m.u.U.selectList - <==      Total: 2
2026-01-11 16:11:14.463 [http-nio-8080-exec-10] DEBUG c.z.e.m.m.a.I.selectById - ==>  Preparing: SELECT industryMap_industryCode,industryMap_industryName,industryMap_createdTime AS createdTime,industryMap_updatedTime AS updatedTime FROM general_industryMap WHERE industryMap_industryCode=?
2026-01-11 16:11:14.463 [http-nio-8080-exec-10] DEBUG c.z.e.m.m.a.I.selectById - ==> Parameters: 3(Integer)
2026-01-11 16:11:14.499 [http-nio-8080-exec-10] DEBUG c.z.e.m.m.a.I.selectById - <==      Total: 1
2026-01-11 16:11:28.811 [http-nio-8080-exec-8] DEBUG c.z.e.m.m.a.AdminMapper.selectById - ==>  Preparing: SELECT admin_id,admin_account,admin_username,admin_email,admin_phone,admin_password,admin_image,admin_introduce,admin_state,admin_loginTime,deleted FROM admin_admin WHERE admin_id=? AND deleted=0
2026-01-11 16:11:28.812 [http-nio-8080-exec-8] DEBUG c.z.e.m.m.a.AdminMapper.selectById - ==> Parameters: 1(Integer)
2026-01-11 16:11:28.847 [http-nio-8080-exec-8] DEBUG c.z.e.m.m.a.AdminMapper.selectById - <==      Total: 1
2026-01-11 16:11:28.848 [http-nio-8080-exec-8] DEBUG c.z.e.m.m.a.A.findAdminInfoById - ==>  Preparing: select * from admin_admin left join admin_admin_role on admin_admin.admin_id = admin_admin_role.adminId left join admin_role on admin_admin_role.roleId = admin_role.role_id left join admin_role_permission on admin_role.role_id = admin_role.role_id left join admin_permission on admin_role_permission.permissionId = admin_permission.permission_id where admin_admin.admin_id = ? and admin_admin.deleted = 0
2026-01-11 16:11:28.848 [http-nio-8080-exec-8] DEBUG c.z.e.m.m.a.A.findAdminInfoById - ==> Parameters: 1(Integer)
2026-01-11 16:11:28.952 [http-nio-8080-exec-8] DEBUG c.z.e.m.m.a.A.findAdminInfoById - <==      Total: 1
2026-01-11 16:11:29.002 [http-nio-8080-exec-8] DEBUG c.z.e.m.m.u.U.selectList_mpCount - ==>  Preparing: SELECT COUNT(*) AS total FROM user_userFeedback
2026-01-11 16:11:29.002 [http-nio-8080-exec-8] DEBUG c.z.e.m.m.u.U.selectList_mpCount - ==> Parameters: 
2026-01-11 16:11:29.078 [http-nio-8080-exec-8] DEBUG c.z.e.m.m.u.U.selectList_mpCount - <==      Total: 1
2026-01-11 16:11:29.078 [http-nio-8080-exec-8] DEBUG c.z.e.m.m.u.U.selectList - ==>  Preparing: SELECT userFeedback_id,userFeedback_title,userFeedback_content,userFeedback_time,userFeedback_recentTime,userFeedback_curStep,userFeedback_userId FROM user_userFeedback ORDER BY userFeedback_id DESC LIMIT ?
2026-01-11 16:11:29.079 [http-nio-8080-exec-8] DEBUG c.z.e.m.m.u.U.selectList - ==> Parameters: 10(Long)
2026-01-11 16:11:29.116 [http-nio-8080-exec-8] DEBUG c.z.e.m.m.u.U.selectList - <==      Total: 10
2026-01-11 16:11:29.119 [http-nio-8080-exec-8] DEBUG c.z.e.m.m.user.UserMapper.selectById - ==>  Preparing: SELECT user_id,user_account,user_username,user_email,user_phone,user_password,user_image,user_introduce,user_createdTime,user_loginTime,user_dreamPosition,user_dreamMinMonthSalary,user_dreamMaxMonthSalary,user_dreamWeekWorkDayNum,user_dreamGoodWelfare,user_recruitLocationFirst,user_recruitLocationSecond,user_recruitLocationDetail,user_universityCode FROM user_user WHERE user_id=?
2026-01-11 16:11:29.120 [http-nio-8080-exec-8] DEBUG c.z.e.m.m.user.UserMapper.selectById - ==> Parameters: 1(Integer)
2026-01-11 16:11:29.218 [http-nio-8080-exec-8] DEBUG c.z.e.m.m.user.UserMapper.selectById - <==      Total: 1
2026-01-11 16:11:31.317 [http-nio-8080-exec-6] DEBUG c.z.e.m.m.a.AdminMapper.selectById - ==>  Preparing: SELECT admin_id,admin_account,admin_username,admin_email,admin_phone,admin_password,admin_image,admin_introduce,admin_state,admin_loginTime,deleted FROM admin_admin WHERE admin_id=? AND deleted=0
2026-01-11 16:11:31.317 [http-nio-8080-exec-6] DEBUG c.z.e.m.m.a.AdminMapper.selectById - ==> Parameters: 1(Integer)
2026-01-11 16:11:31.354 [http-nio-8080-exec-6] DEBUG c.z.e.m.m.a.AdminMapper.selectById - <==      Total: 1
2026-01-11 16:11:31.354 [http-nio-8080-exec-6] DEBUG c.z.e.m.m.a.A.findAdminInfoById - ==>  Preparing: select * from admin_admin left join admin_admin_role on admin_admin.admin_id = admin_admin_role.adminId left join admin_role on admin_admin_role.roleId = admin_role.role_id left join admin_role_permission on admin_role.role_id = admin_role.role_id left join admin_permission on admin_role_permission.permissionId = admin_permission.permission_id where admin_admin.admin_id = ? and admin_admin.deleted = 0
2026-01-11 16:11:31.354 [http-nio-8080-exec-6] DEBUG c.z.e.m.m.a.A.findAdminInfoById - ==> Parameters: 1(Integer)
2026-01-11 16:11:31.392 [http-nio-8080-exec-6] DEBUG c.z.e.m.m.a.A.findAdminInfoById - <==      Total: 1
2026-01-11 16:11:31.442 [http-nio-8080-exec-6] DEBUG c.z.e.m.m.a.A.selectList_mpCount - ==>  Preparing: SELECT COUNT(*) AS total FROM admin_adminFeedback
2026-01-11 16:11:31.444 [http-nio-8080-exec-6] DEBUG c.z.e.m.m.a.A.selectList_mpCount - ==> Parameters: 
2026-01-11 16:11:31.480 [http-nio-8080-exec-6] DEBUG c.z.e.m.m.a.A.selectList_mpCount - <==      Total: 1
2026-01-11 16:11:31.481 [http-nio-8080-exec-6] DEBUG c.z.e.m.m.a.A.selectList - ==>  Preparing: SELECT adminFeedback_id,adminFeedback_title,adminFeedback_content,adminFeedback_time,adminFeedback_recentTime,adminFeedback_curStep,adminFeedback_adminId FROM admin_adminFeedback ORDER BY adminFeedback_id DESC LIMIT ?
2026-01-11 16:11:31.482 [http-nio-8080-exec-6] DEBUG c.z.e.m.m.a.A.selectList - ==> Parameters: 10(Long)
2026-01-11 16:11:31.520 [http-nio-8080-exec-6] DEBUG c.z.e.m.m.a.A.selectList - <==      Total: 8
2026-01-11 16:11:31.522 [http-nio-8080-exec-6] DEBUG c.z.e.m.m.a.AdminMapper.selectById - ==>  Preparing: SELECT admin_id,admin_account,admin_username,admin_email,admin_phone,admin_password,admin_image,admin_introduce,admin_state,admin_loginTime,deleted FROM admin_admin WHERE admin_id=? AND deleted=0
2026-01-11 16:11:31.523 [http-nio-8080-exec-6] DEBUG c.z.e.m.m.a.AdminMapper.selectById - ==> Parameters: 2(Integer)
2026-01-11 16:11:31.559 [http-nio-8080-exec-6] DEBUG c.z.e.m.m.a.AdminMapper.selectById - <==      Total: 1
2026-01-11 16:11:31.559 [http-nio-8080-exec-6] DEBUG c.z.e.m.m.a.AdminMapper.selectById - ==>  Preparing: SELECT admin_id,admin_account,admin_username,admin_email,admin_phone,admin_password,admin_image,admin_introduce,admin_state,admin_loginTime,deleted FROM admin_admin WHERE admin_id=? AND deleted=0
2026-01-11 16:11:31.560 [http-nio-8080-exec-6] DEBUG c.z.e.m.m.a.AdminMapper.selectById - ==> Parameters: 1(Integer)
2026-01-11 16:11:31.596 [http-nio-8080-exec-6] DEBUG c.z.e.m.m.a.AdminMapper.selectById - <==      Total: 1
2026-01-11 16:12:03.211 [http-nio-8080-exec-7] DEBUG c.z.e.m.m.a.AdminMapper.selectById - ==>  Preparing: SELECT admin_id,admin_account,admin_username,admin_email,admin_phone,admin_password,admin_image,admin_introduce,admin_state,admin_loginTime,deleted FROM admin_admin WHERE admin_id=? AND deleted=0
2026-01-11 16:12:03.212 [http-nio-8080-exec-7] DEBUG c.z.e.m.m.a.AdminMapper.selectById - ==> Parameters: 1(Integer)
2026-01-11 16:12:03.247 [http-nio-8080-exec-7] DEBUG c.z.e.m.m.a.AdminMapper.selectById - <==      Total: 1
2026-01-11 16:12:03.248 [http-nio-8080-exec-7] DEBUG c.z.e.m.m.a.A.findAdminInfoById - ==>  Preparing: select * from admin_admin left join admin_admin_role on admin_admin.admin_id = admin_admin_role.adminId left join admin_role on admin_admin_role.roleId = admin_role.role_id left join admin_role_permission on admin_role.role_id = admin_role.role_id left join admin_permission on admin_role_permission.permissionId = admin_permission.permission_id where admin_admin.admin_id = ? and admin_admin.deleted = 0
2026-01-11 16:12:03.248 [http-nio-8080-exec-7] DEBUG c.z.e.m.m.a.A.findAdminInfoById - ==> Parameters: 1(Integer)
2026-01-11 16:12:03.285 [http-nio-8080-exec-7] DEBUG c.z.e.m.m.a.A.findAdminInfoById - <==      Total: 1
2026-01-11 16:12:03.331 [http-nio-8080-exec-7] DEBUG c.z.e.m.m.u.U.selectList_mpCount - ==>  Preparing: SELECT COUNT(*) AS total FROM user_userFeedback
2026-01-11 16:12:03.331 [http-nio-8080-exec-7] DEBUG c.z.e.m.m.u.U.selectList_mpCount - ==> Parameters: 
2026-01-11 16:12:03.368 [http-nio-8080-exec-7] DEBUG c.z.e.m.m.u.U.selectList_mpCount - <==      Total: 1
2026-01-11 16:12:03.369 [http-nio-8080-exec-7] DEBUG c.z.e.m.m.u.U.selectList - ==>  Preparing: SELECT userFeedback_id,userFeedback_title,userFeedback_content,userFeedback_time,userFeedback_recentTime,userFeedback_curStep,userFeedback_userId FROM user_userFeedback ORDER BY userFeedback_id DESC LIMIT ?
2026-01-11 16:12:03.369 [http-nio-8080-exec-7] DEBUG c.z.e.m.m.u.U.selectList - ==> Parameters: 10(Long)
2026-01-11 16:12:03.406 [http-nio-8080-exec-7] DEBUG c.z.e.m.m.u.U.selectList - <==      Total: 10
2026-01-11 16:12:03.407 [http-nio-8080-exec-7] DEBUG c.z.e.m.m.user.UserMapper.selectById - ==>  Preparing: SELECT user_id,user_account,user_username,user_email,user_phone,user_password,user_image,user_introduce,user_createdTime,user_loginTime,user_dreamPosition,user_dreamMinMonthSalary,user_dreamMaxMonthSalary,user_dreamWeekWorkDayNum,user_dreamGoodWelfare,user_recruitLocationFirst,user_recruitLocationSecond,user_recruitLocationDetail,user_universityCode FROM user_user WHERE user_id=?
2026-01-11 16:12:03.408 [http-nio-8080-exec-7] DEBUG c.z.e.m.m.user.UserMapper.selectById - ==> Parameters: 1(Integer)
2026-01-11 16:12:03.445 [http-nio-8080-exec-7] DEBUG c.z.e.m.m.user.UserMapper.selectById - <==      Total: 1
2026-01-11 16:12:06.229 [http-nio-8080-exec-9] DEBUG c.z.e.m.m.a.AdminMapper.selectById - ==>  Preparing: SELECT admin_id,admin_account,admin_username,admin_email,admin_phone,admin_password,admin_image,admin_introduce,admin_state,admin_loginTime,deleted FROM admin_admin WHERE admin_id=? AND deleted=0
2026-01-11 16:12:06.229 [http-nio-8080-exec-9] DEBUG c.z.e.m.m.a.AdminMapper.selectById - ==> Parameters: 1(Integer)
2026-01-11 16:12:06.266 [http-nio-8080-exec-9] DEBUG c.z.e.m.m.a.AdminMapper.selectById - <==      Total: 1
2026-01-11 16:12:06.266 [http-nio-8080-exec-9] DEBUG c.z.e.m.m.a.A.findAdminInfoById - ==>  Preparing: select * from admin_admin left join admin_admin_role on admin_admin.admin_id = admin_admin_role.adminId left join admin_role on admin_admin_role.roleId = admin_role.role_id left join admin_role_permission on admin_role.role_id = admin_role.role_id left join admin_permission on admin_role_permission.permissionId = admin_permission.permission_id where admin_admin.admin_id = ? and admin_admin.deleted = 0
2026-01-11 16:12:06.266 [http-nio-8080-exec-9] DEBUG c.z.e.m.m.a.A.findAdminInfoById - ==> Parameters: 1(Integer)
2026-01-11 16:12:06.301 [http-nio-8080-exec-9] DEBUG c.z.e.m.m.a.A.findAdminInfoById - <==      Total: 1
2026-01-11 16:12:06.348 [http-nio-8080-exec-9] DEBUG c.z.e.m.m.a.A.selectList_mpCount - ==>  Preparing: SELECT COUNT(*) AS total FROM admin_adminFeedback
2026-01-11 16:12:06.348 [http-nio-8080-exec-9] DEBUG c.z.e.m.m.a.A.selectList_mpCount - ==> Parameters: 
2026-01-11 16:12:06.384 [http-nio-8080-exec-9] DEBUG c.z.e.m.m.a.A.selectList_mpCount - <==      Total: 1
2026-01-11 16:12:06.384 [http-nio-8080-exec-9] DEBUG c.z.e.m.m.a.A.selectList - ==>  Preparing: SELECT adminFeedback_id,adminFeedback_title,adminFeedback_content,adminFeedback_time,adminFeedback_recentTime,adminFeedback_curStep,adminFeedback_adminId FROM admin_adminFeedback ORDER BY adminFeedback_id DESC LIMIT ?
2026-01-11 16:12:06.385 [http-nio-8080-exec-9] DEBUG c.z.e.m.m.a.A.selectList - ==> Parameters: 10(Long)
2026-01-11 16:12:06.422 [http-nio-8080-exec-9] DEBUG c.z.e.m.m.a.A.selectList - <==      Total: 8
2026-01-11 16:12:06.423 [http-nio-8080-exec-9] DEBUG c.z.e.m.m.a.AdminMapper.selectById - ==>  Preparing: SELECT admin_id,admin_account,admin_username,admin_email,admin_phone,admin_password,admin_image,admin_introduce,admin_state,admin_loginTime,deleted FROM admin_admin WHERE admin_id=? AND deleted=0
2026-01-11 16:12:06.423 [http-nio-8080-exec-9] DEBUG c.z.e.m.m.a.AdminMapper.selectById - ==> Parameters: 2(Integer)
2026-01-11 16:12:06.458 [http-nio-8080-exec-9] DEBUG c.z.e.m.m.a.AdminMapper.selectById - <==      Total: 1
2026-01-11 16:12:06.459 [http-nio-8080-exec-9] DEBUG c.z.e.m.m.a.AdminMapper.selectById - ==>  Preparing: SELECT admin_id,admin_account,admin_username,admin_email,admin_phone,admin_password,admin_image,admin_introduce,admin_state,admin_loginTime,deleted FROM admin_admin WHERE admin_id=? AND deleted=0
2026-01-11 16:12:06.459 [http-nio-8080-exec-9] DEBUG c.z.e.m.m.a.AdminMapper.selectById - ==> Parameters: 1(Integer)
2026-01-11 16:12:06.494 [http-nio-8080-exec-9] DEBUG c.z.e.m.m.a.AdminMapper.selectById - <==      Total: 1
2026-01-11 16:12:07.569 [http-nio-8080-exec-2] DEBUG c.z.e.m.m.a.AdminMapper.selectById - ==>  Preparing: SELECT admin_id,admin_account,admin_username,admin_email,admin_phone,admin_password,admin_image,admin_introduce,admin_state,admin_loginTime,deleted FROM admin_admin WHERE admin_id=? AND deleted=0
2026-01-11 16:12:07.570 [http-nio-8080-exec-2] DEBUG c.z.e.m.m.a.AdminMapper.selectById - ==> Parameters: 1(Integer)
2026-01-11 16:12:07.605 [http-nio-8080-exec-2] DEBUG c.z.e.m.m.a.AdminMapper.selectById - <==      Total: 1
2026-01-11 16:12:07.607 [http-nio-8080-exec-2] DEBUG c.z.e.m.m.a.A.findAdminInfoById - ==>  Preparing: select * from admin_admin left join admin_admin_role on admin_admin.admin_id = admin_admin_role.adminId left join admin_role on admin_admin_role.roleId = admin_role.role_id left join admin_role_permission on admin_role.role_id = admin_role.role_id left join admin_permission on admin_role_permission.permissionId = admin_permission.permission_id where admin_admin.admin_id = ? and admin_admin.deleted = 0
2026-01-11 16:12:07.607 [http-nio-8080-exec-2] DEBUG c.z.e.m.m.a.A.findAdminInfoById - ==> Parameters: 1(Integer)
2026-01-11 16:12:07.645 [http-nio-8080-exec-2] DEBUG c.z.e.m.m.a.A.findAdminInfoById - <==      Total: 1
2026-01-11 16:12:07.695 [http-nio-8080-exec-2] DEBUG c.z.e.m.m.u.U.selectList_mpCount - ==>  Preparing: SELECT COUNT(*) AS total FROM user_userFeedbackRecord
2026-01-11 16:12:07.695 [http-nio-8080-exec-2] DEBUG c.z.e.m.m.u.U.selectList_mpCount - ==> Parameters: 
2026-01-11 16:12:07.731 [http-nio-8080-exec-2] DEBUG c.z.e.m.m.u.U.selectList_mpCount - <==      Total: 1
2026-01-11 16:12:07.731 [http-nio-8080-exec-2] DEBUG c.z.e.m.m.u.U.selectList - ==>  Preparing: SELECT userFeedbackRecord_id,userFeedbackRecord_userId,userFeedbackRecord_title,userFeedbackRecord_content,userFeedbackRecord_time,userFeedbackRecord_currentStepSolveTime,userFeedbackRecord_oldStep,userFeedbackRecord_newStep,userFeedbackRecord_approvalPersonId FROM user_userFeedbackRecord LIMIT ?
2026-01-11 16:12:07.732 [http-nio-8080-exec-2] DEBUG c.z.e.m.m.u.U.selectList - ==> Parameters: 20(Long)
2026-01-11 16:12:07.768 [http-nio-8080-exec-2] DEBUG c.z.e.m.m.u.U.selectList - <==      Total: 5
2026-01-11 16:12:07.770 [http-nio-8080-exec-2] DEBUG c.z.e.m.m.user.UserMapper.selectById - ==>  Preparing: SELECT user_id,user_account,user_username,user_email,user_phone,user_password,user_image,user_introduce,user_createdTime,user_loginTime,user_dreamPosition,user_dreamMinMonthSalary,user_dreamMaxMonthSalary,user_dreamWeekWorkDayNum,user_dreamGoodWelfare,user_recruitLocationFirst,user_recruitLocationSecond,user_recruitLocationDetail,user_universityCode FROM user_user WHERE user_id=?
2026-01-11 16:12:07.771 [http-nio-8080-exec-2] DEBUG c.z.e.m.m.user.UserMapper.selectById - ==> Parameters: 1(Integer)
2026-01-11 16:12:07.808 [http-nio-8080-exec-2] DEBUG c.z.e.m.m.user.UserMapper.selectById - <==      Total: 1
2026-01-11 16:12:07.808 [http-nio-8080-exec-2] DEBUG c.z.e.m.m.a.AdminMapper.selectById - ==>  Preparing: SELECT admin_id,admin_account,admin_username,admin_email,admin_phone,admin_password,admin_image,admin_introduce,admin_state,admin_loginTime,deleted FROM admin_admin WHERE admin_id=? AND deleted=0
2026-01-11 16:12:07.808 [http-nio-8080-exec-2] DEBUG c.z.e.m.m.a.AdminMapper.selectById - ==> Parameters: 1(Integer)
2026-01-11 16:12:07.845 [http-nio-8080-exec-2] DEBUG c.z.e.m.m.a.AdminMapper.selectById - <==      Total: 1
2026-01-11 16:12:09.819 [http-nio-8080-exec-3] DEBUG c.z.e.m.m.a.AdminMapper.selectById - ==>  Preparing: SELECT admin_id,admin_account,admin_username,admin_email,admin_phone,admin_password,admin_image,admin_introduce,admin_state,admin_loginTime,deleted FROM admin_admin WHERE admin_id=? AND deleted=0
2026-01-11 16:12:09.820 [http-nio-8080-exec-3] DEBUG c.z.e.m.m.a.AdminMapper.selectById - ==> Parameters: 1(Integer)
2026-01-11 16:12:09.856 [http-nio-8080-exec-3] DEBUG c.z.e.m.m.a.AdminMapper.selectById - <==      Total: 1
2026-01-11 16:12:09.857 [http-nio-8080-exec-3] DEBUG c.z.e.m.m.a.A.findAdminInfoById - ==>  Preparing: select * from admin_admin left join admin_admin_role on admin_admin.admin_id = admin_admin_role.adminId left join admin_role on admin_admin_role.roleId = admin_role.role_id left join admin_role_permission on admin_role.role_id = admin_role.role_id left join admin_permission on admin_role_permission.permissionId = admin_permission.permission_id where admin_admin.admin_id = ? and admin_admin.deleted = 0
2026-01-11 16:12:09.857 [http-nio-8080-exec-3] DEBUG c.z.e.m.m.a.A.findAdminInfoById - ==> Parameters: 1(Integer)
2026-01-11 16:12:09.894 [http-nio-8080-exec-3] DEBUG c.z.e.m.m.a.A.findAdminInfoById - <==      Total: 1
2026-01-11 16:12:09.961 [http-nio-8080-exec-3] DEBUG c.z.e.m.m.a.A.selectList_mpCount - ==>  Preparing: SELECT COUNT(*) AS total FROM admin_adminFeedbackRecord
2026-01-11 16:12:09.961 [http-nio-8080-exec-3] DEBUG c.z.e.m.m.a.A.selectList_mpCount - ==> Parameters: 
2026-01-11 16:12:09.998 [http-nio-8080-exec-3] DEBUG c.z.e.m.m.a.A.selectList_mpCount - <==      Total: 1
2026-01-11 16:12:09.998 [http-nio-8080-exec-3] DEBUG c.z.e.m.m.a.A.selectList - ==>  Preparing: SELECT adminFeedbackRecord_id,adminFeedbackRecord_adminId,adminFeedbackRecord_title,adminFeedbackRecord_content,adminFeedbackRecord_time,adminFeedbackRecord_currentStepSolveTime,adminFeedbackRecord_oldStep,adminFeedbackRecord_newStep,adminFeedbackRecord_approvalPersonId FROM admin_adminFeedbackRecord ORDER BY adminFeedbackRecord_id DESC LIMIT ?
2026-01-11 16:12:09.999 [http-nio-8080-exec-3] DEBUG c.z.e.m.m.a.A.selectList - ==> Parameters: 20(Long)
2026-01-11 16:12:10.037 [http-nio-8080-exec-3] DEBUG c.z.e.m.m.a.A.selectList - <==      Total: 10
2026-01-11 16:12:10.041 [http-nio-8080-exec-3] DEBUG c.z.e.m.m.a.AdminMapper.selectById - ==>  Preparing: SELECT admin_id,admin_account,admin_username,admin_email,admin_phone,admin_password,admin_image,admin_introduce,admin_state,admin_loginTime,deleted FROM admin_admin WHERE admin_id=? AND deleted=0
2026-01-11 16:12:10.041 [http-nio-8080-exec-3] DEBUG c.z.e.m.m.a.AdminMapper.selectById - ==> Parameters: 2(Integer)
2026-01-11 16:12:10.088 [http-nio-8080-exec-3] DEBUG c.z.e.m.m.a.AdminMapper.selectById - <==      Total: 1
2026-01-11 16:12:10.088 [http-nio-8080-exec-3] DEBUG c.z.e.m.m.a.AdminMapper.selectById - ==>  Preparing: SELECT admin_id,admin_account,admin_username,admin_email,admin_phone,admin_password,admin_image,admin_introduce,admin_state,admin_loginTime,deleted FROM admin_admin WHERE admin_id=? AND deleted=0
2026-01-11 16:12:10.089 [http-nio-8080-exec-3] DEBUG c.z.e.m.m.a.AdminMapper.selectById - ==> Parameters: 1(Integer)
2026-01-11 16:12:10.184 [http-nio-8080-exec-3] DEBUG c.z.e.m.m.a.AdminMapper.selectById - <==      Total: 1
2026-01-11 17:11:03.159 [http-nio-8080-exec-1] DEBUG c.z.e.m.m.a.AdminMapper.selectById - ==>  Preparing: SELECT admin_id,admin_account,admin_username,admin_email,admin_phone,admin_password,admin_image,admin_introduce,admin_state,admin_loginTime,deleted FROM admin_admin WHERE admin_id=? AND deleted=0
2026-01-11 17:11:03.160 [http-nio-8080-exec-1] DEBUG c.z.e.m.m.a.AdminMapper.selectById - ==> Parameters: 1(Integer)
2026-01-11 17:11:03.196 [http-nio-8080-exec-1] DEBUG c.z.e.m.m.a.AdminMapper.selectById - <==      Total: 1
2026-01-11 17:11:03.196 [http-nio-8080-exec-1] DEBUG c.z.e.m.m.a.A.findAdminInfoById - ==>  Preparing: select * from admin_admin left join admin_admin_role on admin_admin.admin_id = admin_admin_role.adminId left join admin_role on admin_admin_role.roleId = admin_role.role_id left join admin_role_permission on admin_role.role_id = admin_role.role_id left join admin_permission on admin_role_permission.permissionId = admin_permission.permission_id where admin_admin.admin_id = ? and admin_admin.deleted = 0
2026-01-11 17:11:03.196 [http-nio-8080-exec-1] DEBUG c.z.e.m.m.a.A.findAdminInfoById - ==> Parameters: 1(Integer)
2026-01-11 17:11:03.243 [http-nio-8080-exec-1] DEBUG c.z.e.m.m.a.A.findAdminInfoById - <==      Total: 1
2026-01-11 17:11:03.304 [http-nio-8080-exec-1] DEBUG c.z.e.m.m.u.U.selectList_mpCount - ==>  Preparing: SELECT COUNT(*) AS total FROM user_userFeedbackRecord
2026-01-11 17:11:03.304 [http-nio-8080-exec-1] DEBUG c.z.e.m.m.u.U.selectList_mpCount - ==> Parameters: 
2026-01-11 17:11:03.373 [http-nio-8080-exec-1] DEBUG c.z.e.m.m.u.U.selectList_mpCount - <==      Total: 1
2026-01-11 17:11:03.374 [http-nio-8080-exec-1] DEBUG c.z.e.m.m.u.U.selectList - ==>  Preparing: SELECT userFeedbackRecord_id,userFeedbackRecord_userId,userFeedbackRecord_title,userFeedbackRecord_content,userFeedbackRecord_time,userFeedbackRecord_currentStepSolveTime,userFeedbackRecord_oldStep,userFeedbackRecord_newStep,userFeedbackRecord_approvalPersonId FROM user_userFeedbackRecord LIMIT ?
2026-01-11 17:11:03.374 [http-nio-8080-exec-1] DEBUG c.z.e.m.m.u.U.selectList - ==> Parameters: 20(Long)
2026-01-11 17:11:03.499 [http-nio-8080-exec-1] DEBUG c.z.e.m.m.u.U.selectList - <==      Total: 5
2026-01-11 17:11:03.500 [http-nio-8080-exec-1] DEBUG c.z.e.m.m.user.UserMapper.selectById - ==>  Preparing: SELECT user_id,user_account,user_username,user_email,user_phone,user_password,user_image,user_introduce,user_createdTime,user_loginTime,user_dreamPosition,user_dreamMinMonthSalary,user_dreamMaxMonthSalary,user_dreamWeekWorkDayNum,user_dreamGoodWelfare,user_recruitLocationFirst,user_recruitLocationSecond,user_recruitLocationDetail,user_universityCode FROM user_user WHERE user_id=?
2026-01-11 17:11:03.500 [http-nio-8080-exec-1] DEBUG c.z.e.m.m.user.UserMapper.selectById - ==> Parameters: 1(Integer)
2026-01-11 17:11:03.588 [http-nio-8080-exec-1] DEBUG c.z.e.m.m.user.UserMapper.selectById - <==      Total: 1
2026-01-11 17:11:03.588 [http-nio-8080-exec-1] DEBUG c.z.e.m.m.a.AdminMapper.selectById - ==>  Preparing: SELECT admin_id,admin_account,admin_username,admin_email,admin_phone,admin_password,admin_image,admin_introduce,admin_state,admin_loginTime,deleted FROM admin_admin WHERE admin_id=? AND deleted=0
2026-01-11 17:11:03.588 [http-nio-8080-exec-1] DEBUG c.z.e.m.m.a.AdminMapper.selectById - ==> Parameters: 1(Integer)
2026-01-11 17:11:03.630 [http-nio-8080-exec-1] DEBUG c.z.e.m.m.a.AdminMapper.selectById - <==      Total: 1
2026-01-11 17:11:08.268 [http-nio-8080-exec-4] DEBUG c.z.e.m.m.a.AdminMapper.selectById - ==>  Preparing: SELECT admin_id,admin_account,admin_username,admin_email,admin_phone,admin_password,admin_image,admin_introduce,admin_state,admin_loginTime,deleted FROM admin_admin WHERE admin_id=? AND deleted=0
2026-01-11 17:11:08.269 [http-nio-8080-exec-4] DEBUG c.z.e.m.m.a.AdminMapper.selectById - ==> Parameters: 1(Integer)
2026-01-11 17:11:08.312 [http-nio-8080-exec-4] DEBUG c.z.e.m.m.a.AdminMapper.selectById - <==      Total: 1
2026-01-11 17:11:08.313 [http-nio-8080-exec-4] DEBUG c.z.e.m.m.a.A.findAdminInfoById - ==>  Preparing: select * from admin_admin left join admin_admin_role on admin_admin.admin_id = admin_admin_role.adminId left join admin_role on admin_admin_role.roleId = admin_role.role_id left join admin_role_permission on admin_role.role_id = admin_role.role_id left join admin_permission on admin_role_permission.permissionId = admin_permission.permission_id where admin_admin.admin_id = ? and admin_admin.deleted = 0
2026-01-11 17:11:08.313 [http-nio-8080-exec-4] DEBUG c.z.e.m.m.a.A.findAdminInfoById - ==> Parameters: 1(Integer)
2026-01-11 17:11:08.368 [http-nio-8080-exec-4] DEBUG c.z.e.m.m.a.A.findAdminInfoById - <==      Total: 1
2026-01-11 17:11:08.409 [http-nio-8080-exec-4] DEBUG c.z.e.m.m.a.A.selectList_mpCount - ==>  Preparing: SELECT COUNT(*) AS total FROM admin_adminFeedback
2026-01-11 17:11:08.409 [http-nio-8080-exec-4] DEBUG c.z.e.m.m.a.A.selectList_mpCount - ==> Parameters: 
2026-01-11 17:11:08.446 [http-nio-8080-exec-4] DEBUG c.z.e.m.m.a.A.selectList_mpCount - <==      Total: 1
2026-01-11 17:11:08.446 [http-nio-8080-exec-4] DEBUG c.z.e.m.m.a.A.selectList - ==>  Preparing: SELECT adminFeedback_id,adminFeedback_title,adminFeedback_content,adminFeedback_time,adminFeedback_recentTime,adminFeedback_curStep,adminFeedback_adminId FROM admin_adminFeedback ORDER BY adminFeedback_id DESC LIMIT ?
2026-01-11 17:11:08.447 [http-nio-8080-exec-4] DEBUG c.z.e.m.m.a.A.selectList - ==> Parameters: 10(Long)
2026-01-11 17:11:08.483 [http-nio-8080-exec-4] DEBUG c.z.e.m.m.a.A.selectList - <==      Total: 8
2026-01-11 17:11:08.483 [http-nio-8080-exec-4] DEBUG c.z.e.m.m.a.AdminMapper.selectById - ==>  Preparing: SELECT admin_id,admin_account,admin_username,admin_email,admin_phone,admin_password,admin_image,admin_introduce,admin_state,admin_loginTime,deleted FROM admin_admin WHERE admin_id=? AND deleted=0
2026-01-11 17:11:08.484 [http-nio-8080-exec-4] DEBUG c.z.e.m.m.a.AdminMapper.selectById - ==> Parameters: 2(Integer)
2026-01-11 17:11:08.519 [http-nio-8080-exec-4] DEBUG c.z.e.m.m.a.AdminMapper.selectById - <==      Total: 1
2026-01-11 17:11:08.519 [http-nio-8080-exec-4] DEBUG c.z.e.m.m.a.AdminMapper.selectById - ==>  Preparing: SELECT admin_id,admin_account,admin_username,admin_email,admin_phone,admin_password,admin_image,admin_introduce,admin_state,admin_loginTime,deleted FROM admin_admin WHERE admin_id=? AND deleted=0
2026-01-11 17:11:08.519 [http-nio-8080-exec-4] DEBUG c.z.e.m.m.a.AdminMapper.selectById - ==> Parameters: 1(Integer)
2026-01-11 17:11:08.554 [http-nio-8080-exec-4] DEBUG c.z.e.m.m.a.AdminMapper.selectById - <==      Total: 1
2026-01-11 17:11:09.108 [http-nio-8080-exec-5] DEBUG c.z.e.m.m.a.AdminMapper.selectById - ==>  Preparing: SELECT admin_id,admin_account,admin_username,admin_email,admin_phone,admin_password,admin_image,admin_introduce,admin_state,admin_loginTime,deleted FROM admin_admin WHERE admin_id=? AND deleted=0
2026-01-11 17:11:09.108 [http-nio-8080-exec-5] DEBUG c.z.e.m.m.a.AdminMapper.selectById - ==> Parameters: 1(Integer)
2026-01-11 17:11:09.144 [http-nio-8080-exec-5] DEBUG c.z.e.m.m.a.AdminMapper.selectById - <==      Total: 1
2026-01-11 17:11:09.145 [http-nio-8080-exec-5] DEBUG c.z.e.m.m.a.A.findAdminInfoById - ==>  Preparing: select * from admin_admin left join admin_admin_role on admin_admin.admin_id = admin_admin_role.adminId left join admin_role on admin_admin_role.roleId = admin_role.role_id left join admin_role_permission on admin_role.role_id = admin_role.role_id left join admin_permission on admin_role_permission.permissionId = admin_permission.permission_id where admin_admin.admin_id = ? and admin_admin.deleted = 0
2026-01-11 17:11:09.145 [http-nio-8080-exec-5] DEBUG c.z.e.m.m.a.A.findAdminInfoById - ==> Parameters: 1(Integer)
2026-01-11 17:11:09.180 [http-nio-8080-exec-5] DEBUG c.z.e.m.m.a.A.findAdminInfoById - <==      Total: 1
2026-01-11 17:11:09.225 [http-nio-8080-exec-5] DEBUG c.z.e.m.m.u.U.selectList_mpCount - ==>  Preparing: SELECT COUNT(*) AS total FROM user_userFeedbackRecord
2026-01-11 17:11:09.226 [http-nio-8080-exec-5] DEBUG c.z.e.m.m.u.U.selectList_mpCount - ==> Parameters: 
2026-01-11 17:11:09.261 [http-nio-8080-exec-5] DEBUG c.z.e.m.m.u.U.selectList_mpCount - <==      Total: 1
2026-01-11 17:11:09.261 [http-nio-8080-exec-5] DEBUG c.z.e.m.m.u.U.selectList - ==>  Preparing: SELECT userFeedbackRecord_id,userFeedbackRecord_userId,userFeedbackRecord_title,userFeedbackRecord_content,userFeedbackRecord_time,userFeedbackRecord_currentStepSolveTime,userFeedbackRecord_oldStep,userFeedbackRecord_newStep,userFeedbackRecord_approvalPersonId FROM user_userFeedbackRecord LIMIT ?
2026-01-11 17:11:09.261 [http-nio-8080-exec-5] DEBUG c.z.e.m.m.u.U.selectList - ==> Parameters: 20(Long)
2026-01-11 17:11:09.297 [http-nio-8080-exec-5] DEBUG c.z.e.m.m.u.U.selectList - <==      Total: 5
2026-01-11 17:11:09.297 [http-nio-8080-exec-5] DEBUG c.z.e.m.m.user.UserMapper.selectById - ==>  Preparing: SELECT user_id,user_account,user_username,user_email,user_phone,user_password,user_image,user_introduce,user_createdTime,user_loginTime,user_dreamPosition,user_dreamMinMonthSalary,user_dreamMaxMonthSalary,user_dreamWeekWorkDayNum,user_dreamGoodWelfare,user_recruitLocationFirst,user_recruitLocationSecond,user_recruitLocationDetail,user_universityCode FROM user_user WHERE user_id=?
2026-01-11 17:11:09.297 [http-nio-8080-exec-5] DEBUG c.z.e.m.m.user.UserMapper.selectById - ==> Parameters: 1(Integer)
2026-01-11 17:11:09.333 [http-nio-8080-exec-5] DEBUG c.z.e.m.m.user.UserMapper.selectById - <==      Total: 1
2026-01-11 17:11:09.334 [http-nio-8080-exec-5] DEBUG c.z.e.m.m.a.AdminMapper.selectById - ==>  Preparing: SELECT admin_id,admin_account,admin_username,admin_email,admin_phone,admin_password,admin_image,admin_introduce,admin_state,admin_loginTime,deleted FROM admin_admin WHERE admin_id=? AND deleted=0
2026-01-11 17:11:09.334 [http-nio-8080-exec-5] DEBUG c.z.e.m.m.a.AdminMapper.selectById - ==> Parameters: 1(Integer)
2026-01-11 17:11:09.369 [http-nio-8080-exec-5] DEBUG c.z.e.m.m.a.AdminMapper.selectById - <==      Total: 1
2026-01-11 17:11:21.104 [http-nio-8080-exec-10] DEBUG c.z.e.m.m.a.AdminMapper.selectById - ==>  Preparing: SELECT admin_id,admin_account,admin_username,admin_email,admin_phone,admin_password,admin_image,admin_introduce,admin_state,admin_loginTime,deleted FROM admin_admin WHERE admin_id=? AND deleted=0
2026-01-11 17:11:21.104 [http-nio-8080-exec-10] DEBUG c.z.e.m.m.a.AdminMapper.selectById - ==> Parameters: 1(Integer)
2026-01-11 17:11:21.140 [http-nio-8080-exec-10] DEBUG c.z.e.m.m.a.AdminMapper.selectById - <==      Total: 1
2026-01-11 17:11:21.140 [http-nio-8080-exec-10] DEBUG c.z.e.m.m.a.A.findAdminInfoById - ==>  Preparing: select * from admin_admin left join admin_admin_role on admin_admin.admin_id = admin_admin_role.adminId left join admin_role on admin_admin_role.roleId = admin_role.role_id left join admin_role_permission on admin_role.role_id = admin_role.role_id left join admin_permission on admin_role_permission.permissionId = admin_permission.permission_id where admin_admin.admin_id = ? and admin_admin.deleted = 0
2026-01-11 17:11:21.141 [http-nio-8080-exec-10] DEBUG c.z.e.m.m.a.A.findAdminInfoById - ==> Parameters: 1(Integer)
2026-01-11 17:11:21.177 [http-nio-8080-exec-10] DEBUG c.z.e.m.m.a.A.findAdminInfoById - <==      Total: 1
2026-01-11 17:11:21.224 [http-nio-8080-exec-10] DEBUG c.z.e.m.m.u.U.selectList_mpCount - ==>  Preparing: SELECT COUNT(*) AS total FROM user_userFeedbackRecord
2026-01-11 17:11:21.224 [http-nio-8080-exec-10] DEBUG c.z.e.m.m.u.U.selectList_mpCount - ==> Parameters: 
2026-01-11 17:11:21.260 [http-nio-8080-exec-10] DEBUG c.z.e.m.m.u.U.selectList_mpCount - <==      Total: 1
2026-01-11 17:11:21.260 [http-nio-8080-exec-10] DEBUG c.z.e.m.m.u.U.selectList - ==>  Preparing: SELECT userFeedbackRecord_id,userFeedbackRecord_userId,userFeedbackRecord_title,userFeedbackRecord_content,userFeedbackRecord_time,userFeedbackRecord_currentStepSolveTime,userFeedbackRecord_oldStep,userFeedbackRecord_newStep,userFeedbackRecord_approvalPersonId FROM user_userFeedbackRecord LIMIT ?
2026-01-11 17:11:21.260 [http-nio-8080-exec-10] DEBUG c.z.e.m.m.u.U.selectList - ==> Parameters: 10(Long)
2026-01-11 17:11:21.296 [http-nio-8080-exec-10] DEBUG c.z.e.m.m.u.U.selectList - <==      Total: 5
2026-01-11 17:11:21.297 [http-nio-8080-exec-10] DEBUG c.z.e.m.m.user.UserMapper.selectById - ==>  Preparing: SELECT user_id,user_account,user_username,user_email,user_phone,user_password,user_image,user_introduce,user_createdTime,user_loginTime,user_dreamPosition,user_dreamMinMonthSalary,user_dreamMaxMonthSalary,user_dreamWeekWorkDayNum,user_dreamGoodWelfare,user_recruitLocationFirst,user_recruitLocationSecond,user_recruitLocationDetail,user_universityCode FROM user_user WHERE user_id=?
2026-01-11 17:11:21.297 [http-nio-8080-exec-10] DEBUG c.z.e.m.m.user.UserMapper.selectById - ==> Parameters: 1(Integer)
2026-01-11 17:11:21.332 [http-nio-8080-exec-10] DEBUG c.z.e.m.m.user.UserMapper.selectById - <==      Total: 1
2026-01-11 17:11:21.334 [http-nio-8080-exec-10] DEBUG c.z.e.m.m.a.AdminMapper.selectById - ==>  Preparing: SELECT admin_id,admin_account,admin_username,admin_email,admin_phone,admin_password,admin_image,admin_introduce,admin_state,admin_loginTime,deleted FROM admin_admin WHERE admin_id=? AND deleted=0
2026-01-11 17:11:21.334 [http-nio-8080-exec-10] DEBUG c.z.e.m.m.a.AdminMapper.selectById - ==> Parameters: 1(Integer)
2026-01-11 17:11:21.369 [http-nio-8080-exec-10] DEBUG c.z.e.m.m.a.AdminMapper.selectById - <==      Total: 1
